[2026-03-11 10:32:54] Script started
[2026-03-11 10:32:54] Financial Year - Array
(
    [start] => 2021-04-01
    [end] => 2022-03-31
    [fin_year_id] => 3
)

[2026-03-11 10:32:54] Allowed classes - Array
(
    [0] => W
    [1] => V
    [2] => M
    [3] => F
    [4] => D
    [5] => K
    [6] => G
    [7] => R
)

[2026-03-11 10:32:54] Calling findFirstOpeningBatchDate with - Array
(
    [comp_id] => 5
    [mode] => F
    [fy_start] => 2021-04-01
    [fy_end] => 2022-03-31
    [allowed_classes] => Array
        (
            [0] => W
            [1] => V
            [2] => M
            [3] => F
            [4] => D
            [5] => K
            [6] => G
            [7] => R
        )

)

[2026-03-11 10:32:54] findFirstOpeningBatchDate called - Array
(
    [comp_id] => 5
    [mode] => F
    [fy_start] => 2021-04-01
    [fy_end] => 2022-03-31
    [allowed_classes] => Array
        (
            [0] => W
            [1] => V
            [2] => M
            [3] => F
            [4] => D
            [5] => K
            [6] => G
            [7] => R
        )

)

[2026-03-11 10:32:54] generateMonthsInRange: Date range - Array
(
    [start] => 2021-04-01
    [end] => 2022-03-01
)

[2026-03-11 10:32:54] generateMonthsInRange: Generated months - Array
(
    [count] => 12
    [months] => Array
        (
            [0] => 2021-04
            [1] => 2021-05
            [2] => 2021-06
            [3] => 2021-07
            [4] => 2021-08
            [5] => 2021-09
            [6] => 2021-10
            [7] => 2021-11
            [8] => 2021-12
            [9] => 2022-01
            [10] => 2022-02
            [11] => 2022-03
        )

)

[2026-03-11 10:32:54] Generated months - Array
(
    [months] => Array
        (
            [0] => 2021-04
            [1] => 2021-05
            [2] => 2021-06
            [3] => 2021-07
            [4] => 2021-08
            [5] => 2021-09
            [6] => 2021-10
            [7] => 2021-11
            [8] => 2021-12
            [9] => 2022-01
            [10] => 2022-02
            [11] => 2022-03
        )

)

[2026-03-11 10:32:54] Found opening balance in month - Array
(
    [month] => 2021-04
    [item_code] => SCMPL0009770
)

[2026-03-11 10:32:54] Found first batch date - Array
(
    [date] => 2021-04-01
    [month] => 2021-04
    [day] => 01
)

[2026-03-11 10:32:54] First batch data result - Array
(
    [date] => 2021-04-01
    [month] => 2021-04
    [day] => 01
    [day_num] => 1
)

[2026-03-11 10:32:54] First batch data - Array
(
    [date] => 2021-04-01
    [month] => 2021-04
    [day] => 01
    [day_num] => 1
)

[2026-03-11 10:32:54] generateMonthsInRange: Date range - Array
(
    [start] => 2021-04-01
    [end] => 2021-04-01
)

[2026-03-11 10:32:54] generateMonthsInRange: Generated months - Array
(
    [count] => 1
    [months] => Array
        (
            [0] => 2021-04
        )

)

[2026-03-11 10:32:54] Initial counts (first batch) - Array
(
    [total] => 72
    [with_stock] => 82
)

[2026-03-11 10:32:54] Script completed, rendering page
[2026-03-11 10:32:54] Script started
[2026-03-11 10:32:54] Financial Year - Array
(
    [start] => 2021-04-01
    [end] => 2022-03-31
    [fin_year_id] => 3
)

[2026-03-11 10:32:54] Allowed classes - Array
(
    [0] => W
    [1] => V
    [2] => M
    [3] => F
    [4] => D
    [5] => K
    [6] => G
    [7] => R
)

[2026-03-11 10:32:54] Calling findFirstOpeningBatchDate with - Array
(
    [comp_id] => 5
    [mode] => F
    [fy_start] => 2021-04-01
    [fy_end] => 2022-03-31
    [allowed_classes] => Array
        (
            [0] => W
            [1] => V
            [2] => M
            [3] => F
            [4] => D
            [5] => K
            [6] => G
            [7] => R
        )

)

[2026-03-11 10:32:54] findFirstOpeningBatchDate called - Array
(
    [comp_id] => 5
    [mode] => F
    [fy_start] => 2021-04-01
    [fy_end] => 2022-03-31
    [allowed_classes] => Array
        (
            [0] => W
            [1] => V
            [2] => M
            [3] => F
            [4] => D
            [5] => K
            [6] => G
            [7] => R
        )

)

[2026-03-11 10:32:54] generateMonthsInRange: Date range - Array
(
    [start] => 2021-04-01
    [end] => 2022-03-01
)

[2026-03-11 10:32:54] generateMonthsInRange: Generated months - Array
(
    [count] => 12
    [months] => Array
        (
            [0] => 2021-04
            [1] => 2021-05
            [2] => 2021-06
            [3] => 2021-07
            [4] => 2021-08
            [5] => 2021-09
            [6] => 2021-10
            [7] => 2021-11
            [8] => 2021-12
            [9] => 2022-01
            [10] => 2022-02
            [11] => 2022-03
        )

)

[2026-03-11 10:32:54] Generated months - Array
(
    [months] => Array
        (
            [0] => 2021-04
            [1] => 2021-05
            [2] => 2021-06
            [3] => 2021-07
            [4] => 2021-08
            [5] => 2021-09
            [6] => 2021-10
            [7] => 2021-11
            [8] => 2021-12
            [9] => 2022-01
            [10] => 2022-02
            [11] => 2022-03
        )

)

[2026-03-11 10:32:54] Found opening balance in month - Array
(
    [month] => 2021-04
    [item_code] => SCMPL0009770
)

[2026-03-11 10:32:54] Found first batch date - Array
(
    [date] => 2021-04-01
    [month] => 2021-04
    [day] => 01
)

[2026-03-11 10:32:54] First batch data result - Array
(
    [date] => 2021-04-01
    [month] => 2021-04
    [day] => 01
    [day_num] => 1
)

[2026-03-11 10:32:54] First batch data - Array
(
    [date] => 2021-04-01
    [month] => 2021-04
    [day] => 01
    [day_num] => 1
)

[2026-03-11 10:32:54] AJAX get_items called - Array
(
    [page] => 1
    [view] => with_stock
    [mode] => F
    [search] => 
    [first_batch_data] => Array
        (
            [date] => 2021-04-01
            [month] => 2021-04
            [day] => 01
            [day_num] => 1
        )

)

[2026-03-11 10:32:54] generateMonthsInRange: Date range - Array
(
    [start] => 2021-04-01
    [end] => 2021-04-01
)

[2026-03-11 10:32:54] generateMonthsInRange: Generated months - Array
(
    [count] => 1
    [months] => Array
        (
            [0] => 2021-04
        )

)

[2026-03-11 10:32:54] AJAX get_items count query result - Array
(
    [total] => 72
    [batch_month] => 2021-04
    [batch_day] => 01
)

[2026-03-11 10:32:54] AJAX get_items returning - Array
(
    [items_count] => 72
    [total] => 72
    [has_more] => 
)

[2026-03-11 10:34:51] Script started
[2026-03-11 10:34:51] Financial Year - Array
(
    [start] => 2021-04-01
    [end] => 2022-03-31
    [fin_year_id] => 3
)

[2026-03-11 10:34:51] Allowed classes - Array
(
    [0] => W
    [1] => V
    [2] => M
    [3] => F
    [4] => D
    [5] => K
    [6] => G
    [7] => R
)

[2026-03-11 10:34:51] Calling findFirstOpeningBatchDate with - Array
(
    [comp_id] => 5
    [mode] => F
    [fy_start] => 2021-04-01
    [fy_end] => 2022-03-31
    [allowed_classes] => Array
        (
            [0] => W
            [1] => V
            [2] => M
            [3] => F
            [4] => D
            [5] => K
            [6] => G
            [7] => R
        )

)

[2026-03-11 10:34:51] findFirstOpeningBatchDate called - Array
(
    [comp_id] => 5
    [mode] => F
    [fy_start] => 2021-04-01
    [fy_end] => 2022-03-31
    [allowed_classes] => Array
        (
            [0] => W
            [1] => V
            [2] => M
            [3] => F
            [4] => D
            [5] => K
            [6] => G
            [7] => R
        )

)

[2026-03-11 10:34:51] generateMonthsInRange: Date range - Array
(
    [start] => 2021-04-01
    [end] => 2022-03-01
)

[2026-03-11 10:34:51] generateMonthsInRange: Generated months - Array
(
    [count] => 12
    [months] => Array
        (
            [0] => 2021-04
            [1] => 2021-05
            [2] => 2021-06
            [3] => 2021-07
            [4] => 2021-08
            [5] => 2021-09
            [6] => 2021-10
            [7] => 2021-11
            [8] => 2021-12
            [9] => 2022-01
            [10] => 2022-02
            [11] => 2022-03
        )

)

[2026-03-11 10:34:51] Generated months - Array
(
    [months] => Array
        (
            [0] => 2021-04
            [1] => 2021-05
            [2] => 2021-06
            [3] => 2021-07
            [4] => 2021-08
            [5] => 2021-09
            [6] => 2021-10
            [7] => 2021-11
            [8] => 2021-12
            [9] => 2022-01
            [10] => 2022-02
            [11] => 2022-03
        )

)

[2026-03-11 10:34:51] Found opening balance in month - Array
(
    [month] => 2021-04
    [item_code] => SCMPL0009770
)

[2026-03-11 10:34:51] Found first batch date - Array
(
    [date] => 2021-04-01
    [month] => 2021-04
    [day] => 01
)

[2026-03-11 10:34:51] First batch data result - Array
(
    [date] => 2021-04-01
    [month] => 2021-04
    [day] => 01
    [day_num] => 1
)

[2026-03-11 10:34:51] First batch data - Array
(
    [date] => 2021-04-01
    [month] => 2021-04
    [day] => 01
    [day_num] => 1
)

[2026-03-11 10:34:51] generateMonthsInRange: Date range - Array
(
    [start] => 2021-04-01
    [end] => 2021-04-01
)

[2026-03-11 10:34:51] generateMonthsInRange: Generated months - Array
(
    [count] => 1
    [months] => Array
        (
            [0] => 2021-04
        )

)

[2026-03-11 10:34:51] Initial counts (first batch) - Array
(
    [total] => 72
    [with_stock] => 82
)

[2026-03-11 10:34:51] Script completed, rendering page
[2026-03-11 10:34:51] Script started
[2026-03-11 10:34:51] Financial Year - Array
(
    [start] => 2021-04-01
    [end] => 2022-03-31
    [fin_year_id] => 3
)

[2026-03-11 10:34:51] Allowed classes - Array
(
    [0] => W
    [1] => V
    [2] => M
    [3] => F
    [4] => D
    [5] => K
    [6] => G
    [7] => R
)

[2026-03-11 10:34:51] Calling findFirstOpeningBatchDate with - Array
(
    [comp_id] => 5
    [mode] => F
    [fy_start] => 2021-04-01
    [fy_end] => 2022-03-31
    [allowed_classes] => Array
        (
            [0] => W
            [1] => V
            [2] => M
            [3] => F
            [4] => D
            [5] => K
            [6] => G
            [7] => R
        )

)

[2026-03-11 10:34:51] findFirstOpeningBatchDate called - Array
(
    [comp_id] => 5
    [mode] => F
    [fy_start] => 2021-04-01
    [fy_end] => 2022-03-31
    [allowed_classes] => Array
        (
            [0] => W
            [1] => V
            [2] => M
            [3] => F
            [4] => D
            [5] => K
            [6] => G
            [7] => R
        )

)

[2026-03-11 10:34:51] generateMonthsInRange: Date range - Array
(
    [start] => 2021-04-01
    [end] => 2022-03-01
)

[2026-03-11 10:34:51] generateMonthsInRange: Generated months - Array
(
    [count] => 12
    [months] => Array
        (
            [0] => 2021-04
            [1] => 2021-05
            [2] => 2021-06
            [3] => 2021-07
            [4] => 2021-08
            [5] => 2021-09
            [6] => 2021-10
            [7] => 2021-11
            [8] => 2021-12
            [9] => 2022-01
            [10] => 2022-02
            [11] => 2022-03
        )

)

[2026-03-11 10:34:51] Generated months - Array
(
    [months] => Array
        (
            [0] => 2021-04
            [1] => 2021-05
            [2] => 2021-06
            [3] => 2021-07
            [4] => 2021-08
            [5] => 2021-09
            [6] => 2021-10
            [7] => 2021-11
            [8] => 2021-12
            [9] => 2022-01
            [10] => 2022-02
            [11] => 2022-03
        )

)

[2026-03-11 10:34:51] Found opening balance in month - Array
(
    [month] => 2021-04
    [item_code] => SCMPL0009770
)

[2026-03-11 10:34:51] Found first batch date - Array
(
    [date] => 2021-04-01
    [month] => 2021-04
    [day] => 01
)

[2026-03-11 10:34:51] First batch data result - Array
(
    [date] => 2021-04-01
    [month] => 2021-04
    [day] => 01
    [day_num] => 1
)

[2026-03-11 10:34:51] First batch data - Array
(
    [date] => 2021-04-01
    [month] => 2021-04
    [day] => 01
    [day_num] => 1
)

[2026-03-11 10:34:52] AJAX get_items called - Array
(
    [page] => 1
    [view] => with_stock
    [mode] => F
    [search] => 
    [first_batch_data] => Array
        (
            [date] => 2021-04-01
            [month] => 2021-04
            [day] => 01
            [day_num] => 1
        )

)

[2026-03-11 10:34:52] generateMonthsInRange: Date range - Array
(
    [start] => 2021-04-01
    [end] => 2021-04-01
)

[2026-03-11 10:34:52] generateMonthsInRange: Generated months - Array
(
    [count] => 1
    [months] => Array
        (
            [0] => 2021-04
        )

)

[2026-03-11 10:34:52] AJAX get_items count query result - Array
(
    [total] => 72
    [batch_month] => 2021-04
    [batch_day] => 01
)

[2026-03-11 10:34:52] AJAX get_items returning - Array
(
    [items_count] => 72
    [total] => 72
    [has_more] => 
)

[2026-03-11 10:34:55] Script started
[2026-03-11 10:34:55] Financial Year - Array
(
    [start] => 2021-04-01
    [end] => 2022-03-31
    [fin_year_id] => 3
)

[2026-03-11 10:34:55] Allowed classes - Array
(
    [0] => W
    [1] => V
    [2] => M
    [3] => F
    [4] => D
    [5] => K
    [6] => G
    [7] => R
)

[2026-03-11 10:34:55] Calling findFirstOpeningBatchDate with - Array
(
    [comp_id] => 5
    [mode] => F
    [fy_start] => 2021-04-01
    [fy_end] => 2022-03-31
    [allowed_classes] => Array
        (
            [0] => W
            [1] => V
            [2] => M
            [3] => F
            [4] => D
            [5] => K
            [6] => G
            [7] => R
        )

)

[2026-03-11 10:34:55] findFirstOpeningBatchDate called - Array
(
    [comp_id] => 5
    [mode] => F
    [fy_start] => 2021-04-01
    [fy_end] => 2022-03-31
    [allowed_classes] => Array
        (
            [0] => W
            [1] => V
            [2] => M
            [3] => F
            [4] => D
            [5] => K
            [6] => G
            [7] => R
        )

)

[2026-03-11 10:34:55] generateMonthsInRange: Date range - Array
(
    [start] => 2021-04-01
    [end] => 2022-03-01
)

[2026-03-11 10:34:55] generateMonthsInRange: Generated months - Array
(
    [count] => 12
    [months] => Array
        (
            [0] => 2021-04
            [1] => 2021-05
            [2] => 2021-06
            [3] => 2021-07
            [4] => 2021-08
            [5] => 2021-09
            [6] => 2021-10
            [7] => 2021-11
            [8] => 2021-12
            [9] => 2022-01
            [10] => 2022-02
            [11] => 2022-03
        )

)

[2026-03-11 10:34:55] Generated months - Array
(
    [months] => Array
        (
            [0] => 2021-04
            [1] => 2021-05
            [2] => 2021-06
            [3] => 2021-07
            [4] => 2021-08
            [5] => 2021-09
            [6] => 2021-10
            [7] => 2021-11
            [8] => 2021-12
            [9] => 2022-01
            [10] => 2022-02
            [11] => 2022-03
        )

)

[2026-03-11 10:34:55] Found opening balance in month - Array
(
    [month] => 2021-04
    [item_code] => SCMPL0009770
)

[2026-03-11 10:34:55] Found first batch date - Array
(
    [date] => 2021-04-01
    [month] => 2021-04
    [day] => 01
)

[2026-03-11 10:34:55] First batch data result - Array
(
    [date] => 2021-04-01
    [month] => 2021-04
    [day] => 01
    [day_num] => 1
)

[2026-03-11 10:34:55] First batch data - Array
(
    [date] => 2021-04-01
    [month] => 2021-04
    [day] => 01
    [day_num] => 1
)

[2026-03-11 10:34:55] AJAX get_items called - Array
(
    [page] => 1
    [view] => with_stock
    [mode] => F
    [search] => 
    [first_batch_data] => Array
        (
            [date] => 2021-04-01
            [month] => 2021-04
            [day] => 01
            [day_num] => 1
        )

)

[2026-03-11 10:34:55] generateMonthsInRange: Date range - Array
(
    [start] => 2021-04-01
    [end] => 2021-04-01
)

[2026-03-11 10:34:55] generateMonthsInRange: Generated months - Array
(
    [count] => 1
    [months] => Array
        (
            [0] => 2021-04
        )

)

[2026-03-11 10:34:55] AJAX get_items count query result - Array
(
    [total] => 72
    [batch_month] => 2021-04
    [batch_day] => 01
)

[2026-03-11 10:34:55] AJAX get_items returning - Array
(
    [items_count] => 72
    [total] => 72
    [has_more] => 
)

[2026-03-11 10:37:20] Script started
[2026-03-11 10:37:21] Financial Year - Array
(
    [start] => 2021-04-01
    [end] => 2022-03-31
    [fin_year_id] => 3
)

[2026-03-11 10:37:21] Allowed classes - Array
(
    [0] => W
    [1] => V
    [2] => M
    [3] => F
    [4] => D
    [5] => K
    [6] => G
    [7] => R
)

[2026-03-11 10:37:21] Calling findFirstOpeningBatchDate with - Array
(
    [comp_id] => 5
    [mode] => F
    [fy_start] => 2021-04-01
    [fy_end] => 2022-03-31
    [allowed_classes] => Array
        (
            [0] => W
            [1] => V
            [2] => M
            [3] => F
            [4] => D
            [5] => K
            [6] => G
            [7] => R
        )

)

[2026-03-11 10:37:21] findFirstOpeningBatchDate called - Array
(
    [comp_id] => 5
    [mode] => F
    [fy_start] => 2021-04-01
    [fy_end] => 2022-03-31
    [allowed_classes] => Array
        (
            [0] => W
            [1] => V
            [2] => M
            [3] => F
            [4] => D
            [5] => K
            [6] => G
            [7] => R
        )

)

[2026-03-11 10:37:21] generateMonthsInRange: Date range - Array
(
    [start] => 2021-04-01
    [end] => 2022-03-01
)

[2026-03-11 10:37:21] generateMonthsInRange: Generated months - Array
(
    [count] => 12
    [months] => Array
        (
            [0] => 2021-04
            [1] => 2021-05
            [2] => 2021-06
            [3] => 2021-07
            [4] => 2021-08
            [5] => 2021-09
            [6] => 2021-10
            [7] => 2021-11
            [8] => 2021-12
            [9] => 2022-01
            [10] => 2022-02
            [11] => 2022-03
        )

)

[2026-03-11 10:37:21] Generated months - Array
(
    [months] => Array
        (
            [0] => 2021-04
            [1] => 2021-05
            [2] => 2021-06
            [3] => 2021-07
            [4] => 2021-08
            [5] => 2021-09
            [6] => 2021-10
            [7] => 2021-11
            [8] => 2021-12
            [9] => 2022-01
            [10] => 2022-02
            [11] => 2022-03
        )

)

[2026-03-11 10:37:21] Found opening balance in month - Array
(
    [month] => 2021-04
    [item_code] => SCMPL0009770
)

[2026-03-11 10:37:21] Found first batch date - Array
(
    [date] => 2021-04-01
    [month] => 2021-04
    [day] => 01
)

[2026-03-11 10:37:21] First batch data result - Array
(
    [date] => 2021-04-01
    [month] => 2021-04
    [day] => 01
    [day_num] => 1
)

[2026-03-11 10:37:21] First batch data - Array
(
    [date] => 2021-04-01
    [month] => 2021-04
    [day] => 01
    [day_num] => 1
)

[2026-03-11 10:37:21] generateMonthsInRange: Date range - Array
(
    [start] => 2021-04-01
    [end] => 2021-04-01
)

[2026-03-11 10:37:21] generateMonthsInRange: Generated months - Array
(
    [count] => 1
    [months] => Array
        (
            [0] => 2021-04
        )

)

[2026-03-11 10:37:21] Initial counts (first batch) - Array
(
    [total] => 82
    [with_stock] => 82
)

[2026-03-11 10:37:21] Script completed, rendering page
[2026-03-11 10:37:22] Script started
[2026-03-11 10:37:22] Financial Year - Array
(
    [start] => 2021-04-01
    [end] => 2022-03-31
    [fin_year_id] => 3
)

[2026-03-11 10:37:22] Allowed classes - Array
(
    [0] => W
    [1] => V
    [2] => M
    [3] => F
    [4] => D
    [5] => K
    [6] => G
    [7] => R
)

[2026-03-11 10:37:22] Calling findFirstOpeningBatchDate with - Array
(
    [comp_id] => 5
    [mode] => F
    [fy_start] => 2021-04-01
    [fy_end] => 2022-03-31
    [allowed_classes] => Array
        (
            [0] => W
            [1] => V
            [2] => M
            [3] => F
            [4] => D
            [5] => K
            [6] => G
            [7] => R
        )

)

[2026-03-11 10:37:22] findFirstOpeningBatchDate called - Array
(
    [comp_id] => 5
    [mode] => F
    [fy_start] => 2021-04-01
    [fy_end] => 2022-03-31
    [allowed_classes] => Array
        (
            [0] => W
            [1] => V
            [2] => M
            [3] => F
            [4] => D
            [5] => K
            [6] => G
            [7] => R
        )

)

[2026-03-11 10:37:22] generateMonthsInRange: Date range - Array
(
    [start] => 2021-04-01
    [end] => 2022-03-01
)

[2026-03-11 10:37:22] generateMonthsInRange: Generated months - Array
(
    [count] => 12
    [months] => Array
        (
            [0] => 2021-04
            [1] => 2021-05
            [2] => 2021-06
            [3] => 2021-07
            [4] => 2021-08
            [5] => 2021-09
            [6] => 2021-10
            [7] => 2021-11
            [8] => 2021-12
            [9] => 2022-01
            [10] => 2022-02
            [11] => 2022-03
        )

)

[2026-03-11 10:37:22] Generated months - Array
(
    [months] => Array
        (
            [0] => 2021-04
            [1] => 2021-05
            [2] => 2021-06
            [3] => 2021-07
            [4] => 2021-08
            [5] => 2021-09
            [6] => 2021-10
            [7] => 2021-11
            [8] => 2021-12
            [9] => 2022-01
            [10] => 2022-02
            [11] => 2022-03
        )

)

[2026-03-11 10:37:22] Found opening balance in month - Array
(
    [month] => 2021-04
    [item_code] => SCMPL0009770
)

[2026-03-11 10:37:22] Found first batch date - Array
(
    [date] => 2021-04-01
    [month] => 2021-04
    [day] => 01
)

[2026-03-11 10:37:22] First batch data result - Array
(
    [date] => 2021-04-01
    [month] => 2021-04
    [day] => 01
    [day_num] => 1
)

[2026-03-11 10:37:22] First batch data - Array
(
    [date] => 2021-04-01
    [month] => 2021-04
    [day] => 01
    [day_num] => 1
)

[2026-03-11 10:37:22] AJAX get_items called - Array
(
    [page] => 1
    [view] => with_stock
    [mode] => F
    [search] => 
    [first_batch_data] => Array
        (
            [date] => 2021-04-01
            [month] => 2021-04
            [day] => 01
            [day_num] => 1
        )

)

[2026-03-11 10:37:22] generateMonthsInRange: Date range - Array
(
    [start] => 2021-04-01
    [end] => 2021-04-01
)

[2026-03-11 10:37:22] generateMonthsInRange: Generated months - Array
(
    [count] => 1
    [months] => Array
        (
            [0] => 2021-04
        )

)

[2026-03-11 10:37:22] AJAX get_items count query result - Array
(
    [total] => 72
    [batch_month] => 2021-04
    [batch_day] => 01
)

[2026-03-11 10:37:22] AJAX get_items returning - Array
(
    [items_count] => 72
    [total] => 72
    [has_more] => 
)

[2026-03-11 10:43:33] Script started
[2026-03-11 10:43:33] Financial Year - Array
(
    [start] => 2021-04-01
    [end] => 2022-03-31
    [fin_year_id] => 3
)

[2026-03-11 10:43:33] Allowed classes - Array
(
    [0] => W
    [1] => V
    [2] => M
    [3] => F
    [4] => D
    [5] => K
    [6] => G
    [7] => R
)

[2026-03-11 10:43:33] Calling findFirstOpeningBatchDate with - Array
(
    [comp_id] => 5
    [mode] => F
    [fy_start] => 2021-04-01
    [fy_end] => 2022-03-31
    [allowed_classes] => Array
        (
            [0] => W
            [1] => V
            [2] => M
            [3] => F
            [4] => D
            [5] => K
            [6] => G
            [7] => R
        )

)

[2026-03-11 10:43:33] findFirstOpeningBatchDate called - Array
(
    [comp_id] => 5
    [mode] => F
    [fy_start] => 2021-04-01
    [fy_end] => 2022-03-31
    [allowed_classes] => Array
        (
            [0] => W
            [1] => V
            [2] => M
            [3] => F
            [4] => D
            [5] => K
            [6] => G
            [7] => R
        )

)

[2026-03-11 10:43:33] generateMonthsInRange: Date range - Array
(
    [start] => 2021-04-01
    [end] => 2022-03-01
)

[2026-03-11 10:43:33] generateMonthsInRange: Generated months - Array
(
    [count] => 12
    [months] => Array
        (
            [0] => 2021-04
            [1] => 2021-05
            [2] => 2021-06
            [3] => 2021-07
            [4] => 2021-08
            [5] => 2021-09
            [6] => 2021-10
            [7] => 2021-11
            [8] => 2021-12
            [9] => 2022-01
            [10] => 2022-02
            [11] => 2022-03
        )

)

[2026-03-11 10:43:33] Generated months - Array
(
    [months] => Array
        (
            [0] => 2021-04
            [1] => 2021-05
            [2] => 2021-06
            [3] => 2021-07
            [4] => 2021-08
            [5] => 2021-09
            [6] => 2021-10
            [7] => 2021-11
            [8] => 2021-12
            [9] => 2022-01
            [10] => 2022-02
            [11] => 2022-03
        )

)

[2026-03-11 10:43:33] Found opening balance in month - Array
(
    [month] => 2021-04
    [item_code] => SCMPL0009770
)

[2026-03-11 10:43:33] Found first batch date - Array
(
    [date] => 2021-04-01
    [month] => 2021-04
    [day] => 01
)

[2026-03-11 10:43:33] First batch data result - Array
(
    [date] => 2021-04-01
    [month] => 2021-04
    [day] => 01
    [day_num] => 1
)

[2026-03-11 10:43:33] First batch data - Array
(
    [date] => 2021-04-01
    [month] => 2021-04
    [day] => 01
    [day_num] => 1
)

[2026-03-11 10:43:33] generateMonthsInRange: Date range - Array
(
    [start] => 2021-04-01
    [end] => 2021-04-01
)

[2026-03-11 10:43:33] generateMonthsInRange: Generated months - Array
(
    [count] => 1
    [months] => Array
        (
            [0] => 2021-04
        )

)

[2026-03-11 10:43:33] Initial counts (first batch) - Array
(
    [total] => 82
    [with_stock] => 82
)

[2026-03-11 10:43:33] Script completed, rendering page
[2026-03-11 10:43:34] Script started
[2026-03-11 10:43:34] Financial Year - Array
(
    [start] => 2021-04-01
    [end] => 2022-03-31
    [fin_year_id] => 3
)

[2026-03-11 10:43:34] Allowed classes - Array
(
    [0] => W
    [1] => V
    [2] => M
    [3] => F
    [4] => D
    [5] => K
    [6] => G
    [7] => R
)

[2026-03-11 10:43:34] Calling findFirstOpeningBatchDate with - Array
(
    [comp_id] => 5
    [mode] => F
    [fy_start] => 2021-04-01
    [fy_end] => 2022-03-31
    [allowed_classes] => Array
        (
            [0] => W
            [1] => V
            [2] => M
            [3] => F
            [4] => D
            [5] => K
            [6] => G
            [7] => R
        )

)

[2026-03-11 10:43:34] findFirstOpeningBatchDate called - Array
(
    [comp_id] => 5
    [mode] => F
    [fy_start] => 2021-04-01
    [fy_end] => 2022-03-31
    [allowed_classes] => Array
        (
            [0] => W
            [1] => V
            [2] => M
            [3] => F
            [4] => D
            [5] => K
            [6] => G
            [7] => R
        )

)

[2026-03-11 10:43:34] generateMonthsInRange: Date range - Array
(
    [start] => 2021-04-01
    [end] => 2022-03-01
)

[2026-03-11 10:43:34] generateMonthsInRange: Generated months - Array
(
    [count] => 12
    [months] => Array
        (
            [0] => 2021-04
            [1] => 2021-05
            [2] => 2021-06
            [3] => 2021-07
            [4] => 2021-08
            [5] => 2021-09
            [6] => 2021-10
            [7] => 2021-11
            [8] => 2021-12
            [9] => 2022-01
            [10] => 2022-02
            [11] => 2022-03
        )

)

[2026-03-11 10:43:34] Generated months - Array
(
    [months] => Array
        (
            [0] => 2021-04
            [1] => 2021-05
            [2] => 2021-06
            [3] => 2021-07
            [4] => 2021-08
            [5] => 2021-09
            [6] => 2021-10
            [7] => 2021-11
            [8] => 2021-12
            [9] => 2022-01
            [10] => 2022-02
            [11] => 2022-03
        )

)

[2026-03-11 10:43:34] Found opening balance in month - Array
(
    [month] => 2021-04
    [item_code] => SCMPL0009770
)

[2026-03-11 10:43:34] Found first batch date - Array
(
    [date] => 2021-04-01
    [month] => 2021-04
    [day] => 01
)

[2026-03-11 10:43:34] First batch data result - Array
(
    [date] => 2021-04-01
    [month] => 2021-04
    [day] => 01
    [day_num] => 1
)

[2026-03-11 10:43:34] First batch data - Array
(
    [date] => 2021-04-01
    [month] => 2021-04
    [day] => 01
    [day_num] => 1
)

[2026-03-11 10:43:34] AJAX get_items called - Array
(
    [page] => 1
    [view] => with_stock
    [mode] => F
    [search] => 
    [first_batch_data] => Array
        (
            [date] => 2021-04-01
            [month] => 2021-04
            [day] => 01
            [day_num] => 1
        )

)

[2026-03-11 10:43:34] generateMonthsInRange: Date range - Array
(
    [start] => 2021-04-01
    [end] => 2021-04-01
)

[2026-03-11 10:43:34] generateMonthsInRange: Generated months - Array
(
    [count] => 1
    [months] => Array
        (
            [0] => 2021-04
        )

)

[2026-03-11 10:43:34] AJAX get_items count query result - Array
(
    [total] => 72
    [batch_month] => 2021-04
    [batch_day] => 01
)

[2026-03-11 10:43:34] AJAX get_items returning - Array
(
    [items_count] => 72
    [total] => 72
    [has_more] => 
)

[2026-03-11 10:43:36] Script started
[2026-03-11 10:43:36] Financial Year - Array
(
    [start] => 2021-04-01
    [end] => 2022-03-31
    [fin_year_id] => 3
)

[2026-03-11 10:43:36] Allowed classes - Array
(
    [0] => W
    [1] => V
    [2] => M
    [3] => F
    [4] => D
    [5] => K
    [6] => G
    [7] => R
)

[2026-03-11 10:43:36] Calling findFirstOpeningBatchDate with - Array
(
    [comp_id] => 5
    [mode] => F
    [fy_start] => 2021-04-01
    [fy_end] => 2022-03-31
    [allowed_classes] => Array
        (
            [0] => W
            [1] => V
            [2] => M
            [3] => F
            [4] => D
            [5] => K
            [6] => G
            [7] => R
        )

)

[2026-03-11 10:43:36] findFirstOpeningBatchDate called - Array
(
    [comp_id] => 5
    [mode] => F
    [fy_start] => 2021-04-01
    [fy_end] => 2022-03-31
    [allowed_classes] => Array
        (
            [0] => W
            [1] => V
            [2] => M
            [3] => F
            [4] => D
            [5] => K
            [6] => G
            [7] => R
        )

)

[2026-03-11 10:43:36] generateMonthsInRange: Date range - Array
(
    [start] => 2021-04-01
    [end] => 2022-03-01
)

[2026-03-11 10:43:36] generateMonthsInRange: Generated months - Array
(
    [count] => 12
    [months] => Array
        (
            [0] => 2021-04
            [1] => 2021-05
            [2] => 2021-06
            [3] => 2021-07
            [4] => 2021-08
            [5] => 2021-09
            [6] => 2021-10
            [7] => 2021-11
            [8] => 2021-12
            [9] => 2022-01
            [10] => 2022-02
            [11] => 2022-03
        )

)

[2026-03-11 10:43:36] Generated months - Array
(
    [months] => Array
        (
            [0] => 2021-04
            [1] => 2021-05
            [2] => 2021-06
            [3] => 2021-07
            [4] => 2021-08
            [5] => 2021-09
            [6] => 2021-10
            [7] => 2021-11
            [8] => 2021-12
            [9] => 2022-01
            [10] => 2022-02
            [11] => 2022-03
        )

)

[2026-03-11 10:43:36] Found opening balance in month - Array
(
    [month] => 2021-04
    [item_code] => SCMPL0009770
)

[2026-03-11 10:43:36] Found first batch date - Array
(
    [date] => 2021-04-01
    [month] => 2021-04
    [day] => 01
)

[2026-03-11 10:43:36] First batch data result - Array
(
    [date] => 2021-04-01
    [month] => 2021-04
    [day] => 01
    [day_num] => 1
)

[2026-03-11 10:43:36] First batch data - Array
(
    [date] => 2021-04-01
    [month] => 2021-04
    [day] => 01
    [day_num] => 1
)

[2026-03-11 10:43:36] generateMonthsInRange: Date range - Array
(
    [start] => 2021-04-01
    [end] => 2021-04-01
)

[2026-03-11 10:43:36] generateMonthsInRange: Generated months - Array
(
    [count] => 1
    [months] => Array
        (
            [0] => 2021-04
        )

)

[2026-03-11 10:43:36] Initial counts (first batch) - Array
(
    [total] => 82
    [with_stock] => 82
)

[2026-03-11 10:43:36] Script completed, rendering page
[2026-03-11 10:43:37] Script started
[2026-03-11 10:43:37] Financial Year - Array
(
    [start] => 2021-04-01
    [end] => 2022-03-31
    [fin_year_id] => 3
)

[2026-03-11 10:43:37] Allowed classes - Array
(
    [0] => W
    [1] => V
    [2] => M
    [3] => F
    [4] => D
    [5] => K
    [6] => G
    [7] => R
)

[2026-03-11 10:43:37] Calling findFirstOpeningBatchDate with - Array
(
    [comp_id] => 5
    [mode] => F
    [fy_start] => 2021-04-01
    [fy_end] => 2022-03-31
    [allowed_classes] => Array
        (
            [0] => W
            [1] => V
            [2] => M
            [3] => F
            [4] => D
            [5] => K
            [6] => G
            [7] => R
        )

)

[2026-03-11 10:43:37] findFirstOpeningBatchDate called - Array
(
    [comp_id] => 5
    [mode] => F
    [fy_start] => 2021-04-01
    [fy_end] => 2022-03-31
    [allowed_classes] => Array
        (
            [0] => W
            [1] => V
            [2] => M
            [3] => F
            [4] => D
            [5] => K
            [6] => G
            [7] => R
        )

)

[2026-03-11 10:43:37] generateMonthsInRange: Date range - Array
(
    [start] => 2021-04-01
    [end] => 2022-03-01
)

[2026-03-11 10:43:37] generateMonthsInRange: Generated months - Array
(
    [count] => 12
    [months] => Array
        (
            [0] => 2021-04
            [1] => 2021-05
            [2] => 2021-06
            [3] => 2021-07
            [4] => 2021-08
            [5] => 2021-09
            [6] => 2021-10
            [7] => 2021-11
            [8] => 2021-12
            [9] => 2022-01
            [10] => 2022-02
            [11] => 2022-03
        )

)

[2026-03-11 10:43:37] Generated months - Array
(
    [months] => Array
        (
            [0] => 2021-04
            [1] => 2021-05
            [2] => 2021-06
            [3] => 2021-07
            [4] => 2021-08
            [5] => 2021-09
            [6] => 2021-10
            [7] => 2021-11
            [8] => 2021-12
            [9] => 2022-01
            [10] => 2022-02
            [11] => 2022-03
        )

)

[2026-03-11 10:43:37] Found opening balance in month - Array
(
    [month] => 2021-04
    [item_code] => SCMPL0009770
)

[2026-03-11 10:43:37] Found first batch date - Array
(
    [date] => 2021-04-01
    [month] => 2021-04
    [day] => 01
)

[2026-03-11 10:43:37] First batch data result - Array
(
    [date] => 2021-04-01
    [month] => 2021-04
    [day] => 01
    [day_num] => 1
)

[2026-03-11 10:43:37] First batch data - Array
(
    [date] => 2021-04-01
    [month] => 2021-04
    [day] => 01
    [day_num] => 1
)

[2026-03-11 10:43:37] AJAX get_items called - Array
(
    [page] => 1
    [view] => with_stock
    [mode] => F
    [search] => 
    [first_batch_data] => Array
        (
            [date] => 2021-04-01
            [month] => 2021-04
            [day] => 01
            [day_num] => 1
        )

)

[2026-03-11 10:43:37] generateMonthsInRange: Date range - Array
(
    [start] => 2021-04-01
    [end] => 2021-04-01
)

[2026-03-11 10:43:37] generateMonthsInRange: Generated months - Array
(
    [count] => 1
    [months] => Array
        (
            [0] => 2021-04
        )

)

[2026-03-11 10:43:37] AJAX get_items count query result - Array
(
    [total] => 72
    [batch_month] => 2021-04
    [batch_day] => 01
)

[2026-03-11 10:43:37] AJAX get_items returning - Array
(
    [items_count] => 72
    [total] => 72
    [has_more] => 
)

[2026-03-11 10:44:42] Script started
[2026-03-11 10:44:42] Financial Year - Array
(
    [start] => 2021-04-01
    [end] => 2022-03-31
    [fin_year_id] => 3
)

[2026-03-11 10:44:42] Allowed classes - Array
(
    [0] => W
    [1] => V
    [2] => M
    [3] => F
    [4] => D
    [5] => K
    [6] => G
    [7] => R
)

[2026-03-11 10:44:42] Calling findFirstOpeningBatchDate with - Array
(
    [comp_id] => 5
    [mode] => F
    [fy_start] => 2021-04-01
    [fy_end] => 2022-03-31
    [allowed_classes] => Array
        (
            [0] => W
            [1] => V
            [2] => M
            [3] => F
            [4] => D
            [5] => K
            [6] => G
            [7] => R
        )

)

[2026-03-11 10:44:42] findFirstOpeningBatchDate called - Array
(
    [comp_id] => 5
    [mode] => F
    [fy_start] => 2021-04-01
    [fy_end] => 2022-03-31
    [allowed_classes] => Array
        (
            [0] => W
            [1] => V
            [2] => M
            [3] => F
            [4] => D
            [5] => K
            [6] => G
            [7] => R
        )

)

[2026-03-11 10:44:42] generateMonthsInRange: Date range - Array
(
    [start] => 2021-04-01
    [end] => 2022-03-01
)

[2026-03-11 10:44:42] generateMonthsInRange: Generated months - Array
(
    [count] => 12
    [months] => Array
        (
            [0] => 2021-04
            [1] => 2021-05
            [2] => 2021-06
            [3] => 2021-07
            [4] => 2021-08
            [5] => 2021-09
            [6] => 2021-10
            [7] => 2021-11
            [8] => 2021-12
            [9] => 2022-01
            [10] => 2022-02
            [11] => 2022-03
        )

)

[2026-03-11 10:44:42] Generated months - Array
(
    [months] => Array
        (
            [0] => 2021-04
            [1] => 2021-05
            [2] => 2021-06
            [3] => 2021-07
            [4] => 2021-08
            [5] => 2021-09
            [6] => 2021-10
            [7] => 2021-11
            [8] => 2021-12
            [9] => 2022-01
            [10] => 2022-02
            [11] => 2022-03
        )

)

[2026-03-11 10:44:42] Found opening balance in month - Array
(
    [month] => 2021-04
    [item_code] => SCMPL0009770
)

[2026-03-11 10:44:42] Found first batch date - Array
(
    [date] => 2021-04-01
    [month] => 2021-04
    [day] => 01
)

[2026-03-11 10:44:42] First batch data result - Array
(
    [date] => 2021-04-01
    [month] => 2021-04
    [day] => 01
    [day_num] => 1
)

[2026-03-11 10:44:42] First batch data - Array
(
    [date] => 2021-04-01
    [month] => 2021-04
    [day] => 01
    [day_num] => 1
)

[2026-03-11 10:44:42] generateMonthsInRange: Date range - Array
(
    [start] => 2021-04-01
    [end] => 2021-04-01
)

[2026-03-11 10:44:42] generateMonthsInRange: Generated months - Array
(
    [count] => 1
    [months] => Array
        (
            [0] => 2021-04
        )

)

[2026-03-11 10:44:42] Initial counts (first batch) - Array
(
    [total] => 82
    [with_stock] => 82
)

[2026-03-11 10:44:42] Script completed, rendering page
[2026-03-11 10:44:42] Script started
[2026-03-11 10:44:42] Financial Year - Array
(
    [start] => 2021-04-01
    [end] => 2022-03-31
    [fin_year_id] => 3
)

[2026-03-11 10:44:42] Allowed classes - Array
(
    [0] => W
    [1] => V
    [2] => M
    [3] => F
    [4] => D
    [5] => K
    [6] => G
    [7] => R
)

[2026-03-11 10:44:42] Calling findFirstOpeningBatchDate with - Array
(
    [comp_id] => 5
    [mode] => F
    [fy_start] => 2021-04-01
    [fy_end] => 2022-03-31
    [allowed_classes] => Array
        (
            [0] => W
            [1] => V
            [2] => M
            [3] => F
            [4] => D
            [5] => K
            [6] => G
            [7] => R
        )

)

[2026-03-11 10:44:42] findFirstOpeningBatchDate called - Array
(
    [comp_id] => 5
    [mode] => F
    [fy_start] => 2021-04-01
    [fy_end] => 2022-03-31
    [allowed_classes] => Array
        (
            [0] => W
            [1] => V
            [2] => M
            [3] => F
            [4] => D
            [5] => K
            [6] => G
            [7] => R
        )

)

[2026-03-11 10:44:42] generateMonthsInRange: Date range - Array
(
    [start] => 2021-04-01
    [end] => 2022-03-01
)

[2026-03-11 10:44:42] generateMonthsInRange: Generated months - Array
(
    [count] => 12
    [months] => Array
        (
            [0] => 2021-04
            [1] => 2021-05
            [2] => 2021-06
            [3] => 2021-07
            [4] => 2021-08
            [5] => 2021-09
            [6] => 2021-10
            [7] => 2021-11
            [8] => 2021-12
            [9] => 2022-01
            [10] => 2022-02
            [11] => 2022-03
        )

)

[2026-03-11 10:44:42] Generated months - Array
(
    [months] => Array
        (
            [0] => 2021-04
            [1] => 2021-05
            [2] => 2021-06
            [3] => 2021-07
            [4] => 2021-08
            [5] => 2021-09
            [6] => 2021-10
            [7] => 2021-11
            [8] => 2021-12
            [9] => 2022-01
            [10] => 2022-02
            [11] => 2022-03
        )

)

[2026-03-11 10:44:42] Found opening balance in month - Array
(
    [month] => 2021-04
    [item_code] => SCMPL0009770
)

[2026-03-11 10:44:42] Found first batch date - Array
(
    [date] => 2021-04-01
    [month] => 2021-04
    [day] => 01
)

[2026-03-11 10:44:42] First batch data result - Array
(
    [date] => 2021-04-01
    [month] => 2021-04
    [day] => 01
    [day_num] => 1
)

[2026-03-11 10:44:42] First batch data - Array
(
    [date] => 2021-04-01
    [month] => 2021-04
    [day] => 01
    [day_num] => 1
)

[2026-03-11 10:44:43] AJAX get_items called - Array
(
    [page] => 1
    [view] => with_stock
    [mode] => F
    [search] => 
    [first_batch_data] => Array
        (
            [date] => 2021-04-01
            [month] => 2021-04
            [day] => 01
            [day_num] => 1
        )

)

[2026-03-11 10:44:43] generateMonthsInRange: Date range - Array
(
    [start] => 2021-04-01
    [end] => 2021-04-01
)

[2026-03-11 10:44:43] generateMonthsInRange: Generated months - Array
(
    [count] => 1
    [months] => Array
        (
            [0] => 2021-04
        )

)

[2026-03-11 10:44:43] AJAX get_items count query result - Array
(
    [total] => 72
    [batch_month] => 2021-04
    [batch_day] => 01
)

[2026-03-11 10:44:43] AJAX get_items returning - Array
(
    [items_count] => 72
    [total] => 72
    [has_more] => 
)

[2026-03-11 10:46:59] Script started
[2026-03-11 10:46:59] Financial Year - Array
(
    [start] => 2021-04-01
    [end] => 2022-03-31
    [fin_year_id] => 3
)

[2026-03-11 10:46:59] Allowed classes - Array
(
    [0] => W
    [1] => V
    [2] => M
    [3] => F
    [4] => D
    [5] => K
    [6] => G
    [7] => R
)

[2026-03-11 10:46:59] Calling findFirstOpeningBatchDate with - Array
(
    [comp_id] => 5
    [mode] => F
    [fy_start] => 2021-04-01
    [fy_end] => 2022-03-31
    [allowed_classes] => Array
        (
            [0] => W
            [1] => V
            [2] => M
            [3] => F
            [4] => D
            [5] => K
            [6] => G
            [7] => R
        )

)

[2026-03-11 10:46:59] findFirstOpeningBatchDate called - Array
(
    [comp_id] => 5
    [mode] => F
    [fy_start] => 2021-04-01
    [fy_end] => 2022-03-31
    [allowed_classes] => Array
        (
            [0] => W
            [1] => V
            [2] => M
            [3] => F
            [4] => D
            [5] => K
            [6] => G
            [7] => R
        )

)

[2026-03-11 10:46:59] generateMonthsInRange: Date range - Array
(
    [start] => 2021-04-01
    [end] => 2022-03-01
)

[2026-03-11 10:46:59] generateMonthsInRange: Generated months - Array
(
    [count] => 12
    [months] => Array
        (
            [0] => 2021-04
            [1] => 2021-05
            [2] => 2021-06
            [3] => 2021-07
            [4] => 2021-08
            [5] => 2021-09
            [6] => 2021-10
            [7] => 2021-11
            [8] => 2021-12
            [9] => 2022-01
            [10] => 2022-02
            [11] => 2022-03
        )

)

[2026-03-11 10:46:59] Generated months - Array
(
    [months] => Array
        (
            [0] => 2021-04
            [1] => 2021-05
            [2] => 2021-06
            [3] => 2021-07
            [4] => 2021-08
            [5] => 2021-09
            [6] => 2021-10
            [7] => 2021-11
            [8] => 2021-12
            [9] => 2022-01
            [10] => 2022-02
            [11] => 2022-03
        )

)

[2026-03-11 10:46:59] Found opening balance in month - Array
(
    [month] => 2021-04
    [item_code] => SCMPL0009770
)

[2026-03-11 10:46:59] Found first batch date - Array
(
    [date] => 2021-04-01
    [month] => 2021-04
    [day] => 01
)

[2026-03-11 10:46:59] First batch data result - Array
(
    [date] => 2021-04-01
    [month] => 2021-04
    [day] => 01
    [day_num] => 1
)

[2026-03-11 10:46:59] First batch data - Array
(
    [date] => 2021-04-01
    [month] => 2021-04
    [day] => 01
    [day_num] => 1
)

[2026-03-11 10:46:59] generateMonthsInRange: Date range - Array
(
    [start] => 2021-04-01
    [end] => 2021-04-01
)

[2026-03-11 10:46:59] generateMonthsInRange: Generated months - Array
(
    [count] => 1
    [months] => Array
        (
            [0] => 2021-04
        )

)

[2026-03-11 10:46:59] Initial counts (first batch) - Array
(
    [total] => 82
    [with_stock] => 82
)

[2026-03-11 10:46:59] Script completed, rendering page
[2026-03-11 10:46:59] Script started
[2026-03-11 10:46:59] Financial Year - Array
(
    [start] => 2021-04-01
    [end] => 2022-03-31
    [fin_year_id] => 3
)

[2026-03-11 10:46:59] Allowed classes - Array
(
    [0] => W
    [1] => V
    [2] => M
    [3] => F
    [4] => D
    [5] => K
    [6] => G
    [7] => R
)

[2026-03-11 10:46:59] Calling findFirstOpeningBatchDate with - Array
(
    [comp_id] => 5
    [mode] => F
    [fy_start] => 2021-04-01
    [fy_end] => 2022-03-31
    [allowed_classes] => Array
        (
            [0] => W
            [1] => V
            [2] => M
            [3] => F
            [4] => D
            [5] => K
            [6] => G
            [7] => R
        )

)

[2026-03-11 10:46:59] findFirstOpeningBatchDate called - Array
(
    [comp_id] => 5
    [mode] => F
    [fy_start] => 2021-04-01
    [fy_end] => 2022-03-31
    [allowed_classes] => Array
        (
            [0] => W
            [1] => V
            [2] => M
            [3] => F
            [4] => D
            [5] => K
            [6] => G
            [7] => R
        )

)

[2026-03-11 10:46:59] generateMonthsInRange: Date range - Array
(
    [start] => 2021-04-01
    [end] => 2022-03-01
)

[2026-03-11 10:46:59] generateMonthsInRange: Generated months - Array
(
    [count] => 12
    [months] => Array
        (
            [0] => 2021-04
            [1] => 2021-05
            [2] => 2021-06
            [3] => 2021-07
            [4] => 2021-08
            [5] => 2021-09
            [6] => 2021-10
            [7] => 2021-11
            [8] => 2021-12
            [9] => 2022-01
            [10] => 2022-02
            [11] => 2022-03
        )

)

[2026-03-11 10:46:59] Generated months - Array
(
    [months] => Array
        (
            [0] => 2021-04
            [1] => 2021-05
            [2] => 2021-06
            [3] => 2021-07
            [4] => 2021-08
            [5] => 2021-09
            [6] => 2021-10
            [7] => 2021-11
            [8] => 2021-12
            [9] => 2022-01
            [10] => 2022-02
            [11] => 2022-03
        )

)

[2026-03-11 10:46:59] Found opening balance in month - Array
(
    [month] => 2021-04
    [item_code] => SCMPL0009770
)

[2026-03-11 10:46:59] Found first batch date - Array
(
    [date] => 2021-04-01
    [month] => 2021-04
    [day] => 01
)

[2026-03-11 10:46:59] First batch data result - Array
(
    [date] => 2021-04-01
    [month] => 2021-04
    [day] => 01
    [day_num] => 1
)

[2026-03-11 10:46:59] First batch data - Array
(
    [date] => 2021-04-01
    [month] => 2021-04
    [day] => 01
    [day_num] => 1
)

[2026-03-11 10:46:59] AJAX get_items called - Array
(
    [page] => 1
    [view] => with_stock
    [mode] => F
    [search] => 
    [first_batch_data] => Array
        (
            [date] => 2021-04-01
            [month] => 2021-04
            [day] => 01
            [day_num] => 1
        )

)

[2026-03-11 10:46:59] generateMonthsInRange: Date range - Array
(
    [start] => 2021-04-01
    [end] => 2021-04-01
)

[2026-03-11 10:46:59] generateMonthsInRange: Generated months - Array
(
    [count] => 1
    [months] => Array
        (
            [0] => 2021-04
        )

)

[2026-03-11 10:46:59] AJAX get_items count query result - Array
(
    [total] => 72
    [batch_month] => 2021-04
    [batch_day] => 01
)

[2026-03-11 10:46:59] AJAX get_items returning - Array
(
    [items_count] => 72
    [total] => 72
    [has_more] => 
)

[2026-03-11 11:16:04] Script started
[2026-03-11 11:16:04] Financial Year - Array
(
    [start] => 2021-04-01
    [end] => 2022-03-31
    [fin_year_id] => 3
)

[2026-03-11 11:16:04] Allowed classes - Array
(
    [0] => W
    [1] => V
    [2] => M
    [3] => F
    [4] => D
    [5] => K
    [6] => G
    [7] => R
)

[2026-03-11 11:16:04] Calling findFirstOpeningBatchDate with - Array
(
    [comp_id] => 5
    [mode] => F
    [fy_start] => 2021-04-01
    [fy_end] => 2022-03-31
    [allowed_classes] => Array
        (
            [0] => W
            [1] => V
            [2] => M
            [3] => F
            [4] => D
            [5] => K
            [6] => G
            [7] => R
        )

)

[2026-03-11 11:16:04] findFirstOpeningBatchDate called - Array
(
    [comp_id] => 5
    [mode] => F
    [fy_start] => 2021-04-01
    [fy_end] => 2022-03-31
    [allowed_classes] => Array
        (
            [0] => W
            [1] => V
            [2] => M
            [3] => F
            [4] => D
            [5] => K
            [6] => G
            [7] => R
        )

)

[2026-03-11 11:16:04] generateMonthsInRange: Date range - Array
(
    [start] => 2021-04-01
    [end] => 2022-03-01
)

[2026-03-11 11:16:04] generateMonthsInRange: Generated months - Array
(
    [count] => 12
    [months] => Array
        (
            [0] => 2021-04
            [1] => 2021-05
            [2] => 2021-06
            [3] => 2021-07
            [4] => 2021-08
            [5] => 2021-09
            [6] => 2021-10
            [7] => 2021-11
            [8] => 2021-12
            [9] => 2022-01
            [10] => 2022-02
            [11] => 2022-03
        )

)

[2026-03-11 11:16:04] Generated months - Array
(
    [months] => Array
        (
            [0] => 2021-04
            [1] => 2021-05
            [2] => 2021-06
            [3] => 2021-07
            [4] => 2021-08
            [5] => 2021-09
            [6] => 2021-10
            [7] => 2021-11
            [8] => 2021-12
            [9] => 2022-01
            [10] => 2022-02
            [11] => 2022-03
        )

)

[2026-03-11 11:16:04] Found opening balance in month - Array
(
    [month] => 2021-04
    [item_code] => SCMPL0009770
)

[2026-03-11 11:16:04] Found first batch date - Array
(
    [date] => 2021-04-01
    [month] => 2021-04
    [day] => 01
)

[2026-03-11 11:16:04] First batch data result - Array
(
    [date] => 2021-04-01
    [month] => 2021-04
    [day] => 01
    [day_num] => 1
)

[2026-03-11 11:16:04] First batch data - Array
(
    [date] => 2021-04-01
    [month] => 2021-04
    [day] => 01
    [day_num] => 1
)

[2026-03-11 11:16:04] AJAX volume_summary called - Array
(
    [ajax] => volume_summary
    [mode] => F
    [t] => 1773224164357
)

[2026-03-11 11:16:04] Volume summary - checking table - Array
(
    [batch_table] => tbldailystock_5_04_21
    [batch_month] => 2021-04
)

[2026-03-11 11:16:04] getOpeningBalanceVolumeSummary called - Array
(
    [mode] => F
    [comp_id] => 5
    [allowed_classes] => Array
        (
            [0] => W
            [1] => V
            [2] => M
            [3] => F
            [4] => D
            [5] => K
            [6] => G
            [7] => R
        )

    [first_batch_data] => Array
        (
            [date] => 2021-04-01
            [month] => 2021-04
            [day] => 01
            [day_num] => 1
        )

)

[2026-03-11 11:16:04] Processing volume summary - Array
(
    [batch_month] => 2021-04
    [batch_day] => 01
    [batch_date] => 2021-04-01
    [batch_table] => tbldailystock_5_04_21
)

[2026-03-11 11:16:04] generateMonthsInRange: Date range - Array
(
    [start] => 2021-04-01
    [end] => 2021-04-01
)

[2026-03-11 11:16:04] generateMonthsInRange: Generated months - Array
(
    [count] => 1
    [months] => Array
        (
            [0] => 2021-04
        )

)

[2026-03-11 11:16:04] Volume summary query returned rows - Array
(
    [count] => 72
)

[2026-03-11 11:16:04] Processing item - Array
(
    [code] => SCMPL0009770
    [current_stock] => 500
    [class_code_new] => CLS001
    [class] => W
)

[2026-03-11 11:16:04] Item hierarchy - Array
(
    [display_category] => SPIRITS
    [ml_volume] => 180
)

[2026-03-11 11:16:04] Added to volume summary - Array
(
    [category] => SPIRITS
    [volume] => 180 ML
    [new_total] => 500
)

[2026-03-11 11:16:04] Processing item - Array
(
    [code] => SCMPL0010434
    [current_stock] => 500
    [class_code_new] => CLS001
    [class] => K
)

[2026-03-11 11:16:04] Item hierarchy - Array
(
    [display_category] => SPIRITS
    [ml_volume] => 180
)

[2026-03-11 11:16:04] Added to volume summary - Array
(
    [category] => SPIRITS
    [volume] => 180 ML
    [new_total] => 1000
)

[2026-03-11 11:16:04] Processing item - Array
(
    [code] => SCMPL0010447
    [current_stock] => 20
    [class_code_new] => CLS001
    [class] => W
)

[2026-03-11 11:16:04] Item hierarchy - Array
(
    [display_category] => SPIRITS
    [ml_volume] => 750
)

[2026-03-11 11:16:04] Added to volume summary - Array
(
    [category] => SPIRITS
    [volume] => 750 ML
    [new_total] => 20
)

[2026-03-11 11:16:04] Processing item - Array
(
    [code] => SCMPL0010612
    [current_stock] => 1000
    [class_code_new] => CLS001
    [class] => W
)

[2026-03-11 11:16:04] Item hierarchy - Array
(
    [display_category] => SPIRITS
    [ml_volume] => 90
)

[2026-03-11 11:16:04] Added to volume summary - Array
(
    [category] => SPIRITS
    [volume] => 90 ML
    [new_total] => 1000
)

[2026-03-11 11:16:04] Processing item - Array
(
    [code] => SCMPL0009942
    [current_stock] => 500
    [class_code_new] => CLS001
    [class] => W
)

[2026-03-11 11:16:04] Item hierarchy - Array
(
    [display_category] => SPIRITS
    [ml_volume] => 180
)

[2026-03-11 11:16:04] Added to volume summary - Array
(
    [category] => SPIRITS
    [volume] => 180 ML
    [new_total] => 1500
)

[2026-03-11 11:16:04] Processing item - Array
(
    [code] => SCMPL0010451
    [current_stock] => 500
    [class_code_new] => CLS001
    [class] => W
)

[2026-03-11 11:16:04] Item hierarchy - Array
(
    [display_category] => SPIRITS
    [ml_volume] => 180
)

[2026-03-11 11:16:04] Added to volume summary - Array
(
    [category] => SPIRITS
    [volume] => 180 ML
    [new_total] => 2000
)

[2026-03-11 11:16:04] Processing item - Array
(
    [code] => SCMBR0023264
    [current_stock] => 200
    [class_code_new] => CLS007
    [class] => F
)

[2026-03-11 11:16:04] Item hierarchy - Array
(
    [display_category] => FERMENTED BEER
    [ml_volume] => 650
)

[2026-03-11 11:16:04] Added to volume summary - Array
(
    [category] => FERMENTED BEER
    [volume] => 650 ML
    [new_total] => 200
)

[2026-03-11 11:16:04] Processing item - Array
(
    [code] => SCMKS0026879
    [current_stock] => 21
    [class_code_new] => CLS001
    [class] => W
)

[2026-03-11 11:16:04] Item hierarchy - Array
(
    [display_category] => SPIRITS
    [ml_volume] => 180
)

[2026-03-11 11:16:04] Added to volume summary - Array
(
    [category] => SPIRITS
    [volume] => 180 ML
    [new_total] => 2021
)

[2026-03-11 11:16:04] Processing item - Array
(
    [code] => SCMPL0010108
    [current_stock] => 10
    [class_code_new] => CLS001
    [class] => W
)

[2026-03-11 11:16:04] Item hierarchy - Array
(
    [display_category] => SPIRITS
    [ml_volume] => 750
)

[2026-03-11 11:16:04] Added to volume summary - Array
(
    [category] => SPIRITS
    [volume] => 750 ML
    [new_total] => 30
)

[2026-03-11 11:16:04] Processing item - Array
(
    [code] => SCMPL0010075
    [current_stock] => 700
    [class_code_new] => CLS001
    [class] => W
)

[2026-03-11 11:16:04] Item hierarchy - Array
(
    [display_category] => SPIRITS
    [ml_volume] => 90
)

[2026-03-11 11:16:04] Added to volume summary - Array
(
    [category] => SPIRITS
    [volume] => 90 ML
    [new_total] => 1700
)

[2026-03-11 11:16:04] Processing item - Array
(
    [code] => SCMPL0010076
    [current_stock] => 700
    [class_code_new] => CLS001
    [class] => W
)

[2026-03-11 11:16:04] Item hierarchy - Array
(
    [display_category] => SPIRITS
    [ml_volume] => 90
)

[2026-03-11 11:16:04] Added to volume summary - Array
(
    [category] => SPIRITS
    [volume] => 90 ML
    [new_total] => 2400
)

[2026-03-11 11:16:04] Processing item - Array
(
    [code] => SCMPL0010088
    [current_stock] => 264
    [class_code_new] => CLS001
    [class] => W
)

[2026-03-11 11:16:04] Item hierarchy - Array
(
    [display_category] => SPIRITS
    [ml_volume] => 180
)

[2026-03-11 11:16:04] Added to volume summary - Array
(
    [category] => SPIRITS
    [volume] => 180 ML
    [new_total] => 2285
)

[2026-03-11 11:16:04] Processing item - Array
(
    [code] => SCMPL0010701
    [current_stock] => 700
    [class_code_new] => CLS001
    [class] => W
)

[2026-03-11 11:16:04] Item hierarchy - Array
(
    [display_category] => SPIRITS
    [ml_volume] => 90
)

[2026-03-11 11:16:04] Added to volume summary - Array
(
    [category] => SPIRITS
    [volume] => 90 ML
    [new_total] => 3100
)

[2026-03-11 11:16:04] Processing item - Array
(
    [code] => SCMBR0018142
    [current_stock] => 300
    [class_code_new] => CLS007
    [class] => F
)

[2026-03-11 11:16:04] Item hierarchy - Array
(
    [display_category] => FERMENTED BEER
    [ml_volume] => 650
)

[2026-03-11 11:16:04] Added to volume summary - Array
(
    [category] => FERMENTED BEER
    [volume] => 650 ML
    [new_total] => 500
)

[2026-03-11 11:16:04] Processing item - Array
(
    [code] => SCMWN0019724
    [current_stock] => 130
    [class_code_new] => CLS004
    [class] => V
)

[2026-03-11 11:16:04] Item hierarchy - Array
(
    [display_category] => WINE
    [ml_volume] => 375
)

[2026-03-11 11:16:04] Added to volume summary - Array
(
    [category] => WINE
    [volume] => 375 ML
    [new_total] => 130
)

[2026-03-11 11:16:04] Processing item - Array
(
    [code] => SCMPL0010198
    [current_stock] => 384
    [class_code_new] => CLS001
    [class] => D
)

[2026-03-11 11:16:04] Item hierarchy - Array
(
    [display_category] => SPIRITS
    [ml_volume] => 180
)

[2026-03-11 11:16:04] Added to volume summary - Array
(
    [category] => SPIRITS
    [volume] => 180 ML
    [new_total] => 2669
)

[2026-03-11 11:16:04] Processing item - Array
(
    [code] => SCMPL0010445
    [current_stock] => 500
    [class_code_new] => CLS001
    [class] => W
)

[2026-03-11 11:16:04] Item hierarchy - Array
(
    [display_category] => SPIRITS
    [ml_volume] => 180
)

[2026-03-11 11:16:04] Added to volume summary - Array
(
    [category] => SPIRITS
    [volume] => 180 ML
    [new_total] => 3169
)

[2026-03-11 11:16:04] Processing item - Array
(
    [code] => SCMPL0010676
    [current_stock] => 30
    [class_code_new] => CLS001
    [class] => G
)

[2026-03-11 11:16:04] Item hierarchy - Array
(
    [display_category] => SPIRITS
    [ml_volume] => 375
)

[2026-03-11 11:16:04] Added to volume summary - Array
(
    [category] => SPIRITS
    [volume] => 375 ML
    [new_total] => 30
)

[2026-03-11 11:16:04] Processing item - Array
(
    [code] => SCMPL0010679
    [current_stock] => 1000
    [class_code_new] => CLS001
    [class] => G
)

[2026-03-11 11:16:04] Item hierarchy - Array
(
    [display_category] => SPIRITS
    [ml_volume] => 180
)

[2026-03-11 11:16:04] Added to volume summary - Array
(
    [category] => SPIRITS
    [volume] => 180 ML
    [new_total] => 4169
)

[2026-03-11 11:16:04] Processing item - Array
(
    [code] => SCMPL0028274
    [current_stock] => 500
    [class_code_new] => CLS001
    [class] => W
)

[2026-03-11 11:16:04] Item hierarchy - Array
(
    [display_category] => SPIRITS
    [ml_volume] => 90
)

[2026-03-11 11:16:04] Added to volume summary - Array
(
    [category] => SPIRITS
    [volume] => 90 ML
    [new_total] => 3600
)

[2026-03-11 11:16:04] Processing item - Array
(
    [code] => SCMPL0010087
    [current_stock] => 1200
    [class_code_new] => CLS001
    [class] => W
)

[2026-03-11 11:16:04] Item hierarchy - Array
(
    [display_category] => SPIRITS
    [ml_volume] => 180
)

[2026-03-11 11:16:04] Added to volume summary - Array
(
    [category] => SPIRITS
    [volume] => 180 ML
    [new_total] => 5369
)

[2026-03-11 11:16:04] Processing item - Array
(
    [code] => SCMPL0012499
    [current_stock] => 15
    [class_code_new] => CLS001
    [class] => W
)

[2026-03-11 11:16:04] Item hierarchy - Array
(
    [display_category] => SPIRITS
    [ml_volume] => 1000
)

[2026-03-11 11:16:04] Added to volume summary - Array
(
    [category] => SPIRITS
    [volume] => 1000 ML
    [new_total] => 15
)

[2026-03-11 11:16:04] Processing item - Array
(
    [code] => SCMPL0009936
    [current_stock] => 500
    [class_code_new] => CLS001
    [class] => K
)

[2026-03-11 11:16:04] Item hierarchy - Array
(
    [display_category] => SPIRITS
    [ml_volume] => 180
)

[2026-03-11 11:16:04] Added to volume summary - Array
(
    [category] => SPIRITS
    [volume] => 180 ML
    [new_total] => 5869
)

[2026-03-11 11:16:04] Processing item - Array
(
    [code] => SCMPL0010056
    [current_stock] => 500
    [class_code_new] => CLS001
    [class] => W
)

[2026-03-11 11:16:04] Item hierarchy - Array
(
    [display_category] => SPIRITS
    [ml_volume] => 180
)

[2026-03-11 11:16:04] Added to volume summary - Array
(
    [category] => SPIRITS
    [volume] => 180 ML
    [new_total] => 6369
)

[2026-03-11 11:16:04] Processing item - Array
(
    [code] => SCMPL0022280
    [current_stock] => 32
    [class_code_new] => CLS001
    [class] => W
)

[2026-03-11 11:16:04] Item hierarchy - Array
(
    [display_category] => SPIRITS
    [ml_volume] => 1000
)

[2026-03-11 11:16:04] Added to volume summary - Array
(
    [category] => SPIRITS
    [volume] => 1000 ML
    [new_total] => 47
)

[2026-03-11 11:16:04] Processing item - Array
(
    [code] => SCMPL0028356
    [current_stock] => 50
    [class_code_new] => CLS001
    [class] => W
)

[2026-03-11 11:16:04] Item hierarchy - Array
(
    [display_category] => SPIRITS
    [ml_volume] => 375
)

[2026-03-11 11:16:04] Added to volume summary - Array
(
    [category] => SPIRITS
    [volume] => 375 ML
    [new_total] => 80
)

[2026-03-11 11:16:04] Processing item - Array
(
    [code] => SCMPL0010677
    [current_stock] => 10
    [class_code_new] => CLS001
    [class] => G
)

[2026-03-11 11:16:04] Item hierarchy - Array
(
    [display_category] => SPIRITS
    [ml_volume] => 750
)

[2026-03-11 11:16:04] Added to volume summary - Array
(
    [category] => SPIRITS
    [volume] => 750 ML
    [new_total] => 40
)

[2026-03-11 11:16:04] Processing item - Array
(
    [code] => SCMPL0010234
    [current_stock] => 240
    [class_code_new] => CLS001
    [class] => R
)

[2026-03-11 11:16:04] Item hierarchy - Array
(
    [display_category] => SPIRITS
    [ml_volume] => 180
)

[2026-03-11 11:16:04] Added to volume summary - Array
(
    [category] => SPIRITS
    [volume] => 180 ML
    [new_total] => 6609
)

[2026-03-11 11:16:04] Processing item - Array
(
    [code] => SCMBR0009847
    [current_stock] => 500
    [class_code_new] => CLS007
    [class] => F
)

[2026-03-11 11:16:04] Item hierarchy - Array
(
    [display_category] => FERMENTED BEER
    [ml_volume] => 330
)

[2026-03-11 11:16:04] Added to volume summary - Array
(
    [category] => FERMENTED BEER
    [volume] => 330 ML
    [new_total] => 500
)

[2026-03-11 11:16:04] Processing item - Array
(
    [code] => SCMPL0010453
    [current_stock] => 30
    [class_code_new] => CLS001
    [class] => W
)

[2026-03-11 11:16:04] Item hierarchy - Array
(
    [display_category] => SPIRITS
    [ml_volume] => 750
)

[2026-03-11 11:16:04] Added to volume summary - Array
(
    [category] => SPIRITS
    [volume] => 750 ML
    [new_total] => 70
)

[2026-03-11 11:16:04] Processing item - Array
(
    [code] => SCMPL0010450
    [current_stock] => 200
    [class_code_new] => CLS001
    [class] => W
)

[2026-03-11 11:16:04] Item hierarchy - Array
(
    [display_category] => SPIRITS
    [ml_volume] => 90
)

[2026-03-11 11:16:04] Added to volume summary - Array
(
    [category] => SPIRITS
    [volume] => 90 ML
    [new_total] => 3800
)

[2026-03-11 11:16:04] Processing item - Array
(
    [code] => SCMPL0009894
    [current_stock] => 100
    [class_code_new] => CLS001
    [class] => W
)

[2026-03-11 11:16:04] Item hierarchy - Array
(
    [display_category] => SPIRITS
    [ml_volume] => 180
)

[2026-03-11 11:16:04] Added to volume summary - Array
(
    [category] => SPIRITS
    [volume] => 180 ML
    [new_total] => 6709
)

[2026-03-11 11:16:04] Processing item - Array
(
    [code] => SCMPL0028275
    [current_stock] => 500
    [class_code_new] => CLS001
    [class] => W
)

[2026-03-11 11:16:04] Item hierarchy - Array
(
    [display_category] => SPIRITS
    [ml_volume] => 180
)

[2026-03-11 11:16:04] Added to volume summary - Array
(
    [category] => SPIRITS
    [volume] => 180 ML
    [new_total] => 7209
)

[2026-03-11 11:16:04] Processing item - Array
(
    [code] => SCMBR0021532
    [current_stock] => 300
    [class_code_new] => CLS007
    [class] => F
)

[2026-03-11 11:16:04] Item hierarchy - Array
(
    [display_category] => FERMENTED BEER
    [ml_volume] => 650
)

[2026-03-11 11:16:04] Added to volume summary - Array
(
    [category] => FERMENTED BEER
    [volume] => 650 ML
    [new_total] => 800
)

[2026-03-11 11:16:04] Processing item - Array
(
    [code] => SCMPL0009668
    [current_stock] => 60
    [class_code_new] => CLS001
    [class] => W
)

[2026-03-11 11:16:04] Item hierarchy - Array
(
    [display_category] => SPIRITS
    [ml_volume] => 180
)

[2026-03-11 11:16:04] Added to volume summary - Array
(
    [category] => SPIRITS
    [volume] => 180 ML
    [new_total] => 7269
)

[2026-03-11 11:16:04] Processing item - Array
(
    [code] => SCMPL0009688
    [current_stock] => 50
    [class_code_new] => CLS001
    [class] => W
)

[2026-03-11 11:16:04] Item hierarchy - Array
(
    [display_category] => SPIRITS
    [ml_volume] => 375
)

[2026-03-11 11:16:04] Added to volume summary - Array
(
    [category] => SPIRITS
    [volume] => 375 ML
    [new_total] => 130
)

[2026-03-11 11:16:04] Processing item - Array
(
    [code] => SCMPL0022277
    [current_stock] => 500
    [class_code_new] => CLS001
    [class] => W
)

[2026-03-11 11:16:04] Item hierarchy - Array
(
    [display_category] => SPIRITS
    [ml_volume] => 180
)

[2026-03-11 11:16:04] Added to volume summary - Array
(
    [category] => SPIRITS
    [volume] => 180 ML
    [new_total] => 7769
)

[2026-03-11 11:16:04] Processing item - Array
(
    [code] => SCMPL0018737
    [current_stock] => 500
    [class_code_new] => CLS001
    [class] => W
)

[2026-03-11 11:16:04] Item hierarchy - Array
(
    [display_category] => SPIRITS
    [ml_volume] => 90
)

[2026-03-11 11:16:04] Added to volume summary - Array
(
    [category] => SPIRITS
    [volume] => 90 ML
    [new_total] => 4300
)

[2026-03-11 11:16:04] Processing item - Array
(
    [code] => SCMKS0026878
    [current_stock] => 50
    [class_code_new] => CLS001
    [class] => W
)

[2026-03-11 11:16:04] Item hierarchy - Array
(
    [display_category] => SPIRITS
    [ml_volume] => 180
)

[2026-03-11 11:16:04] Added to volume summary - Array
(
    [category] => SPIRITS
    [volume] => 180 ML
    [new_total] => 7819
)

[2026-03-11 11:16:04] Processing item - Array
(
    [code] => SCMPL0009775
    [current_stock] => 500
    [class_code_new] => CLS001
    [class] => D
)

[2026-03-11 11:16:04] Item hierarchy - Array
(
    [display_category] => SPIRITS
    [ml_volume] => 180
)

[2026-03-11 11:16:04] Added to volume summary - Array
(
    [category] => SPIRITS
    [volume] => 180 ML
    [new_total] => 8319
)

[2026-03-11 11:16:04] Processing item - Array
(
    [code] => SCMPL0010678
    [current_stock] => 1500
    [class_code_new] => CLS001
    [class] => W
)

[2026-03-11 11:16:04] Item hierarchy - Array
(
    [display_category] => SPIRITS
    [ml_volume] => 90
)

[2026-03-11 11:16:04] Added to volume summary - Array
(
    [category] => SPIRITS
    [volume] => 90 ML
    [new_total] => 5800
)

[2026-03-11 11:16:04] Processing item - Array
(
    [code] => SCMBR0018137
    [current_stock] => 300
    [class_code_new] => CLS007
    [class] => F
)

[2026-03-11 11:16:04] Item hierarchy - Array
(
    [display_category] => FERMENTED BEER
    [ml_volume] => 330
)

[2026-03-11 11:16:04] Added to volume summary - Array
(
    [category] => FERMENTED BEER
    [volume] => 330 ML
    [new_total] => 800
)

[2026-03-11 11:16:04] Processing item - Array
(
    [code] => SCMKB0031391
    [current_stock] => 500
    [class_code_new] => CLS008
    [class] => M
)

[2026-03-11 11:16:04] Item hierarchy - Array
(
    [display_category] => MILD BEER
    [ml_volume] => 330
)

[2026-03-11 11:16:04] Added to volume summary - Array
(
    [category] => MILD BEER
    [volume] => 330 ML
    [new_total] => 500
)

[2026-03-11 11:16:04] Processing item - Array
(
    [code] => SCMBR0027089
    [current_stock] => 300
    [class_code_new] => CLS008
    [class] => M
)

[2026-03-11 11:16:04] Item hierarchy - Array
(
    [display_category] => MILD BEER
    [ml_volume] => 650
)

[2026-03-11 11:16:04] Added to volume summary - Array
(
    [category] => MILD BEER
    [volume] => 650 ML
    [new_total] => 300
)

[2026-03-11 11:16:04] Processing item - Array
(
    [code] => SCMBR0018132
    [current_stock] => 121
    [class_code_new] => CLS008
    [class] => M
)

[2026-03-11 11:16:04] Item hierarchy - Array
(
    [display_category] => MILD BEER
    [ml_volume] => 650
)

[2026-03-11 11:16:04] Added to volume summary - Array
(
    [category] => MILD BEER
    [volume] => 650 ML
    [new_total] => 421
)

[2026-03-11 11:16:04] Processing item - Array
(
    [code] => SCMBR0018158
    [current_stock] => 500
    [class_code_new] => CLS007
    [class] => F
)

[2026-03-11 11:16:04] Item hierarchy - Array
(
    [display_category] => FERMENTED BEER
    [ml_volume] => 330
)

[2026-03-11 11:16:04] Added to volume summary - Array
(
    [category] => FERMENTED BEER
    [volume] => 330 ML
    [new_total] => 1300
)

[2026-03-11 11:16:04] Processing item - Array
(
    [code] => SCMBR0023258
    [current_stock] => 500
    [class_code_new] => CLS007
    [class] => F
)

[2026-03-11 11:16:04] Item hierarchy - Array
(
    [display_category] => FERMENTED BEER
    [ml_volume] => 650
)

[2026-03-11 11:16:04] Added to volume summary - Array
(
    [category] => FERMENTED BEER
    [volume] => 650 ML
    [new_total] => 1300
)

[2026-03-11 11:16:04] Processing item - Array
(
    [code] => SCMPL0018648
    [current_stock] => 200
    [class_code_new] => CLS001
    [class] => K
)

[2026-03-11 11:16:04] Item hierarchy - Array
(
    [display_category] => SPIRITS
    [ml_volume] => 180
)

[2026-03-11 11:16:04] Added to volume summary - Array
(
    [category] => SPIRITS
    [volume] => 180 ML
    [new_total] => 8519
)

[2026-03-11 11:16:04] Processing item - Array
(
    [code] => SCMPL0033624
    [current_stock] => 500
    [class_code_new] => CLS001
    [class] => K
)

[2026-03-11 11:16:04] Item hierarchy - Array
(
    [display_category] => SPIRITS
    [ml_volume] => 90
)

[2026-03-11 11:16:04] Added to volume summary - Array
(
    [category] => SPIRITS
    [volume] => 90 ML
    [new_total] => 6300
)

[2026-03-11 11:16:04] Processing item - Array
(
    [code] => SCMPL0011438
    [current_stock] => 96
    [class_code_new] => CLS001
    [class] => K
)

[2026-03-11 11:16:04] Item hierarchy - Array
(
    [display_category] => SPIRITS
    [ml_volume] => 180
)

[2026-03-11 11:16:04] Added to volume summary - Array
(
    [category] => SPIRITS
    [volume] => 180 ML
    [new_total] => 8615
)

[2026-03-11 11:16:04] Processing item - Array
(
    [code] => SCMPL0011418
    [current_stock] => 240
    [class_code_new] => CLS001
    [class] => K
)

[2026-03-11 11:16:04] Item hierarchy - Array
(
    [display_category] => SPIRITS
    [ml_volume] => 180
)

[2026-03-11 11:16:04] Added to volume summary - Array
(
    [category] => SPIRITS
    [volume] => 180 ML
    [new_total] => 8855
)

[2026-03-11 11:16:04] Processing item - Array
(
    [code] => SCMBR0018635
    [current_stock] => 200
    [class_code_new] => CLS007
    [class] => F
)

[2026-03-11 11:16:04] Item hierarchy - Array
(
    [display_category] => FERMENTED BEER
    [ml_volume] => 650
)

[2026-03-11 11:16:04] Added to volume summary - Array
(
    [category] => FERMENTED BEER
    [volume] => 650 ML
    [new_total] => 1500
)

[2026-03-11 11:16:04] Processing item - Array
(
    [code] => SCMBR0029429
    [current_stock] => 500
    [class_code_new] => CLS007
    [class] => F
)

[2026-03-11 11:16:04] Item hierarchy - Array
(
    [display_category] => FERMENTED BEER
    [ml_volume] => 330
)

[2026-03-11 11:16:04] Added to volume summary - Array
(
    [category] => FERMENTED BEER
    [volume] => 330 ML
    [new_total] => 1800
)

[2026-03-11 11:16:04] Processing item - Array
(
    [code] => SCMBR0029431
    [current_stock] => 130
    [class_code_new] => CLS007
    [class] => F
)

[2026-03-11 11:16:04] Item hierarchy - Array
(
    [display_category] => FERMENTED BEER
    [ml_volume] => 650
)

[2026-03-11 11:16:04] Added to volume summary - Array
(
    [category] => FERMENTED BEER
    [volume] => 650 ML
    [new_total] => 1630
)

[2026-03-11 11:16:04] Processing item - Array
(
    [code] => SCMPL0010541
    [current_stock] => 400
    [class_code_new] => CLS001
    [class] => D
)

[2026-03-11 11:16:04] Item hierarchy - Array
(
    [display_category] => SPIRITS
    [ml_volume] => 180
)

[2026-03-11 11:16:04] Added to volume summary - Array
(
    [category] => SPIRITS
    [volume] => 180 ML
    [new_total] => 9255
)

[2026-03-11 11:16:04] Processing item - Array
(
    [code] => SCMPL0040482
    [current_stock] => 300
    [class_code_new] => CLS001
    [class] => W
)

[2026-03-11 11:16:04] Item hierarchy - Array
(
    [display_category] => SPIRITS
    [ml_volume] => 90
)

[2026-03-11 11:16:04] Added to volume summary - Array
(
    [category] => SPIRITS
    [volume] => 90 ML
    [new_total] => 6600
)

[2026-03-11 11:16:04] Processing item - Array
(
    [code] => SCMPL0009899
    [current_stock] => 500
    [class_code_new] => CLS001
    [class] => R
)

[2026-03-11 11:16:04] Item hierarchy - Array
(
    [display_category] => SPIRITS
    [ml_volume] => 90
)

[2026-03-11 11:16:04] Added to volume summary - Array
(
    [category] => SPIRITS
    [volume] => 90 ML
    [new_total] => 7100
)

[2026-03-11 11:16:04] Processing item - Array
(
    [code] => SCMPL0009902
    [current_stock] => 10
    [class_code_new] => CLS001
    [class] => R
)

[2026-03-11 11:16:04] Item hierarchy - Array
(
    [display_category] => SPIRITS
    [ml_volume] => 750
)

[2026-03-11 11:16:04] Added to volume summary - Array
(
    [category] => SPIRITS
    [volume] => 750 ML
    [new_total] => 80
)

[2026-03-11 11:16:04] Processing item - Array
(
    [code] => SCMPL0009903
    [current_stock] => 20
    [class_code_new] => CLS001
    [class] => R
)

[2026-03-11 11:16:04] Item hierarchy - Array
(
    [display_category] => SPIRITS
    [ml_volume] => 1000
)

[2026-03-11 11:16:04] Added to volume summary - Array
(
    [category] => SPIRITS
    [volume] => 1000 ML
    [new_total] => 67
)

[2026-03-11 11:16:04] Processing item - Array
(
    [code] => SCMPL0011581
    [current_stock] => 15
    [class_code_new] => CLS001
    [class] => W
)

[2026-03-11 11:16:04] Item hierarchy - Array
(
    [display_category] => SPIRITS
    [ml_volume] => 1000
)

[2026-03-11 11:16:04] Added to volume summary - Array
(
    [category] => SPIRITS
    [volume] => 1000 ML
    [new_total] => 82
)

[2026-03-11 11:16:04] Processing item - Array
(
    [code] => SCMPL0035367
    [current_stock] => 500
    [class_code_new] => CLS001
    [class] => K
)

[2026-03-11 11:16:04] Item hierarchy - Array
(
    [display_category] => SPIRITS
    [ml_volume] => 90
)

[2026-03-11 11:16:04] Added to volume summary - Array
(
    [category] => SPIRITS
    [volume] => 90 ML
    [new_total] => 7600
)

[2026-03-11 11:16:04] Processing item - Array
(
    [code] => SCMPL0036711
    [current_stock] => 500
    [class_code_new] => CLS001
    [class] => W
)

[2026-03-11 11:16:04] Item hierarchy - Array
(
    [display_category] => SPIRITS
    [ml_volume] => 90
)

[2026-03-11 11:16:04] Added to volume summary - Array
(
    [category] => SPIRITS
    [volume] => 90 ML
    [new_total] => 8100
)

[2026-03-11 11:16:04] Processing item - Array
(
    [code] => SCMPL0010702
    [current_stock] => 100
    [class_code_new] => CLS001
    [class] => W
)

[2026-03-11 11:16:04] Item hierarchy - Array
(
    [display_category] => SPIRITS
    [ml_volume] => 180
)

[2026-03-11 11:16:04] Added to volume summary - Array
(
    [category] => SPIRITS
    [volume] => 180 ML
    [new_total] => 9355
)

[2026-03-11 11:16:04] Processing item - Array
(
    [code] => SCMPL0029933
    [current_stock] => 6
    [class_code_new] => CLS001
    [class] => W
)

[2026-03-11 11:16:04] Item hierarchy - Array
(
    [display_category] => SPIRITS
    [ml_volume] => 180
)

[2026-03-11 11:16:04] Added to volume summary - Array
(
    [category] => SPIRITS
    [volume] => 180 ML
    [new_total] => 9361
)

[2026-03-11 11:16:04] Processing item - Array
(
    [code] => SCMPL0029928
    [current_stock] => 12
    [class_code_new] => CLS001
    [class] => W
)

[2026-03-11 11:16:04] Item hierarchy - Array
(
    [display_category] => SPIRITS
    [ml_volume] => 180
)

[2026-03-11 11:16:04] Added to volume summary - Array
(
    [category] => SPIRITS
    [volume] => 180 ML
    [new_total] => 9373
)

[2026-03-11 11:16:04] Processing item - Array
(
    [code] => SCMPL0010360
    [current_stock] => 24
    [class_code_new] => CLS001
    [class] => K
)

[2026-03-11 11:16:04] Item hierarchy - Array
(
    [display_category] => SPIRITS
    [ml_volume] => 180
)

[2026-03-11 11:16:04] Added to volume summary - Array
(
    [category] => SPIRITS
    [volume] => 180 ML
    [new_total] => 9397
)

[2026-03-11 11:16:04] Processing item - Array
(
    [code] => SCMPL0009968
    [current_stock] => 530
    [class_code_new] => CLS001
    [class] => K
)

[2026-03-11 11:16:04] Item hierarchy - Array
(
    [display_category] => SPIRITS
    [ml_volume] => 180
)

[2026-03-11 11:16:04] Added to volume summary - Array
(
    [category] => SPIRITS
    [volume] => 180 ML
    [new_total] => 9927
)

[2026-03-11 11:16:04] Processing item - Array
(
    [code] => SCMPL0009977
    [current_stock] => 542
    [class_code_new] => CLS001
    [class] => K
)

[2026-03-11 11:16:04] Item hierarchy - Array
(
    [display_category] => SPIRITS
    [ml_volume] => 180
)

[2026-03-11 11:16:04] Added to volume summary - Array
(
    [category] => SPIRITS
    [volume] => 180 ML
    [new_total] => 10469
)

[2026-03-11 11:16:04] Processing item - Array
(
    [code] => SCMKS0018253
    [current_stock] => 6
    [class_code_new] => CLS001
    [class] => W
)

[2026-03-11 11:16:04] Item hierarchy - Array
(
    [display_category] => SPIRITS
    [ml_volume] => 180
)

[2026-03-11 11:16:04] Added to volume summary - Array
(
    [category] => SPIRITS
    [volume] => 180 ML
    [new_total] => 10475
)

[2026-03-11 11:16:04] Processing item - Array
(
    [code] => SCMBR0037366
    [current_stock] => 48
    [class_code_new] => CLS008
    [class] => M
)

[2026-03-11 11:16:04] Item hierarchy - Array
(
    [display_category] => MILD BEER
    [ml_volume] => 330
)

[2026-03-11 11:16:04] Added to volume summary - Array
(
    [category] => MILD BEER
    [volume] => 330 ML
    [new_total] => 548
)

[2026-03-11 11:16:04] Processing item - Array
(
    [code] => SCMBR0018161
    [current_stock] => 130
    [class_code_new] => CLS007
    [class] => F
)

[2026-03-11 11:16:04] Item hierarchy - Array
(
    [display_category] => FERMENTED BEER
    [ml_volume] => 330
)

[2026-03-11 11:16:04] Added to volume summary - Array
(
    [category] => FERMENTED BEER
    [volume] => 330 ML
    [new_total] => 1930
)

[2026-03-11 11:16:04] Processing item - Array
(
    [code] => SCMPL0010020
    [current_stock] => 1225
    [class_code_new] => CLS001
    [class] => K
)

[2026-03-11 11:16:04] Item hierarchy - Array
(
    [display_category] => SPIRITS
    [ml_volume] => 180
)

[2026-03-11 11:16:04] Added to volume summary - Array
(
    [category] => SPIRITS
    [volume] => 180 ML
    [new_total] => 11700
)

[2026-03-11 11:16:04] Final volume summary - Array
(
    [SPIRITS] => Array
        (
            [50 ML] => 0
            [60 ML] => 0
            [90 ML] => 8100
            [170 ML] => 0
            [180 ML] => 11700
            [200 ML] => 0
            [250 ML] => 0
            [275 ML] => 0
            [330 ML] => 0
            [355 ML] => 0
            [375 ML] => 130
            [500 ML] => 0
            [650 ML] => 0
            [700 ML] => 0
            [750 ML] => 80
            [1000 ML] => 82
            [1.5L] => 0
            [1.75L] => 0
            [2L] => 0
            [3L] => 0
            [4.5L] => 0
            [15L] => 0
            [20L] => 0
            [30L] => 0
            [50L] => 0
        )

    [WINE] => Array
        (
            [50 ML] => 0
            [60 ML] => 0
            [90 ML] => 0
            [170 ML] => 0
            [180 ML] => 0
            [200 ML] => 0
            [250 ML] => 0
            [275 ML] => 0
            [330 ML] => 0
            [355 ML] => 0
            [375 ML] => 130
            [500 ML] => 0
            [650 ML] => 0
            [700 ML] => 0
            [750 ML] => 0
            [1000 ML] => 0
            [1.5L] => 0
            [1.75L] => 0
            [2L] => 0
            [3L] => 0
            [4.5L] => 0
            [15L] => 0
            [20L] => 0
            [30L] => 0
            [50L] => 0
        )

    [FERMENTED BEER] => Array
        (
            [50 ML] => 0
            [60 ML] => 0
            [90 ML] => 0
            [170 ML] => 0
            [180 ML] => 0
            [200 ML] => 0
            [250 ML] => 0
            [275 ML] => 0
            [330 ML] => 1930
            [355 ML] => 0
            [375 ML] => 0
            [500 ML] => 0
            [650 ML] => 1630
            [700 ML] => 0
            [750 ML] => 0
            [1000 ML] => 0
            [1.5L] => 0
            [1.75L] => 0
            [2L] => 0
            [3L] => 0
            [4.5L] => 0
            [15L] => 0
            [20L] => 0
            [30L] => 0
            [50L] => 0
        )

    [MILD BEER] => Array
        (
            [50 ML] => 0
            [60 ML] => 0
            [90 ML] => 0
            [170 ML] => 0
            [180 ML] => 0
            [200 ML] => 0
            [250 ML] => 0
            [275 ML] => 0
            [330 ML] => 548
            [355 ML] => 0
            [375 ML] => 0
            [500 ML] => 0
            [650 ML] => 421
            [700 ML] => 0
            [750 ML] => 0
            [1000 ML] => 0
            [1.5L] => 0
            [1.75L] => 0
            [2L] => 0
            [3L] => 0
            [4.5L] => 0
            [15L] => 0
            [20L] => 0
            [30L] => 0
            [50L] => 0
        )

    [COUNTRY LIQUOR] => Array
        (
            [50 ML] => 0
            [60 ML] => 0
            [90 ML] => 0
            [170 ML] => 0
            [180 ML] => 0
            [200 ML] => 0
            [250 ML] => 0
            [275 ML] => 0
            [330 ML] => 0
            [355 ML] => 0
            [375 ML] => 0
            [500 ML] => 0
            [650 ML] => 0
            [700 ML] => 0
            [750 ML] => 0
            [1000 ML] => 0
            [1.5L] => 0
            [1.75L] => 0
            [2L] => 0
            [3L] => 0
            [4.5L] => 0
            [15L] => 0
            [20L] => 0
            [30L] => 0
            [50L] => 0
        )

    [OTHER] => Array
        (
            [50 ML] => 0
            [60 ML] => 0
            [90 ML] => 0
            [170 ML] => 0
            [180 ML] => 0
            [200 ML] => 0
            [250 ML] => 0
            [275 ML] => 0
            [330 ML] => 0
            [355 ML] => 0
            [375 ML] => 0
            [500 ML] => 0
            [650 ML] => 0
            [700 ML] => 0
            [750 ML] => 0
            [1000 ML] => 0
            [1.5L] => 0
            [1.75L] => 0
            [2L] => 0
            [3L] => 0
            [4.5L] => 0
            [15L] => 0
            [20L] => 0
            [30L] => 0
            [50L] => 0
        )

)

[2026-03-11 11:16:04] AJAX volume_summary returning with categories count: 6
[2026-03-11 12:41:32] Script started
[2026-03-11 12:41:32] Financial Year - Array
(
    [start] => 2021-04-01
    [end] => 2022-03-31
    [fin_year_id] => 3
)

[2026-03-11 12:41:32] Allowed classes - Array
(
    [0] => W
    [1] => V
    [2] => M
    [3] => F
    [4] => D
    [5] => K
    [6] => G
    [7] => R
)

[2026-03-11 12:41:32] Calling findFirstOpeningBatchDate with - Array
(
    [comp_id] => 5
    [mode] => F
    [fy_start] => 2021-04-01
    [fy_end] => 2022-03-31
    [allowed_classes] => Array
        (
            [0] => W
            [1] => V
            [2] => M
            [3] => F
            [4] => D
            [5] => K
            [6] => G
            [7] => R
        )

)

[2026-03-11 12:41:32] findFirstOpeningBatchDate called - Array
(
    [comp_id] => 5
    [mode] => F
    [fy_start] => 2021-04-01
    [fy_end] => 2022-03-31
    [allowed_classes] => Array
        (
            [0] => W
            [1] => V
            [2] => M
            [3] => F
            [4] => D
            [5] => K
            [6] => G
            [7] => R
        )

)

[2026-03-11 12:41:32] generateMonthsInRange: Date range - Array
(
    [start] => 2021-04-01
    [end] => 2022-03-01
)

[2026-03-11 12:41:32] generateMonthsInRange: Generated months - Array
(
    [count] => 12
    [months] => Array
        (
            [0] => 2021-04
            [1] => 2021-05
            [2] => 2021-06
            [3] => 2021-07
            [4] => 2021-08
            [5] => 2021-09
            [6] => 2021-10
            [7] => 2021-11
            [8] => 2021-12
            [9] => 2022-01
            [10] => 2022-02
            [11] => 2022-03
        )

)

[2026-03-11 12:41:32] Generated months - Array
(
    [months] => Array
        (
            [0] => 2021-04
            [1] => 2021-05
            [2] => 2021-06
            [3] => 2021-07
            [4] => 2021-08
            [5] => 2021-09
            [6] => 2021-10
            [7] => 2021-11
            [8] => 2021-12
            [9] => 2022-01
            [10] => 2022-02
            [11] => 2022-03
        )

)

[2026-03-11 12:41:32] Found opening balance in month - Array
(
    [month] => 2021-04
    [item_code] => SCMPL0009770
)

[2026-03-11 12:41:32] Found first batch date - Array
(
    [date] => 2021-04-01
    [month] => 2021-04
    [day] => 01
)

[2026-03-11 12:41:32] First batch data result - Array
(
    [date] => 2021-04-01
    [month] => 2021-04
    [day] => 01
    [day_num] => 1
)

[2026-03-11 12:41:32] First batch data - Array
(
    [date] => 2021-04-01
    [month] => 2021-04
    [day] => 01
    [day_num] => 1
)

[2026-03-11 12:41:32] generateMonthsInRange: Date range - Array
(
    [start] => 2021-04-01
    [end] => 2021-04-01
)

[2026-03-11 12:41:32] generateMonthsInRange: Generated months - Array
(
    [count] => 1
    [months] => Array
        (
            [0] => 2021-04
        )

)

[2026-03-11 12:41:32] Initial counts (first batch) - Array
(
    [total] => 82
    [with_stock] => 82
)

[2026-03-11 12:41:32] Script completed, rendering page
[2026-03-11 12:41:32] Script started
[2026-03-11 12:41:32] Financial Year - Array
(
    [start] => 2021-04-01
    [end] => 2022-03-31
    [fin_year_id] => 3
)

[2026-03-11 12:41:32] Allowed classes - Array
(
    [0] => W
    [1] => V
    [2] => M
    [3] => F
    [4] => D
    [5] => K
    [6] => G
    [7] => R
)

[2026-03-11 12:41:32] Calling findFirstOpeningBatchDate with - Array
(
    [comp_id] => 5
    [mode] => F
    [fy_start] => 2021-04-01
    [fy_end] => 2022-03-31
    [allowed_classes] => Array
        (
            [0] => W
            [1] => V
            [2] => M
            [3] => F
            [4] => D
            [5] => K
            [6] => G
            [7] => R
        )

)

[2026-03-11 12:41:32] findFirstOpeningBatchDate called - Array
(
    [comp_id] => 5
    [mode] => F
    [fy_start] => 2021-04-01
    [fy_end] => 2022-03-31
    [allowed_classes] => Array
        (
            [0] => W
            [1] => V
            [2] => M
            [3] => F
            [4] => D
            [5] => K
            [6] => G
            [7] => R
        )

)

[2026-03-11 12:41:32] generateMonthsInRange: Date range - Array
(
    [start] => 2021-04-01
    [end] => 2022-03-01
)

[2026-03-11 12:41:32] generateMonthsInRange: Generated months - Array
(
    [count] => 12
    [months] => Array
        (
            [0] => 2021-04
            [1] => 2021-05
            [2] => 2021-06
            [3] => 2021-07
            [4] => 2021-08
            [5] => 2021-09
            [6] => 2021-10
            [7] => 2021-11
            [8] => 2021-12
            [9] => 2022-01
            [10] => 2022-02
            [11] => 2022-03
        )

)

[2026-03-11 12:41:32] Generated months - Array
(
    [months] => Array
        (
            [0] => 2021-04
            [1] => 2021-05
            [2] => 2021-06
            [3] => 2021-07
            [4] => 2021-08
            [5] => 2021-09
            [6] => 2021-10
            [7] => 2021-11
            [8] => 2021-12
            [9] => 2022-01
            [10] => 2022-02
            [11] => 2022-03
        )

)

[2026-03-11 12:41:32] Found opening balance in month - Array
(
    [month] => 2021-04
    [item_code] => SCMPL0009770
)

[2026-03-11 12:41:32] Found first batch date - Array
(
    [date] => 2021-04-01
    [month] => 2021-04
    [day] => 01
)

[2026-03-11 12:41:32] First batch data result - Array
(
    [date] => 2021-04-01
    [month] => 2021-04
    [day] => 01
    [day_num] => 1
)

[2026-03-11 12:41:32] First batch data - Array
(
    [date] => 2021-04-01
    [month] => 2021-04
    [day] => 01
    [day_num] => 1
)

[2026-03-11 12:41:32] AJAX get_items called - Array
(
    [page] => 1
    [view] => with_stock
    [mode] => F
    [search] => 
    [first_batch_data] => Array
        (
            [date] => 2021-04-01
            [month] => 2021-04
            [day] => 01
            [day_num] => 1
        )

)

[2026-03-11 12:41:32] generateMonthsInRange: Date range - Array
(
    [start] => 2021-04-01
    [end] => 2021-04-01
)

[2026-03-11 12:41:32] generateMonthsInRange: Generated months - Array
(
    [count] => 1
    [months] => Array
        (
            [0] => 2021-04
        )

)

[2026-03-11 12:41:32] AJAX get_items count query result - Array
(
    [total] => 72
    [batch_month] => 2021-04
    [batch_day] => 01
)

[2026-03-11 12:41:33] AJAX get_items returning - Array
(
    [items_count] => 72
    [total] => 72
    [has_more] => 
)

[2026-03-11 12:41:36] Script started
[2026-03-11 12:41:36] Financial Year - Array
(
    [start] => 2021-04-01
    [end] => 2022-03-31
    [fin_year_id] => 3
)

[2026-03-11 12:41:36] Allowed classes - Array
(
    [0] => W
    [1] => V
    [2] => M
    [3] => F
    [4] => D
    [5] => K
    [6] => G
    [7] => R
)

[2026-03-11 12:41:36] Calling findFirstOpeningBatchDate with - Array
(
    [comp_id] => 5
    [mode] => F
    [fy_start] => 2021-04-01
    [fy_end] => 2022-03-31
    [allowed_classes] => Array
        (
            [0] => W
            [1] => V
            [2] => M
            [3] => F
            [4] => D
            [5] => K
            [6] => G
            [7] => R
        )

)

[2026-03-11 12:41:36] findFirstOpeningBatchDate called - Array
(
    [comp_id] => 5
    [mode] => F
    [fy_start] => 2021-04-01
    [fy_end] => 2022-03-31
    [allowed_classes] => Array
        (
            [0] => W
            [1] => V
            [2] => M
            [3] => F
            [4] => D
            [5] => K
            [6] => G
            [7] => R
        )

)

[2026-03-11 12:41:36] generateMonthsInRange: Date range - Array
(
    [start] => 2021-04-01
    [end] => 2022-03-01
)

[2026-03-11 12:41:36] generateMonthsInRange: Generated months - Array
(
    [count] => 12
    [months] => Array
        (
            [0] => 2021-04
            [1] => 2021-05
            [2] => 2021-06
            [3] => 2021-07
            [4] => 2021-08
            [5] => 2021-09
            [6] => 2021-10
            [7] => 2021-11
            [8] => 2021-12
            [9] => 2022-01
            [10] => 2022-02
            [11] => 2022-03
        )

)

[2026-03-11 12:41:36] Generated months - Array
(
    [months] => Array
        (
            [0] => 2021-04
            [1] => 2021-05
            [2] => 2021-06
            [3] => 2021-07
            [4] => 2021-08
            [5] => 2021-09
            [6] => 2021-10
            [7] => 2021-11
            [8] => 2021-12
            [9] => 2022-01
            [10] => 2022-02
            [11] => 2022-03
        )

)

[2026-03-11 12:41:36] Found opening balance in month - Array
(
    [month] => 2021-04
    [item_code] => SCMPL0009770
)

[2026-03-11 12:41:36] Found first batch date - Array
(
    [date] => 2021-04-01
    [month] => 2021-04
    [day] => 01
)

[2026-03-11 12:41:36] First batch data result - Array
(
    [date] => 2021-04-01
    [month] => 2021-04
    [day] => 01
    [day_num] => 1
)

[2026-03-11 12:41:36] First batch data - Array
(
    [date] => 2021-04-01
    [month] => 2021-04
    [day] => 01
    [day_num] => 1
)

[2026-03-11 12:41:36] AJAX volume_summary called - Array
(
    [ajax] => volume_summary
    [mode] => F
    [t] => 1773229296358
)

[2026-03-11 12:41:36] Volume summary - checking table - Array
(
    [batch_table] => tbldailystock_5_04_21
    [batch_month] => 2021-04
)

[2026-03-11 12:41:36] getOpeningBalanceVolumeSummary called - Array
(
    [mode] => F
    [comp_id] => 5
    [allowed_classes] => Array
        (
            [0] => W
            [1] => V
            [2] => M
            [3] => F
            [4] => D
            [5] => K
            [6] => G
            [7] => R
        )

    [first_batch_data] => Array
        (
            [date] => 2021-04-01
            [month] => 2021-04
            [day] => 01
            [day_num] => 1
        )

)

[2026-03-11 12:41:36] Processing volume summary - Array
(
    [batch_month] => 2021-04
    [batch_day] => 01
    [batch_date] => 2021-04-01
    [batch_table] => tbldailystock_5_04_21
)

[2026-03-11 12:41:36] generateMonthsInRange: Date range - Array
(
    [start] => 2021-04-01
    [end] => 2021-04-01
)

[2026-03-11 12:41:36] generateMonthsInRange: Generated months - Array
(
    [count] => 1
    [months] => Array
        (
            [0] => 2021-04
        )

)

[2026-03-11 12:41:36] Volume summary query returned rows - Array
(
    [count] => 72
)

[2026-03-11 12:41:36] Processing item - Array
(
    [code] => SCMPL0009770
    [current_stock] => 500
    [class_code_new] => CLS001
    [class] => W
)

[2026-03-11 12:41:36] Item hierarchy - Array
(
    [display_category] => SPIRITS
    [ml_volume] => 180
)

[2026-03-11 12:41:36] Added to volume summary - Array
(
    [category] => SPIRITS
    [volume] => 180 ML
    [new_total] => 500
)

[2026-03-11 12:41:36] Processing item - Array
(
    [code] => SCMPL0010434
    [current_stock] => 500
    [class_code_new] => CLS001
    [class] => K
)

[2026-03-11 12:41:36] Item hierarchy - Array
(
    [display_category] => SPIRITS
    [ml_volume] => 180
)

[2026-03-11 12:41:36] Added to volume summary - Array
(
    [category] => SPIRITS
    [volume] => 180 ML
    [new_total] => 1000
)

[2026-03-11 12:41:36] Processing item - Array
(
    [code] => SCMPL0010447
    [current_stock] => 20
    [class_code_new] => CLS001
    [class] => W
)

[2026-03-11 12:41:36] Item hierarchy - Array
(
    [display_category] => SPIRITS
    [ml_volume] => 750
)

[2026-03-11 12:41:36] Added to volume summary - Array
(
    [category] => SPIRITS
    [volume] => 750 ML
    [new_total] => 20
)

[2026-03-11 12:41:36] Processing item - Array
(
    [code] => SCMPL0010612
    [current_stock] => 1000
    [class_code_new] => CLS001
    [class] => W
)

[2026-03-11 12:41:36] Item hierarchy - Array
(
    [display_category] => SPIRITS
    [ml_volume] => 90
)

[2026-03-11 12:41:36] Added to volume summary - Array
(
    [category] => SPIRITS
    [volume] => 90 ML
    [new_total] => 1000
)

[2026-03-11 12:41:36] Processing item - Array
(
    [code] => SCMPL0009942
    [current_stock] => 500
    [class_code_new] => CLS001
    [class] => W
)

[2026-03-11 12:41:36] Item hierarchy - Array
(
    [display_category] => SPIRITS
    [ml_volume] => 180
)

[2026-03-11 12:41:36] Added to volume summary - Array
(
    [category] => SPIRITS
    [volume] => 180 ML
    [new_total] => 1500
)

[2026-03-11 12:41:36] Processing item - Array
(
    [code] => SCMPL0010451
    [current_stock] => 500
    [class_code_new] => CLS001
    [class] => W
)

[2026-03-11 12:41:36] Item hierarchy - Array
(
    [display_category] => SPIRITS
    [ml_volume] => 180
)

[2026-03-11 12:41:36] Added to volume summary - Array
(
    [category] => SPIRITS
    [volume] => 180 ML
    [new_total] => 2000
)

[2026-03-11 12:41:36] Processing item - Array
(
    [code] => SCMBR0023264
    [current_stock] => 200
    [class_code_new] => CLS007
    [class] => F
)

[2026-03-11 12:41:36] Item hierarchy - Array
(
    [display_category] => FERMENTED BEER
    [ml_volume] => 650
)

[2026-03-11 12:41:36] Added to volume summary - Array
(
    [category] => FERMENTED BEER
    [volume] => 650 ML
    [new_total] => 200
)

[2026-03-11 12:41:36] Processing item - Array
(
    [code] => SCMKS0026879
    [current_stock] => 21
    [class_code_new] => CLS001
    [class] => W
)

[2026-03-11 12:41:36] Item hierarchy - Array
(
    [display_category] => SPIRITS
    [ml_volume] => 180
)

[2026-03-11 12:41:36] Added to volume summary - Array
(
    [category] => SPIRITS
    [volume] => 180 ML
    [new_total] => 2021
)

[2026-03-11 12:41:36] Processing item - Array
(
    [code] => SCMPL0010108
    [current_stock] => 10
    [class_code_new] => CLS001
    [class] => W
)

[2026-03-11 12:41:36] Item hierarchy - Array
(
    [display_category] => SPIRITS
    [ml_volume] => 750
)

[2026-03-11 12:41:36] Added to volume summary - Array
(
    [category] => SPIRITS
    [volume] => 750 ML
    [new_total] => 30
)

[2026-03-11 12:41:36] Processing item - Array
(
    [code] => SCMPL0010075
    [current_stock] => 700
    [class_code_new] => CLS001
    [class] => W
)

[2026-03-11 12:41:36] Item hierarchy - Array
(
    [display_category] => SPIRITS
    [ml_volume] => 90
)

[2026-03-11 12:41:36] Added to volume summary - Array
(
    [category] => SPIRITS
    [volume] => 90 ML
    [new_total] => 1700
)

[2026-03-11 12:41:36] Processing item - Array
(
    [code] => SCMPL0010076
    [current_stock] => 700
    [class_code_new] => CLS001
    [class] => W
)

[2026-03-11 12:41:36] Item hierarchy - Array
(
    [display_category] => SPIRITS
    [ml_volume] => 90
)

[2026-03-11 12:41:36] Added to volume summary - Array
(
    [category] => SPIRITS
    [volume] => 90 ML
    [new_total] => 2400
)

[2026-03-11 12:41:36] Processing item - Array
(
    [code] => SCMPL0010088
    [current_stock] => 264
    [class_code_new] => CLS001
    [class] => W
)

[2026-03-11 12:41:36] Item hierarchy - Array
(
    [display_category] => SPIRITS
    [ml_volume] => 180
)

[2026-03-11 12:41:36] Added to volume summary - Array
(
    [category] => SPIRITS
    [volume] => 180 ML
    [new_total] => 2285
)

[2026-03-11 12:41:36] Processing item - Array
(
    [code] => SCMPL0010701
    [current_stock] => 700
    [class_code_new] => CLS001
    [class] => W
)

[2026-03-11 12:41:36] Item hierarchy - Array
(
    [display_category] => SPIRITS
    [ml_volume] => 90
)

[2026-03-11 12:41:36] Added to volume summary - Array
(
    [category] => SPIRITS
    [volume] => 90 ML
    [new_total] => 3100
)

[2026-03-11 12:41:36] Processing item - Array
(
    [code] => SCMBR0018142
    [current_stock] => 300
    [class_code_new] => CLS007
    [class] => F
)

[2026-03-11 12:41:36] Item hierarchy - Array
(
    [display_category] => FERMENTED BEER
    [ml_volume] => 650
)

[2026-03-11 12:41:36] Added to volume summary - Array
(
    [category] => FERMENTED BEER
    [volume] => 650 ML
    [new_total] => 500
)

[2026-03-11 12:41:36] Processing item - Array
(
    [code] => SCMWN0019724
    [current_stock] => 130
    [class_code_new] => CLS004
    [class] => V
)

[2026-03-11 12:41:36] Item hierarchy - Array
(
    [display_category] => WINE
    [ml_volume] => 375
)

[2026-03-11 12:41:36] Added to volume summary - Array
(
    [category] => WINE
    [volume] => 375 ML
    [new_total] => 130
)

[2026-03-11 12:41:36] Processing item - Array
(
    [code] => SCMPL0010198
    [current_stock] => 384
    [class_code_new] => CLS001
    [class] => D
)

[2026-03-11 12:41:36] Item hierarchy - Array
(
    [display_category] => SPIRITS
    [ml_volume] => 180
)

[2026-03-11 12:41:36] Added to volume summary - Array
(
    [category] => SPIRITS
    [volume] => 180 ML
    [new_total] => 2669
)

[2026-03-11 12:41:36] Processing item - Array
(
    [code] => SCMPL0010445
    [current_stock] => 500
    [class_code_new] => CLS001
    [class] => W
)

[2026-03-11 12:41:36] Item hierarchy - Array
(
    [display_category] => SPIRITS
    [ml_volume] => 180
)

[2026-03-11 12:41:36] Added to volume summary - Array
(
    [category] => SPIRITS
    [volume] => 180 ML
    [new_total] => 3169
)

[2026-03-11 12:41:36] Processing item - Array
(
    [code] => SCMPL0010676
    [current_stock] => 30
    [class_code_new] => CLS001
    [class] => G
)

[2026-03-11 12:41:36] Item hierarchy - Array
(
    [display_category] => SPIRITS
    [ml_volume] => 375
)

[2026-03-11 12:41:36] Added to volume summary - Array
(
    [category] => SPIRITS
    [volume] => 375 ML
    [new_total] => 30
)

[2026-03-11 12:41:36] Processing item - Array
(
    [code] => SCMPL0010679
    [current_stock] => 1000
    [class_code_new] => CLS001
    [class] => G
)

[2026-03-11 12:41:36] Item hierarchy - Array
(
    [display_category] => SPIRITS
    [ml_volume] => 180
)

[2026-03-11 12:41:36] Added to volume summary - Array
(
    [category] => SPIRITS
    [volume] => 180 ML
    [new_total] => 4169
)

[2026-03-11 12:41:36] Processing item - Array
(
    [code] => SCMPL0028274
    [current_stock] => 500
    [class_code_new] => CLS001
    [class] => W
)

[2026-03-11 12:41:36] Item hierarchy - Array
(
    [display_category] => SPIRITS
    [ml_volume] => 90
)

[2026-03-11 12:41:36] Added to volume summary - Array
(
    [category] => SPIRITS
    [volume] => 90 ML
    [new_total] => 3600
)

[2026-03-11 12:41:36] Processing item - Array
(
    [code] => SCMPL0010087
    [current_stock] => 1200
    [class_code_new] => CLS001
    [class] => W
)

[2026-03-11 12:41:36] Item hierarchy - Array
(
    [display_category] => SPIRITS
    [ml_volume] => 180
)

[2026-03-11 12:41:36] Added to volume summary - Array
(
    [category] => SPIRITS
    [volume] => 180 ML
    [new_total] => 5369
)

[2026-03-11 12:41:36] Processing item - Array
(
    [code] => SCMPL0012499
    [current_stock] => 15
    [class_code_new] => CLS001
    [class] => W
)

[2026-03-11 12:41:36] Item hierarchy - Array
(
    [display_category] => SPIRITS
    [ml_volume] => 1000
)

[2026-03-11 12:41:36] Added to volume summary - Array
(
    [category] => SPIRITS
    [volume] => 1000 ML
    [new_total] => 15
)

[2026-03-11 12:41:36] Processing item - Array
(
    [code] => SCMPL0009936
    [current_stock] => 500
    [class_code_new] => CLS001
    [class] => K
)

[2026-03-11 12:41:36] Item hierarchy - Array
(
    [display_category] => SPIRITS
    [ml_volume] => 180
)

[2026-03-11 12:41:36] Added to volume summary - Array
(
    [category] => SPIRITS
    [volume] => 180 ML
    [new_total] => 5869
)

[2026-03-11 12:41:36] Processing item - Array
(
    [code] => SCMPL0010056
    [current_stock] => 500
    [class_code_new] => CLS001
    [class] => W
)

[2026-03-11 12:41:36] Item hierarchy - Array
(
    [display_category] => SPIRITS
    [ml_volume] => 180
)

[2026-03-11 12:41:36] Added to volume summary - Array
(
    [category] => SPIRITS
    [volume] => 180 ML
    [new_total] => 6369
)

[2026-03-11 12:41:36] Processing item - Array
(
    [code] => SCMPL0022280
    [current_stock] => 32
    [class_code_new] => CLS001
    [class] => W
)

[2026-03-11 12:41:36] Item hierarchy - Array
(
    [display_category] => SPIRITS
    [ml_volume] => 1000
)

[2026-03-11 12:41:36] Added to volume summary - Array
(
    [category] => SPIRITS
    [volume] => 1000 ML
    [new_total] => 47
)

[2026-03-11 12:41:36] Processing item - Array
(
    [code] => SCMPL0028356
    [current_stock] => 50
    [class_code_new] => CLS001
    [class] => W
)

[2026-03-11 12:41:36] Item hierarchy - Array
(
    [display_category] => SPIRITS
    [ml_volume] => 375
)

[2026-03-11 12:41:36] Added to volume summary - Array
(
    [category] => SPIRITS
    [volume] => 375 ML
    [new_total] => 80
)

[2026-03-11 12:41:36] Processing item - Array
(
    [code] => SCMPL0010677
    [current_stock] => 10
    [class_code_new] => CLS001
    [class] => G
)

[2026-03-11 12:41:36] Item hierarchy - Array
(
    [display_category] => SPIRITS
    [ml_volume] => 750
)

[2026-03-11 12:41:36] Added to volume summary - Array
(
    [category] => SPIRITS
    [volume] => 750 ML
    [new_total] => 40
)

[2026-03-11 12:41:36] Processing item - Array
(
    [code] => SCMPL0010234
    [current_stock] => 240
    [class_code_new] => CLS001
    [class] => R
)

[2026-03-11 12:41:36] Item hierarchy - Array
(
    [display_category] => SPIRITS
    [ml_volume] => 180
)

[2026-03-11 12:41:36] Added to volume summary - Array
(
    [category] => SPIRITS
    [volume] => 180 ML
    [new_total] => 6609
)

[2026-03-11 12:41:36] Processing item - Array
(
    [code] => SCMBR0009847
    [current_stock] => 500
    [class_code_new] => CLS007
    [class] => F
)

[2026-03-11 12:41:36] Item hierarchy - Array
(
    [display_category] => FERMENTED BEER
    [ml_volume] => 330
)

[2026-03-11 12:41:36] Added to volume summary - Array
(
    [category] => FERMENTED BEER
    [volume] => 330 ML
    [new_total] => 500
)

[2026-03-11 12:41:36] Processing item - Array
(
    [code] => SCMPL0010453
    [current_stock] => 30
    [class_code_new] => CLS001
    [class] => W
)

[2026-03-11 12:41:36] Item hierarchy - Array
(
    [display_category] => SPIRITS
    [ml_volume] => 750
)

[2026-03-11 12:41:36] Added to volume summary - Array
(
    [category] => SPIRITS
    [volume] => 750 ML
    [new_total] => 70
)

[2026-03-11 12:41:36] Processing item - Array
(
    [code] => SCMPL0010450
    [current_stock] => 200
    [class_code_new] => CLS001
    [class] => W
)

[2026-03-11 12:41:36] Item hierarchy - Array
(
    [display_category] => SPIRITS
    [ml_volume] => 90
)

[2026-03-11 12:41:36] Added to volume summary - Array
(
    [category] => SPIRITS
    [volume] => 90 ML
    [new_total] => 3800
)

[2026-03-11 12:41:36] Processing item - Array
(
    [code] => SCMPL0009894
    [current_stock] => 100
    [class_code_new] => CLS001
    [class] => W
)

[2026-03-11 12:41:36] Item hierarchy - Array
(
    [display_category] => SPIRITS
    [ml_volume] => 180
)

[2026-03-11 12:41:36] Added to volume summary - Array
(
    [category] => SPIRITS
    [volume] => 180 ML
    [new_total] => 6709
)

[2026-03-11 12:41:36] Processing item - Array
(
    [code] => SCMPL0028275
    [current_stock] => 500
    [class_code_new] => CLS001
    [class] => W
)

[2026-03-11 12:41:36] Item hierarchy - Array
(
    [display_category] => SPIRITS
    [ml_volume] => 180
)

[2026-03-11 12:41:36] Added to volume summary - Array
(
    [category] => SPIRITS
    [volume] => 180 ML
    [new_total] => 7209
)

[2026-03-11 12:41:36] Processing item - Array
(
    [code] => SCMBR0021532
    [current_stock] => 300
    [class_code_new] => CLS007
    [class] => F
)

[2026-03-11 12:41:36] Item hierarchy - Array
(
    [display_category] => FERMENTED BEER
    [ml_volume] => 650
)

[2026-03-11 12:41:36] Added to volume summary - Array
(
    [category] => FERMENTED BEER
    [volume] => 650 ML
    [new_total] => 800
)

[2026-03-11 12:41:36] Processing item - Array
(
    [code] => SCMPL0009668
    [current_stock] => 60
    [class_code_new] => CLS001
    [class] => W
)

[2026-03-11 12:41:36] Item hierarchy - Array
(
    [display_category] => SPIRITS
    [ml_volume] => 180
)

[2026-03-11 12:41:36] Added to volume summary - Array
(
    [category] => SPIRITS
    [volume] => 180 ML
    [new_total] => 7269
)

[2026-03-11 12:41:36] Processing item - Array
(
    [code] => SCMPL0009688
    [current_stock] => 50
    [class_code_new] => CLS001
    [class] => W
)

[2026-03-11 12:41:36] Item hierarchy - Array
(
    [display_category] => SPIRITS
    [ml_volume] => 375
)

[2026-03-11 12:41:36] Added to volume summary - Array
(
    [category] => SPIRITS
    [volume] => 375 ML
    [new_total] => 130
)

[2026-03-11 12:41:36] Processing item - Array
(
    [code] => SCMPL0022277
    [current_stock] => 500
    [class_code_new] => CLS001
    [class] => W
)

[2026-03-11 12:41:36] Item hierarchy - Array
(
    [display_category] => SPIRITS
    [ml_volume] => 180
)

[2026-03-11 12:41:36] Added to volume summary - Array
(
    [category] => SPIRITS
    [volume] => 180 ML
    [new_total] => 7769
)

[2026-03-11 12:41:36] Processing item - Array
(
    [code] => SCMPL0018737
    [current_stock] => 500
    [class_code_new] => CLS001
    [class] => W
)

[2026-03-11 12:41:36] Item hierarchy - Array
(
    [display_category] => SPIRITS
    [ml_volume] => 90
)

[2026-03-11 12:41:36] Added to volume summary - Array
(
    [category] => SPIRITS
    [volume] => 90 ML
    [new_total] => 4300
)

[2026-03-11 12:41:36] Processing item - Array
(
    [code] => SCMKS0026878
    [current_stock] => 50
    [class_code_new] => CLS001
    [class] => W
)

[2026-03-11 12:41:36] Item hierarchy - Array
(
    [display_category] => SPIRITS
    [ml_volume] => 180
)

[2026-03-11 12:41:36] Added to volume summary - Array
(
    [category] => SPIRITS
    [volume] => 180 ML
    [new_total] => 7819
)

[2026-03-11 12:41:36] Processing item - Array
(
    [code] => SCMPL0009775
    [current_stock] => 500
    [class_code_new] => CLS001
    [class] => D
)

[2026-03-11 12:41:36] Item hierarchy - Array
(
    [display_category] => SPIRITS
    [ml_volume] => 180
)

[2026-03-11 12:41:36] Added to volume summary - Array
(
    [category] => SPIRITS
    [volume] => 180 ML
    [new_total] => 8319
)

[2026-03-11 12:41:36] Processing item - Array
(
    [code] => SCMPL0010678
    [current_stock] => 1500
    [class_code_new] => CLS001
    [class] => W
)

[2026-03-11 12:41:36] Item hierarchy - Array
(
    [display_category] => SPIRITS
    [ml_volume] => 90
)

[2026-03-11 12:41:36] Added to volume summary - Array
(
    [category] => SPIRITS
    [volume] => 90 ML
    [new_total] => 5800
)

[2026-03-11 12:41:36] Processing item - Array
(
    [code] => SCMBR0018137
    [current_stock] => 300
    [class_code_new] => CLS007
    [class] => F
)

[2026-03-11 12:41:36] Item hierarchy - Array
(
    [display_category] => FERMENTED BEER
    [ml_volume] => 330
)

[2026-03-11 12:41:36] Added to volume summary - Array
(
    [category] => FERMENTED BEER
    [volume] => 330 ML
    [new_total] => 800
)

[2026-03-11 12:41:36] Processing item - Array
(
    [code] => SCMKB0031391
    [current_stock] => 500
    [class_code_new] => CLS008
    [class] => M
)

[2026-03-11 12:41:36] Item hierarchy - Array
(
    [display_category] => MILD BEER
    [ml_volume] => 330
)

[2026-03-11 12:41:36] Added to volume summary - Array
(
    [category] => MILD BEER
    [volume] => 330 ML
    [new_total] => 500
)

[2026-03-11 12:41:36] Processing item - Array
(
    [code] => SCMBR0027089
    [current_stock] => 300
    [class_code_new] => CLS008
    [class] => M
)

[2026-03-11 12:41:36] Item hierarchy - Array
(
    [display_category] => MILD BEER
    [ml_volume] => 650
)

[2026-03-11 12:41:36] Added to volume summary - Array
(
    [category] => MILD BEER
    [volume] => 650 ML
    [new_total] => 300
)

[2026-03-11 12:41:36] Processing item - Array
(
    [code] => SCMBR0018132
    [current_stock] => 121
    [class_code_new] => CLS008
    [class] => M
)

[2026-03-11 12:41:36] Item hierarchy - Array
(
    [display_category] => MILD BEER
    [ml_volume] => 650
)

[2026-03-11 12:41:36] Added to volume summary - Array
(
    [category] => MILD BEER
    [volume] => 650 ML
    [new_total] => 421
)

[2026-03-11 12:41:36] Processing item - Array
(
    [code] => SCMBR0018158
    [current_stock] => 500
    [class_code_new] => CLS007
    [class] => F
)

[2026-03-11 12:41:36] Item hierarchy - Array
(
    [display_category] => FERMENTED BEER
    [ml_volume] => 330
)

[2026-03-11 12:41:36] Added to volume summary - Array
(
    [category] => FERMENTED BEER
    [volume] => 330 ML
    [new_total] => 1300
)

[2026-03-11 12:41:36] Processing item - Array
(
    [code] => SCMBR0023258
    [current_stock] => 500
    [class_code_new] => CLS007
    [class] => F
)

[2026-03-11 12:41:36] Item hierarchy - Array
(
    [display_category] => FERMENTED BEER
    [ml_volume] => 650
)

[2026-03-11 12:41:36] Added to volume summary - Array
(
    [category] => FERMENTED BEER
    [volume] => 650 ML
    [new_total] => 1300
)

[2026-03-11 12:41:36] Processing item - Array
(
    [code] => SCMPL0018648
    [current_stock] => 200
    [class_code_new] => CLS001
    [class] => K
)

[2026-03-11 12:41:36] Item hierarchy - Array
(
    [display_category] => SPIRITS
    [ml_volume] => 180
)

[2026-03-11 12:41:36] Added to volume summary - Array
(
    [category] => SPIRITS
    [volume] => 180 ML
    [new_total] => 8519
)

[2026-03-11 12:41:36] Processing item - Array
(
    [code] => SCMPL0033624
    [current_stock] => 500
    [class_code_new] => CLS001
    [class] => K
)

[2026-03-11 12:41:36] Item hierarchy - Array
(
    [display_category] => SPIRITS
    [ml_volume] => 90
)

[2026-03-11 12:41:36] Added to volume summary - Array
(
    [category] => SPIRITS
    [volume] => 90 ML
    [new_total] => 6300
)

[2026-03-11 12:41:36] Processing item - Array
(
    [code] => SCMPL0011438
    [current_stock] => 96
    [class_code_new] => CLS001
    [class] => K
)

[2026-03-11 12:41:36] Item hierarchy - Array
(
    [display_category] => SPIRITS
    [ml_volume] => 180
)

[2026-03-11 12:41:36] Added to volume summary - Array
(
    [category] => SPIRITS
    [volume] => 180 ML
    [new_total] => 8615
)

[2026-03-11 12:41:36] Processing item - Array
(
    [code] => SCMPL0011418
    [current_stock] => 240
    [class_code_new] => CLS001
    [class] => K
)

[2026-03-11 12:41:36] Item hierarchy - Array
(
    [display_category] => SPIRITS
    [ml_volume] => 180
)

[2026-03-11 12:41:36] Added to volume summary - Array
(
    [category] => SPIRITS
    [volume] => 180 ML
    [new_total] => 8855
)

[2026-03-11 12:41:36] Processing item - Array
(
    [code] => SCMBR0018635
    [current_stock] => 200
    [class_code_new] => CLS007
    [class] => F
)

[2026-03-11 12:41:36] Item hierarchy - Array
(
    [display_category] => FERMENTED BEER
    [ml_volume] => 650
)

[2026-03-11 12:41:36] Added to volume summary - Array
(
    [category] => FERMENTED BEER
    [volume] => 650 ML
    [new_total] => 1500
)

[2026-03-11 12:41:36] Processing item - Array
(
    [code] => SCMBR0029429
    [current_stock] => 500
    [class_code_new] => CLS007
    [class] => F
)

[2026-03-11 12:41:36] Item hierarchy - Array
(
    [display_category] => FERMENTED BEER
    [ml_volume] => 330
)

[2026-03-11 12:41:36] Added to volume summary - Array
(
    [category] => FERMENTED BEER
    [volume] => 330 ML
    [new_total] => 1800
)

[2026-03-11 12:41:36] Processing item - Array
(
    [code] => SCMBR0029431
    [current_stock] => 130
    [class_code_new] => CLS007
    [class] => F
)

[2026-03-11 12:41:36] Item hierarchy - Array
(
    [display_category] => FERMENTED BEER
    [ml_volume] => 650
)

[2026-03-11 12:41:36] Added to volume summary - Array
(
    [category] => FERMENTED BEER
    [volume] => 650 ML
    [new_total] => 1630
)

[2026-03-11 12:41:36] Processing item - Array
(
    [code] => SCMPL0010541
    [current_stock] => 400
    [class_code_new] => CLS001
    [class] => D
)

[2026-03-11 12:41:36] Item hierarchy - Array
(
    [display_category] => SPIRITS
    [ml_volume] => 180
)

[2026-03-11 12:41:36] Added to volume summary - Array
(
    [category] => SPIRITS
    [volume] => 180 ML
    [new_total] => 9255
)

[2026-03-11 12:41:36] Processing item - Array
(
    [code] => SCMPL0040482
    [current_stock] => 300
    [class_code_new] => CLS001
    [class] => W
)

[2026-03-11 12:41:36] Item hierarchy - Array
(
    [display_category] => SPIRITS
    [ml_volume] => 90
)

[2026-03-11 12:41:36] Added to volume summary - Array
(
    [category] => SPIRITS
    [volume] => 90 ML
    [new_total] => 6600
)

[2026-03-11 12:41:36] Processing item - Array
(
    [code] => SCMPL0009899
    [current_stock] => 500
    [class_code_new] => CLS001
    [class] => R
)

[2026-03-11 12:41:36] Item hierarchy - Array
(
    [display_category] => SPIRITS
    [ml_volume] => 90
)

[2026-03-11 12:41:36] Added to volume summary - Array
(
    [category] => SPIRITS
    [volume] => 90 ML
    [new_total] => 7100
)

[2026-03-11 12:41:36] Processing item - Array
(
    [code] => SCMPL0009902
    [current_stock] => 10
    [class_code_new] => CLS001
    [class] => R
)

[2026-03-11 12:41:36] Item hierarchy - Array
(
    [display_category] => SPIRITS
    [ml_volume] => 750
)

[2026-03-11 12:41:36] Added to volume summary - Array
(
    [category] => SPIRITS
    [volume] => 750 ML
    [new_total] => 80
)

[2026-03-11 12:41:36] Processing item - Array
(
    [code] => SCMPL0009903
    [current_stock] => 20
    [class_code_new] => CLS001
    [class] => R
)

[2026-03-11 12:41:36] Item hierarchy - Array
(
    [display_category] => SPIRITS
    [ml_volume] => 1000
)

[2026-03-11 12:41:36] Added to volume summary - Array
(
    [category] => SPIRITS
    [volume] => 1000 ML
    [new_total] => 67
)

[2026-03-11 12:41:36] Processing item - Array
(
    [code] => SCMPL0011581
    [current_stock] => 15
    [class_code_new] => CLS001
    [class] => W
)

[2026-03-11 12:41:36] Item hierarchy - Array
(
    [display_category] => SPIRITS
    [ml_volume] => 1000
)

[2026-03-11 12:41:36] Added to volume summary - Array
(
    [category] => SPIRITS
    [volume] => 1000 ML
    [new_total] => 82
)

[2026-03-11 12:41:36] Processing item - Array
(
    [code] => SCMPL0035367
    [current_stock] => 500
    [class_code_new] => CLS001
    [class] => K
)

[2026-03-11 12:41:36] Item hierarchy - Array
(
    [display_category] => SPIRITS
    [ml_volume] => 90
)

[2026-03-11 12:41:36] Added to volume summary - Array
(
    [category] => SPIRITS
    [volume] => 90 ML
    [new_total] => 7600
)

[2026-03-11 12:41:36] Processing item - Array
(
    [code] => SCMPL0036711
    [current_stock] => 500
    [class_code_new] => CLS001
    [class] => W
)

[2026-03-11 12:41:36] Item hierarchy - Array
(
    [display_category] => SPIRITS
    [ml_volume] => 90
)

[2026-03-11 12:41:36] Added to volume summary - Array
(
    [category] => SPIRITS
    [volume] => 90 ML
    [new_total] => 8100
)

[2026-03-11 12:41:36] Processing item - Array
(
    [code] => SCMPL0010702
    [current_stock] => 100
    [class_code_new] => CLS001
    [class] => W
)

[2026-03-11 12:41:36] Item hierarchy - Array
(
    [display_category] => SPIRITS
    [ml_volume] => 180
)

[2026-03-11 12:41:36] Added to volume summary - Array
(
    [category] => SPIRITS
    [volume] => 180 ML
    [new_total] => 9355
)

[2026-03-11 12:41:36] Processing item - Array
(
    [code] => SCMPL0029933
    [current_stock] => 6
    [class_code_new] => CLS001
    [class] => W
)

[2026-03-11 12:41:36] Item hierarchy - Array
(
    [display_category] => SPIRITS
    [ml_volume] => 180
)

[2026-03-11 12:41:36] Added to volume summary - Array
(
    [category] => SPIRITS
    [volume] => 180 ML
    [new_total] => 9361
)

[2026-03-11 12:41:36] Processing item - Array
(
    [code] => SCMPL0029928
    [current_stock] => 12
    [class_code_new] => CLS001
    [class] => W
)

[2026-03-11 12:41:36] Item hierarchy - Array
(
    [display_category] => SPIRITS
    [ml_volume] => 180
)

[2026-03-11 12:41:36] Added to volume summary - Array
(
    [category] => SPIRITS
    [volume] => 180 ML
    [new_total] => 9373
)

[2026-03-11 12:41:36] Processing item - Array
(
    [code] => SCMPL0010360
    [current_stock] => 24
    [class_code_new] => CLS001
    [class] => K
)

[2026-03-11 12:41:36] Item hierarchy - Array
(
    [display_category] => SPIRITS
    [ml_volume] => 180
)

[2026-03-11 12:41:36] Added to volume summary - Array
(
    [category] => SPIRITS
    [volume] => 180 ML
    [new_total] => 9397
)

[2026-03-11 12:41:36] Processing item - Array
(
    [code] => SCMPL0009968
    [current_stock] => 530
    [class_code_new] => CLS001
    [class] => K
)

[2026-03-11 12:41:36] Item hierarchy - Array
(
    [display_category] => SPIRITS
    [ml_volume] => 180
)

[2026-03-11 12:41:36] Added to volume summary - Array
(
    [category] => SPIRITS
    [volume] => 180 ML
    [new_total] => 9927
)

[2026-03-11 12:41:36] Processing item - Array
(
    [code] => SCMPL0009977
    [current_stock] => 542
    [class_code_new] => CLS001
    [class] => K
)

[2026-03-11 12:41:36] Item hierarchy - Array
(
    [display_category] => SPIRITS
    [ml_volume] => 180
)

[2026-03-11 12:41:36] Added to volume summary - Array
(
    [category] => SPIRITS
    [volume] => 180 ML
    [new_total] => 10469
)

[2026-03-11 12:41:36] Processing item - Array
(
    [code] => SCMKS0018253
    [current_stock] => 6
    [class_code_new] => CLS001
    [class] => W
)

[2026-03-11 12:41:36] Item hierarchy - Array
(
    [display_category] => SPIRITS
    [ml_volume] => 180
)

[2026-03-11 12:41:36] Added to volume summary - Array
(
    [category] => SPIRITS
    [volume] => 180 ML
    [new_total] => 10475
)

[2026-03-11 12:41:36] Processing item - Array
(
    [code] => SCMBR0037366
    [current_stock] => 48
    [class_code_new] => CLS008
    [class] => M
)

[2026-03-11 12:41:36] Item hierarchy - Array
(
    [display_category] => MILD BEER
    [ml_volume] => 330
)

[2026-03-11 12:41:36] Added to volume summary - Array
(
    [category] => MILD BEER
    [volume] => 330 ML
    [new_total] => 548
)

[2026-03-11 12:41:36] Processing item - Array
(
    [code] => SCMBR0018161
    [current_stock] => 130
    [class_code_new] => CLS007
    [class] => F
)

[2026-03-11 12:41:36] Item hierarchy - Array
(
    [display_category] => FERMENTED BEER
    [ml_volume] => 330
)

[2026-03-11 12:41:36] Added to volume summary - Array
(
    [category] => FERMENTED BEER
    [volume] => 330 ML
    [new_total] => 1930
)

[2026-03-11 12:41:36] Processing item - Array
(
    [code] => SCMPL0010020
    [current_stock] => 1225
    [class_code_new] => CLS001
    [class] => K
)

[2026-03-11 12:41:36] Item hierarchy - Array
(
    [display_category] => SPIRITS
    [ml_volume] => 180
)

[2026-03-11 12:41:36] Added to volume summary - Array
(
    [category] => SPIRITS
    [volume] => 180 ML
    [new_total] => 11700
)

[2026-03-11 12:41:36] Final volume summary - Array
(
    [SPIRITS] => Array
        (
            [50 ML] => 0
            [60 ML] => 0
            [90 ML] => 8100
            [170 ML] => 0
            [180 ML] => 11700
            [200 ML] => 0
            [250 ML] => 0
            [275 ML] => 0
            [330 ML] => 0
            [355 ML] => 0
            [375 ML] => 130
            [500 ML] => 0
            [650 ML] => 0
            [700 ML] => 0
            [750 ML] => 80
            [1000 ML] => 82
            [1.5L] => 0
            [1.75L] => 0
            [2L] => 0
            [3L] => 0
            [4.5L] => 0
            [15L] => 0
            [20L] => 0
            [30L] => 0
            [50L] => 0
        )

    [WINE] => Array
        (
            [50 ML] => 0
            [60 ML] => 0
            [90 ML] => 0
            [170 ML] => 0
            [180 ML] => 0
            [200 ML] => 0
            [250 ML] => 0
            [275 ML] => 0
            [330 ML] => 0
            [355 ML] => 0
            [375 ML] => 130
            [500 ML] => 0
            [650 ML] => 0
            [700 ML] => 0
            [750 ML] => 0
            [1000 ML] => 0
            [1.5L] => 0
            [1.75L] => 0
            [2L] => 0
            [3L] => 0
            [4.5L] => 0
            [15L] => 0
            [20L] => 0
            [30L] => 0
            [50L] => 0
        )

    [FERMENTED BEER] => Array
        (
            [50 ML] => 0
            [60 ML] => 0
            [90 ML] => 0
            [170 ML] => 0
            [180 ML] => 0
            [200 ML] => 0
            [250 ML] => 0
            [275 ML] => 0
            [330 ML] => 1930
            [355 ML] => 0
            [375 ML] => 0
            [500 ML] => 0
            [650 ML] => 1630
            [700 ML] => 0
            [750 ML] => 0
            [1000 ML] => 0
            [1.5L] => 0
            [1.75L] => 0
            [2L] => 0
            [3L] => 0
            [4.5L] => 0
            [15L] => 0
            [20L] => 0
            [30L] => 0
            [50L] => 0
        )

    [MILD BEER] => Array
        (
            [50 ML] => 0
            [60 ML] => 0
            [90 ML] => 0
            [170 ML] => 0
            [180 ML] => 0
            [200 ML] => 0
            [250 ML] => 0
            [275 ML] => 0
            [330 ML] => 548
            [355 ML] => 0
            [375 ML] => 0
            [500 ML] => 0
            [650 ML] => 421
            [700 ML] => 0
            [750 ML] => 0
            [1000 ML] => 0
            [1.5L] => 0
            [1.75L] => 0
            [2L] => 0
            [3L] => 0
            [4.5L] => 0
            [15L] => 0
            [20L] => 0
            [30L] => 0
            [50L] => 0
        )

    [COUNTRY LIQUOR] => Array
        (
            [50 ML] => 0
            [60 ML] => 0
            [90 ML] => 0
            [170 ML] => 0
            [180 ML] => 0
            [200 ML] => 0
            [250 ML] => 0
            [275 ML] => 0
            [330 ML] => 0
            [355 ML] => 0
            [375 ML] => 0
            [500 ML] => 0
            [650 ML] => 0
            [700 ML] => 0
            [750 ML] => 0
            [1000 ML] => 0
            [1.5L] => 0
            [1.75L] => 0
            [2L] => 0
            [3L] => 0
            [4.5L] => 0
            [15L] => 0
            [20L] => 0
            [30L] => 0
            [50L] => 0
        )

    [OTHER] => Array
        (
            [50 ML] => 0
            [60 ML] => 0
            [90 ML] => 0
            [170 ML] => 0
            [180 ML] => 0
            [200 ML] => 0
            [250 ML] => 0
            [275 ML] => 0
            [330 ML] => 0
            [355 ML] => 0
            [375 ML] => 0
            [500 ML] => 0
            [650 ML] => 0
            [700 ML] => 0
            [750 ML] => 0
            [1000 ML] => 0
            [1.5L] => 0
            [1.75L] => 0
            [2L] => 0
            [3L] => 0
            [4.5L] => 0
            [15L] => 0
            [20L] => 0
            [30L] => 0
            [50L] => 0
        )

)

[2026-03-11 12:41:36] AJAX volume_summary returning with categories count: 6
[2026-03-11 12:44:45] Script started
[2026-03-11 12:44:45] Financial Year - Array
(
    [start] => 2021-04-01
    [end] => 2022-03-31
    [fin_year_id] => 3
)

[2026-03-11 12:44:45] Allowed classes - Array
(
    [0] => W
    [1] => V
    [2] => M
    [3] => F
    [4] => D
    [5] => K
    [6] => G
    [7] => R
)

[2026-03-11 12:44:45] Calling findFirstOpeningBatchDate with - Array
(
    [comp_id] => 5
    [mode] => F
    [fy_start] => 2021-04-01
    [fy_end] => 2022-03-31
    [allowed_classes] => Array
        (
            [0] => W
            [1] => V
            [2] => M
            [3] => F
            [4] => D
            [5] => K
            [6] => G
            [7] => R
        )

)

[2026-03-11 12:44:45] findFirstOpeningBatchDate called - Array
(
    [comp_id] => 5
    [mode] => F
    [fy_start] => 2021-04-01
    [fy_end] => 2022-03-31
    [allowed_classes] => Array
        (
            [0] => W
            [1] => V
            [2] => M
            [3] => F
            [4] => D
            [5] => K
            [6] => G
            [7] => R
        )

)

[2026-03-11 12:44:45] generateMonthsInRange: Date range - Array
(
    [start] => 2021-04-01
    [end] => 2022-03-01
)

[2026-03-11 12:44:45] generateMonthsInRange: Generated months - Array
(
    [count] => 12
    [months] => Array
        (
            [0] => 2021-04
            [1] => 2021-05
            [2] => 2021-06
            [3] => 2021-07
            [4] => 2021-08
            [5] => 2021-09
            [6] => 2021-10
            [7] => 2021-11
            [8] => 2021-12
            [9] => 2022-01
            [10] => 2022-02
            [11] => 2022-03
        )

)

[2026-03-11 12:44:45] Generated months - Array
(
    [months] => Array
        (
            [0] => 2021-04
            [1] => 2021-05
            [2] => 2021-06
            [3] => 2021-07
            [4] => 2021-08
            [5] => 2021-09
            [6] => 2021-10
            [7] => 2021-11
            [8] => 2021-12
            [9] => 2022-01
            [10] => 2022-02
            [11] => 2022-03
        )

)

[2026-03-11 12:44:45] Found opening balance in month - Array
(
    [month] => 2021-04
    [item_code] => SCMPL0009770
)

[2026-03-11 12:44:45] Found first batch date - Array
(
    [date] => 2021-04-01
    [month] => 2021-04
    [day] => 01
)

[2026-03-11 12:44:45] First batch data result - Array
(
    [date] => 2021-04-01
    [month] => 2021-04
    [day] => 01
    [day_num] => 1
)

[2026-03-11 12:44:45] First batch data - Array
(
    [date] => 2021-04-01
    [month] => 2021-04
    [day] => 01
    [day_num] => 1
)

[2026-03-11 12:44:45] generateMonthsInRange: Date range - Array
(
    [start] => 2021-04-01
    [end] => 2021-04-01
)

[2026-03-11 12:44:45] generateMonthsInRange: Generated months - Array
(
    [count] => 1
    [months] => Array
        (
            [0] => 2021-04
        )

)

[2026-03-11 12:44:46] Initial counts (first batch) - Array
(
    [total] => 82
    [with_stock] => 82
)

[2026-03-11 12:44:46] Script completed, rendering page
[2026-03-11 12:44:46] Script started
[2026-03-11 12:44:46] Financial Year - Array
(
    [start] => 2021-04-01
    [end] => 2022-03-31
    [fin_year_id] => 3
)

[2026-03-11 12:44:46] Allowed classes - Array
(
    [0] => W
    [1] => V
    [2] => M
    [3] => F
    [4] => D
    [5] => K
    [6] => G
    [7] => R
)

[2026-03-11 12:44:46] Calling findFirstOpeningBatchDate with - Array
(
    [comp_id] => 5
    [mode] => F
    [fy_start] => 2021-04-01
    [fy_end] => 2022-03-31
    [allowed_classes] => Array
        (
            [0] => W
            [1] => V
            [2] => M
            [3] => F
            [4] => D
            [5] => K
            [6] => G
            [7] => R
        )

)

[2026-03-11 12:44:46] findFirstOpeningBatchDate called - Array
(
    [comp_id] => 5
    [mode] => F
    [fy_start] => 2021-04-01
    [fy_end] => 2022-03-31
    [allowed_classes] => Array
        (
            [0] => W
            [1] => V
            [2] => M
            [3] => F
            [4] => D
            [5] => K
            [6] => G
            [7] => R
        )

)

[2026-03-11 12:44:46] generateMonthsInRange: Date range - Array
(
    [start] => 2021-04-01
    [end] => 2022-03-01
)

[2026-03-11 12:44:46] generateMonthsInRange: Generated months - Array
(
    [count] => 12
    [months] => Array
        (
            [0] => 2021-04
            [1] => 2021-05
            [2] => 2021-06
            [3] => 2021-07
            [4] => 2021-08
            [5] => 2021-09
            [6] => 2021-10
            [7] => 2021-11
            [8] => 2021-12
            [9] => 2022-01
            [10] => 2022-02
            [11] => 2022-03
        )

)

[2026-03-11 12:44:46] Generated months - Array
(
    [months] => Array
        (
            [0] => 2021-04
            [1] => 2021-05
            [2] => 2021-06
            [3] => 2021-07
            [4] => 2021-08
            [5] => 2021-09
            [6] => 2021-10
            [7] => 2021-11
            [8] => 2021-12
            [9] => 2022-01
            [10] => 2022-02
            [11] => 2022-03
        )

)

[2026-03-11 12:44:46] Found opening balance in month - Array
(
    [month] => 2021-04
    [item_code] => SCMPL0009770
)

[2026-03-11 12:44:46] Found first batch date - Array
(
    [date] => 2021-04-01
    [month] => 2021-04
    [day] => 01
)

[2026-03-11 12:44:46] First batch data result - Array
(
    [date] => 2021-04-01
    [month] => 2021-04
    [day] => 01
    [day_num] => 1
)

[2026-03-11 12:44:46] First batch data - Array
(
    [date] => 2021-04-01
    [month] => 2021-04
    [day] => 01
    [day_num] => 1
)

[2026-03-11 12:44:46] AJAX get_items called - Array
(
    [page] => 1
    [view] => with_stock
    [mode] => F
    [search] => 
    [first_batch_data] => Array
        (
            [date] => 2021-04-01
            [month] => 2021-04
            [day] => 01
            [day_num] => 1
        )

)

[2026-03-11 12:44:46] generateMonthsInRange: Date range - Array
(
    [start] => 2021-04-01
    [end] => 2021-04-01
)

[2026-03-11 12:44:46] generateMonthsInRange: Generated months - Array
(
    [count] => 1
    [months] => Array
        (
            [0] => 2021-04
        )

)

[2026-03-11 12:44:46] AJAX get_items count query result - Array
(
    [total] => 72
    [batch_month] => 2021-04
    [batch_day] => 01
)

[2026-03-11 12:44:46] AJAX get_items returning - Array
(
    [items_count] => 72
    [total] => 72
    [has_more] => 
)

[2026-03-11 12:44:54] Script started
[2026-03-11 12:44:54] Financial Year - Array
(
    [start] => 2021-04-01
    [end] => 2022-03-31
    [fin_year_id] => 3
)

[2026-03-11 12:44:54] Allowed classes - Array
(
    [0] => W
    [1] => V
    [2] => M
    [3] => F
    [4] => D
    [5] => K
    [6] => G
    [7] => R
)

[2026-03-11 12:44:54] Calling findFirstOpeningBatchDate with - Array
(
    [comp_id] => 5
    [mode] => F
    [fy_start] => 2021-04-01
    [fy_end] => 2022-03-31
    [allowed_classes] => Array
        (
            [0] => W
            [1] => V
            [2] => M
            [3] => F
            [4] => D
            [5] => K
            [6] => G
            [7] => R
        )

)

[2026-03-11 12:44:54] findFirstOpeningBatchDate called - Array
(
    [comp_id] => 5
    [mode] => F
    [fy_start] => 2021-04-01
    [fy_end] => 2022-03-31
    [allowed_classes] => Array
        (
            [0] => W
            [1] => V
            [2] => M
            [3] => F
            [4] => D
            [5] => K
            [6] => G
            [7] => R
        )

)

[2026-03-11 12:44:54] generateMonthsInRange: Date range - Array
(
    [start] => 2021-04-01
    [end] => 2022-03-01
)

[2026-03-11 12:44:54] generateMonthsInRange: Generated months - Array
(
    [count] => 12
    [months] => Array
        (
            [0] => 2021-04
            [1] => 2021-05
            [2] => 2021-06
            [3] => 2021-07
            [4] => 2021-08
            [5] => 2021-09
            [6] => 2021-10
            [7] => 2021-11
            [8] => 2021-12
            [9] => 2022-01
            [10] => 2022-02
            [11] => 2022-03
        )

)

[2026-03-11 12:44:54] Generated months - Array
(
    [months] => Array
        (
            [0] => 2021-04
            [1] => 2021-05
            [2] => 2021-06
            [3] => 2021-07
            [4] => 2021-08
            [5] => 2021-09
            [6] => 2021-10
            [7] => 2021-11
            [8] => 2021-12
            [9] => 2022-01
            [10] => 2022-02
            [11] => 2022-03
        )

)

[2026-03-11 12:44:54] Found opening balance in month - Array
(
    [month] => 2021-04
    [item_code] => SCMPL0009770
)

[2026-03-11 12:44:54] Found first batch date - Array
(
    [date] => 2021-04-01
    [month] => 2021-04
    [day] => 01
)

[2026-03-11 12:44:54] First batch data result - Array
(
    [date] => 2021-04-01
    [month] => 2021-04
    [day] => 01
    [day_num] => 1
)

[2026-03-11 12:44:54] First batch data - Array
(
    [date] => 2021-04-01
    [month] => 2021-04
    [day] => 01
    [day_num] => 1
)

[2026-03-11 12:44:54] Import started - Array
(
    [file] => opening_balance_Garava 01042021l.csv
)

[2026-03-11 12:44:54] Detected delimiter - Array
(
    [delimiter] => ,
)

[2026-03-11 12:44:54] Loaded valid items - Array
(
    [count] => 16160
)

[2026-03-11 12:44:54] ========== IMPORT DEBUG START ==========
[2026-03-11 12:44:54] CSV File: - Array
(
    [name] => opening_balance_Garava 01042021l.csv
    [size] => 4068
)

[2026-03-11 12:44:54] Start date for import: - Array
(
    [start_date] => 2021-04-01
)

[2026-03-11 12:44:54] Total rows in CSV: - Array
(
    [count] => 72
)

[2026-03-11 12:44:54] First 10 CSV items: - Array
(
    [0] => Array
        (
            [row] => 2
            [code] => SCMPL0028274
            [name] => 8 PM Special Whisky
            [size] => 90 ML (Pet)-100
            [balance] => 500
        )

    [1] => Array
        (
            [row] => 3
            [code] => SCMPL0028275
            [name] => 8 PM Special Whisky
            [size] => 180 ML
            [balance] => 500
        )

    [2] => Array
        (
            [row] => 4
            [code] => SCMPL0028356
            [name] => 8 PM Special Whisky
            [size] => 375 ML
            [balance] => 50
        )

    [3] => Array
        (
            [row] => 5
            [code] => SCMBR0021532
            [name] => Amstel Super Premium Strong beer
            [size] => 650 ML
            [balance] => 300
        )

    [4] => Array
        (
            [row] => 6
            [code] => SCMPL0009668
            [name] => Antiquity Blue Whisky
            [size] => 180 ML
            [balance] => 60
        )

    [5] => Array
        (
            [row] => 7
            [code] => SCMPL0009688
            [name] => BAGPIPER Deluxe WHISKY
            [size] => 375 ML
            [balance] => 50
        )

    [6] => Array
        (
            [row] => 8
            [code] => SCMPL0022277
            [name] => Bagpiper Gold Reserve Whisky
            [size] => 180 ML
            [balance] => 500
        )

    [7] => Array
        (
            [row] => 9
            [code] => SCMPL0022280
            [name] => Bagpiper Gold Reserve Whisky
            [size] => 1000 ML
            [balance] => 32
        )

    [8] => Array
        (
            [row] => 10
            [code] => SCMPL0018737
            [name] => Bagpiper Gold Whisky
            [size] => 90 ML-(96)
            [balance] => 500
        )

    [9] => Array
        (
            [row] => 11
            [code] => SCMKS0026878
            [name] => Black & White Blended Scotch Whisky(OS)
            [size] => 180 ML
            [balance] => 50
        )

)

[2026-03-11 12:44:54] ========== DATABASE ITEMS ==========
[2026-03-11 12:44:54] Valid items loaded from database: - Array
(
    [count] => 16160
)

[2026-03-11 12:44:54] Sample database items: - Array
(
    [SCMBR0009735] => Array
        (
            [code] => SCMBR0009735
            [details] => Budweiser Premium King of Beer
            [class] => M
            [class_code_new] => CLS008
            [size_code] => SIZE054
            [size_desc] => 330 ML
        )

    [SCMBR0009735|Budweiser Premium King of Beer|330 ML] => Array
        (
            [code] => SCMBR0009735
            [details] => Budweiser Premium King of Beer
            [class] => M
            [class_code_new] => CLS008
            [size_code] => SIZE054
            [size_desc] => 330 ML
        )

    [SCMBR0009735|Budweiser Premium King of Beer] => Array
        (
            [code] => SCMBR0009735
            [details] => Budweiser Premium King of Beer
            [class] => M
            [class_code_new] => CLS008
            [size_code] => SIZE054
            [size_desc] => 330 ML
        )

    [Budweiser Premium King of Beer] => Array
        (
            [code] => SCMBR0027104
            [details] => Budweiser Premium King of Beer
            [class] => M
            [class_code_new] => CLS008
            [size_code] => 
            [size_desc] => 
        )

    [SCMBR0009735|BUDWEISER PREMIUM KING OF BEER] => Array
        (
            [code] => SCMBR0009735
            [details] => Budweiser Premium King of Beer
            [class] => M
            [class_code_new] => CLS008
            [size_code] => SIZE054
            [size_desc] => 330 ML
        )

)

[2026-03-11 12:44:54] ========== DAILY STOCK TABLE CHECK ==========
[2026-03-11 12:44:54] Daily stock table exists: - Array
(
    [table] => tbldailystock_5
    [exists] => 1
)

[2026-03-11 12:44:54] Existing items in daily stock for current month: - Array
(
    [month] => 2026-03
    [count] => 2
    [items] => Array
        (
            [0] => Array
                (
                    [ITEM_CODE] => SCMBR0028773
                    [STK_MONTH] => 2026-03
                )

            [1] => Array
                (
                    [ITEM_CODE] => SCMPL0012597
                    [STK_MONTH] => 2026-03
                )

        )

)

[2026-03-11 12:44:54] Import processed - Array
(
    [rows] => 72
    [imported] => 72
    [skipped] => 0
)

[2026-03-11 12:44:54] ========== IMPORTED ITEMS ==========
[2026-03-11 12:44:54] Items imported to tblitem_stock: - Array
(
    [count] => 72
)

[2026-03-11 12:44:54] First 20 imported items: - Array
(
    [0] => Array
        (
            [code] => SCMPL0028274
            [balance] => 500
        )

    [1] => Array
        (
            [code] => SCMPL0028275
            [balance] => 500
        )

    [2] => Array
        (
            [code] => SCMPL0028356
            [balance] => 50
        )

    [3] => Array
        (
            [code] => SCMBR0021532
            [balance] => 300
        )

    [4] => Array
        (
            [code] => SCMPL0009668
            [balance] => 60
        )

    [5] => Array
        (
            [code] => SCMPL0009688
            [balance] => 50
        )

    [6] => Array
        (
            [code] => SCMPL0022277
            [balance] => 500
        )

    [7] => Array
        (
            [code] => SCMPL0022280
            [balance] => 32
        )

    [8] => Array
        (
            [code] => SCMPL0018737
            [balance] => 500
        )

    [9] => Array
        (
            [code] => SCMKS0026878
            [balance] => 50
        )

    [10] => Array
        (
            [code] => SCMPL0009775
            [balance] => 500
        )

    [11] => Array
        (
            [code] => SCMPL0010676
            [balance] => 30
        )

    [12] => Array
        (
            [code] => SCMPL0010677
            [balance] => 10
        )

    [13] => Array
        (
            [code] => SCMPL0010678
            [balance] => 1500
        )

    [14] => Array
        (
            [code] => SCMPL0010679
            [balance] => 1000
        )

    [15] => Array
        (
            [code] => SCMBR0018137
            [balance] => 300
        )

    [16] => Array
        (
            [code] => SCMKB0031391
            [balance] => 500
        )

    [17] => Array
        (
            [code] => SCMBR0018142
            [balance] => 300
        )

    [18] => Array
        (
            [code] => SCMBR0027089
            [balance] => 300
        )

    [19] => Array
        (
            [code] => SCMBR0018132
            [balance] => 121
        )

)

[2026-03-11 12:44:54] ========== DAILY STOCK UPDATE ==========
[2026-03-11 12:44:54] Items sent to daily stock update (balance > 0): - Array
(
    [count] => 72
)

[2026-03-11 12:44:54] First 20 items for daily stock: - Array
(
    [SCMPL0028274] => 500
    [SCMPL0028275] => 500
    [SCMPL0028356] => 50
    [SCMBR0021532] => 300
    [SCMPL0009668] => 60
    [SCMPL0009688] => 50
    [SCMPL0022277] => 500
    [SCMPL0022280] => 32
    [SCMPL0018737] => 500
    [SCMKS0026878] => 50
    [SCMPL0009775] => 500
    [SCMPL0010676] => 30
    [SCMPL0010677] => 10
    [SCMPL0010678] => 1500
    [SCMPL0010679] => 1000
    [SCMBR0018137] => 300
    [SCMKB0031391] => 500
    [SCMBR0018142] => 300
    [SCMBR0027089] => 300
    [SCMBR0018132] => 121
)

[2026-03-11 12:44:54] File handle closed successfully
[2026-03-11 12:44:54] ========== CALLING UPDATE DAILY STOCK RANGE ==========
[2026-03-11 12:44:54] Updating daily stock - Array
(
    [items] => 72
    [start_date] => 2021-04-01
)

[2026-03-11 12:44:54] ========== UPDATE DAILY STOCK RANGE START ========== - Array
(
    [items_count] => 72
    [start_date] => 2021-04-01
    [fy_start] => 2021-04-01
    [fy_end] => 2022-03-31
    [mode] => F
)

[2026-03-11 12:44:54] Date range for update - Array
(
    [start] => 2021-04-01
    [end] => 2022-03-31
)

[2026-03-11 12:44:54] All months to process - Array
(
    [months] => Array
        (
            [0] => 2021-04
            [1] => 2021-05
            [2] => 2021-06
            [3] => 2021-07
            [4] => 2021-08
            [5] => 2021-09
            [6] => 2021-10
            [7] => 2021-11
            [8] => 2021-12
            [9] => 2022-01
            [10] => 2022-02
            [11] => 2022-03
        )

)

[2026-03-11 12:44:54] Processing month with carry forward - Array
(
    [month] => 2021-04
    [start_month] => 2021-04
    [start_day] => 01
    [days_in_month] => Array
        (
            [0] => 01
            [1] => 02
            [2] => 03
            [3] => 04
            [4] => 05
            [5] => 06
            [6] => 07
            [7] => 08
            [8] => 09
            [9] => 10
            [10] => 11
            [11] => 12
            [12] => 13
            [13] => 14
            [14] => 15
            [15] => 16
            [16] => 17
            [17] => 18
            [18] => 19
            [19] => 20
            [20] => 21
            [21] => 22
            [22] => 23
            [23] => 24
            [24] => 25
            [25] => 26
            [26] => 27
            [27] => 28
            [28] => 29
            [29] => 30
        )

)

[2026-03-11 12:44:54] Updating existing record with full carry forward - Array
(
    [item_code] => SCMPL0028274
    [month] => 2021-04
    [opening_balance] => 500
)

[2026-03-11 12:44:54] Month 2021-03 is outside financial year, returning false
[2026-03-11 12:44:54] Updating existing record with full carry forward - Array
(
    [item_code] => SCMPL0028275
    [month] => 2021-04
    [opening_balance] => 500
)

[2026-03-11 12:44:54] Month 2021-03 is outside financial year, returning false
[2026-03-11 12:44:54] Updating existing record with full carry forward - Array
(
    [item_code] => SCMPL0028356
    [month] => 2021-04
    [opening_balance] => 50
)

[2026-03-11 12:44:54] Month 2021-03 is outside financial year, returning false
[2026-03-11 12:44:54] Updating existing record with full carry forward - Array
(
    [item_code] => SCMBR0021532
    [month] => 2021-04
    [opening_balance] => 300
)

[2026-03-11 12:44:54] Month 2021-03 is outside financial year, returning false
[2026-03-11 12:44:54] Updating existing record with full carry forward - Array
(
    [item_code] => SCMPL0009668
    [month] => 2021-04
    [opening_balance] => 60
)

[2026-03-11 12:44:54] Month 2021-03 is outside financial year, returning false
[2026-03-11 12:44:54] Updating existing record with full carry forward - Array
(
    [item_code] => SCMPL0009688
    [month] => 2021-04
    [opening_balance] => 50
)

[2026-03-11 12:44:54] Month 2021-03 is outside financial year, returning false
[2026-03-11 12:44:54] Updating existing record with full carry forward - Array
(
    [item_code] => SCMPL0022277
    [month] => 2021-04
    [opening_balance] => 500
)

[2026-03-11 12:44:54] Month 2021-03 is outside financial year, returning false
[2026-03-11 12:44:54] Updating existing record with full carry forward - Array
(
    [item_code] => SCMPL0022280
    [month] => 2021-04
    [opening_balance] => 32
)

[2026-03-11 12:44:54] Month 2021-03 is outside financial year, returning false
[2026-03-11 12:44:54] Updating existing record with full carry forward - Array
(
    [item_code] => SCMPL0018737
    [month] => 2021-04
    [opening_balance] => 500
)

[2026-03-11 12:44:54] Month 2021-03 is outside financial year, returning false
[2026-03-11 12:44:54] Updating existing record with full carry forward - Array
(
    [item_code] => SCMKS0026878
    [month] => 2021-04
    [opening_balance] => 50
)

[2026-03-11 12:44:54] Month 2021-03 is outside financial year, returning false
[2026-03-11 12:44:54] Updating existing record with full carry forward - Array
(
    [item_code] => SCMPL0009775
    [month] => 2021-04
    [opening_balance] => 500
)

[2026-03-11 12:44:54] Month 2021-03 is outside financial year, returning false
[2026-03-11 12:44:54] Updating existing record with full carry forward - Array
(
    [item_code] => SCMPL0010676
    [month] => 2021-04
    [opening_balance] => 30
)

[2026-03-11 12:44:54] Month 2021-03 is outside financial year, returning false
[2026-03-11 12:44:54] Updating existing record with full carry forward - Array
(
    [item_code] => SCMPL0010677
    [month] => 2021-04
    [opening_balance] => 10
)

[2026-03-11 12:44:54] Month 2021-03 is outside financial year, returning false
[2026-03-11 12:44:54] Updating existing record with full carry forward - Array
(
    [item_code] => SCMPL0010678
    [month] => 2021-04
    [opening_balance] => 1500
)

[2026-03-11 12:44:54] Month 2021-03 is outside financial year, returning false
[2026-03-11 12:44:54] Updating existing record with full carry forward - Array
(
    [item_code] => SCMPL0010679
    [month] => 2021-04
    [opening_balance] => 1000
)

[2026-03-11 12:44:54] Month 2021-03 is outside financial year, returning false
[2026-03-11 12:44:54] Updating existing record with full carry forward - Array
(
    [item_code] => SCMBR0018137
    [month] => 2021-04
    [opening_balance] => 300
)

[2026-03-11 12:44:54] Month 2021-03 is outside financial year, returning false
[2026-03-11 12:44:54] Updating existing record with full carry forward - Array
(
    [item_code] => SCMKB0031391
    [month] => 2021-04
    [opening_balance] => 500
)

[2026-03-11 12:44:54] Month 2021-03 is outside financial year, returning false
[2026-03-11 12:44:54] Updating existing record with full carry forward - Array
(
    [item_code] => SCMBR0018142
    [month] => 2021-04
    [opening_balance] => 300
)

[2026-03-11 12:44:54] Month 2021-03 is outside financial year, returning false
[2026-03-11 12:44:54] Updating existing record with full carry forward - Array
(
    [item_code] => SCMBR0027089
    [month] => 2021-04
    [opening_balance] => 300
)

[2026-03-11 12:44:54] Month 2021-03 is outside financial year, returning false
[2026-03-11 12:44:54] Updating existing record with full carry forward - Array
(
    [item_code] => SCMBR0018132
    [month] => 2021-04
    [opening_balance] => 121
)

[2026-03-11 12:44:54] Month 2021-03 is outside financial year, returning false
[2026-03-11 12:44:54] Updating existing record with full carry forward - Array
(
    [item_code] => SCMBR0018158
    [month] => 2021-04
    [opening_balance] => 500
)

[2026-03-11 12:44:54] Month 2021-03 is outside financial year, returning false
[2026-03-11 12:44:54] Updating existing record with full carry forward - Array
(
    [item_code] => SCMBR0023258
    [month] => 2021-04
    [opening_balance] => 500
)

[2026-03-11 12:44:54] Month 2021-03 is outside financial year, returning false
[2026-03-11 12:44:54] Updating existing record with full carry forward - Array
(
    [item_code] => SCMPL0010445
    [month] => 2021-04
    [opening_balance] => 500
)

[2026-03-11 12:44:54] Month 2021-03 is outside financial year, returning false
[2026-03-11 12:44:54] Updating existing record with full carry forward - Array
(
    [item_code] => SCMPL0010447
    [month] => 2021-04
    [opening_balance] => 20
)

[2026-03-11 12:44:54] Month 2021-03 is outside financial year, returning false
[2026-03-11 12:44:54] Updating existing record with full carry forward - Array
(
    [item_code] => SCMPL0010612
    [month] => 2021-04
    [opening_balance] => 1000
)

[2026-03-11 12:44:54] Month 2021-03 is outside financial year, returning false
[2026-03-11 12:44:54] Updating existing record with full carry forward - Array
(
    [item_code] => SCMPL0009770
    [month] => 2021-04
    [opening_balance] => 500
)

[2026-03-11 12:44:54] Month 2021-03 is outside financial year, returning false
[2026-03-11 12:44:54] Updating existing record with full carry forward - Array
(
    [item_code] => SCMPL0018648
    [month] => 2021-04
    [opening_balance] => 200
)

[2026-03-11 12:44:54] Month 2021-03 is outside financial year, returning false
[2026-03-11 12:44:54] Updating existing record with full carry forward - Array
(
    [item_code] => SCMPL0033624
    [month] => 2021-04
    [opening_balance] => 500
)

[2026-03-11 12:44:54] Month 2021-03 is outside financial year, returning false
[2026-03-11 12:44:54] Updating existing record with full carry forward - Array
(
    [item_code] => SCMPL0012499
    [month] => 2021-04
    [opening_balance] => 15
)

[2026-03-11 12:44:54] Month 2021-03 is outside financial year, returning false
[2026-03-11 12:44:54] Updating existing record with full carry forward - Array
(
    [item_code] => SCMPL0011438
    [month] => 2021-04
    [opening_balance] => 96
)

[2026-03-11 12:44:54] Month 2021-03 is outside financial year, returning false
[2026-03-11 12:44:54] Updating existing record with full carry forward - Array
(
    [item_code] => SCMPL0011418
    [month] => 2021-04
    [opening_balance] => 240
)

[2026-03-11 12:44:54] Month 2021-03 is outside financial year, returning false
[2026-03-11 12:44:54] Updating existing record with full carry forward - Array
(
    [item_code] => SCMPL0010234
    [month] => 2021-04
    [opening_balance] => 240
)

[2026-03-11 12:44:54] Month 2021-03 is outside financial year, returning false
[2026-03-11 12:44:54] Updating existing record with full carry forward - Array
(
    [item_code] => SCMBR0018635
    [month] => 2021-04
    [opening_balance] => 200
)

[2026-03-11 12:44:54] Month 2021-03 is outside financial year, returning false
[2026-03-11 12:44:54] Updating existing record with full carry forward - Array
(
    [item_code] => SCMBR0009847
    [month] => 2021-04
    [opening_balance] => 500
)

[2026-03-11 12:44:54] Month 2021-03 is outside financial year, returning false
[2026-03-11 12:44:54] Updating existing record with full carry forward - Array
(
    [item_code] => SCMBR0029429
    [month] => 2021-04
    [opening_balance] => 500
)

[2026-03-11 12:44:54] Month 2021-03 is outside financial year, returning false
[2026-03-11 12:44:54] Updating existing record with full carry forward - Array
(
    [item_code] => SCMBR0029431
    [month] => 2021-04
    [opening_balance] => 130
)

[2026-03-11 12:44:54] Month 2021-03 is outside financial year, returning false
[2026-03-11 12:44:54] Updating existing record with full carry forward - Array
(
    [item_code] => SCMPL0010541
    [month] => 2021-04
    [opening_balance] => 400
)

[2026-03-11 12:44:54] Month 2021-03 is outside financial year, returning false
[2026-03-11 12:44:54] Updating existing record with full carry forward - Array
(
    [item_code] => SCMPL0010198
    [month] => 2021-04
    [opening_balance] => 384
)

[2026-03-11 12:44:54] Month 2021-03 is outside financial year, returning false
[2026-03-11 12:44:54] Updating existing record with full carry forward - Array
(
    [item_code] => SCMPL0010450
    [month] => 2021-04
    [opening_balance] => 200
)

[2026-03-11 12:44:54] Month 2021-03 is outside financial year, returning false
[2026-03-11 12:44:54] Updating existing record with full carry forward - Array
(
    [item_code] => SCMPL0010451
    [month] => 2021-04
    [opening_balance] => 500
)

[2026-03-11 12:44:54] Month 2021-03 is outside financial year, returning false
[2026-03-11 12:44:54] Updating existing record with full carry forward - Array
(
    [item_code] => SCMPL0010453
    [month] => 2021-04
    [opening_balance] => 30
)

[2026-03-11 12:44:54] Month 2021-03 is outside financial year, returning false
[2026-03-11 12:44:54] Updating existing record with full carry forward - Array
(
    [item_code] => SCMPL0010056
    [month] => 2021-04
    [opening_balance] => 500
)

[2026-03-11 12:44:54] Month 2021-03 is outside financial year, returning false
[2026-03-11 12:44:54] Updating existing record with full carry forward - Array
(
    [item_code] => SCMPL0040482
    [month] => 2021-04
    [opening_balance] => 300
)

[2026-03-11 12:44:54] Month 2021-03 is outside financial year, returning false
[2026-03-11 12:44:54] Updating existing record with full carry forward - Array
(
    [item_code] => SCMPL0009894
    [month] => 2021-04
    [opening_balance] => 100
)

[2026-03-11 12:44:54] Month 2021-03 is outside financial year, returning false
[2026-03-11 12:44:54] Updating existing record with full carry forward - Array
(
    [item_code] => SCMPL0009899
    [month] => 2021-04
    [opening_balance] => 500
)

[2026-03-11 12:44:54] Month 2021-03 is outside financial year, returning false
[2026-03-11 12:44:54] Updating existing record with full carry forward - Array
(
    [item_code] => SCMPL0009902
    [month] => 2021-04
    [opening_balance] => 10
)

[2026-03-11 12:44:54] Month 2021-03 is outside financial year, returning false
[2026-03-11 12:44:54] Updating existing record with full carry forward - Array
(
    [item_code] => SCMPL0009903
    [month] => 2021-04
    [opening_balance] => 20
)

[2026-03-11 12:44:55] Month 2021-03 is outside financial year, returning false
[2026-03-11 12:44:55] Updating existing record with full carry forward - Array
(
    [item_code] => SCMPL0011581
    [month] => 2021-04
    [opening_balance] => 15
)

[2026-03-11 12:44:55] Month 2021-03 is outside financial year, returning false
[2026-03-11 12:44:55] Updating existing record with full carry forward - Array
(
    [item_code] => SCMPL0009936
    [month] => 2021-04
    [opening_balance] => 500
)

[2026-03-11 12:44:55] Month 2021-03 is outside financial year, returning false
[2026-03-11 12:44:55] Updating existing record with full carry forward - Array
(
    [item_code] => SCMPL0035367
    [month] => 2021-04
    [opening_balance] => 500
)

[2026-03-11 12:44:55] Month 2021-03 is outside financial year, returning false
[2026-03-11 12:44:55] Updating existing record with full carry forward - Array
(
    [item_code] => SCMPL0010434
    [month] => 2021-04
    [opening_balance] => 500
)

[2026-03-11 12:44:55] Month 2021-03 is outside financial year, returning false
[2026-03-11 12:44:55] Updating existing record with full carry forward - Array
(
    [item_code] => SCMPL0009942
    [month] => 2021-04
    [opening_balance] => 500
)

[2026-03-11 12:44:55] Month 2021-03 is outside financial year, returning false
[2026-03-11 12:44:55] Updating existing record with full carry forward - Array
(
    [item_code] => SCMPL0036711
    [month] => 2021-04
    [opening_balance] => 500
)

[2026-03-11 12:44:55] Month 2021-03 is outside financial year, returning false
[2026-03-11 12:44:55] Updating existing record with full carry forward - Array
(
    [item_code] => SCMPL0010701
    [month] => 2021-04
    [opening_balance] => 700
)

[2026-03-11 12:44:55] Month 2021-03 is outside financial year, returning false
[2026-03-11 12:44:55] Updating existing record with full carry forward - Array
(
    [item_code] => SCMPL0010702
    [month] => 2021-04
    [opening_balance] => 100
)

[2026-03-11 12:44:55] Month 2021-03 is outside financial year, returning false
[2026-03-11 12:44:55] Updating existing record with full carry forward - Array
(
    [item_code] => SCMPL0010076
    [month] => 2021-04
    [opening_balance] => 700
)

[2026-03-11 12:44:55] Month 2021-03 is outside financial year, returning false
[2026-03-11 12:44:55] Updating existing record with full carry forward - Array
(
    [item_code] => SCMPL0010088
    [month] => 2021-04
    [opening_balance] => 264
)

[2026-03-11 12:44:55] Month 2021-03 is outside financial year, returning false
[2026-03-11 12:44:55] Updating existing record with full carry forward - Array
(
    [item_code] => SCMPL0010075
    [month] => 2021-04
    [opening_balance] => 700
)

[2026-03-11 12:44:55] Month 2021-03 is outside financial year, returning false
[2026-03-11 12:44:55] Updating existing record with full carry forward - Array
(
    [item_code] => SCMPL0010087
    [month] => 2021-04
    [opening_balance] => 1200
)

[2026-03-11 12:44:55] Month 2021-03 is outside financial year, returning false
[2026-03-11 12:44:55] Updating existing record with full carry forward - Array
(
    [item_code] => SCMPL0010108
    [month] => 2021-04
    [opening_balance] => 10
)

[2026-03-11 12:44:55] Month 2021-03 is outside financial year, returning false
[2026-03-11 12:44:55] Updating existing record with full carry forward - Array
(
    [item_code] => SCMPL0029933
    [month] => 2021-04
    [opening_balance] => 6
)

[2026-03-11 12:44:55] Month 2021-03 is outside financial year, returning false
[2026-03-11 12:44:55] Updating existing record with full carry forward - Array
(
    [item_code] => SCMPL0029928
    [month] => 2021-04
    [opening_balance] => 12
)

[2026-03-11 12:44:55] Month 2021-03 is outside financial year, returning false
[2026-03-11 12:44:55] Updating existing record with full carry forward - Array
(
    [item_code] => SCMPL0010360
    [month] => 2021-04
    [opening_balance] => 24
)

[2026-03-11 12:44:55] Month 2021-03 is outside financial year, returning false
[2026-03-11 12:44:55] Updating existing record with full carry forward - Array
(
    [item_code] => SCMPL0009968
    [month] => 2021-04
    [opening_balance] => 530
)

[2026-03-11 12:44:55] Month 2021-03 is outside financial year, returning false
[2026-03-11 12:44:55] Updating existing record with full carry forward - Array
(
    [item_code] => SCMPL0009977
    [month] => 2021-04
    [opening_balance] => 542
)

[2026-03-11 12:44:55] Month 2021-03 is outside financial year, returning false
[2026-03-11 12:44:55] Updating existing record with full carry forward - Array
(
    [item_code] => SCMWN0019724
    [month] => 2021-04
    [opening_balance] => 130
)

[2026-03-11 12:44:55] Month 2021-03 is outside financial year, returning false
[2026-03-11 12:44:55] Updating existing record with full carry forward - Array
(
    [item_code] => SCMKS0018253
    [month] => 2021-04
    [opening_balance] => 6
)

[2026-03-11 12:44:55] Month 2021-03 is outside financial year, returning false
[2026-03-11 12:44:55] Updating existing record with full carry forward - Array
(
    [item_code] => SCMBR0037366
    [month] => 2021-04
    [opening_balance] => 48
)

[2026-03-11 12:44:55] Month 2021-03 is outside financial year, returning false
[2026-03-11 12:44:55] Updating existing record with full carry forward - Array
(
    [item_code] => SCMBR0023264
    [month] => 2021-04
    [opening_balance] => 200
)

[2026-03-11 12:44:55] Month 2021-03 is outside financial year, returning false
[2026-03-11 12:44:55] Updating existing record with full carry forward - Array
(
    [item_code] => SCMBR0018161
    [month] => 2021-04
    [opening_balance] => 130
)

[2026-03-11 12:44:55] Month 2021-03 is outside financial year, returning false
[2026-03-11 12:44:55] Updating existing record with full carry forward - Array
(
    [item_code] => SCMKS0026879
    [month] => 2021-04
    [opening_balance] => 21
)

[2026-03-11 12:44:55] Month 2021-03 is outside financial year, returning false
[2026-03-11 12:44:55] Updating existing record with full carry forward - Array
(
    [item_code] => SCMPL0010020
    [month] => 2021-04
    [opening_balance] => 1225
)

[2026-03-11 12:44:55] Month 2021-03 is outside financial year, returning false
[2026-03-11 12:44:55] Processing month with carry forward - Array
(
    [month] => 2021-05
    [start_month] => 2021-04
    [start_day] => 01
    [days_in_month] => Array
        (
            [0] => 01
            [1] => 02
            [2] => 03
            [3] => 04
            [4] => 05
            [5] => 06
            [6] => 07
            [7] => 08
            [8] => 09
            [9] => 10
            [10] => 11
            [11] => 12
            [12] => 13
            [13] => 14
            [14] => 15
            [15] => 16
            [16] => 17
            [17] => 18
            [18] => 19
            [19] => 20
            [20] => 21
            [21] => 22
            [22] => 23
            [23] => 24
            [24] => 25
            [25] => 26
            [26] => 27
            [27] => 28
            [28] => 29
            [29] => 30
            [30] => 31
        )

)

[2026-03-11 12:44:55] Updating existing record with full carry forward - Array
(
    [item_code] => SCMPL0028274
    [month] => 2021-05
    [opening_balance] => 500
)

[2026-03-11 12:44:55] Updating existing record with full carry forward - Array
(
    [item_code] => SCMPL0028275
    [month] => 2021-05
    [opening_balance] => 500
)

[2026-03-11 12:44:55] Updating existing record with full carry forward - Array
(
    [item_code] => SCMPL0028356
    [month] => 2021-05
    [opening_balance] => 50
)

[2026-03-11 12:44:55] Updating existing record with full carry forward - Array
(
    [item_code] => SCMBR0021532
    [month] => 2021-05
    [opening_balance] => 300
)

[2026-03-11 12:44:55] Updating existing record with full carry forward - Array
(
    [item_code] => SCMPL0009668
    [month] => 2021-05
    [opening_balance] => 60
)

[2026-03-11 12:44:55] Updating existing record with full carry forward - Array
(
    [item_code] => SCMPL0009688
    [month] => 2021-05
    [opening_balance] => 50
)

[2026-03-11 12:44:55] Updating existing record with full carry forward - Array
(
    [item_code] => SCMPL0022277
    [month] => 2021-05
    [opening_balance] => 500
)

[2026-03-11 12:44:55] Updating existing record with full carry forward - Array
(
    [item_code] => SCMPL0022280
    [month] => 2021-05
    [opening_balance] => 32
)

[2026-03-11 12:44:55] Updating existing record with full carry forward - Array
(
    [item_code] => SCMPL0018737
    [month] => 2021-05
    [opening_balance] => 500
)

[2026-03-11 12:44:55] Updating existing record with full carry forward - Array
(
    [item_code] => SCMKS0026878
    [month] => 2021-05
    [opening_balance] => 50
)

[2026-03-11 12:44:55] Updating existing record with full carry forward - Array
(
    [item_code] => SCMPL0009775
    [month] => 2021-05
    [opening_balance] => 500
)

[2026-03-11 12:44:55] Updating existing record with full carry forward - Array
(
    [item_code] => SCMPL0010676
    [month] => 2021-05
    [opening_balance] => 30
)

[2026-03-11 12:44:55] Updating existing record with full carry forward - Array
(
    [item_code] => SCMPL0010677
    [month] => 2021-05
    [opening_balance] => 10
)

[2026-03-11 12:44:56] Updating existing record with full carry forward - Array
(
    [item_code] => SCMPL0010678
    [month] => 2021-05
    [opening_balance] => 1500
)

[2026-03-11 12:44:56] Updating existing record with full carry forward - Array
(
    [item_code] => SCMPL0010679
    [month] => 2021-05
    [opening_balance] => 1000
)

[2026-03-11 12:44:56] Updating existing record with full carry forward - Array
(
    [item_code] => SCMBR0018137
    [month] => 2021-05
    [opening_balance] => 300
)

[2026-03-11 12:44:56] Updating existing record with full carry forward - Array
(
    [item_code] => SCMKB0031391
    [month] => 2021-05
    [opening_balance] => 500
)

[2026-03-11 12:44:56] Updating existing record with full carry forward - Array
(
    [item_code] => SCMBR0018142
    [month] => 2021-05
    [opening_balance] => 300
)

[2026-03-11 12:44:56] Updating existing record with full carry forward - Array
(
    [item_code] => SCMBR0027089
    [month] => 2021-05
    [opening_balance] => 300
)

[2026-03-11 12:44:56] Updating existing record with full carry forward - Array
(
    [item_code] => SCMBR0018132
    [month] => 2021-05
    [opening_balance] => 121
)

[2026-03-11 12:44:56] Updating existing record with full carry forward - Array
(
    [item_code] => SCMBR0018158
    [month] => 2021-05
    [opening_balance] => 500
)

[2026-03-11 12:44:56] Updating existing record with full carry forward - Array
(
    [item_code] => SCMBR0023258
    [month] => 2021-05
    [opening_balance] => 500
)

[2026-03-11 12:44:56] Updating existing record with full carry forward - Array
(
    [item_code] => SCMPL0010445
    [month] => 2021-05
    [opening_balance] => 500
)

[2026-03-11 12:44:56] Updating existing record with full carry forward - Array
(
    [item_code] => SCMPL0010447
    [month] => 2021-05
    [opening_balance] => 20
)

[2026-03-11 12:44:56] Updating existing record with full carry forward - Array
(
    [item_code] => SCMPL0010612
    [month] => 2021-05
    [opening_balance] => 1000
)

[2026-03-11 12:44:56] Updating existing record with full carry forward - Array
(
    [item_code] => SCMPL0009770
    [month] => 2021-05
    [opening_balance] => 500
)

[2026-03-11 12:44:56] Updating existing record with full carry forward - Array
(
    [item_code] => SCMPL0018648
    [month] => 2021-05
    [opening_balance] => 200
)

[2026-03-11 12:44:56] Updating existing record with full carry forward - Array
(
    [item_code] => SCMPL0033624
    [month] => 2021-05
    [opening_balance] => 500
)

[2026-03-11 12:44:56] Updating existing record with full carry forward - Array
(
    [item_code] => SCMPL0012499
    [month] => 2021-05
    [opening_balance] => 15
)

[2026-03-11 12:44:56] Updating existing record with full carry forward - Array
(
    [item_code] => SCMPL0011438
    [month] => 2021-05
    [opening_balance] => 96
)

[2026-03-11 12:44:56] Updating existing record with full carry forward - Array
(
    [item_code] => SCMPL0011418
    [month] => 2021-05
    [opening_balance] => 240
)

[2026-03-11 12:44:56] Updating existing record with full carry forward - Array
(
    [item_code] => SCMPL0010234
    [month] => 2021-05
    [opening_balance] => 240
)

[2026-03-11 12:44:56] Updating existing record with full carry forward - Array
(
    [item_code] => SCMBR0018635
    [month] => 2021-05
    [opening_balance] => 200
)

[2026-03-11 12:44:56] Updating existing record with full carry forward - Array
(
    [item_code] => SCMBR0009847
    [month] => 2021-05
    [opening_balance] => 500
)

[2026-03-11 12:44:56] Updating existing record with full carry forward - Array
(
    [item_code] => SCMBR0029429
    [month] => 2021-05
    [opening_balance] => 500
)

[2026-03-11 12:44:56] Updating existing record with full carry forward - Array
(
    [item_code] => SCMBR0029431
    [month] => 2021-05
    [opening_balance] => 130
)

[2026-03-11 12:44:56] Updating existing record with full carry forward - Array
(
    [item_code] => SCMPL0010541
    [month] => 2021-05
    [opening_balance] => 400
)

[2026-03-11 12:44:56] Updating existing record with full carry forward - Array
(
    [item_code] => SCMPL0010198
    [month] => 2021-05
    [opening_balance] => 384
)

[2026-03-11 12:44:56] Updating existing record with full carry forward - Array
(
    [item_code] => SCMPL0010450
    [month] => 2021-05
    [opening_balance] => 200
)

[2026-03-11 12:44:56] Updating existing record with full carry forward - Array
(
    [item_code] => SCMPL0010451
    [month] => 2021-05
    [opening_balance] => 500
)

[2026-03-11 12:44:56] Updating existing record with full carry forward - Array
(
    [item_code] => SCMPL0010453
    [month] => 2021-05
    [opening_balance] => 30
)

[2026-03-11 12:44:56] Updating existing record with full carry forward - Array
(
    [item_code] => SCMPL0010056
    [month] => 2021-05
    [opening_balance] => 500
)

[2026-03-11 12:44:56] Updating existing record with full carry forward - Array
(
    [item_code] => SCMPL0040482
    [month] => 2021-05
    [opening_balance] => 300
)

[2026-03-11 12:44:56] Updating existing record with full carry forward - Array
(
    [item_code] => SCMPL0009894
    [month] => 2021-05
    [opening_balance] => 100
)

[2026-03-11 12:44:56] Updating existing record with full carry forward - Array
(
    [item_code] => SCMPL0009899
    [month] => 2021-05
    [opening_balance] => 500
)

[2026-03-11 12:44:56] Updating existing record with full carry forward - Array
(
    [item_code] => SCMPL0009902
    [month] => 2021-05
    [opening_balance] => 10
)

[2026-03-11 12:44:56] Updating existing record with full carry forward - Array
(
    [item_code] => SCMPL0009903
    [month] => 2021-05
    [opening_balance] => 20
)

[2026-03-11 12:44:56] Updating existing record with full carry forward - Array
(
    [item_code] => SCMPL0011581
    [month] => 2021-05
    [opening_balance] => 15
)

[2026-03-11 12:44:56] Updating existing record with full carry forward - Array
(
    [item_code] => SCMPL0009936
    [month] => 2021-05
    [opening_balance] => 500
)

[2026-03-11 12:44:56] Updating existing record with full carry forward - Array
(
    [item_code] => SCMPL0035367
    [month] => 2021-05
    [opening_balance] => 500
)

[2026-03-11 12:44:56] Updating existing record with full carry forward - Array
(
    [item_code] => SCMPL0010434
    [month] => 2021-05
    [opening_balance] => 500
)

[2026-03-11 12:44:56] Updating existing record with full carry forward - Array
(
    [item_code] => SCMPL0009942
    [month] => 2021-05
    [opening_balance] => 500
)

[2026-03-11 12:44:56] Updating existing record with full carry forward - Array
(
    [item_code] => SCMPL0036711
    [month] => 2021-05
    [opening_balance] => 500
)

[2026-03-11 12:44:56] Updating existing record with full carry forward - Array
(
    [item_code] => SCMPL0010701
    [month] => 2021-05
    [opening_balance] => 700
)

[2026-03-11 12:44:56] Updating existing record with full carry forward - Array
(
    [item_code] => SCMPL0010702
    [month] => 2021-05
    [opening_balance] => 100
)

[2026-03-11 12:44:56] Updating existing record with full carry forward - Array
(
    [item_code] => SCMPL0010076
    [month] => 2021-05
    [opening_balance] => 700
)

[2026-03-11 12:44:56] Updating existing record with full carry forward - Array
(
    [item_code] => SCMPL0010088
    [month] => 2021-05
    [opening_balance] => 264
)

[2026-03-11 12:44:56] Updating existing record with full carry forward - Array
(
    [item_code] => SCMPL0010075
    [month] => 2021-05
    [opening_balance] => 700
)

[2026-03-11 12:44:56] Updating existing record with full carry forward - Array
(
    [item_code] => SCMPL0010087
    [month] => 2021-05
    [opening_balance] => 1200
)

[2026-03-11 12:44:56] Updating existing record with full carry forward - Array
(
    [item_code] => SCMPL0010108
    [month] => 2021-05
    [opening_balance] => 10
)

[2026-03-11 12:44:56] Updating existing record with full carry forward - Array
(
    [item_code] => SCMPL0029933
    [month] => 2021-05
    [opening_balance] => 6
)

[2026-03-11 12:44:56] Updating existing record with full carry forward - Array
(
    [item_code] => SCMPL0029928
    [month] => 2021-05
    [opening_balance] => 12
)

[2026-03-11 12:44:56] Updating existing record with full carry forward - Array
(
    [item_code] => SCMPL0010360
    [month] => 2021-05
    [opening_balance] => 24
)

[2026-03-11 12:44:56] Updating existing record with full carry forward - Array
(
    [item_code] => SCMPL0009968
    [month] => 2021-05
    [opening_balance] => 530
)

[2026-03-11 12:44:56] Updating existing record with full carry forward - Array
(
    [item_code] => SCMPL0009977
    [month] => 2021-05
    [opening_balance] => 542
)

[2026-03-11 12:44:56] Updating existing record with full carry forward - Array
(
    [item_code] => SCMWN0019724
    [month] => 2021-05
    [opening_balance] => 130
)

[2026-03-11 12:44:56] Updating existing record with full carry forward - Array
(
    [item_code] => SCMKS0018253
    [month] => 2021-05
    [opening_balance] => 6
)

[2026-03-11 12:44:56] Updating existing record with full carry forward - Array
(
    [item_code] => SCMBR0037366
    [month] => 2021-05
    [opening_balance] => 48
)

[2026-03-11 12:44:56] Updating existing record with full carry forward - Array
(
    [item_code] => SCMBR0023264
    [month] => 2021-05
    [opening_balance] => 200
)

[2026-03-11 12:44:56] Updating existing record with full carry forward - Array
(
    [item_code] => SCMBR0018161
    [month] => 2021-05
    [opening_balance] => 130
)

[2026-03-11 12:44:56] Updating existing record with full carry forward - Array
(
    [item_code] => SCMKS0026879
    [month] => 2021-05
    [opening_balance] => 21
)

[2026-03-11 12:44:56] Updating existing record with full carry forward - Array
(
    [item_code] => SCMPL0010020
    [month] => 2021-05
    [opening_balance] => 1225
)

[2026-03-11 12:44:57] Processing month with carry forward - Array
(
    [month] => 2021-06
    [start_month] => 2021-04
    [start_day] => 01
    [days_in_month] => Array
        (
            [0] => 01
            [1] => 02
            [2] => 03
            [3] => 04
            [4] => 05
            [5] => 06
            [6] => 07
            [7] => 08
            [8] => 09
            [9] => 10
            [10] => 11
            [11] => 12
            [12] => 13
            [13] => 14
            [14] => 15
            [15] => 16
            [16] => 17
            [17] => 18
            [18] => 19
            [19] => 20
            [20] => 21
            [21] => 22
            [22] => 23
            [23] => 24
            [24] => 25
            [25] => 26
            [26] => 27
            [27] => 28
            [28] => 29
            [29] => 30
        )

)

[2026-03-11 12:44:57] Updating existing record with full carry forward - Array
(
    [item_code] => SCMPL0028274
    [month] => 2021-06
    [opening_balance] => 500
)

[2026-03-11 12:44:57] Updating existing record with full carry forward - Array
(
    [item_code] => SCMPL0028275
    [month] => 2021-06
    [opening_balance] => 500
)

[2026-03-11 12:44:57] Updating existing record with full carry forward - Array
(
    [item_code] => SCMPL0028356
    [month] => 2021-06
    [opening_balance] => 50
)

[2026-03-11 12:44:57] Updating existing record with full carry forward - Array
(
    [item_code] => SCMBR0021532
    [month] => 2021-06
    [opening_balance] => 300
)

[2026-03-11 12:44:57] Updating existing record with full carry forward - Array
(
    [item_code] => SCMPL0009668
    [month] => 2021-06
    [opening_balance] => 60
)

[2026-03-11 12:44:57] Updating existing record with full carry forward - Array
(
    [item_code] => SCMPL0009688
    [month] => 2021-06
    [opening_balance] => 50
)

[2026-03-11 12:44:57] Updating existing record with full carry forward - Array
(
    [item_code] => SCMPL0022277
    [month] => 2021-06
    [opening_balance] => 500
)

[2026-03-11 12:44:57] Updating existing record with full carry forward - Array
(
    [item_code] => SCMPL0022280
    [month] => 2021-06
    [opening_balance] => 32
)

[2026-03-11 12:44:57] Updating existing record with full carry forward - Array
(
    [item_code] => SCMPL0018737
    [month] => 2021-06
    [opening_balance] => 500
)

[2026-03-11 12:44:57] Updating existing record with full carry forward - Array
(
    [item_code] => SCMKS0026878
    [month] => 2021-06
    [opening_balance] => 50
)

[2026-03-11 12:44:57] Updating existing record with full carry forward - Array
(
    [item_code] => SCMPL0009775
    [month] => 2021-06
    [opening_balance] => 500
)

[2026-03-11 12:44:57] Updating existing record with full carry forward - Array
(
    [item_code] => SCMPL0010676
    [month] => 2021-06
    [opening_balance] => 30
)

[2026-03-11 12:44:57] Updating existing record with full carry forward - Array
(
    [item_code] => SCMPL0010677
    [month] => 2021-06
    [opening_balance] => 10
)

[2026-03-11 12:44:57] Updating existing record with full carry forward - Array
(
    [item_code] => SCMPL0010678
    [month] => 2021-06
    [opening_balance] => 1500
)

[2026-03-11 12:44:57] Updating existing record with full carry forward - Array
(
    [item_code] => SCMPL0010679
    [month] => 2021-06
    [opening_balance] => 1000
)

[2026-03-11 12:44:57] Updating existing record with full carry forward - Array
(
    [item_code] => SCMBR0018137
    [month] => 2021-06
    [opening_balance] => 300
)

[2026-03-11 12:44:57] Updating existing record with full carry forward - Array
(
    [item_code] => SCMKB0031391
    [month] => 2021-06
    [opening_balance] => 500
)

[2026-03-11 12:44:57] Updating existing record with full carry forward - Array
(
    [item_code] => SCMBR0018142
    [month] => 2021-06
    [opening_balance] => 300
)

[2026-03-11 12:44:57] Updating existing record with full carry forward - Array
(
    [item_code] => SCMBR0027089
    [month] => 2021-06
    [opening_balance] => 300
)

[2026-03-11 12:44:57] Updating existing record with full carry forward - Array
(
    [item_code] => SCMBR0018132
    [month] => 2021-06
    [opening_balance] => 121
)

[2026-03-11 12:44:57] Updating existing record with full carry forward - Array
(
    [item_code] => SCMBR0018158
    [month] => 2021-06
    [opening_balance] => 500
)

[2026-03-11 12:44:57] Updating existing record with full carry forward - Array
(
    [item_code] => SCMBR0023258
    [month] => 2021-06
    [opening_balance] => 500
)

[2026-03-11 12:44:57] Updating existing record with full carry forward - Array
(
    [item_code] => SCMPL0010445
    [month] => 2021-06
    [opening_balance] => 500
)

[2026-03-11 12:44:57] Updating existing record with full carry forward - Array
(
    [item_code] => SCMPL0010447
    [month] => 2021-06
    [opening_balance] => 20
)

[2026-03-11 12:44:57] Updating existing record with full carry forward - Array
(
    [item_code] => SCMPL0010612
    [month] => 2021-06
    [opening_balance] => 1000
)

[2026-03-11 12:44:57] Updating existing record with full carry forward - Array
(
    [item_code] => SCMPL0009770
    [month] => 2021-06
    [opening_balance] => 500
)

[2026-03-11 12:44:57] Updating existing record with full carry forward - Array
(
    [item_code] => SCMPL0018648
    [month] => 2021-06
    [opening_balance] => 200
)

[2026-03-11 12:44:57] Updating existing record with full carry forward - Array
(
    [item_code] => SCMPL0033624
    [month] => 2021-06
    [opening_balance] => 500
)

[2026-03-11 12:44:57] Updating existing record with full carry forward - Array
(
    [item_code] => SCMPL0012499
    [month] => 2021-06
    [opening_balance] => 15
)

[2026-03-11 12:44:57] Updating existing record with full carry forward - Array
(
    [item_code] => SCMPL0011438
    [month] => 2021-06
    [opening_balance] => 96
)

[2026-03-11 12:44:57] Updating existing record with full carry forward - Array
(
    [item_code] => SCMPL0011418
    [month] => 2021-06
    [opening_balance] => 240
)

[2026-03-11 12:44:57] Updating existing record with full carry forward - Array
(
    [item_code] => SCMPL0010234
    [month] => 2021-06
    [opening_balance] => 240
)

[2026-03-11 12:44:57] Updating existing record with full carry forward - Array
(
    [item_code] => SCMBR0018635
    [month] => 2021-06
    [opening_balance] => 200
)

[2026-03-11 12:44:57] Updating existing record with full carry forward - Array
(
    [item_code] => SCMBR0009847
    [month] => 2021-06
    [opening_balance] => 500
)

[2026-03-11 12:44:57] Updating existing record with full carry forward - Array
(
    [item_code] => SCMBR0029429
    [month] => 2021-06
    [opening_balance] => 500
)

[2026-03-11 12:44:57] Updating existing record with full carry forward - Array
(
    [item_code] => SCMBR0029431
    [month] => 2021-06
    [opening_balance] => 130
)

[2026-03-11 12:44:57] Updating existing record with full carry forward - Array
(
    [item_code] => SCMPL0010541
    [month] => 2021-06
    [opening_balance] => 400
)

[2026-03-11 12:44:57] Updating existing record with full carry forward - Array
(
    [item_code] => SCMPL0010198
    [month] => 2021-06
    [opening_balance] => 384
)

[2026-03-11 12:44:57] Updating existing record with full carry forward - Array
(
    [item_code] => SCMPL0010450
    [month] => 2021-06
    [opening_balance] => 200
)

[2026-03-11 12:44:57] Updating existing record with full carry forward - Array
(
    [item_code] => SCMPL0010451
    [month] => 2021-06
    [opening_balance] => 500
)

[2026-03-11 12:44:57] Updating existing record with full carry forward - Array
(
    [item_code] => SCMPL0010453
    [month] => 2021-06
    [opening_balance] => 30
)

[2026-03-11 12:44:57] Updating existing record with full carry forward - Array
(
    [item_code] => SCMPL0010056
    [month] => 2021-06
    [opening_balance] => 500
)

[2026-03-11 12:44:57] Updating existing record with full carry forward - Array
(
    [item_code] => SCMPL0040482
    [month] => 2021-06
    [opening_balance] => 300
)

[2026-03-11 12:44:57] Updating existing record with full carry forward - Array
(
    [item_code] => SCMPL0009894
    [month] => 2021-06
    [opening_balance] => 100
)

[2026-03-11 12:44:57] Updating existing record with full carry forward - Array
(
    [item_code] => SCMPL0009899
    [month] => 2021-06
    [opening_balance] => 500
)

[2026-03-11 12:44:57] Updating existing record with full carry forward - Array
(
    [item_code] => SCMPL0009902
    [month] => 2021-06
    [opening_balance] => 10
)

[2026-03-11 12:44:57] Updating existing record with full carry forward - Array
(
    [item_code] => SCMPL0009903
    [month] => 2021-06
    [opening_balance] => 20
)

[2026-03-11 12:44:57] Updating existing record with full carry forward - Array
(
    [item_code] => SCMPL0011581
    [month] => 2021-06
    [opening_balance] => 15
)

[2026-03-11 12:44:57] Updating existing record with full carry forward - Array
(
    [item_code] => SCMPL0009936
    [month] => 2021-06
    [opening_balance] => 500
)

[2026-03-11 12:44:57] Updating existing record with full carry forward - Array
(
    [item_code] => SCMPL0035367
    [month] => 2021-06
    [opening_balance] => 500
)

[2026-03-11 12:44:57] Updating existing record with full carry forward - Array
(
    [item_code] => SCMPL0010434
    [month] => 2021-06
    [opening_balance] => 500
)

[2026-03-11 12:44:57] Updating existing record with full carry forward - Array
(
    [item_code] => SCMPL0009942
    [month] => 2021-06
    [opening_balance] => 500
)

[2026-03-11 12:44:57] Updating existing record with full carry forward - Array
(
    [item_code] => SCMPL0036711
    [month] => 2021-06
    [opening_balance] => 500
)

[2026-03-11 12:44:57] Updating existing record with full carry forward - Array
(
    [item_code] => SCMPL0010701
    [month] => 2021-06
    [opening_balance] => 700
)

[2026-03-11 12:44:57] Updating existing record with full carry forward - Array
(
    [item_code] => SCMPL0010702
    [month] => 2021-06
    [opening_balance] => 100
)

[2026-03-11 12:44:57] Updating existing record with full carry forward - Array
(
    [item_code] => SCMPL0010076
    [month] => 2021-06
    [opening_balance] => 700
)

[2026-03-11 12:44:57] Updating existing record with full carry forward - Array
(
    [item_code] => SCMPL0010088
    [month] => 2021-06
    [opening_balance] => 264
)

[2026-03-11 12:44:57] Updating existing record with full carry forward - Array
(
    [item_code] => SCMPL0010075
    [month] => 2021-06
    [opening_balance] => 700
)

[2026-03-11 12:44:57] Updating existing record with full carry forward - Array
(
    [item_code] => SCMPL0010087
    [month] => 2021-06
    [opening_balance] => 1200
)

[2026-03-11 12:44:57] Updating existing record with full carry forward - Array
(
    [item_code] => SCMPL0010108
    [month] => 2021-06
    [opening_balance] => 10
)

[2026-03-11 12:44:57] Updating existing record with full carry forward - Array
(
    [item_code] => SCMPL0029933
    [month] => 2021-06
    [opening_balance] => 6
)

[2026-03-11 12:44:57] Updating existing record with full carry forward - Array
(
    [item_code] => SCMPL0029928
    [month] => 2021-06
    [opening_balance] => 12
)

[2026-03-11 12:44:57] Updating existing record with full carry forward - Array
(
    [item_code] => SCMPL0010360
    [month] => 2021-06
    [opening_balance] => 24
)

[2026-03-11 12:44:58] Updating existing record with full carry forward - Array
(
    [item_code] => SCMPL0009968
    [month] => 2021-06
    [opening_balance] => 530
)

[2026-03-11 12:44:58] Updating existing record with full carry forward - Array
(
    [item_code] => SCMPL0009977
    [month] => 2021-06
    [opening_balance] => 542
)

[2026-03-11 12:44:58] Updating existing record with full carry forward - Array
(
    [item_code] => SCMWN0019724
    [month] => 2021-06
    [opening_balance] => 130
)

[2026-03-11 12:44:58] Updating existing record with full carry forward - Array
(
    [item_code] => SCMKS0018253
    [month] => 2021-06
    [opening_balance] => 6
)

[2026-03-11 12:44:58] Updating existing record with full carry forward - Array
(
    [item_code] => SCMBR0037366
    [month] => 2021-06
    [opening_balance] => 48
)

[2026-03-11 12:44:58] Updating existing record with full carry forward - Array
(
    [item_code] => SCMBR0023264
    [month] => 2021-06
    [opening_balance] => 200
)

[2026-03-11 12:44:58] Updating existing record with full carry forward - Array
(
    [item_code] => SCMBR0018161
    [month] => 2021-06
    [opening_balance] => 130
)

[2026-03-11 12:44:58] Updating existing record with full carry forward - Array
(
    [item_code] => SCMKS0026879
    [month] => 2021-06
    [opening_balance] => 21
)

[2026-03-11 12:44:58] Updating existing record with full carry forward - Array
(
    [item_code] => SCMPL0010020
    [month] => 2021-06
    [opening_balance] => 1225
)

[2026-03-11 12:44:58] Processing month with carry forward - Array
(
    [month] => 2021-07
    [start_month] => 2021-04
    [start_day] => 01
    [days_in_month] => Array
        (
            [0] => 01
            [1] => 02
            [2] => 03
            [3] => 04
            [4] => 05
            [5] => 06
            [6] => 07
            [7] => 08
            [8] => 09
            [9] => 10
            [10] => 11
            [11] => 12
            [12] => 13
            [13] => 14
            [14] => 15
            [15] => 16
            [16] => 17
            [17] => 18
            [18] => 19
            [19] => 20
            [20] => 21
            [21] => 22
            [22] => 23
            [23] => 24
            [24] => 25
            [25] => 26
            [26] => 27
            [27] => 28
            [28] => 29
            [29] => 30
            [30] => 31
        )

)

[2026-03-11 12:44:58] Updating existing record with full carry forward - Array
(
    [item_code] => SCMPL0028274
    [month] => 2021-07
    [opening_balance] => 500
)

[2026-03-11 12:44:58] Updating existing record with full carry forward - Array
(
    [item_code] => SCMPL0028275
    [month] => 2021-07
    [opening_balance] => 500
)

[2026-03-11 12:44:58] Updating existing record with full carry forward - Array
(
    [item_code] => SCMPL0028356
    [month] => 2021-07
    [opening_balance] => 50
)

[2026-03-11 12:44:58] Updating existing record with full carry forward - Array
(
    [item_code] => SCMBR0021532
    [month] => 2021-07
    [opening_balance] => 300
)

[2026-03-11 12:44:58] Updating existing record with full carry forward - Array
(
    [item_code] => SCMPL0009668
    [month] => 2021-07
    [opening_balance] => 60
)

[2026-03-11 12:44:58] Updating existing record with full carry forward - Array
(
    [item_code] => SCMPL0009688
    [month] => 2021-07
    [opening_balance] => 50
)

[2026-03-11 12:44:58] Updating existing record with full carry forward - Array
(
    [item_code] => SCMPL0022277
    [month] => 2021-07
    [opening_balance] => 500
)

[2026-03-11 12:44:58] Updating existing record with full carry forward - Array
(
    [item_code] => SCMPL0022280
    [month] => 2021-07
    [opening_balance] => 32
)

[2026-03-11 12:44:58] Updating existing record with full carry forward - Array
(
    [item_code] => SCMPL0018737
    [month] => 2021-07
    [opening_balance] => 500
)

[2026-03-11 12:44:58] Updating existing record with full carry forward - Array
(
    [item_code] => SCMKS0026878
    [month] => 2021-07
    [opening_balance] => 50
)

[2026-03-11 12:44:58] Updating existing record with full carry forward - Array
(
    [item_code] => SCMPL0009775
    [month] => 2021-07
    [opening_balance] => 500
)

[2026-03-11 12:44:58] Updating existing record with full carry forward - Array
(
    [item_code] => SCMPL0010676
    [month] => 2021-07
    [opening_balance] => 30
)

[2026-03-11 12:44:58] Updating existing record with full carry forward - Array
(
    [item_code] => SCMPL0010677
    [month] => 2021-07
    [opening_balance] => 10
)

[2026-03-11 12:44:58] Updating existing record with full carry forward - Array
(
    [item_code] => SCMPL0010678
    [month] => 2021-07
    [opening_balance] => 1500
)

[2026-03-11 12:44:58] Updating existing record with full carry forward - Array
(
    [item_code] => SCMPL0010679
    [month] => 2021-07
    [opening_balance] => 1000
)

[2026-03-11 12:44:58] Updating existing record with full carry forward - Array
(
    [item_code] => SCMBR0018137
    [month] => 2021-07
    [opening_balance] => 300
)

[2026-03-11 12:44:58] Updating existing record with full carry forward - Array
(
    [item_code] => SCMKB0031391
    [month] => 2021-07
    [opening_balance] => 500
)

[2026-03-11 12:44:58] Updating existing record with full carry forward - Array
(
    [item_code] => SCMBR0018142
    [month] => 2021-07
    [opening_balance] => 300
)

[2026-03-11 12:44:58] Updating existing record with full carry forward - Array
(
    [item_code] => SCMBR0027089
    [month] => 2021-07
    [opening_balance] => 300
)

[2026-03-11 12:44:58] Updating existing record with full carry forward - Array
(
    [item_code] => SCMBR0018132
    [month] => 2021-07
    [opening_balance] => 121
)

[2026-03-11 12:44:58] Updating existing record with full carry forward - Array
(
    [item_code] => SCMBR0018158
    [month] => 2021-07
    [opening_balance] => 500
)

[2026-03-11 12:44:58] Updating existing record with full carry forward - Array
(
    [item_code] => SCMBR0023258
    [month] => 2021-07
    [opening_balance] => 500
)

[2026-03-11 12:44:58] Updating existing record with full carry forward - Array
(
    [item_code] => SCMPL0010445
    [month] => 2021-07
    [opening_balance] => 500
)

[2026-03-11 12:44:58] Updating existing record with full carry forward - Array
(
    [item_code] => SCMPL0010447
    [month] => 2021-07
    [opening_balance] => 20
)

[2026-03-11 12:44:58] Updating existing record with full carry forward - Array
(
    [item_code] => SCMPL0010612
    [month] => 2021-07
    [opening_balance] => 1000
)

[2026-03-11 12:44:58] Updating existing record with full carry forward - Array
(
    [item_code] => SCMPL0009770
    [month] => 2021-07
    [opening_balance] => 500
)

[2026-03-11 12:44:58] Updating existing record with full carry forward - Array
(
    [item_code] => SCMPL0018648
    [month] => 2021-07
    [opening_balance] => 200
)

[2026-03-11 12:44:58] Updating existing record with full carry forward - Array
(
    [item_code] => SCMPL0033624
    [month] => 2021-07
    [opening_balance] => 500
)

[2026-03-11 12:44:58] Updating existing record with full carry forward - Array
(
    [item_code] => SCMPL0012499
    [month] => 2021-07
    [opening_balance] => 15
)

[2026-03-11 12:44:58] Updating existing record with full carry forward - Array
(
    [item_code] => SCMPL0011438
    [month] => 2021-07
    [opening_balance] => 96
)

[2026-03-11 12:44:58] Updating existing record with full carry forward - Array
(
    [item_code] => SCMPL0011418
    [month] => 2021-07
    [opening_balance] => 240
)

[2026-03-11 12:44:58] Updating existing record with full carry forward - Array
(
    [item_code] => SCMPL0010234
    [month] => 2021-07
    [opening_balance] => 240
)

[2026-03-11 12:44:58] Updating existing record with full carry forward - Array
(
    [item_code] => SCMBR0018635
    [month] => 2021-07
    [opening_balance] => 200
)

[2026-03-11 12:44:58] Updating existing record with full carry forward - Array
(
    [item_code] => SCMBR0009847
    [month] => 2021-07
    [opening_balance] => 500
)

[2026-03-11 12:44:58] Updating existing record with full carry forward - Array
(
    [item_code] => SCMBR0029429
    [month] => 2021-07
    [opening_balance] => 500
)

[2026-03-11 12:44:58] Updating existing record with full carry forward - Array
(
    [item_code] => SCMBR0029431
    [month] => 2021-07
    [opening_balance] => 130
)

[2026-03-11 12:44:58] Updating existing record with full carry forward - Array
(
    [item_code] => SCMPL0010541
    [month] => 2021-07
    [opening_balance] => 400
)

[2026-03-11 12:44:58] Updating existing record with full carry forward - Array
(
    [item_code] => SCMPL0010198
    [month] => 2021-07
    [opening_balance] => 384
)

[2026-03-11 12:44:58] Updating existing record with full carry forward - Array
(
    [item_code] => SCMPL0010450
    [month] => 2021-07
    [opening_balance] => 200
)

[2026-03-11 12:44:58] Updating existing record with full carry forward - Array
(
    [item_code] => SCMPL0010451
    [month] => 2021-07
    [opening_balance] => 500
)

[2026-03-11 12:44:58] Updating existing record with full carry forward - Array
(
    [item_code] => SCMPL0010453
    [month] => 2021-07
    [opening_balance] => 30
)

[2026-03-11 12:44:58] Updating existing record with full carry forward - Array
(
    [item_code] => SCMPL0010056
    [month] => 2021-07
    [opening_balance] => 500
)

[2026-03-11 12:44:58] Updating existing record with full carry forward - Array
(
    [item_code] => SCMPL0040482
    [month] => 2021-07
    [opening_balance] => 300
)

[2026-03-11 12:44:58] Updating existing record with full carry forward - Array
(
    [item_code] => SCMPL0009894
    [month] => 2021-07
    [opening_balance] => 100
)

[2026-03-11 12:44:58] Updating existing record with full carry forward - Array
(
    [item_code] => SCMPL0009899
    [month] => 2021-07
    [opening_balance] => 500
)

[2026-03-11 12:44:58] Updating existing record with full carry forward - Array
(
    [item_code] => SCMPL0009902
    [month] => 2021-07
    [opening_balance] => 10
)

[2026-03-11 12:44:58] Updating existing record with full carry forward - Array
(
    [item_code] => SCMPL0009903
    [month] => 2021-07
    [opening_balance] => 20
)

[2026-03-11 12:44:58] Updating existing record with full carry forward - Array
(
    [item_code] => SCMPL0011581
    [month] => 2021-07
    [opening_balance] => 15
)

[2026-03-11 12:44:58] Updating existing record with full carry forward - Array
(
    [item_code] => SCMPL0009936
    [month] => 2021-07
    [opening_balance] => 500
)

[2026-03-11 12:44:58] Updating existing record with full carry forward - Array
(
    [item_code] => SCMPL0035367
    [month] => 2021-07
    [opening_balance] => 500
)

[2026-03-11 12:44:58] Updating existing record with full carry forward - Array
(
    [item_code] => SCMPL0010434
    [month] => 2021-07
    [opening_balance] => 500
)

[2026-03-11 12:44:58] Updating existing record with full carry forward - Array
(
    [item_code] => SCMPL0009942
    [month] => 2021-07
    [opening_balance] => 500
)

[2026-03-11 12:44:58] Updating existing record with full carry forward - Array
(
    [item_code] => SCMPL0036711
    [month] => 2021-07
    [opening_balance] => 500
)

[2026-03-11 12:44:58] Updating existing record with full carry forward - Array
(
    [item_code] => SCMPL0010701
    [month] => 2021-07
    [opening_balance] => 700
)

[2026-03-11 12:44:58] Updating existing record with full carry forward - Array
(
    [item_code] => SCMPL0010702
    [month] => 2021-07
    [opening_balance] => 100
)

[2026-03-11 12:44:58] Updating existing record with full carry forward - Array
(
    [item_code] => SCMPL0010076
    [month] => 2021-07
    [opening_balance] => 700
)

[2026-03-11 12:44:58] Updating existing record with full carry forward - Array
(
    [item_code] => SCMPL0010088
    [month] => 2021-07
    [opening_balance] => 264
)

[2026-03-11 12:44:58] Updating existing record with full carry forward - Array
(
    [item_code] => SCMPL0010075
    [month] => 2021-07
    [opening_balance] => 700
)

[2026-03-11 12:44:58] Updating existing record with full carry forward - Array
(
    [item_code] => SCMPL0010087
    [month] => 2021-07
    [opening_balance] => 1200
)

[2026-03-11 12:44:58] Updating existing record with full carry forward - Array
(
    [item_code] => SCMPL0010108
    [month] => 2021-07
    [opening_balance] => 10
)

[2026-03-11 12:44:58] Updating existing record with full carry forward - Array
(
    [item_code] => SCMPL0029933
    [month] => 2021-07
    [opening_balance] => 6
)

[2026-03-11 12:44:59] Updating existing record with full carry forward - Array
(
    [item_code] => SCMPL0029928
    [month] => 2021-07
    [opening_balance] => 12
)

[2026-03-11 12:44:59] Updating existing record with full carry forward - Array
(
    [item_code] => SCMPL0010360
    [month] => 2021-07
    [opening_balance] => 24
)

[2026-03-11 12:44:59] Updating existing record with full carry forward - Array
(
    [item_code] => SCMPL0009968
    [month] => 2021-07
    [opening_balance] => 530
)

[2026-03-11 12:44:59] Updating existing record with full carry forward - Array
(
    [item_code] => SCMPL0009977
    [month] => 2021-07
    [opening_balance] => 542
)

[2026-03-11 12:44:59] Updating existing record with full carry forward - Array
(
    [item_code] => SCMWN0019724
    [month] => 2021-07
    [opening_balance] => 130
)

[2026-03-11 12:44:59] Updating existing record with full carry forward - Array
(
    [item_code] => SCMKS0018253
    [month] => 2021-07
    [opening_balance] => 6
)

[2026-03-11 12:44:59] Updating existing record with full carry forward - Array
(
    [item_code] => SCMBR0037366
    [month] => 2021-07
    [opening_balance] => 48
)

[2026-03-11 12:44:59] Updating existing record with full carry forward - Array
(
    [item_code] => SCMBR0023264
    [month] => 2021-07
    [opening_balance] => 200
)

[2026-03-11 12:44:59] Updating existing record with full carry forward - Array
(
    [item_code] => SCMBR0018161
    [month] => 2021-07
    [opening_balance] => 130
)

[2026-03-11 12:44:59] Updating existing record with full carry forward - Array
(
    [item_code] => SCMKS0026879
    [month] => 2021-07
    [opening_balance] => 21
)

[2026-03-11 12:44:59] Updating existing record with full carry forward - Array
(
    [item_code] => SCMPL0010020
    [month] => 2021-07
    [opening_balance] => 1225
)

[2026-03-11 12:44:59] Processing month with carry forward - Array
(
    [month] => 2021-08
    [start_month] => 2021-04
    [start_day] => 01
    [days_in_month] => Array
        (
            [0] => 01
            [1] => 02
            [2] => 03
            [3] => 04
            [4] => 05
            [5] => 06
            [6] => 07
            [7] => 08
            [8] => 09
            [9] => 10
            [10] => 11
            [11] => 12
            [12] => 13
            [13] => 14
            [14] => 15
            [15] => 16
            [16] => 17
            [17] => 18
            [18] => 19
            [19] => 20
            [20] => 21
            [21] => 22
            [22] => 23
            [23] => 24
            [24] => 25
            [25] => 26
            [26] => 27
            [27] => 28
            [28] => 29
            [29] => 30
            [30] => 31
        )

)

[2026-03-11 12:44:59] Updating existing record with full carry forward - Array
(
    [item_code] => SCMPL0028274
    [month] => 2021-08
    [opening_balance] => 500
)

[2026-03-11 12:44:59] Updating existing record with full carry forward - Array
(
    [item_code] => SCMPL0028275
    [month] => 2021-08
    [opening_balance] => 500
)

[2026-03-11 12:44:59] Updating existing record with full carry forward - Array
(
    [item_code] => SCMPL0028356
    [month] => 2021-08
    [opening_balance] => 50
)

[2026-03-11 12:44:59] Updating existing record with full carry forward - Array
(
    [item_code] => SCMBR0021532
    [month] => 2021-08
    [opening_balance] => 300
)

[2026-03-11 12:44:59] Updating existing record with full carry forward - Array
(
    [item_code] => SCMPL0009668
    [month] => 2021-08
    [opening_balance] => 60
)

[2026-03-11 12:44:59] Updating existing record with full carry forward - Array
(
    [item_code] => SCMPL0009688
    [month] => 2021-08
    [opening_balance] => 50
)

[2026-03-11 12:44:59] Updating existing record with full carry forward - Array
(
    [item_code] => SCMPL0022277
    [month] => 2021-08
    [opening_balance] => 500
)

[2026-03-11 12:44:59] Updating existing record with full carry forward - Array
(
    [item_code] => SCMPL0022280
    [month] => 2021-08
    [opening_balance] => 32
)

[2026-03-11 12:44:59] Updating existing record with full carry forward - Array
(
    [item_code] => SCMPL0018737
    [month] => 2021-08
    [opening_balance] => 500
)

[2026-03-11 12:44:59] Updating existing record with full carry forward - Array
(
    [item_code] => SCMKS0026878
    [month] => 2021-08
    [opening_balance] => 50
)

[2026-03-11 12:44:59] Updating existing record with full carry forward - Array
(
    [item_code] => SCMPL0009775
    [month] => 2021-08
    [opening_balance] => 500
)

[2026-03-11 12:44:59] Updating existing record with full carry forward - Array
(
    [item_code] => SCMPL0010676
    [month] => 2021-08
    [opening_balance] => 30
)

[2026-03-11 12:44:59] Updating existing record with full carry forward - Array
(
    [item_code] => SCMPL0010677
    [month] => 2021-08
    [opening_balance] => 10
)

[2026-03-11 12:44:59] Updating existing record with full carry forward - Array
(
    [item_code] => SCMPL0010678
    [month] => 2021-08
    [opening_balance] => 1500
)

[2026-03-11 12:44:59] Updating existing record with full carry forward - Array
(
    [item_code] => SCMPL0010679
    [month] => 2021-08
    [opening_balance] => 1000
)

[2026-03-11 12:44:59] Updating existing record with full carry forward - Array
(
    [item_code] => SCMBR0018137
    [month] => 2021-08
    [opening_balance] => 300
)

[2026-03-11 12:44:59] Updating existing record with full carry forward - Array
(
    [item_code] => SCMKB0031391
    [month] => 2021-08
    [opening_balance] => 500
)

[2026-03-11 12:44:59] Updating existing record with full carry forward - Array
(
    [item_code] => SCMBR0018142
    [month] => 2021-08
    [opening_balance] => 300
)

[2026-03-11 12:44:59] Updating existing record with full carry forward - Array
(
    [item_code] => SCMBR0027089
    [month] => 2021-08
    [opening_balance] => 300
)

[2026-03-11 12:44:59] Updating existing record with full carry forward - Array
(
    [item_code] => SCMBR0018132
    [month] => 2021-08
    [opening_balance] => 121
)

[2026-03-11 12:44:59] Updating existing record with full carry forward - Array
(
    [item_code] => SCMBR0018158
    [month] => 2021-08
    [opening_balance] => 500
)

[2026-03-11 12:44:59] Updating existing record with full carry forward - Array
(
    [item_code] => SCMBR0023258
    [month] => 2021-08
    [opening_balance] => 500
)

[2026-03-11 12:44:59] Updating existing record with full carry forward - Array
(
    [item_code] => SCMPL0010445
    [month] => 2021-08
    [opening_balance] => 500
)

[2026-03-11 12:44:59] Updating existing record with full carry forward - Array
(
    [item_code] => SCMPL0010447
    [month] => 2021-08
    [opening_balance] => 20
)

[2026-03-11 12:44:59] Updating existing record with full carry forward - Array
(
    [item_code] => SCMPL0010612
    [month] => 2021-08
    [opening_balance] => 1000
)

[2026-03-11 12:44:59] Updating existing record with full carry forward - Array
(
    [item_code] => SCMPL0009770
    [month] => 2021-08
    [opening_balance] => 500
)

[2026-03-11 12:44:59] Updating existing record with full carry forward - Array
(
    [item_code] => SCMPL0018648
    [month] => 2021-08
    [opening_balance] => 200
)

[2026-03-11 12:44:59] Updating existing record with full carry forward - Array
(
    [item_code] => SCMPL0033624
    [month] => 2021-08
    [opening_balance] => 500
)

[2026-03-11 12:44:59] Updating existing record with full carry forward - Array
(
    [item_code] => SCMPL0012499
    [month] => 2021-08
    [opening_balance] => 15
)

[2026-03-11 12:44:59] Updating existing record with full carry forward - Array
(
    [item_code] => SCMPL0011438
    [month] => 2021-08
    [opening_balance] => 96
)

[2026-03-11 12:44:59] Updating existing record with full carry forward - Array
(
    [item_code] => SCMPL0011418
    [month] => 2021-08
    [opening_balance] => 240
)

[2026-03-11 12:44:59] Updating existing record with full carry forward - Array
(
    [item_code] => SCMPL0010234
    [month] => 2021-08
    [opening_balance] => 240
)

[2026-03-11 12:44:59] Updating existing record with full carry forward - Array
(
    [item_code] => SCMBR0018635
    [month] => 2021-08
    [opening_balance] => 200
)

[2026-03-11 12:44:59] Updating existing record with full carry forward - Array
(
    [item_code] => SCMBR0009847
    [month] => 2021-08
    [opening_balance] => 500
)

[2026-03-11 12:44:59] Updating existing record with full carry forward - Array
(
    [item_code] => SCMBR0029429
    [month] => 2021-08
    [opening_balance] => 500
)

[2026-03-11 12:44:59] Updating existing record with full carry forward - Array
(
    [item_code] => SCMBR0029431
    [month] => 2021-08
    [opening_balance] => 130
)

[2026-03-11 12:44:59] Updating existing record with full carry forward - Array
(
    [item_code] => SCMPL0010541
    [month] => 2021-08
    [opening_balance] => 400
)

[2026-03-11 12:44:59] Updating existing record with full carry forward - Array
(
    [item_code] => SCMPL0010198
    [month] => 2021-08
    [opening_balance] => 384
)

[2026-03-11 12:44:59] Updating existing record with full carry forward - Array
(
    [item_code] => SCMPL0010450
    [month] => 2021-08
    [opening_balance] => 200
)

[2026-03-11 12:44:59] Updating existing record with full carry forward - Array
(
    [item_code] => SCMPL0010451
    [month] => 2021-08
    [opening_balance] => 500
)

[2026-03-11 12:44:59] Updating existing record with full carry forward - Array
(
    [item_code] => SCMPL0010453
    [month] => 2021-08
    [opening_balance] => 30
)

[2026-03-11 12:44:59] Updating existing record with full carry forward - Array
(
    [item_code] => SCMPL0010056
    [month] => 2021-08
    [opening_balance] => 500
)

[2026-03-11 12:44:59] Updating existing record with full carry forward - Array
(
    [item_code] => SCMPL0040482
    [month] => 2021-08
    [opening_balance] => 300
)

[2026-03-11 12:44:59] Updating existing record with full carry forward - Array
(
    [item_code] => SCMPL0009894
    [month] => 2021-08
    [opening_balance] => 100
)

[2026-03-11 12:44:59] Updating existing record with full carry forward - Array
(
    [item_code] => SCMPL0009899
    [month] => 2021-08
    [opening_balance] => 500
)

[2026-03-11 12:44:59] Updating existing record with full carry forward - Array
(
    [item_code] => SCMPL0009902
    [month] => 2021-08
    [opening_balance] => 10
)

[2026-03-11 12:44:59] Updating existing record with full carry forward - Array
(
    [item_code] => SCMPL0009903
    [month] => 2021-08
    [opening_balance] => 20
)

[2026-03-11 12:44:59] Updating existing record with full carry forward - Array
(
    [item_code] => SCMPL0011581
    [month] => 2021-08
    [opening_balance] => 15
)

[2026-03-11 12:44:59] Updating existing record with full carry forward - Array
(
    [item_code] => SCMPL0009936
    [month] => 2021-08
    [opening_balance] => 500
)

[2026-03-11 12:44:59] Updating existing record with full carry forward - Array
(
    [item_code] => SCMPL0035367
    [month] => 2021-08
    [opening_balance] => 500
)

[2026-03-11 12:44:59] Updating existing record with full carry forward - Array
(
    [item_code] => SCMPL0010434
    [month] => 2021-08
    [opening_balance] => 500
)

[2026-03-11 12:44:59] Updating existing record with full carry forward - Array
(
    [item_code] => SCMPL0009942
    [month] => 2021-08
    [opening_balance] => 500
)

[2026-03-11 12:44:59] Updating existing record with full carry forward - Array
(
    [item_code] => SCMPL0036711
    [month] => 2021-08
    [opening_balance] => 500
)

[2026-03-11 12:44:59] Updating existing record with full carry forward - Array
(
    [item_code] => SCMPL0010701
    [month] => 2021-08
    [opening_balance] => 700
)

[2026-03-11 12:44:59] Updating existing record with full carry forward - Array
(
    [item_code] => SCMPL0010702
    [month] => 2021-08
    [opening_balance] => 100
)

[2026-03-11 12:44:59] Updating existing record with full carry forward - Array
(
    [item_code] => SCMPL0010076
    [month] => 2021-08
    [opening_balance] => 700
)

[2026-03-11 12:44:59] Updating existing record with full carry forward - Array
(
    [item_code] => SCMPL0010088
    [month] => 2021-08
    [opening_balance] => 264
)

[2026-03-11 12:44:59] Updating existing record with full carry forward - Array
(
    [item_code] => SCMPL0010075
    [month] => 2021-08
    [opening_balance] => 700
)

[2026-03-11 12:44:59] Updating existing record with full carry forward - Array
(
    [item_code] => SCMPL0010087
    [month] => 2021-08
    [opening_balance] => 1200
)

[2026-03-11 12:44:59] Updating existing record with full carry forward - Array
(
    [item_code] => SCMPL0010108
    [month] => 2021-08
    [opening_balance] => 10
)

[2026-03-11 12:45:00] Updating existing record with full carry forward - Array
(
    [item_code] => SCMPL0029933
    [month] => 2021-08
    [opening_balance] => 6
)

[2026-03-11 12:45:00] Updating existing record with full carry forward - Array
(
    [item_code] => SCMPL0029928
    [month] => 2021-08
    [opening_balance] => 12
)

[2026-03-11 12:45:00] Updating existing record with full carry forward - Array
(
    [item_code] => SCMPL0010360
    [month] => 2021-08
    [opening_balance] => 24
)

[2026-03-11 12:45:00] Updating existing record with full carry forward - Array
(
    [item_code] => SCMPL0009968
    [month] => 2021-08
    [opening_balance] => 530
)

[2026-03-11 12:45:00] Updating existing record with full carry forward - Array
(
    [item_code] => SCMPL0009977
    [month] => 2021-08
    [opening_balance] => 542
)

[2026-03-11 12:45:00] Updating existing record with full carry forward - Array
(
    [item_code] => SCMWN0019724
    [month] => 2021-08
    [opening_balance] => 130
)

[2026-03-11 12:45:00] Updating existing record with full carry forward - Array
(
    [item_code] => SCMKS0018253
    [month] => 2021-08
    [opening_balance] => 6
)

[2026-03-11 12:45:00] Updating existing record with full carry forward - Array
(
    [item_code] => SCMBR0037366
    [month] => 2021-08
    [opening_balance] => 48
)

[2026-03-11 12:45:00] Updating existing record with full carry forward - Array
(
    [item_code] => SCMBR0023264
    [month] => 2021-08
    [opening_balance] => 200
)

[2026-03-11 12:45:00] Updating existing record with full carry forward - Array
(
    [item_code] => SCMBR0018161
    [month] => 2021-08
    [opening_balance] => 130
)

[2026-03-11 12:45:00] Updating existing record with full carry forward - Array
(
    [item_code] => SCMKS0026879
    [month] => 2021-08
    [opening_balance] => 21
)

[2026-03-11 12:45:00] Updating existing record with full carry forward - Array
(
    [item_code] => SCMPL0010020
    [month] => 2021-08
    [opening_balance] => 1225
)

[2026-03-11 12:45:00] Processing month with carry forward - Array
(
    [month] => 2021-09
    [start_month] => 2021-04
    [start_day] => 01
    [days_in_month] => Array
        (
            [0] => 01
            [1] => 02
            [2] => 03
            [3] => 04
            [4] => 05
            [5] => 06
            [6] => 07
            [7] => 08
            [8] => 09
            [9] => 10
            [10] => 11
            [11] => 12
            [12] => 13
            [13] => 14
            [14] => 15
            [15] => 16
            [16] => 17
            [17] => 18
            [18] => 19
            [19] => 20
            [20] => 21
            [21] => 22
            [22] => 23
            [23] => 24
            [24] => 25
            [25] => 26
            [26] => 27
            [27] => 28
            [28] => 29
            [29] => 30
        )

)

[2026-03-11 12:45:00] Updating existing record with full carry forward - Array
(
    [item_code] => SCMPL0028274
    [month] => 2021-09
    [opening_balance] => 500
)

[2026-03-11 12:45:00] Updating existing record with full carry forward - Array
(
    [item_code] => SCMPL0028275
    [month] => 2021-09
    [opening_balance] => 500
)

[2026-03-11 12:45:00] Updating existing record with full carry forward - Array
(
    [item_code] => SCMPL0028356
    [month] => 2021-09
    [opening_balance] => 50
)

[2026-03-11 12:45:00] Updating existing record with full carry forward - Array
(
    [item_code] => SCMBR0021532
    [month] => 2021-09
    [opening_balance] => 300
)

[2026-03-11 12:45:00] Updating existing record with full carry forward - Array
(
    [item_code] => SCMPL0009668
    [month] => 2021-09
    [opening_balance] => 60
)

[2026-03-11 12:45:00] Updating existing record with full carry forward - Array
(
    [item_code] => SCMPL0009688
    [month] => 2021-09
    [opening_balance] => 50
)

[2026-03-11 12:45:00] Updating existing record with full carry forward - Array
(
    [item_code] => SCMPL0022277
    [month] => 2021-09
    [opening_balance] => 500
)

[2026-03-11 12:45:00] Updating existing record with full carry forward - Array
(
    [item_code] => SCMPL0022280
    [month] => 2021-09
    [opening_balance] => 32
)

[2026-03-11 12:45:00] Updating existing record with full carry forward - Array
(
    [item_code] => SCMPL0018737
    [month] => 2021-09
    [opening_balance] => 500
)

[2026-03-11 12:45:00] Updating existing record with full carry forward - Array
(
    [item_code] => SCMKS0026878
    [month] => 2021-09
    [opening_balance] => 50
)

[2026-03-11 12:45:00] Updating existing record with full carry forward - Array
(
    [item_code] => SCMPL0009775
    [month] => 2021-09
    [opening_balance] => 500
)

[2026-03-11 12:45:00] Updating existing record with full carry forward - Array
(
    [item_code] => SCMPL0010676
    [month] => 2021-09
    [opening_balance] => 30
)

[2026-03-11 12:45:00] Updating existing record with full carry forward - Array
(
    [item_code] => SCMPL0010677
    [month] => 2021-09
    [opening_balance] => 10
)

[2026-03-11 12:45:00] Updating existing record with full carry forward - Array
(
    [item_code] => SCMPL0010678
    [month] => 2021-09
    [opening_balance] => 1500
)

[2026-03-11 12:45:00] Updating existing record with full carry forward - Array
(
    [item_code] => SCMPL0010679
    [month] => 2021-09
    [opening_balance] => 1000
)

[2026-03-11 12:45:00] Updating existing record with full carry forward - Array
(
    [item_code] => SCMBR0018137
    [month] => 2021-09
    [opening_balance] => 300
)

[2026-03-11 12:45:00] Updating existing record with full carry forward - Array
(
    [item_code] => SCMKB0031391
    [month] => 2021-09
    [opening_balance] => 500
)

[2026-03-11 12:45:00] Updating existing record with full carry forward - Array
(
    [item_code] => SCMBR0018142
    [month] => 2021-09
    [opening_balance] => 300
)

[2026-03-11 12:45:00] Updating existing record with full carry forward - Array
(
    [item_code] => SCMBR0027089
    [month] => 2021-09
    [opening_balance] => 300
)

[2026-03-11 12:45:00] Updating existing record with full carry forward - Array
(
    [item_code] => SCMBR0018132
    [month] => 2021-09
    [opening_balance] => 121
)

[2026-03-11 12:45:00] Updating existing record with full carry forward - Array
(
    [item_code] => SCMBR0018158
    [month] => 2021-09
    [opening_balance] => 500
)

[2026-03-11 12:45:00] Updating existing record with full carry forward - Array
(
    [item_code] => SCMBR0023258
    [month] => 2021-09
    [opening_balance] => 500
)

[2026-03-11 12:45:00] Updating existing record with full carry forward - Array
(
    [item_code] => SCMPL0010445
    [month] => 2021-09
    [opening_balance] => 500
)

[2026-03-11 12:45:00] Updating existing record with full carry forward - Array
(
    [item_code] => SCMPL0010447
    [month] => 2021-09
    [opening_balance] => 20
)

[2026-03-11 12:45:00] Updating existing record with full carry forward - Array
(
    [item_code] => SCMPL0010612
    [month] => 2021-09
    [opening_balance] => 1000
)

[2026-03-11 12:45:00] Updating existing record with full carry forward - Array
(
    [item_code] => SCMPL0009770
    [month] => 2021-09
    [opening_balance] => 500
)

[2026-03-11 12:45:00] Updating existing record with full carry forward - Array
(
    [item_code] => SCMPL0018648
    [month] => 2021-09
    [opening_balance] => 200
)

[2026-03-11 12:45:00] Updating existing record with full carry forward - Array
(
    [item_code] => SCMPL0033624
    [month] => 2021-09
    [opening_balance] => 500
)

[2026-03-11 12:45:00] Updating existing record with full carry forward - Array
(
    [item_code] => SCMPL0012499
    [month] => 2021-09
    [opening_balance] => 15
)

[2026-03-11 12:45:00] Updating existing record with full carry forward - Array
(
    [item_code] => SCMPL0011438
    [month] => 2021-09
    [opening_balance] => 96
)

[2026-03-11 12:45:00] Updating existing record with full carry forward - Array
(
    [item_code] => SCMPL0011418
    [month] => 2021-09
    [opening_balance] => 240
)

[2026-03-11 12:45:00] Updating existing record with full carry forward - Array
(
    [item_code] => SCMPL0010234
    [month] => 2021-09
    [opening_balance] => 240
)

[2026-03-11 12:45:00] Updating existing record with full carry forward - Array
(
    [item_code] => SCMBR0018635
    [month] => 2021-09
    [opening_balance] => 200
)

[2026-03-11 12:45:00] Updating existing record with full carry forward - Array
(
    [item_code] => SCMBR0009847
    [month] => 2021-09
    [opening_balance] => 500
)

[2026-03-11 12:45:00] Updating existing record with full carry forward - Array
(
    [item_code] => SCMBR0029429
    [month] => 2021-09
    [opening_balance] => 500
)

[2026-03-11 12:45:00] Updating existing record with full carry forward - Array
(
    [item_code] => SCMBR0029431
    [month] => 2021-09
    [opening_balance] => 130
)

[2026-03-11 12:45:00] Updating existing record with full carry forward - Array
(
    [item_code] => SCMPL0010541
    [month] => 2021-09
    [opening_balance] => 400
)

[2026-03-11 12:45:00] Updating existing record with full carry forward - Array
(
    [item_code] => SCMPL0010198
    [month] => 2021-09
    [opening_balance] => 384
)

[2026-03-11 12:45:00] Updating existing record with full carry forward - Array
(
    [item_code] => SCMPL0010450
    [month] => 2021-09
    [opening_balance] => 200
)

[2026-03-11 12:45:00] Updating existing record with full carry forward - Array
(
    [item_code] => SCMPL0010451
    [month] => 2021-09
    [opening_balance] => 500
)

[2026-03-11 12:45:00] Updating existing record with full carry forward - Array
(
    [item_code] => SCMPL0010453
    [month] => 2021-09
    [opening_balance] => 30
)

[2026-03-11 12:45:00] Updating existing record with full carry forward - Array
(
    [item_code] => SCMPL0010056
    [month] => 2021-09
    [opening_balance] => 500
)

[2026-03-11 12:45:00] Updating existing record with full carry forward - Array
(
    [item_code] => SCMPL0040482
    [month] => 2021-09
    [opening_balance] => 300
)

[2026-03-11 12:45:00] Updating existing record with full carry forward - Array
(
    [item_code] => SCMPL0009894
    [month] => 2021-09
    [opening_balance] => 100
)

[2026-03-11 12:45:00] Updating existing record with full carry forward - Array
(
    [item_code] => SCMPL0009899
    [month] => 2021-09
    [opening_balance] => 500
)

[2026-03-11 12:45:00] Updating existing record with full carry forward - Array
(
    [item_code] => SCMPL0009902
    [month] => 2021-09
    [opening_balance] => 10
)

[2026-03-11 12:45:00] Updating existing record with full carry forward - Array
(
    [item_code] => SCMPL0009903
    [month] => 2021-09
    [opening_balance] => 20
)

[2026-03-11 12:45:00] Updating existing record with full carry forward - Array
(
    [item_code] => SCMPL0011581
    [month] => 2021-09
    [opening_balance] => 15
)

[2026-03-11 12:45:00] Updating existing record with full carry forward - Array
(
    [item_code] => SCMPL0009936
    [month] => 2021-09
    [opening_balance] => 500
)

[2026-03-11 12:45:00] Updating existing record with full carry forward - Array
(
    [item_code] => SCMPL0035367
    [month] => 2021-09
    [opening_balance] => 500
)

[2026-03-11 12:45:00] Updating existing record with full carry forward - Array
(
    [item_code] => SCMPL0010434
    [month] => 2021-09
    [opening_balance] => 500
)

[2026-03-11 12:45:00] Updating existing record with full carry forward - Array
(
    [item_code] => SCMPL0009942
    [month] => 2021-09
    [opening_balance] => 500
)

[2026-03-11 12:45:00] Updating existing record with full carry forward - Array
(
    [item_code] => SCMPL0036711
    [month] => 2021-09
    [opening_balance] => 500
)

[2026-03-11 12:45:00] Updating existing record with full carry forward - Array
(
    [item_code] => SCMPL0010701
    [month] => 2021-09
    [opening_balance] => 700
)

[2026-03-11 12:45:01] Updating existing record with full carry forward - Array
(
    [item_code] => SCMPL0010702
    [month] => 2021-09
    [opening_balance] => 100
)

[2026-03-11 12:45:01] Updating existing record with full carry forward - Array
(
    [item_code] => SCMPL0010076
    [month] => 2021-09
    [opening_balance] => 700
)

[2026-03-11 12:45:01] Updating existing record with full carry forward - Array
(
    [item_code] => SCMPL0010088
    [month] => 2021-09
    [opening_balance] => 264
)

[2026-03-11 12:45:01] Updating existing record with full carry forward - Array
(
    [item_code] => SCMPL0010075
    [month] => 2021-09
    [opening_balance] => 700
)

[2026-03-11 12:45:01] Updating existing record with full carry forward - Array
(
    [item_code] => SCMPL0010087
    [month] => 2021-09
    [opening_balance] => 1200
)

[2026-03-11 12:45:01] Updating existing record with full carry forward - Array
(
    [item_code] => SCMPL0010108
    [month] => 2021-09
    [opening_balance] => 10
)

[2026-03-11 12:45:01] Updating existing record with full carry forward - Array
(
    [item_code] => SCMPL0029933
    [month] => 2021-09
    [opening_balance] => 6
)

[2026-03-11 12:45:01] Updating existing record with full carry forward - Array
(
    [item_code] => SCMPL0029928
    [month] => 2021-09
    [opening_balance] => 12
)

[2026-03-11 12:45:01] Updating existing record with full carry forward - Array
(
    [item_code] => SCMPL0010360
    [month] => 2021-09
    [opening_balance] => 24
)

[2026-03-11 12:45:01] Updating existing record with full carry forward - Array
(
    [item_code] => SCMPL0009968
    [month] => 2021-09
    [opening_balance] => 530
)

[2026-03-11 12:45:01] Updating existing record with full carry forward - Array
(
    [item_code] => SCMPL0009977
    [month] => 2021-09
    [opening_balance] => 542
)

[2026-03-11 12:45:01] Updating existing record with full carry forward - Array
(
    [item_code] => SCMWN0019724
    [month] => 2021-09
    [opening_balance] => 130
)

[2026-03-11 12:45:01] Updating existing record with full carry forward - Array
(
    [item_code] => SCMKS0018253
    [month] => 2021-09
    [opening_balance] => 6
)

[2026-03-11 12:45:01] Updating existing record with full carry forward - Array
(
    [item_code] => SCMBR0037366
    [month] => 2021-09
    [opening_balance] => 48
)

[2026-03-11 12:45:01] Updating existing record with full carry forward - Array
(
    [item_code] => SCMBR0023264
    [month] => 2021-09
    [opening_balance] => 200
)

[2026-03-11 12:45:01] Updating existing record with full carry forward - Array
(
    [item_code] => SCMBR0018161
    [month] => 2021-09
    [opening_balance] => 130
)

[2026-03-11 12:45:01] Updating existing record with full carry forward - Array
(
    [item_code] => SCMKS0026879
    [month] => 2021-09
    [opening_balance] => 21
)

[2026-03-11 12:45:01] Updating existing record with full carry forward - Array
(
    [item_code] => SCMPL0010020
    [month] => 2021-09
    [opening_balance] => 1225
)

[2026-03-11 12:45:01] Processing month with carry forward - Array
(
    [month] => 2021-10
    [start_month] => 2021-04
    [start_day] => 01
    [days_in_month] => Array
        (
            [0] => 01
            [1] => 02
            [2] => 03
            [3] => 04
            [4] => 05
            [5] => 06
            [6] => 07
            [7] => 08
            [8] => 09
            [9] => 10
            [10] => 11
            [11] => 12
            [12] => 13
            [13] => 14
            [14] => 15
            [15] => 16
            [16] => 17
            [17] => 18
            [18] => 19
            [19] => 20
            [20] => 21
            [21] => 22
            [22] => 23
            [23] => 24
            [24] => 25
            [25] => 26
            [26] => 27
            [27] => 28
            [28] => 29
            [29] => 30
            [30] => 31
        )

)

[2026-03-11 12:45:01] Updating existing record with full carry forward - Array
(
    [item_code] => SCMPL0028274
    [month] => 2021-10
    [opening_balance] => 500
)

[2026-03-11 12:45:01] Updating existing record with full carry forward - Array
(
    [item_code] => SCMPL0028275
    [month] => 2021-10
    [opening_balance] => 500
)

[2026-03-11 12:45:01] Updating existing record with full carry forward - Array
(
    [item_code] => SCMPL0028356
    [month] => 2021-10
    [opening_balance] => 50
)

[2026-03-11 12:45:01] Updating existing record with full carry forward - Array
(
    [item_code] => SCMBR0021532
    [month] => 2021-10
    [opening_balance] => 300
)

[2026-03-11 12:45:01] Updating existing record with full carry forward - Array
(
    [item_code] => SCMPL0009668
    [month] => 2021-10
    [opening_balance] => 60
)

[2026-03-11 12:45:01] Updating existing record with full carry forward - Array
(
    [item_code] => SCMPL0009688
    [month] => 2021-10
    [opening_balance] => 50
)

[2026-03-11 12:45:01] Updating existing record with full carry forward - Array
(
    [item_code] => SCMPL0022277
    [month] => 2021-10
    [opening_balance] => 500
)

[2026-03-11 12:45:01] Updating existing record with full carry forward - Array
(
    [item_code] => SCMPL0022280
    [month] => 2021-10
    [opening_balance] => 32
)

[2026-03-11 12:45:01] Updating existing record with full carry forward - Array
(
    [item_code] => SCMPL0018737
    [month] => 2021-10
    [opening_balance] => 500
)

[2026-03-11 12:45:01] Updating existing record with full carry forward - Array
(
    [item_code] => SCMKS0026878
    [month] => 2021-10
    [opening_balance] => 50
)

[2026-03-11 12:45:01] Updating existing record with full carry forward - Array
(
    [item_code] => SCMPL0009775
    [month] => 2021-10
    [opening_balance] => 500
)

[2026-03-11 12:45:01] Updating existing record with full carry forward - Array
(
    [item_code] => SCMPL0010676
    [month] => 2021-10
    [opening_balance] => 30
)

[2026-03-11 12:45:01] Updating existing record with full carry forward - Array
(
    [item_code] => SCMPL0010677
    [month] => 2021-10
    [opening_balance] => 10
)

[2026-03-11 12:45:01] Updating existing record with full carry forward - Array
(
    [item_code] => SCMPL0010678
    [month] => 2021-10
    [opening_balance] => 1500
)

[2026-03-11 12:45:01] Updating existing record with full carry forward - Array
(
    [item_code] => SCMPL0010679
    [month] => 2021-10
    [opening_balance] => 1000
)

[2026-03-11 12:45:01] Updating existing record with full carry forward - Array
(
    [item_code] => SCMBR0018137
    [month] => 2021-10
    [opening_balance] => 300
)

[2026-03-11 12:45:01] Updating existing record with full carry forward - Array
(
    [item_code] => SCMKB0031391
    [month] => 2021-10
    [opening_balance] => 500
)

[2026-03-11 12:45:01] Updating existing record with full carry forward - Array
(
    [item_code] => SCMBR0018142
    [month] => 2021-10
    [opening_balance] => 300
)

[2026-03-11 12:45:01] Updating existing record with full carry forward - Array
(
    [item_code] => SCMBR0027089
    [month] => 2021-10
    [opening_balance] => 300
)

[2026-03-11 12:45:01] Updating existing record with full carry forward - Array
(
    [item_code] => SCMBR0018132
    [month] => 2021-10
    [opening_balance] => 121
)

[2026-03-11 12:45:01] Updating existing record with full carry forward - Array
(
    [item_code] => SCMBR0018158
    [month] => 2021-10
    [opening_balance] => 500
)

[2026-03-11 12:45:01] Updating existing record with full carry forward - Array
(
    [item_code] => SCMBR0023258
    [month] => 2021-10
    [opening_balance] => 500
)

[2026-03-11 12:45:01] Updating existing record with full carry forward - Array
(
    [item_code] => SCMPL0010445
    [month] => 2021-10
    [opening_balance] => 500
)

[2026-03-11 12:45:01] Updating existing record with full carry forward - Array
(
    [item_code] => SCMPL0010447
    [month] => 2021-10
    [opening_balance] => 20
)

[2026-03-11 12:45:01] Updating existing record with full carry forward - Array
(
    [item_code] => SCMPL0010612
    [month] => 2021-10
    [opening_balance] => 1000
)

[2026-03-11 12:45:01] Updating existing record with full carry forward - Array
(
    [item_code] => SCMPL0009770
    [month] => 2021-10
    [opening_balance] => 500
)

[2026-03-11 12:45:01] Updating existing record with full carry forward - Array
(
    [item_code] => SCMPL0018648
    [month] => 2021-10
    [opening_balance] => 200
)

[2026-03-11 12:45:01] Updating existing record with full carry forward - Array
(
    [item_code] => SCMPL0033624
    [month] => 2021-10
    [opening_balance] => 500
)

[2026-03-11 12:45:01] Updating existing record with full carry forward - Array
(
    [item_code] => SCMPL0012499
    [month] => 2021-10
    [opening_balance] => 15
)

[2026-03-11 12:45:01] Updating existing record with full carry forward - Array
(
    [item_code] => SCMPL0011438
    [month] => 2021-10
    [opening_balance] => 96
)

[2026-03-11 12:45:01] Updating existing record with full carry forward - Array
(
    [item_code] => SCMPL0011418
    [month] => 2021-10
    [opening_balance] => 240
)

[2026-03-11 12:45:01] Updating existing record with full carry forward - Array
(
    [item_code] => SCMPL0010234
    [month] => 2021-10
    [opening_balance] => 240
)

[2026-03-11 12:45:01] Updating existing record with full carry forward - Array
(
    [item_code] => SCMBR0018635
    [month] => 2021-10
    [opening_balance] => 200
)

[2026-03-11 12:45:01] Updating existing record with full carry forward - Array
(
    [item_code] => SCMBR0009847
    [month] => 2021-10
    [opening_balance] => 500
)

[2026-03-11 12:45:01] Updating existing record with full carry forward - Array
(
    [item_code] => SCMBR0029429
    [month] => 2021-10
    [opening_balance] => 500
)

[2026-03-11 12:45:01] Updating existing record with full carry forward - Array
(
    [item_code] => SCMBR0029431
    [month] => 2021-10
    [opening_balance] => 130
)

[2026-03-11 12:45:01] Updating existing record with full carry forward - Array
(
    [item_code] => SCMPL0010541
    [month] => 2021-10
    [opening_balance] => 400
)

[2026-03-11 12:45:01] Updating existing record with full carry forward - Array
(
    [item_code] => SCMPL0010198
    [month] => 2021-10
    [opening_balance] => 384
)

[2026-03-11 12:45:01] Updating existing record with full carry forward - Array
(
    [item_code] => SCMPL0010450
    [month] => 2021-10
    [opening_balance] => 200
)

[2026-03-11 12:45:01] Updating existing record with full carry forward - Array
(
    [item_code] => SCMPL0010451
    [month] => 2021-10
    [opening_balance] => 500
)

[2026-03-11 12:45:01] Updating existing record with full carry forward - Array
(
    [item_code] => SCMPL0010453
    [month] => 2021-10
    [opening_balance] => 30
)

[2026-03-11 12:45:01] Updating existing record with full carry forward - Array
(
    [item_code] => SCMPL0010056
    [month] => 2021-10
    [opening_balance] => 500
)

[2026-03-11 12:45:01] Updating existing record with full carry forward - Array
(
    [item_code] => SCMPL0040482
    [month] => 2021-10
    [opening_balance] => 300
)

[2026-03-11 12:45:01] Updating existing record with full carry forward - Array
(
    [item_code] => SCMPL0009894
    [month] => 2021-10
    [opening_balance] => 100
)

[2026-03-11 12:45:01] Updating existing record with full carry forward - Array
(
    [item_code] => SCMPL0009899
    [month] => 2021-10
    [opening_balance] => 500
)

[2026-03-11 12:45:01] Updating existing record with full carry forward - Array
(
    [item_code] => SCMPL0009902
    [month] => 2021-10
    [opening_balance] => 10
)

[2026-03-11 12:45:01] Updating existing record with full carry forward - Array
(
    [item_code] => SCMPL0009903
    [month] => 2021-10
    [opening_balance] => 20
)

[2026-03-11 12:45:01] Updating existing record with full carry forward - Array
(
    [item_code] => SCMPL0011581
    [month] => 2021-10
    [opening_balance] => 15
)

[2026-03-11 12:45:01] Updating existing record with full carry forward - Array
(
    [item_code] => SCMPL0009936
    [month] => 2021-10
    [opening_balance] => 500
)

[2026-03-11 12:45:01] Updating existing record with full carry forward - Array
(
    [item_code] => SCMPL0035367
    [month] => 2021-10
    [opening_balance] => 500
)

[2026-03-11 12:45:01] Updating existing record with full carry forward - Array
(
    [item_code] => SCMPL0010434
    [month] => 2021-10
    [opening_balance] => 500
)

[2026-03-11 12:45:01] Updating existing record with full carry forward - Array
(
    [item_code] => SCMPL0009942
    [month] => 2021-10
    [opening_balance] => 500
)

[2026-03-11 12:45:02] Updating existing record with full carry forward - Array
(
    [item_code] => SCMPL0036711
    [month] => 2021-10
    [opening_balance] => 500
)

[2026-03-11 12:45:02] Updating existing record with full carry forward - Array
(
    [item_code] => SCMPL0010701
    [month] => 2021-10
    [opening_balance] => 700
)

[2026-03-11 12:45:02] Updating existing record with full carry forward - Array
(
    [item_code] => SCMPL0010702
    [month] => 2021-10
    [opening_balance] => 100
)

[2026-03-11 12:45:02] Updating existing record with full carry forward - Array
(
    [item_code] => SCMPL0010076
    [month] => 2021-10
    [opening_balance] => 700
)

[2026-03-11 12:45:02] Updating existing record with full carry forward - Array
(
    [item_code] => SCMPL0010088
    [month] => 2021-10
    [opening_balance] => 264
)

[2026-03-11 12:45:02] Updating existing record with full carry forward - Array
(
    [item_code] => SCMPL0010075
    [month] => 2021-10
    [opening_balance] => 700
)

[2026-03-11 12:45:02] Updating existing record with full carry forward - Array
(
    [item_code] => SCMPL0010087
    [month] => 2021-10
    [opening_balance] => 1200
)

[2026-03-11 12:45:02] Updating existing record with full carry forward - Array
(
    [item_code] => SCMPL0010108
    [month] => 2021-10
    [opening_balance] => 10
)

[2026-03-11 12:45:02] Updating existing record with full carry forward - Array
(
    [item_code] => SCMPL0029933
    [month] => 2021-10
    [opening_balance] => 6
)

[2026-03-11 12:45:02] Updating existing record with full carry forward - Array
(
    [item_code] => SCMPL0029928
    [month] => 2021-10
    [opening_balance] => 12
)

[2026-03-11 12:45:02] Updating existing record with full carry forward - Array
(
    [item_code] => SCMPL0010360
    [month] => 2021-10
    [opening_balance] => 24
)

[2026-03-11 12:45:02] Updating existing record with full carry forward - Array
(
    [item_code] => SCMPL0009968
    [month] => 2021-10
    [opening_balance] => 530
)

[2026-03-11 12:45:02] Updating existing record with full carry forward - Array
(
    [item_code] => SCMPL0009977
    [month] => 2021-10
    [opening_balance] => 542
)

[2026-03-11 12:45:02] Updating existing record with full carry forward - Array
(
    [item_code] => SCMWN0019724
    [month] => 2021-10
    [opening_balance] => 130
)

[2026-03-11 12:45:02] Updating existing record with full carry forward - Array
(
    [item_code] => SCMKS0018253
    [month] => 2021-10
    [opening_balance] => 6
)

[2026-03-11 12:45:02] Updating existing record with full carry forward - Array
(
    [item_code] => SCMBR0037366
    [month] => 2021-10
    [opening_balance] => 48
)

[2026-03-11 12:45:02] Updating existing record with full carry forward - Array
(
    [item_code] => SCMBR0023264
    [month] => 2021-10
    [opening_balance] => 200
)

[2026-03-11 12:45:02] Updating existing record with full carry forward - Array
(
    [item_code] => SCMBR0018161
    [month] => 2021-10
    [opening_balance] => 130
)

[2026-03-11 12:45:02] Updating existing record with full carry forward - Array
(
    [item_code] => SCMKS0026879
    [month] => 2021-10
    [opening_balance] => 21
)

[2026-03-11 12:45:02] Updating existing record with full carry forward - Array
(
    [item_code] => SCMPL0010020
    [month] => 2021-10
    [opening_balance] => 1225
)

[2026-03-11 12:45:02] Processing month with carry forward - Array
(
    [month] => 2021-11
    [start_month] => 2021-04
    [start_day] => 01
    [days_in_month] => Array
        (
            [0] => 01
            [1] => 02
            [2] => 03
            [3] => 04
            [4] => 05
            [5] => 06
            [6] => 07
            [7] => 08
            [8] => 09
            [9] => 10
            [10] => 11
            [11] => 12
            [12] => 13
            [13] => 14
            [14] => 15
            [15] => 16
            [16] => 17
            [17] => 18
            [18] => 19
            [19] => 20
            [20] => 21
            [21] => 22
            [22] => 23
            [23] => 24
            [24] => 25
            [25] => 26
            [26] => 27
            [27] => 28
            [28] => 29
            [29] => 30
        )

)

[2026-03-11 12:45:02] Updating existing record with full carry forward - Array
(
    [item_code] => SCMPL0028274
    [month] => 2021-11
    [opening_balance] => 500
)

[2026-03-11 12:45:02] Updating existing record with full carry forward - Array
(
    [item_code] => SCMPL0028275
    [month] => 2021-11
    [opening_balance] => 500
)

[2026-03-11 12:45:02] Updating existing record with full carry forward - Array
(
    [item_code] => SCMPL0028356
    [month] => 2021-11
    [opening_balance] => 50
)

[2026-03-11 12:45:02] Updating existing record with full carry forward - Array
(
    [item_code] => SCMBR0021532
    [month] => 2021-11
    [opening_balance] => 300
)

[2026-03-11 12:45:02] Updating existing record with full carry forward - Array
(
    [item_code] => SCMPL0009668
    [month] => 2021-11
    [opening_balance] => 60
)

[2026-03-11 12:45:02] Updating existing record with full carry forward - Array
(
    [item_code] => SCMPL0009688
    [month] => 2021-11
    [opening_balance] => 50
)

[2026-03-11 12:45:02] Updating existing record with full carry forward - Array
(
    [item_code] => SCMPL0022277
    [month] => 2021-11
    [opening_balance] => 500
)

[2026-03-11 12:45:02] Updating existing record with full carry forward - Array
(
    [item_code] => SCMPL0022280
    [month] => 2021-11
    [opening_balance] => 32
)

[2026-03-11 12:45:02] Updating existing record with full carry forward - Array
(
    [item_code] => SCMPL0018737
    [month] => 2021-11
    [opening_balance] => 500
)

[2026-03-11 12:45:02] Updating existing record with full carry forward - Array
(
    [item_code] => SCMKS0026878
    [month] => 2021-11
    [opening_balance] => 50
)

[2026-03-11 12:45:02] Updating existing record with full carry forward - Array
(
    [item_code] => SCMPL0009775
    [month] => 2021-11
    [opening_balance] => 500
)

[2026-03-11 12:45:02] Updating existing record with full carry forward - Array
(
    [item_code] => SCMPL0010676
    [month] => 2021-11
    [opening_balance] => 30
)

[2026-03-11 12:45:02] Updating existing record with full carry forward - Array
(
    [item_code] => SCMPL0010677
    [month] => 2021-11
    [opening_balance] => 10
)

[2026-03-11 12:45:02] Updating existing record with full carry forward - Array
(
    [item_code] => SCMPL0010678
    [month] => 2021-11
    [opening_balance] => 1500
)

[2026-03-11 12:45:02] Updating existing record with full carry forward - Array
(
    [item_code] => SCMPL0010679
    [month] => 2021-11
    [opening_balance] => 1000
)

[2026-03-11 12:45:02] Updating existing record with full carry forward - Array
(
    [item_code] => SCMBR0018137
    [month] => 2021-11
    [opening_balance] => 300
)

[2026-03-11 12:45:02] Updating existing record with full carry forward - Array
(
    [item_code] => SCMKB0031391
    [month] => 2021-11
    [opening_balance] => 500
)

[2026-03-11 12:45:02] Updating existing record with full carry forward - Array
(
    [item_code] => SCMBR0018142
    [month] => 2021-11
    [opening_balance] => 300
)

[2026-03-11 12:45:02] Updating existing record with full carry forward - Array
(
    [item_code] => SCMBR0027089
    [month] => 2021-11
    [opening_balance] => 300
)

[2026-03-11 12:45:02] Updating existing record with full carry forward - Array
(
    [item_code] => SCMBR0018132
    [month] => 2021-11
    [opening_balance] => 121
)

[2026-03-11 12:45:02] Updating existing record with full carry forward - Array
(
    [item_code] => SCMBR0018158
    [month] => 2021-11
    [opening_balance] => 500
)

[2026-03-11 12:45:02] Updating existing record with full carry forward - Array
(
    [item_code] => SCMBR0023258
    [month] => 2021-11
    [opening_balance] => 500
)

[2026-03-11 12:45:02] Updating existing record with full carry forward - Array
(
    [item_code] => SCMPL0010445
    [month] => 2021-11
    [opening_balance] => 500
)

[2026-03-11 12:45:02] Updating existing record with full carry forward - Array
(
    [item_code] => SCMPL0010447
    [month] => 2021-11
    [opening_balance] => 20
)

[2026-03-11 12:45:02] Updating existing record with full carry forward - Array
(
    [item_code] => SCMPL0010612
    [month] => 2021-11
    [opening_balance] => 1000
)

[2026-03-11 12:45:02] Updating existing record with full carry forward - Array
(
    [item_code] => SCMPL0009770
    [month] => 2021-11
    [opening_balance] => 500
)

[2026-03-11 12:45:02] Updating existing record with full carry forward - Array
(
    [item_code] => SCMPL0018648
    [month] => 2021-11
    [opening_balance] => 200
)

[2026-03-11 12:45:02] Updating existing record with full carry forward - Array
(
    [item_code] => SCMPL0033624
    [month] => 2021-11
    [opening_balance] => 500
)

[2026-03-11 12:45:02] Updating existing record with full carry forward - Array
(
    [item_code] => SCMPL0012499
    [month] => 2021-11
    [opening_balance] => 15
)

[2026-03-11 12:45:02] Updating existing record with full carry forward - Array
(
    [item_code] => SCMPL0011438
    [month] => 2021-11
    [opening_balance] => 96
)

[2026-03-11 12:45:02] Updating existing record with full carry forward - Array
(
    [item_code] => SCMPL0011418
    [month] => 2021-11
    [opening_balance] => 240
)

[2026-03-11 12:45:02] Updating existing record with full carry forward - Array
(
    [item_code] => SCMPL0010234
    [month] => 2021-11
    [opening_balance] => 240
)

[2026-03-11 12:45:02] Updating existing record with full carry forward - Array
(
    [item_code] => SCMBR0018635
    [month] => 2021-11
    [opening_balance] => 200
)

[2026-03-11 12:45:02] Updating existing record with full carry forward - Array
(
    [item_code] => SCMBR0009847
    [month] => 2021-11
    [opening_balance] => 500
)

[2026-03-11 12:45:02] Updating existing record with full carry forward - Array
(
    [item_code] => SCMBR0029429
    [month] => 2021-11
    [opening_balance] => 500
)

[2026-03-11 12:45:02] Updating existing record with full carry forward - Array
(
    [item_code] => SCMBR0029431
    [month] => 2021-11
    [opening_balance] => 130
)

[2026-03-11 12:45:02] Updating existing record with full carry forward - Array
(
    [item_code] => SCMPL0010541
    [month] => 2021-11
    [opening_balance] => 400
)

[2026-03-11 12:45:02] Updating existing record with full carry forward - Array
(
    [item_code] => SCMPL0010198
    [month] => 2021-11
    [opening_balance] => 384
)

[2026-03-11 12:45:02] Updating existing record with full carry forward - Array
(
    [item_code] => SCMPL0010450
    [month] => 2021-11
    [opening_balance] => 200
)

[2026-03-11 12:45:02] Updating existing record with full carry forward - Array
(
    [item_code] => SCMPL0010451
    [month] => 2021-11
    [opening_balance] => 500
)

[2026-03-11 12:45:02] Updating existing record with full carry forward - Array
(
    [item_code] => SCMPL0010453
    [month] => 2021-11
    [opening_balance] => 30
)

[2026-03-11 12:45:02] Updating existing record with full carry forward - Array
(
    [item_code] => SCMPL0010056
    [month] => 2021-11
    [opening_balance] => 500
)

[2026-03-11 12:45:02] Updating existing record with full carry forward - Array
(
    [item_code] => SCMPL0040482
    [month] => 2021-11
    [opening_balance] => 300
)

[2026-03-11 12:45:02] Updating existing record with full carry forward - Array
(
    [item_code] => SCMPL0009894
    [month] => 2021-11
    [opening_balance] => 100
)

[2026-03-11 12:45:02] Updating existing record with full carry forward - Array
(
    [item_code] => SCMPL0009899
    [month] => 2021-11
    [opening_balance] => 500
)

[2026-03-11 12:45:02] Updating existing record with full carry forward - Array
(
    [item_code] => SCMPL0009902
    [month] => 2021-11
    [opening_balance] => 10
)

[2026-03-11 12:45:02] Updating existing record with full carry forward - Array
(
    [item_code] => SCMPL0009903
    [month] => 2021-11
    [opening_balance] => 20
)

[2026-03-11 12:45:02] Updating existing record with full carry forward - Array
(
    [item_code] => SCMPL0011581
    [month] => 2021-11
    [opening_balance] => 15
)

[2026-03-11 12:45:02] Updating existing record with full carry forward - Array
(
    [item_code] => SCMPL0009936
    [month] => 2021-11
    [opening_balance] => 500
)

[2026-03-11 12:45:02] Updating existing record with full carry forward - Array
(
    [item_code] => SCMPL0035367
    [month] => 2021-11
    [opening_balance] => 500
)

[2026-03-11 12:45:02] Updating existing record with full carry forward - Array
(
    [item_code] => SCMPL0010434
    [month] => 2021-11
    [opening_balance] => 500
)

[2026-03-11 12:45:03] Updating existing record with full carry forward - Array
(
    [item_code] => SCMPL0009942
    [month] => 2021-11
    [opening_balance] => 500
)

[2026-03-11 12:45:03] Updating existing record with full carry forward - Array
(
    [item_code] => SCMPL0036711
    [month] => 2021-11
    [opening_balance] => 500
)

[2026-03-11 12:45:03] Updating existing record with full carry forward - Array
(
    [item_code] => SCMPL0010701
    [month] => 2021-11
    [opening_balance] => 700
)

[2026-03-11 12:45:03] Updating existing record with full carry forward - Array
(
    [item_code] => SCMPL0010702
    [month] => 2021-11
    [opening_balance] => 100
)

[2026-03-11 12:45:03] Updating existing record with full carry forward - Array
(
    [item_code] => SCMPL0010076
    [month] => 2021-11
    [opening_balance] => 700
)

[2026-03-11 12:45:03] Updating existing record with full carry forward - Array
(
    [item_code] => SCMPL0010088
    [month] => 2021-11
    [opening_balance] => 264
)

[2026-03-11 12:45:03] Updating existing record with full carry forward - Array
(
    [item_code] => SCMPL0010075
    [month] => 2021-11
    [opening_balance] => 700
)

[2026-03-11 12:45:03] Updating existing record with full carry forward - Array
(
    [item_code] => SCMPL0010087
    [month] => 2021-11
    [opening_balance] => 1200
)

[2026-03-11 12:45:03] Updating existing record with full carry forward - Array
(
    [item_code] => SCMPL0010108
    [month] => 2021-11
    [opening_balance] => 10
)

[2026-03-11 12:45:03] Updating existing record with full carry forward - Array
(
    [item_code] => SCMPL0029933
    [month] => 2021-11
    [opening_balance] => 6
)

[2026-03-11 12:45:03] Updating existing record with full carry forward - Array
(
    [item_code] => SCMPL0029928
    [month] => 2021-11
    [opening_balance] => 12
)

[2026-03-11 12:45:03] Updating existing record with full carry forward - Array
(
    [item_code] => SCMPL0010360
    [month] => 2021-11
    [opening_balance] => 24
)

[2026-03-11 12:45:03] Updating existing record with full carry forward - Array
(
    [item_code] => SCMPL0009968
    [month] => 2021-11
    [opening_balance] => 530
)

[2026-03-11 12:45:03] Updating existing record with full carry forward - Array
(
    [item_code] => SCMPL0009977
    [month] => 2021-11
    [opening_balance] => 542
)

[2026-03-11 12:45:03] Updating existing record with full carry forward - Array
(
    [item_code] => SCMWN0019724
    [month] => 2021-11
    [opening_balance] => 130
)

[2026-03-11 12:45:03] Updating existing record with full carry forward - Array
(
    [item_code] => SCMKS0018253
    [month] => 2021-11
    [opening_balance] => 6
)

[2026-03-11 12:45:03] Updating existing record with full carry forward - Array
(
    [item_code] => SCMBR0037366
    [month] => 2021-11
    [opening_balance] => 48
)

[2026-03-11 12:45:03] Updating existing record with full carry forward - Array
(
    [item_code] => SCMBR0023264
    [month] => 2021-11
    [opening_balance] => 200
)

[2026-03-11 12:45:03] Updating existing record with full carry forward - Array
(
    [item_code] => SCMBR0018161
    [month] => 2021-11
    [opening_balance] => 130
)

[2026-03-11 12:45:03] Updating existing record with full carry forward - Array
(
    [item_code] => SCMKS0026879
    [month] => 2021-11
    [opening_balance] => 21
)

[2026-03-11 12:45:03] Updating existing record with full carry forward - Array
(
    [item_code] => SCMPL0010020
    [month] => 2021-11
    [opening_balance] => 1225
)

[2026-03-11 12:45:03] Processing month with carry forward - Array
(
    [month] => 2021-12
    [start_month] => 2021-04
    [start_day] => 01
    [days_in_month] => Array
        (
            [0] => 01
            [1] => 02
            [2] => 03
            [3] => 04
            [4] => 05
            [5] => 06
            [6] => 07
            [7] => 08
            [8] => 09
            [9] => 10
            [10] => 11
            [11] => 12
            [12] => 13
            [13] => 14
            [14] => 15
            [15] => 16
            [16] => 17
            [17] => 18
            [18] => 19
            [19] => 20
            [20] => 21
            [21] => 22
            [22] => 23
            [23] => 24
            [24] => 25
            [25] => 26
            [26] => 27
            [27] => 28
            [28] => 29
            [29] => 30
            [30] => 31
        )

)

[2026-03-11 12:45:03] Updating existing record with full carry forward - Array
(
    [item_code] => SCMPL0028274
    [month] => 2021-12
    [opening_balance] => 500
)

[2026-03-11 12:45:03] Updating existing record with full carry forward - Array
(
    [item_code] => SCMPL0028275
    [month] => 2021-12
    [opening_balance] => 500
)

[2026-03-11 12:45:03] Updating existing record with full carry forward - Array
(
    [item_code] => SCMPL0028356
    [month] => 2021-12
    [opening_balance] => 50
)

[2026-03-11 12:45:03] Updating existing record with full carry forward - Array
(
    [item_code] => SCMBR0021532
    [month] => 2021-12
    [opening_balance] => 300
)

[2026-03-11 12:45:03] Updating existing record with full carry forward - Array
(
    [item_code] => SCMPL0009668
    [month] => 2021-12
    [opening_balance] => 60
)

[2026-03-11 12:45:03] Updating existing record with full carry forward - Array
(
    [item_code] => SCMPL0009688
    [month] => 2021-12
    [opening_balance] => 50
)

[2026-03-11 12:45:03] Updating existing record with full carry forward - Array
(
    [item_code] => SCMPL0022277
    [month] => 2021-12
    [opening_balance] => 500
)

[2026-03-11 12:45:03] Updating existing record with full carry forward - Array
(
    [item_code] => SCMPL0022280
    [month] => 2021-12
    [opening_balance] => 32
)

[2026-03-11 12:45:03] Updating existing record with full carry forward - Array
(
    [item_code] => SCMPL0018737
    [month] => 2021-12
    [opening_balance] => 500
)

[2026-03-11 12:45:03] Updating existing record with full carry forward - Array
(
    [item_code] => SCMKS0026878
    [month] => 2021-12
    [opening_balance] => 50
)

[2026-03-11 12:45:03] Updating existing record with full carry forward - Array
(
    [item_code] => SCMPL0009775
    [month] => 2021-12
    [opening_balance] => 500
)

[2026-03-11 12:45:03] Updating existing record with full carry forward - Array
(
    [item_code] => SCMPL0010676
    [month] => 2021-12
    [opening_balance] => 30
)

[2026-03-11 12:45:03] Updating existing record with full carry forward - Array
(
    [item_code] => SCMPL0010677
    [month] => 2021-12
    [opening_balance] => 10
)

[2026-03-11 12:45:03] Updating existing record with full carry forward - Array
(
    [item_code] => SCMPL0010678
    [month] => 2021-12
    [opening_balance] => 1500
)

[2026-03-11 12:45:03] Updating existing record with full carry forward - Array
(
    [item_code] => SCMPL0010679
    [month] => 2021-12
    [opening_balance] => 1000
)

[2026-03-11 12:45:03] Updating existing record with full carry forward - Array
(
    [item_code] => SCMBR0018137
    [month] => 2021-12
    [opening_balance] => 300
)

[2026-03-11 12:45:03] Updating existing record with full carry forward - Array
(
    [item_code] => SCMKB0031391
    [month] => 2021-12
    [opening_balance] => 500
)

[2026-03-11 12:45:03] Updating existing record with full carry forward - Array
(
    [item_code] => SCMBR0018142
    [month] => 2021-12
    [opening_balance] => 300
)

[2026-03-11 12:45:03] Updating existing record with full carry forward - Array
(
    [item_code] => SCMBR0027089
    [month] => 2021-12
    [opening_balance] => 300
)

[2026-03-11 12:45:03] Updating existing record with full carry forward - Array
(
    [item_code] => SCMBR0018132
    [month] => 2021-12
    [opening_balance] => 121
)

[2026-03-11 12:45:03] Updating existing record with full carry forward - Array
(
    [item_code] => SCMBR0018158
    [month] => 2021-12
    [opening_balance] => 500
)

[2026-03-11 12:45:03] Updating existing record with full carry forward - Array
(
    [item_code] => SCMBR0023258
    [month] => 2021-12
    [opening_balance] => 500
)

[2026-03-11 12:45:03] Updating existing record with full carry forward - Array
(
    [item_code] => SCMPL0010445
    [month] => 2021-12
    [opening_balance] => 500
)

[2026-03-11 12:45:03] Updating existing record with full carry forward - Array
(
    [item_code] => SCMPL0010447
    [month] => 2021-12
    [opening_balance] => 20
)

[2026-03-11 12:45:03] Updating existing record with full carry forward - Array
(
    [item_code] => SCMPL0010612
    [month] => 2021-12
    [opening_balance] => 1000
)

[2026-03-11 12:45:03] Updating existing record with full carry forward - Array
(
    [item_code] => SCMPL0009770
    [month] => 2021-12
    [opening_balance] => 500
)

[2026-03-11 12:45:03] Updating existing record with full carry forward - Array
(
    [item_code] => SCMPL0018648
    [month] => 2021-12
    [opening_balance] => 200
)

[2026-03-11 12:45:03] Updating existing record with full carry forward - Array
(
    [item_code] => SCMPL0033624
    [month] => 2021-12
    [opening_balance] => 500
)

[2026-03-11 12:45:03] Updating existing record with full carry forward - Array
(
    [item_code] => SCMPL0012499
    [month] => 2021-12
    [opening_balance] => 15
)

[2026-03-11 12:45:03] Updating existing record with full carry forward - Array
(
    [item_code] => SCMPL0011438
    [month] => 2021-12
    [opening_balance] => 96
)

[2026-03-11 12:45:03] Updating existing record with full carry forward - Array
(
    [item_code] => SCMPL0011418
    [month] => 2021-12
    [opening_balance] => 240
)

[2026-03-11 12:45:03] Updating existing record with full carry forward - Array
(
    [item_code] => SCMPL0010234
    [month] => 2021-12
    [opening_balance] => 240
)

[2026-03-11 12:45:03] Updating existing record with full carry forward - Array
(
    [item_code] => SCMBR0018635
    [month] => 2021-12
    [opening_balance] => 200
)

[2026-03-11 12:45:03] Updating existing record with full carry forward - Array
(
    [item_code] => SCMBR0009847
    [month] => 2021-12
    [opening_balance] => 500
)

[2026-03-11 12:45:03] Updating existing record with full carry forward - Array
(
    [item_code] => SCMBR0029429
    [month] => 2021-12
    [opening_balance] => 500
)

[2026-03-11 12:45:03] Updating existing record with full carry forward - Array
(
    [item_code] => SCMBR0029431
    [month] => 2021-12
    [opening_balance] => 130
)

[2026-03-11 12:45:03] Updating existing record with full carry forward - Array
(
    [item_code] => SCMPL0010541
    [month] => 2021-12
    [opening_balance] => 400
)

[2026-03-11 12:45:03] Updating existing record with full carry forward - Array
(
    [item_code] => SCMPL0010198
    [month] => 2021-12
    [opening_balance] => 384
)

[2026-03-11 12:45:03] Updating existing record with full carry forward - Array
(
    [item_code] => SCMPL0010450
    [month] => 2021-12
    [opening_balance] => 200
)

[2026-03-11 12:45:03] Updating existing record with full carry forward - Array
(
    [item_code] => SCMPL0010451
    [month] => 2021-12
    [opening_balance] => 500
)

[2026-03-11 12:45:03] Updating existing record with full carry forward - Array
(
    [item_code] => SCMPL0010453
    [month] => 2021-12
    [opening_balance] => 30
)

[2026-03-11 12:45:03] Updating existing record with full carry forward - Array
(
    [item_code] => SCMPL0010056
    [month] => 2021-12
    [opening_balance] => 500
)

[2026-03-11 12:45:03] Updating existing record with full carry forward - Array
(
    [item_code] => SCMPL0040482
    [month] => 2021-12
    [opening_balance] => 300
)

[2026-03-11 12:45:03] Updating existing record with full carry forward - Array
(
    [item_code] => SCMPL0009894
    [month] => 2021-12
    [opening_balance] => 100
)

[2026-03-11 12:45:03] Updating existing record with full carry forward - Array
(
    [item_code] => SCMPL0009899
    [month] => 2021-12
    [opening_balance] => 500
)

[2026-03-11 12:45:03] Updating existing record with full carry forward - Array
(
    [item_code] => SCMPL0009902
    [month] => 2021-12
    [opening_balance] => 10
)

[2026-03-11 12:45:03] Updating existing record with full carry forward - Array
(
    [item_code] => SCMPL0009903
    [month] => 2021-12
    [opening_balance] => 20
)

[2026-03-11 12:45:03] Updating existing record with full carry forward - Array
(
    [item_code] => SCMPL0011581
    [month] => 2021-12
    [opening_balance] => 15
)

[2026-03-11 12:45:04] Updating existing record with full carry forward - Array
(
    [item_code] => SCMPL0009936
    [month] => 2021-12
    [opening_balance] => 500
)

[2026-03-11 12:45:04] Updating existing record with full carry forward - Array
(
    [item_code] => SCMPL0035367
    [month] => 2021-12
    [opening_balance] => 500
)

[2026-03-11 12:45:04] Updating existing record with full carry forward - Array
(
    [item_code] => SCMPL0010434
    [month] => 2021-12
    [opening_balance] => 500
)

[2026-03-11 12:45:04] Updating existing record with full carry forward - Array
(
    [item_code] => SCMPL0009942
    [month] => 2021-12
    [opening_balance] => 500
)

[2026-03-11 12:45:04] Updating existing record with full carry forward - Array
(
    [item_code] => SCMPL0036711
    [month] => 2021-12
    [opening_balance] => 500
)

[2026-03-11 12:45:04] Updating existing record with full carry forward - Array
(
    [item_code] => SCMPL0010701
    [month] => 2021-12
    [opening_balance] => 700
)

[2026-03-11 12:45:04] Updating existing record with full carry forward - Array
(
    [item_code] => SCMPL0010702
    [month] => 2021-12
    [opening_balance] => 100
)

[2026-03-11 12:45:04] Updating existing record with full carry forward - Array
(
    [item_code] => SCMPL0010076
    [month] => 2021-12
    [opening_balance] => 700
)

[2026-03-11 12:45:04] Updating existing record with full carry forward - Array
(
    [item_code] => SCMPL0010088
    [month] => 2021-12
    [opening_balance] => 264
)

[2026-03-11 12:45:04] Updating existing record with full carry forward - Array
(
    [item_code] => SCMPL0010075
    [month] => 2021-12
    [opening_balance] => 700
)

[2026-03-11 12:45:04] Updating existing record with full carry forward - Array
(
    [item_code] => SCMPL0010087
    [month] => 2021-12
    [opening_balance] => 1200
)

[2026-03-11 12:45:04] Updating existing record with full carry forward - Array
(
    [item_code] => SCMPL0010108
    [month] => 2021-12
    [opening_balance] => 10
)

[2026-03-11 12:45:04] Updating existing record with full carry forward - Array
(
    [item_code] => SCMPL0029933
    [month] => 2021-12
    [opening_balance] => 6
)

[2026-03-11 12:45:04] Updating existing record with full carry forward - Array
(
    [item_code] => SCMPL0029928
    [month] => 2021-12
    [opening_balance] => 12
)

[2026-03-11 12:45:04] Updating existing record with full carry forward - Array
(
    [item_code] => SCMPL0010360
    [month] => 2021-12
    [opening_balance] => 24
)

[2026-03-11 12:45:04] Updating existing record with full carry forward - Array
(
    [item_code] => SCMPL0009968
    [month] => 2021-12
    [opening_balance] => 530
)

[2026-03-11 12:45:04] Updating existing record with full carry forward - Array
(
    [item_code] => SCMPL0009977
    [month] => 2021-12
    [opening_balance] => 542
)

[2026-03-11 12:45:04] Updating existing record with full carry forward - Array
(
    [item_code] => SCMWN0019724
    [month] => 2021-12
    [opening_balance] => 130
)

[2026-03-11 12:45:04] Updating existing record with full carry forward - Array
(
    [item_code] => SCMKS0018253
    [month] => 2021-12
    [opening_balance] => 6
)

[2026-03-11 12:45:04] Updating existing record with full carry forward - Array
(
    [item_code] => SCMBR0037366
    [month] => 2021-12
    [opening_balance] => 48
)

[2026-03-11 12:45:04] Updating existing record with full carry forward - Array
(
    [item_code] => SCMBR0023264
    [month] => 2021-12
    [opening_balance] => 200
)

[2026-03-11 12:45:04] Updating existing record with full carry forward - Array
(
    [item_code] => SCMBR0018161
    [month] => 2021-12
    [opening_balance] => 130
)

[2026-03-11 12:45:04] Updating existing record with full carry forward - Array
(
    [item_code] => SCMKS0026879
    [month] => 2021-12
    [opening_balance] => 21
)

[2026-03-11 12:45:04] Updating existing record with full carry forward - Array
(
    [item_code] => SCMPL0010020
    [month] => 2021-12
    [opening_balance] => 1225
)

[2026-03-11 12:45:04] Processing month with carry forward - Array
(
    [month] => 2022-01
    [start_month] => 2021-04
    [start_day] => 01
    [days_in_month] => Array
        (
            [0] => 01
            [1] => 02
            [2] => 03
            [3] => 04
            [4] => 05
            [5] => 06
            [6] => 07
            [7] => 08
            [8] => 09
            [9] => 10
            [10] => 11
            [11] => 12
            [12] => 13
            [13] => 14
            [14] => 15
            [15] => 16
            [16] => 17
            [17] => 18
            [18] => 19
            [19] => 20
            [20] => 21
            [21] => 22
            [22] => 23
            [23] => 24
            [24] => 25
            [25] => 26
            [26] => 27
            [27] => 28
            [28] => 29
            [29] => 30
            [30] => 31
        )

)

[2026-03-11 12:45:04] Updating existing record with full carry forward - Array
(
    [item_code] => SCMPL0028274
    [month] => 2022-01
    [opening_balance] => 500
)

[2026-03-11 12:45:04] Updating existing record with full carry forward - Array
(
    [item_code] => SCMPL0028275
    [month] => 2022-01
    [opening_balance] => 500
)

[2026-03-11 12:45:04] Updating existing record with full carry forward - Array
(
    [item_code] => SCMPL0028356
    [month] => 2022-01
    [opening_balance] => 50
)

[2026-03-11 12:45:04] Updating existing record with full carry forward - Array
(
    [item_code] => SCMBR0021532
    [month] => 2022-01
    [opening_balance] => 300
)

[2026-03-11 12:45:04] Updating existing record with full carry forward - Array
(
    [item_code] => SCMPL0009668
    [month] => 2022-01
    [opening_balance] => 60
)

[2026-03-11 12:45:04] Updating existing record with full carry forward - Array
(
    [item_code] => SCMPL0009688
    [month] => 2022-01
    [opening_balance] => 50
)

[2026-03-11 12:45:04] Updating existing record with full carry forward - Array
(
    [item_code] => SCMPL0022277
    [month] => 2022-01
    [opening_balance] => 500
)

[2026-03-11 12:45:04] Updating existing record with full carry forward - Array
(
    [item_code] => SCMPL0022280
    [month] => 2022-01
    [opening_balance] => 32
)

[2026-03-11 12:45:04] Updating existing record with full carry forward - Array
(
    [item_code] => SCMPL0018737
    [month] => 2022-01
    [opening_balance] => 500
)

[2026-03-11 12:45:04] Updating existing record with full carry forward - Array
(
    [item_code] => SCMKS0026878
    [month] => 2022-01
    [opening_balance] => 50
)

[2026-03-11 12:45:04] Updating existing record with full carry forward - Array
(
    [item_code] => SCMPL0009775
    [month] => 2022-01
    [opening_balance] => 500
)

[2026-03-11 12:45:04] Updating existing record with full carry forward - Array
(
    [item_code] => SCMPL0010676
    [month] => 2022-01
    [opening_balance] => 30
)

[2026-03-11 12:45:04] Updating existing record with full carry forward - Array
(
    [item_code] => SCMPL0010677
    [month] => 2022-01
    [opening_balance] => 10
)

[2026-03-11 12:45:04] Updating existing record with full carry forward - Array
(
    [item_code] => SCMPL0010678
    [month] => 2022-01
    [opening_balance] => 1500
)

[2026-03-11 12:45:04] Updating existing record with full carry forward - Array
(
    [item_code] => SCMPL0010679
    [month] => 2022-01
    [opening_balance] => 1000
)

[2026-03-11 12:45:04] Updating existing record with full carry forward - Array
(
    [item_code] => SCMBR0018137
    [month] => 2022-01
    [opening_balance] => 300
)

[2026-03-11 12:45:04] Updating existing record with full carry forward - Array
(
    [item_code] => SCMKB0031391
    [month] => 2022-01
    [opening_balance] => 500
)

[2026-03-11 12:45:04] Updating existing record with full carry forward - Array
(
    [item_code] => SCMBR0018142
    [month] => 2022-01
    [opening_balance] => 300
)

[2026-03-11 12:45:04] Updating existing record with full carry forward - Array
(
    [item_code] => SCMBR0027089
    [month] => 2022-01
    [opening_balance] => 300
)

[2026-03-11 12:45:04] Updating existing record with full carry forward - Array
(
    [item_code] => SCMBR0018132
    [month] => 2022-01
    [opening_balance] => 121
)

[2026-03-11 12:45:04] Updating existing record with full carry forward - Array
(
    [item_code] => SCMBR0018158
    [month] => 2022-01
    [opening_balance] => 500
)

[2026-03-11 12:45:04] Updating existing record with full carry forward - Array
(
    [item_code] => SCMBR0023258
    [month] => 2022-01
    [opening_balance] => 500
)

[2026-03-11 12:45:04] Updating existing record with full carry forward - Array
(
    [item_code] => SCMPL0010445
    [month] => 2022-01
    [opening_balance] => 500
)

[2026-03-11 12:45:04] Updating existing record with full carry forward - Array
(
    [item_code] => SCMPL0010447
    [month] => 2022-01
    [opening_balance] => 20
)

[2026-03-11 12:45:04] Updating existing record with full carry forward - Array
(
    [item_code] => SCMPL0010612
    [month] => 2022-01
    [opening_balance] => 1000
)

[2026-03-11 12:45:04] Updating existing record with full carry forward - Array
(
    [item_code] => SCMPL0009770
    [month] => 2022-01
    [opening_balance] => 500
)

[2026-03-11 12:45:04] Updating existing record with full carry forward - Array
(
    [item_code] => SCMPL0018648
    [month] => 2022-01
    [opening_balance] => 200
)

[2026-03-11 12:45:04] Updating existing record with full carry forward - Array
(
    [item_code] => SCMPL0033624
    [month] => 2022-01
    [opening_balance] => 500
)

[2026-03-11 12:45:04] Updating existing record with full carry forward - Array
(
    [item_code] => SCMPL0012499
    [month] => 2022-01
    [opening_balance] => 15
)

[2026-03-11 12:45:04] Updating existing record with full carry forward - Array
(
    [item_code] => SCMPL0011438
    [month] => 2022-01
    [opening_balance] => 96
)

[2026-03-11 12:45:04] Updating existing record with full carry forward - Array
(
    [item_code] => SCMPL0011418
    [month] => 2022-01
    [opening_balance] => 240
)

[2026-03-11 12:45:04] Updating existing record with full carry forward - Array
(
    [item_code] => SCMPL0010234
    [month] => 2022-01
    [opening_balance] => 240
)

[2026-03-11 12:45:04] Updating existing record with full carry forward - Array
(
    [item_code] => SCMBR0018635
    [month] => 2022-01
    [opening_balance] => 200
)

[2026-03-11 12:45:04] Updating existing record with full carry forward - Array
(
    [item_code] => SCMBR0009847
    [month] => 2022-01
    [opening_balance] => 500
)

[2026-03-11 12:45:04] Updating existing record with full carry forward - Array
(
    [item_code] => SCMBR0029429
    [month] => 2022-01
    [opening_balance] => 500
)

[2026-03-11 12:45:04] Updating existing record with full carry forward - Array
(
    [item_code] => SCMBR0029431
    [month] => 2022-01
    [opening_balance] => 130
)

[2026-03-11 12:45:04] Updating existing record with full carry forward - Array
(
    [item_code] => SCMPL0010541
    [month] => 2022-01
    [opening_balance] => 400
)

[2026-03-11 12:45:04] Updating existing record with full carry forward - Array
(
    [item_code] => SCMPL0010198
    [month] => 2022-01
    [opening_balance] => 384
)

[2026-03-11 12:45:04] Updating existing record with full carry forward - Array
(
    [item_code] => SCMPL0010450
    [month] => 2022-01
    [opening_balance] => 200
)

[2026-03-11 12:45:04] Updating existing record with full carry forward - Array
(
    [item_code] => SCMPL0010451
    [month] => 2022-01
    [opening_balance] => 500
)

[2026-03-11 12:45:04] Updating existing record with full carry forward - Array
(
    [item_code] => SCMPL0010453
    [month] => 2022-01
    [opening_balance] => 30
)

[2026-03-11 12:45:04] Updating existing record with full carry forward - Array
(
    [item_code] => SCMPL0010056
    [month] => 2022-01
    [opening_balance] => 500
)

[2026-03-11 12:45:04] Updating existing record with full carry forward - Array
(
    [item_code] => SCMPL0040482
    [month] => 2022-01
    [opening_balance] => 300
)

[2026-03-11 12:45:04] Updating existing record with full carry forward - Array
(
    [item_code] => SCMPL0009894
    [month] => 2022-01
    [opening_balance] => 100
)

[2026-03-11 12:45:04] Updating existing record with full carry forward - Array
(
    [item_code] => SCMPL0009899
    [month] => 2022-01
    [opening_balance] => 500
)

[2026-03-11 12:45:04] Updating existing record with full carry forward - Array
(
    [item_code] => SCMPL0009902
    [month] => 2022-01
    [opening_balance] => 10
)

[2026-03-11 12:45:04] Updating existing record with full carry forward - Array
(
    [item_code] => SCMPL0009903
    [month] => 2022-01
    [opening_balance] => 20
)

[2026-03-11 12:45:05] Updating existing record with full carry forward - Array
(
    [item_code] => SCMPL0011581
    [month] => 2022-01
    [opening_balance] => 15
)

[2026-03-11 12:45:05] Updating existing record with full carry forward - Array
(
    [item_code] => SCMPL0009936
    [month] => 2022-01
    [opening_balance] => 500
)

[2026-03-11 12:45:05] Updating existing record with full carry forward - Array
(
    [item_code] => SCMPL0035367
    [month] => 2022-01
    [opening_balance] => 500
)

[2026-03-11 12:45:05] Updating existing record with full carry forward - Array
(
    [item_code] => SCMPL0010434
    [month] => 2022-01
    [opening_balance] => 500
)

[2026-03-11 12:45:05] Updating existing record with full carry forward - Array
(
    [item_code] => SCMPL0009942
    [month] => 2022-01
    [opening_balance] => 500
)

[2026-03-11 12:45:05] Updating existing record with full carry forward - Array
(
    [item_code] => SCMPL0036711
    [month] => 2022-01
    [opening_balance] => 500
)

[2026-03-11 12:45:05] Updating existing record with full carry forward - Array
(
    [item_code] => SCMPL0010701
    [month] => 2022-01
    [opening_balance] => 700
)

[2026-03-11 12:45:05] Updating existing record with full carry forward - Array
(
    [item_code] => SCMPL0010702
    [month] => 2022-01
    [opening_balance] => 100
)

[2026-03-11 12:45:05] Updating existing record with full carry forward - Array
(
    [item_code] => SCMPL0010076
    [month] => 2022-01
    [opening_balance] => 700
)

[2026-03-11 12:45:05] Updating existing record with full carry forward - Array
(
    [item_code] => SCMPL0010088
    [month] => 2022-01
    [opening_balance] => 264
)

[2026-03-11 12:45:05] Updating existing record with full carry forward - Array
(
    [item_code] => SCMPL0010075
    [month] => 2022-01
    [opening_balance] => 700
)

[2026-03-11 12:45:05] Updating existing record with full carry forward - Array
(
    [item_code] => SCMPL0010087
    [month] => 2022-01
    [opening_balance] => 1200
)

[2026-03-11 12:45:05] Updating existing record with full carry forward - Array
(
    [item_code] => SCMPL0010108
    [month] => 2022-01
    [opening_balance] => 10
)

[2026-03-11 12:45:05] Updating existing record with full carry forward - Array
(
    [item_code] => SCMPL0029933
    [month] => 2022-01
    [opening_balance] => 6
)

[2026-03-11 12:45:05] Updating existing record with full carry forward - Array
(
    [item_code] => SCMPL0029928
    [month] => 2022-01
    [opening_balance] => 12
)

[2026-03-11 12:45:05] Updating existing record with full carry forward - Array
(
    [item_code] => SCMPL0010360
    [month] => 2022-01
    [opening_balance] => 24
)

[2026-03-11 12:45:05] Updating existing record with full carry forward - Array
(
    [item_code] => SCMPL0009968
    [month] => 2022-01
    [opening_balance] => 530
)

[2026-03-11 12:45:05] Updating existing record with full carry forward - Array
(
    [item_code] => SCMPL0009977
    [month] => 2022-01
    [opening_balance] => 542
)

[2026-03-11 12:45:05] Updating existing record with full carry forward - Array
(
    [item_code] => SCMWN0019724
    [month] => 2022-01
    [opening_balance] => 130
)

[2026-03-11 12:45:05] Updating existing record with full carry forward - Array
(
    [item_code] => SCMKS0018253
    [month] => 2022-01
    [opening_balance] => 6
)

[2026-03-11 12:45:05] Updating existing record with full carry forward - Array
(
    [item_code] => SCMBR0037366
    [month] => 2022-01
    [opening_balance] => 48
)

[2026-03-11 12:45:05] Updating existing record with full carry forward - Array
(
    [item_code] => SCMBR0023264
    [month] => 2022-01
    [opening_balance] => 200
)

[2026-03-11 12:45:05] Updating existing record with full carry forward - Array
(
    [item_code] => SCMBR0018161
    [month] => 2022-01
    [opening_balance] => 130
)

[2026-03-11 12:45:05] Updating existing record with full carry forward - Array
(
    [item_code] => SCMKS0026879
    [month] => 2022-01
    [opening_balance] => 21
)

[2026-03-11 12:45:05] Updating existing record with full carry forward - Array
(
    [item_code] => SCMPL0010020
    [month] => 2022-01
    [opening_balance] => 1225
)

[2026-03-11 12:45:05] Processing month with carry forward - Array
(
    [month] => 2022-02
    [start_month] => 2021-04
    [start_day] => 01
    [days_in_month] => Array
        (
            [0] => 01
            [1] => 02
            [2] => 03
            [3] => 04
            [4] => 05
            [5] => 06
            [6] => 07
            [7] => 08
            [8] => 09
            [9] => 10
            [10] => 11
            [11] => 12
            [12] => 13
            [13] => 14
            [14] => 15
            [15] => 16
            [16] => 17
            [17] => 18
            [18] => 19
            [19] => 20
            [20] => 21
            [21] => 22
            [22] => 23
            [23] => 24
            [24] => 25
            [25] => 26
            [26] => 27
            [27] => 28
        )

)

[2026-03-11 12:45:05] Updating existing record with full carry forward - Array
(
    [item_code] => SCMPL0028274
    [month] => 2022-02
    [opening_balance] => 500
)

[2026-03-11 12:45:05] Updating existing record with full carry forward - Array
(
    [item_code] => SCMPL0028275
    [month] => 2022-02
    [opening_balance] => 500
)

[2026-03-11 12:45:05] Updating existing record with full carry forward - Array
(
    [item_code] => SCMPL0028356
    [month] => 2022-02
    [opening_balance] => 50
)

[2026-03-11 12:45:05] Updating existing record with full carry forward - Array
(
    [item_code] => SCMBR0021532
    [month] => 2022-02
    [opening_balance] => 300
)

[2026-03-11 12:45:05] Updating existing record with full carry forward - Array
(
    [item_code] => SCMPL0009668
    [month] => 2022-02
    [opening_balance] => 60
)

[2026-03-11 12:45:05] Updating existing record with full carry forward - Array
(
    [item_code] => SCMPL0009688
    [month] => 2022-02
    [opening_balance] => 50
)

[2026-03-11 12:45:05] Updating existing record with full carry forward - Array
(
    [item_code] => SCMPL0022277
    [month] => 2022-02
    [opening_balance] => 500
)

[2026-03-11 12:45:05] Updating existing record with full carry forward - Array
(
    [item_code] => SCMPL0022280
    [month] => 2022-02
    [opening_balance] => 32
)

[2026-03-11 12:45:05] Updating existing record with full carry forward - Array
(
    [item_code] => SCMPL0018737
    [month] => 2022-02
    [opening_balance] => 500
)

[2026-03-11 12:45:05] Updating existing record with full carry forward - Array
(
    [item_code] => SCMKS0026878
    [month] => 2022-02
    [opening_balance] => 50
)

[2026-03-11 12:45:05] Updating existing record with full carry forward - Array
(
    [item_code] => SCMPL0009775
    [month] => 2022-02
    [opening_balance] => 500
)

[2026-03-11 12:45:05] Updating existing record with full carry forward - Array
(
    [item_code] => SCMPL0010676
    [month] => 2022-02
    [opening_balance] => 30
)

[2026-03-11 12:45:05] Updating existing record with full carry forward - Array
(
    [item_code] => SCMPL0010677
    [month] => 2022-02
    [opening_balance] => 10
)

[2026-03-11 12:45:05] Updating existing record with full carry forward - Array
(
    [item_code] => SCMPL0010678
    [month] => 2022-02
    [opening_balance] => 1500
)

[2026-03-11 12:45:05] Updating existing record with full carry forward - Array
(
    [item_code] => SCMPL0010679
    [month] => 2022-02
    [opening_balance] => 1000
)

[2026-03-11 12:45:05] Updating existing record with full carry forward - Array
(
    [item_code] => SCMBR0018137
    [month] => 2022-02
    [opening_balance] => 300
)

[2026-03-11 12:45:05] Updating existing record with full carry forward - Array
(
    [item_code] => SCMKB0031391
    [month] => 2022-02
    [opening_balance] => 500
)

[2026-03-11 12:45:05] Updating existing record with full carry forward - Array
(
    [item_code] => SCMBR0018142
    [month] => 2022-02
    [opening_balance] => 300
)

[2026-03-11 12:45:05] Updating existing record with full carry forward - Array
(
    [item_code] => SCMBR0027089
    [month] => 2022-02
    [opening_balance] => 300
)

[2026-03-11 12:45:05] Updating existing record with full carry forward - Array
(
    [item_code] => SCMBR0018132
    [month] => 2022-02
    [opening_balance] => 121
)

[2026-03-11 12:45:05] Updating existing record with full carry forward - Array
(
    [item_code] => SCMBR0018158
    [month] => 2022-02
    [opening_balance] => 500
)

[2026-03-11 12:45:05] Updating existing record with full carry forward - Array
(
    [item_code] => SCMBR0023258
    [month] => 2022-02
    [opening_balance] => 500
)

[2026-03-11 12:45:05] Updating existing record with full carry forward - Array
(
    [item_code] => SCMPL0010445
    [month] => 2022-02
    [opening_balance] => 500
)

[2026-03-11 12:45:05] Updating existing record with full carry forward - Array
(
    [item_code] => SCMPL0010447
    [month] => 2022-02
    [opening_balance] => 20
)

[2026-03-11 12:45:05] Updating existing record with full carry forward - Array
(
    [item_code] => SCMPL0010612
    [month] => 2022-02
    [opening_balance] => 1000
)

[2026-03-11 12:45:05] Updating existing record with full carry forward - Array
(
    [item_code] => SCMPL0009770
    [month] => 2022-02
    [opening_balance] => 500
)

[2026-03-11 12:45:05] Updating existing record with full carry forward - Array
(
    [item_code] => SCMPL0018648
    [month] => 2022-02
    [opening_balance] => 200
)

[2026-03-11 12:45:05] Updating existing record with full carry forward - Array
(
    [item_code] => SCMPL0033624
    [month] => 2022-02
    [opening_balance] => 500
)

[2026-03-11 12:45:05] Updating existing record with full carry forward - Array
(
    [item_code] => SCMPL0012499
    [month] => 2022-02
    [opening_balance] => 15
)

[2026-03-11 12:45:05] Updating existing record with full carry forward - Array
(
    [item_code] => SCMPL0011438
    [month] => 2022-02
    [opening_balance] => 96
)

[2026-03-11 12:45:05] Updating existing record with full carry forward - Array
(
    [item_code] => SCMPL0011418
    [month] => 2022-02
    [opening_balance] => 240
)

[2026-03-11 12:45:05] Updating existing record with full carry forward - Array
(
    [item_code] => SCMPL0010234
    [month] => 2022-02
    [opening_balance] => 240
)

[2026-03-11 12:45:05] Updating existing record with full carry forward - Array
(
    [item_code] => SCMBR0018635
    [month] => 2022-02
    [opening_balance] => 200
)

[2026-03-11 12:45:05] Updating existing record with full carry forward - Array
(
    [item_code] => SCMBR0009847
    [month] => 2022-02
    [opening_balance] => 500
)

[2026-03-11 12:45:05] Updating existing record with full carry forward - Array
(
    [item_code] => SCMBR0029429
    [month] => 2022-02
    [opening_balance] => 500
)

[2026-03-11 12:45:05] Updating existing record with full carry forward - Array
(
    [item_code] => SCMBR0029431
    [month] => 2022-02
    [opening_balance] => 130
)

[2026-03-11 12:45:05] Updating existing record with full carry forward - Array
(
    [item_code] => SCMPL0010541
    [month] => 2022-02
    [opening_balance] => 400
)

[2026-03-11 12:45:05] Updating existing record with full carry forward - Array
(
    [item_code] => SCMPL0010198
    [month] => 2022-02
    [opening_balance] => 384
)

[2026-03-11 12:45:05] Updating existing record with full carry forward - Array
(
    [item_code] => SCMPL0010450
    [month] => 2022-02
    [opening_balance] => 200
)

[2026-03-11 12:45:05] Updating existing record with full carry forward - Array
(
    [item_code] => SCMPL0010451
    [month] => 2022-02
    [opening_balance] => 500
)

[2026-03-11 12:45:05] Updating existing record with full carry forward - Array
(
    [item_code] => SCMPL0010453
    [month] => 2022-02
    [opening_balance] => 30
)

[2026-03-11 12:45:05] Updating existing record with full carry forward - Array
(
    [item_code] => SCMPL0010056
    [month] => 2022-02
    [opening_balance] => 500
)

[2026-03-11 12:45:05] Updating existing record with full carry forward - Array
(
    [item_code] => SCMPL0040482
    [month] => 2022-02
    [opening_balance] => 300
)

[2026-03-11 12:45:05] Updating existing record with full carry forward - Array
(
    [item_code] => SCMPL0009894
    [month] => 2022-02
    [opening_balance] => 100
)

[2026-03-11 12:45:05] Updating existing record with full carry forward - Array
(
    [item_code] => SCMPL0009899
    [month] => 2022-02
    [opening_balance] => 500
)

[2026-03-11 12:45:06] Updating existing record with full carry forward - Array
(
    [item_code] => SCMPL0009902
    [month] => 2022-02
    [opening_balance] => 10
)

[2026-03-11 12:45:06] Updating existing record with full carry forward - Array
(
    [item_code] => SCMPL0009903
    [month] => 2022-02
    [opening_balance] => 20
)

[2026-03-11 12:45:06] Updating existing record with full carry forward - Array
(
    [item_code] => SCMPL0011581
    [month] => 2022-02
    [opening_balance] => 15
)

[2026-03-11 12:45:06] Updating existing record with full carry forward - Array
(
    [item_code] => SCMPL0009936
    [month] => 2022-02
    [opening_balance] => 500
)

[2026-03-11 12:45:06] Updating existing record with full carry forward - Array
(
    [item_code] => SCMPL0035367
    [month] => 2022-02
    [opening_balance] => 500
)

[2026-03-11 12:45:06] Updating existing record with full carry forward - Array
(
    [item_code] => SCMPL0010434
    [month] => 2022-02
    [opening_balance] => 500
)

[2026-03-11 12:45:06] Updating existing record with full carry forward - Array
(
    [item_code] => SCMPL0009942
    [month] => 2022-02
    [opening_balance] => 500
)

[2026-03-11 12:45:06] Updating existing record with full carry forward - Array
(
    [item_code] => SCMPL0036711
    [month] => 2022-02
    [opening_balance] => 500
)

[2026-03-11 12:45:06] Updating existing record with full carry forward - Array
(
    [item_code] => SCMPL0010701
    [month] => 2022-02
    [opening_balance] => 700
)

[2026-03-11 12:45:06] Updating existing record with full carry forward - Array
(
    [item_code] => SCMPL0010702
    [month] => 2022-02
    [opening_balance] => 100
)

[2026-03-11 12:45:06] Updating existing record with full carry forward - Array
(
    [item_code] => SCMPL0010076
    [month] => 2022-02
    [opening_balance] => 700
)

[2026-03-11 12:45:06] Updating existing record with full carry forward - Array
(
    [item_code] => SCMPL0010088
    [month] => 2022-02
    [opening_balance] => 264
)

[2026-03-11 12:45:06] Updating existing record with full carry forward - Array
(
    [item_code] => SCMPL0010075
    [month] => 2022-02
    [opening_balance] => 700
)

[2026-03-11 12:45:06] Updating existing record with full carry forward - Array
(
    [item_code] => SCMPL0010087
    [month] => 2022-02
    [opening_balance] => 1200
)

[2026-03-11 12:45:06] Updating existing record with full carry forward - Array
(
    [item_code] => SCMPL0010108
    [month] => 2022-02
    [opening_balance] => 10
)

[2026-03-11 12:45:06] Updating existing record with full carry forward - Array
(
    [item_code] => SCMPL0029933
    [month] => 2022-02
    [opening_balance] => 6
)

[2026-03-11 12:45:06] Updating existing record with full carry forward - Array
(
    [item_code] => SCMPL0029928
    [month] => 2022-02
    [opening_balance] => 12
)

[2026-03-11 12:45:06] Updating existing record with full carry forward - Array
(
    [item_code] => SCMPL0010360
    [month] => 2022-02
    [opening_balance] => 24
)

[2026-03-11 12:45:06] Updating existing record with full carry forward - Array
(
    [item_code] => SCMPL0009968
    [month] => 2022-02
    [opening_balance] => 530
)

[2026-03-11 12:45:06] Updating existing record with full carry forward - Array
(
    [item_code] => SCMPL0009977
    [month] => 2022-02
    [opening_balance] => 542
)

[2026-03-11 12:45:06] Updating existing record with full carry forward - Array
(
    [item_code] => SCMWN0019724
    [month] => 2022-02
    [opening_balance] => 130
)

[2026-03-11 12:45:06] Updating existing record with full carry forward - Array
(
    [item_code] => SCMKS0018253
    [month] => 2022-02
    [opening_balance] => 6
)

[2026-03-11 12:45:06] Updating existing record with full carry forward - Array
(
    [item_code] => SCMBR0037366
    [month] => 2022-02
    [opening_balance] => 48
)

[2026-03-11 12:45:06] Updating existing record with full carry forward - Array
(
    [item_code] => SCMBR0023264
    [month] => 2022-02
    [opening_balance] => 200
)

[2026-03-11 12:45:06] Updating existing record with full carry forward - Array
(
    [item_code] => SCMBR0018161
    [month] => 2022-02
    [opening_balance] => 130
)

[2026-03-11 12:45:06] Updating existing record with full carry forward - Array
(
    [item_code] => SCMKS0026879
    [month] => 2022-02
    [opening_balance] => 21
)

[2026-03-11 12:45:06] Updating existing record with full carry forward - Array
(
    [item_code] => SCMPL0010020
    [month] => 2022-02
    [opening_balance] => 1225
)

[2026-03-11 12:45:06] Processing month with carry forward - Array
(
    [month] => 2022-03
    [start_month] => 2021-04
    [start_day] => 01
    [days_in_month] => Array
        (
            [0] => 01
            [1] => 02
            [2] => 03
            [3] => 04
            [4] => 05
            [5] => 06
            [6] => 07
            [7] => 08
            [8] => 09
            [9] => 10
            [10] => 11
            [11] => 12
            [12] => 13
            [13] => 14
            [14] => 15
            [15] => 16
            [16] => 17
            [17] => 18
            [18] => 19
            [19] => 20
            [20] => 21
            [21] => 22
            [22] => 23
            [23] => 24
            [24] => 25
            [25] => 26
            [26] => 27
            [27] => 28
            [28] => 29
            [29] => 30
            [30] => 31
        )

)

[2026-03-11 12:45:06] Updating existing record with full carry forward - Array
(
    [item_code] => SCMPL0028274
    [month] => 2022-03
    [opening_balance] => 500
)

[2026-03-11 12:45:06] Updating existing record with full carry forward - Array
(
    [item_code] => SCMPL0028275
    [month] => 2022-03
    [opening_balance] => 500
)

[2026-03-11 12:45:06] Updating existing record with full carry forward - Array
(
    [item_code] => SCMPL0028356
    [month] => 2022-03
    [opening_balance] => 50
)

[2026-03-11 12:45:06] Updating existing record with full carry forward - Array
(
    [item_code] => SCMBR0021532
    [month] => 2022-03
    [opening_balance] => 300
)

[2026-03-11 12:45:06] Updating existing record with full carry forward - Array
(
    [item_code] => SCMPL0009668
    [month] => 2022-03
    [opening_balance] => 60
)

[2026-03-11 12:45:06] Updating existing record with full carry forward - Array
(
    [item_code] => SCMPL0009688
    [month] => 2022-03
    [opening_balance] => 50
)

[2026-03-11 12:45:06] Updating existing record with full carry forward - Array
(
    [item_code] => SCMPL0022277
    [month] => 2022-03
    [opening_balance] => 500
)

[2026-03-11 12:45:06] Updating existing record with full carry forward - Array
(
    [item_code] => SCMPL0022280
    [month] => 2022-03
    [opening_balance] => 32
)

[2026-03-11 12:45:06] Updating existing record with full carry forward - Array
(
    [item_code] => SCMPL0018737
    [month] => 2022-03
    [opening_balance] => 500
)

[2026-03-11 12:45:06] Updating existing record with full carry forward - Array
(
    [item_code] => SCMKS0026878
    [month] => 2022-03
    [opening_balance] => 50
)

[2026-03-11 12:45:06] Updating existing record with full carry forward - Array
(
    [item_code] => SCMPL0009775
    [month] => 2022-03
    [opening_balance] => 500
)

[2026-03-11 12:45:06] Updating existing record with full carry forward - Array
(
    [item_code] => SCMPL0010676
    [month] => 2022-03
    [opening_balance] => 30
)

[2026-03-11 12:45:06] Updating existing record with full carry forward - Array
(
    [item_code] => SCMPL0010677
    [month] => 2022-03
    [opening_balance] => 10
)

[2026-03-11 12:45:06] Updating existing record with full carry forward - Array
(
    [item_code] => SCMPL0010678
    [month] => 2022-03
    [opening_balance] => 1500
)

[2026-03-11 12:45:06] Updating existing record with full carry forward - Array
(
    [item_code] => SCMPL0010679
    [month] => 2022-03
    [opening_balance] => 1000
)

[2026-03-11 12:45:06] Updating existing record with full carry forward - Array
(
    [item_code] => SCMBR0018137
    [month] => 2022-03
    [opening_balance] => 300
)

[2026-03-11 12:45:06] Updating existing record with full carry forward - Array
(
    [item_code] => SCMKB0031391
    [month] => 2022-03
    [opening_balance] => 500
)

[2026-03-11 12:45:06] Updating existing record with full carry forward - Array
(
    [item_code] => SCMBR0018142
    [month] => 2022-03
    [opening_balance] => 300
)

[2026-03-11 12:45:06] Updating existing record with full carry forward - Array
(
    [item_code] => SCMBR0027089
    [month] => 2022-03
    [opening_balance] => 300
)

[2026-03-11 12:45:06] Updating existing record with full carry forward - Array
(
    [item_code] => SCMBR0018132
    [month] => 2022-03
    [opening_balance] => 121
)

[2026-03-11 12:45:06] Updating existing record with full carry forward - Array
(
    [item_code] => SCMBR0018158
    [month] => 2022-03
    [opening_balance] => 500
)

[2026-03-11 12:45:06] Updating existing record with full carry forward - Array
(
    [item_code] => SCMBR0023258
    [month] => 2022-03
    [opening_balance] => 500
)

[2026-03-11 12:45:06] Updating existing record with full carry forward - Array
(
    [item_code] => SCMPL0010445
    [month] => 2022-03
    [opening_balance] => 500
)

[2026-03-11 12:45:06] Updating existing record with full carry forward - Array
(
    [item_code] => SCMPL0010447
    [month] => 2022-03
    [opening_balance] => 20
)

[2026-03-11 12:45:06] Updating existing record with full carry forward - Array
(
    [item_code] => SCMPL0010612
    [month] => 2022-03
    [opening_balance] => 1000
)

[2026-03-11 12:45:06] Updating existing record with full carry forward - Array
(
    [item_code] => SCMPL0009770
    [month] => 2022-03
    [opening_balance] => 500
)

[2026-03-11 12:45:06] Updating existing record with full carry forward - Array
(
    [item_code] => SCMPL0018648
    [month] => 2022-03
    [opening_balance] => 200
)

[2026-03-11 12:45:06] Updating existing record with full carry forward - Array
(
    [item_code] => SCMPL0033624
    [month] => 2022-03
    [opening_balance] => 500
)

[2026-03-11 12:45:06] Updating existing record with full carry forward - Array
(
    [item_code] => SCMPL0012499
    [month] => 2022-03
    [opening_balance] => 15
)

[2026-03-11 12:45:06] Updating existing record with full carry forward - Array
(
    [item_code] => SCMPL0011438
    [month] => 2022-03
    [opening_balance] => 96
)

[2026-03-11 12:45:06] Updating existing record with full carry forward - Array
(
    [item_code] => SCMPL0011418
    [month] => 2022-03
    [opening_balance] => 240
)

[2026-03-11 12:45:06] Updating existing record with full carry forward - Array
(
    [item_code] => SCMPL0010234
    [month] => 2022-03
    [opening_balance] => 240
)

[2026-03-11 12:45:06] Updating existing record with full carry forward - Array
(
    [item_code] => SCMBR0018635
    [month] => 2022-03
    [opening_balance] => 200
)

[2026-03-11 12:45:06] Updating existing record with full carry forward - Array
(
    [item_code] => SCMBR0009847
    [month] => 2022-03
    [opening_balance] => 500
)

[2026-03-11 12:45:06] Updating existing record with full carry forward - Array
(
    [item_code] => SCMBR0029429
    [month] => 2022-03
    [opening_balance] => 500
)

[2026-03-11 12:45:06] Updating existing record with full carry forward - Array
(
    [item_code] => SCMBR0029431
    [month] => 2022-03
    [opening_balance] => 130
)

[2026-03-11 12:45:06] Updating existing record with full carry forward - Array
(
    [item_code] => SCMPL0010541
    [month] => 2022-03
    [opening_balance] => 400
)

[2026-03-11 12:45:06] Updating existing record with full carry forward - Array
(
    [item_code] => SCMPL0010198
    [month] => 2022-03
    [opening_balance] => 384
)

[2026-03-11 12:45:06] Updating existing record with full carry forward - Array
(
    [item_code] => SCMPL0010450
    [month] => 2022-03
    [opening_balance] => 200
)

[2026-03-11 12:45:06] Updating existing record with full carry forward - Array
(
    [item_code] => SCMPL0010451
    [month] => 2022-03
    [opening_balance] => 500
)

[2026-03-11 12:45:06] Updating existing record with full carry forward - Array
(
    [item_code] => SCMPL0010453
    [month] => 2022-03
    [opening_balance] => 30
)

[2026-03-11 12:45:06] Updating existing record with full carry forward - Array
(
    [item_code] => SCMPL0010056
    [month] => 2022-03
    [opening_balance] => 500
)

[2026-03-11 12:45:06] Updating existing record with full carry forward - Array
(
    [item_code] => SCMPL0040482
    [month] => 2022-03
    [opening_balance] => 300
)

[2026-03-11 12:45:06] Updating existing record with full carry forward - Array
(
    [item_code] => SCMPL0009894
    [month] => 2022-03
    [opening_balance] => 100
)

[2026-03-11 12:45:07] Updating existing record with full carry forward - Array
(
    [item_code] => SCMPL0009899
    [month] => 2022-03
    [opening_balance] => 500
)

[2026-03-11 12:45:07] Updating existing record with full carry forward - Array
(
    [item_code] => SCMPL0009902
    [month] => 2022-03
    [opening_balance] => 10
)

[2026-03-11 12:45:07] Updating existing record with full carry forward - Array
(
    [item_code] => SCMPL0009903
    [month] => 2022-03
    [opening_balance] => 20
)

[2026-03-11 12:45:07] Updating existing record with full carry forward - Array
(
    [item_code] => SCMPL0011581
    [month] => 2022-03
    [opening_balance] => 15
)

[2026-03-11 12:45:07] Updating existing record with full carry forward - Array
(
    [item_code] => SCMPL0009936
    [month] => 2022-03
    [opening_balance] => 500
)

[2026-03-11 12:45:07] Updating existing record with full carry forward - Array
(
    [item_code] => SCMPL0035367
    [month] => 2022-03
    [opening_balance] => 500
)

[2026-03-11 12:45:07] Updating existing record with full carry forward - Array
(
    [item_code] => SCMPL0010434
    [month] => 2022-03
    [opening_balance] => 500
)

[2026-03-11 12:45:07] Updating existing record with full carry forward - Array
(
    [item_code] => SCMPL0009942
    [month] => 2022-03
    [opening_balance] => 500
)

[2026-03-11 12:45:07] Updating existing record with full carry forward - Array
(
    [item_code] => SCMPL0036711
    [month] => 2022-03
    [opening_balance] => 500
)

[2026-03-11 12:45:07] Updating existing record with full carry forward - Array
(
    [item_code] => SCMPL0010701
    [month] => 2022-03
    [opening_balance] => 700
)

[2026-03-11 12:45:07] Updating existing record with full carry forward - Array
(
    [item_code] => SCMPL0010702
    [month] => 2022-03
    [opening_balance] => 100
)

[2026-03-11 12:45:07] Updating existing record with full carry forward - Array
(
    [item_code] => SCMPL0010076
    [month] => 2022-03
    [opening_balance] => 700
)

[2026-03-11 12:45:07] Updating existing record with full carry forward - Array
(
    [item_code] => SCMPL0010088
    [month] => 2022-03
    [opening_balance] => 264
)

[2026-03-11 12:45:07] Updating existing record with full carry forward - Array
(
    [item_code] => SCMPL0010075
    [month] => 2022-03
    [opening_balance] => 700
)

[2026-03-11 12:45:07] Updating existing record with full carry forward - Array
(
    [item_code] => SCMPL0010087
    [month] => 2022-03
    [opening_balance] => 1200
)

[2026-03-11 12:45:07] Updating existing record with full carry forward - Array
(
    [item_code] => SCMPL0010108
    [month] => 2022-03
    [opening_balance] => 10
)

[2026-03-11 12:45:07] Updating existing record with full carry forward - Array
(
    [item_code] => SCMPL0029933
    [month] => 2022-03
    [opening_balance] => 6
)

[2026-03-11 12:45:07] Updating existing record with full carry forward - Array
(
    [item_code] => SCMPL0029928
    [month] => 2022-03
    [opening_balance] => 12
)

[2026-03-11 12:45:07] Updating existing record with full carry forward - Array
(
    [item_code] => SCMPL0010360
    [month] => 2022-03
    [opening_balance] => 24
)

[2026-03-11 12:45:07] Updating existing record with full carry forward - Array
(
    [item_code] => SCMPL0009968
    [month] => 2022-03
    [opening_balance] => 530
)

[2026-03-11 12:45:07] Updating existing record with full carry forward - Array
(
    [item_code] => SCMPL0009977
    [month] => 2022-03
    [opening_balance] => 542
)

[2026-03-11 12:45:07] Updating existing record with full carry forward - Array
(
    [item_code] => SCMWN0019724
    [month] => 2022-03
    [opening_balance] => 130
)

[2026-03-11 12:45:07] Updating existing record with full carry forward - Array
(
    [item_code] => SCMKS0018253
    [month] => 2022-03
    [opening_balance] => 6
)

[2026-03-11 12:45:07] Updating existing record with full carry forward - Array
(
    [item_code] => SCMBR0037366
    [month] => 2022-03
    [opening_balance] => 48
)

[2026-03-11 12:45:07] Updating existing record with full carry forward - Array
(
    [item_code] => SCMBR0023264
    [month] => 2022-03
    [opening_balance] => 200
)

[2026-03-11 12:45:07] Updating existing record with full carry forward - Array
(
    [item_code] => SCMBR0018161
    [month] => 2022-03
    [opening_balance] => 130
)

[2026-03-11 12:45:07] Updating existing record with full carry forward - Array
(
    [item_code] => SCMKS0026879
    [month] => 2022-03
    [opening_balance] => 21
)

[2026-03-11 12:45:07] Updating existing record with full carry forward - Array
(
    [item_code] => SCMPL0010020
    [month] => 2022-03
    [opening_balance] => 1225
)

[2026-03-11 12:45:07] Completed updateDailyStockRange
[2026-03-11 12:45:07] ========== UPDATE DAILY STOCK RANGE END ==========
[2026-03-11 12:45:07] ========== DAILY STOCK AFTER UPDATE ==========
[2026-03-11 12:45:07] Checking daily stock for months: - Array
(
    [months] => Array
        (
            [0] => 2021-04
            [1] => 2021-05
            [2] => 2021-06
            [3] => 2021-07
            [4] => 2021-08
            [5] => 2021-09
            [6] => 2021-10
            [7] => 2021-11
            [8] => 2021-12
            [9] => 2022-01
            [10] => 2022-02
            [11] => 2022-03
            [12] => 2022-04
            [13] => 2022-05
            [14] => 2022-06
            [15] => 2022-07
            [16] => 2022-08
            [17] => 2022-09
            [18] => 2022-10
            [19] => 2022-11
            [20] => 2022-12
            [21] => 2023-01
            [22] => 2023-02
            [23] => 2023-03
            [24] => 2023-04
            [25] => 2023-05
            [26] => 2023-06
            [27] => 2023-07
            [28] => 2023-08
            [29] => 2023-09
            [30] => 2023-10
            [31] => 2023-11
            [32] => 2023-12
            [33] => 2024-01
            [34] => 2024-02
            [35] => 2024-03
            [36] => 2024-04
            [37] => 2024-05
            [38] => 2024-06
            [39] => 2024-07
            [40] => 2024-08
            [41] => 2024-09
            [42] => 2024-10
            [43] => 2024-11
            [44] => 2024-12
            [45] => 2025-01
            [46] => 2025-02
            [47] => 2025-03
            [48] => 2025-04
            [49] => 2025-05
            [50] => 2025-06
            [51] => 2025-07
            [52] => 2025-08
            [53] => 2025-09
            [54] => 2025-10
            [55] => 2025-11
            [56] => 2025-12
            [57] => 2026-01
            [58] => 2026-02
            [59] => 2026-03
        )

)

[2026-03-11 12:45:07] Sample from tbldailystock_5_04_21: - Array
(
    [count] => 5
    [items] => Array
        (
            [0] => Array
                (
                    [ITEM_CODE] => SCMPL0009770
                    [STK_MONTH] => 2021-04
                )

            [1] => Array
                (
                    [ITEM_CODE] => SCMPL0009773
                    [STK_MONTH] => 2021-04
                )

            [2] => Array
                (
                    [ITEM_CODE] => SCMPL0009938
                    [STK_MONTH] => 2021-04
                )

            [3] => Array
                (
                    [ITEM_CODE] => SCMPL0010022
                    [STK_MONTH] => 2021-04
                )

            [4] => Array
                (
                    [ITEM_CODE] => SCMPL0010434
                    [STK_MONTH] => 2021-04
                )

        )

)

[2026-03-11 12:45:07] Detailed data for item SCMPL0009770 in 2021-04: - Array
(
    [DAY_01_OPEN] => 500
    [DAY_01_CLOSING] => 500
    [DAY_02_OPEN] => 500
    [DAY_02_CLOSING] => 500
    [DAY_03_OPEN] => 500
    [DAY_03_CLOSING] => 500
    [DAY_04_OPEN] => 500
    [DAY_04_CLOSING] => 500
    [DAY_05_OPEN] => 500
    [DAY_05_CLOSING] => 500
    [DAY_06_OPEN] => 500
    [DAY_06_CLOSING] => 500
    [DAY_07_OPEN] => 500
    [DAY_07_PURCHASE] => 72
    [DAY_07_CLOSING] => 572
    [DAY_08_OPEN] => 572
    [DAY_08_CLOSING] => 572
    [DAY_09_OPEN] => 572
    [DAY_09_CLOSING] => 572
    [DAY_10_OPEN] => 572
    [DAY_10_CLOSING] => 572
    [DAY_11_OPEN] => 572
    [DAY_11_CLOSING] => 572
    [DAY_12_OPEN] => 572
    [DAY_12_CLOSING] => 572
    [DAY_13_OPEN] => 572
    [DAY_13_CLOSING] => 572
    [DAY_14_OPEN] => 572
    [DAY_14_CLOSING] => 572
    [DAY_15_OPEN] => 572
    [DAY_15_CLOSING] => 572
    [DAY_16_OPEN] => 572
    [DAY_16_CLOSING] => 572
    [DAY_17_OPEN] => 572
    [DAY_17_CLOSING] => 572
    [DAY_18_OPEN] => 572
    [DAY_18_CLOSING] => 572
    [DAY_19_OPEN] => 572
    [DAY_19_CLOSING] => 572
    [DAY_20_OPEN] => 572
    [DAY_20_CLOSING] => 572
    [DAY_21_OPEN] => 572
    [DAY_21_CLOSING] => 572
    [DAY_22_OPEN] => 572
    [DAY_22_CLOSING] => 572
    [DAY_23_OPEN] => 572
    [DAY_23_CLOSING] => 572
    [DAY_24_OPEN] => 572
    [DAY_24_CLOSING] => 572
    [DAY_25_OPEN] => 572
    [DAY_25_CLOSING] => 572
    [DAY_26_OPEN] => 572
    [DAY_26_CLOSING] => 572
    [DAY_27_OPEN] => 572
    [DAY_27_CLOSING] => 572
    [DAY_28_OPEN] => 572
    [DAY_28_CLOSING] => 572
    [DAY_29_OPEN] => 572
    [DAY_29_CLOSING] => 572
    [DAY_30_OPEN] => 572
    [DAY_30_CLOSING] => 572
)

[2026-03-11 12:45:07] Sample from tbldailystock_5_05_21: - Array
(
    [count] => 5
    [items] => Array
        (
            [0] => Array
                (
                    [ITEM_CODE] => SCMPL0009770
                    [STK_MONTH] => 2021-05
                )

            [1] => Array
                (
                    [ITEM_CODE] => SCMPL0009773
                    [STK_MONTH] => 2021-05
                )

            [2] => Array
                (
                    [ITEM_CODE] => SCMPL0009938
                    [STK_MONTH] => 2021-05
                )

            [3] => Array
                (
                    [ITEM_CODE] => SCMPL0010022
                    [STK_MONTH] => 2021-05
                )

            [4] => Array
                (
                    [ITEM_CODE] => SCMPL0010434
                    [STK_MONTH] => 2021-05
                )

        )

)

[2026-03-11 12:45:07] Detailed data for item SCMPL0009770 in 2021-05: - Array
(
    [DAY_01_OPEN] => 572
    [DAY_01_CLOSING] => 572
    [DAY_02_OPEN] => 572
    [DAY_02_CLOSING] => 572
    [DAY_03_OPEN] => 572
    [DAY_03_CLOSING] => 572
    [DAY_04_OPEN] => 572
    [DAY_04_CLOSING] => 572
    [DAY_05_OPEN] => 572
    [DAY_05_CLOSING] => 572
    [DAY_06_OPEN] => 572
    [DAY_06_CLOSING] => 572
    [DAY_07_OPEN] => 572
    [DAY_07_CLOSING] => 572
    [DAY_08_OPEN] => 572
    [DAY_08_CLOSING] => 572
    [DAY_09_OPEN] => 572
    [DAY_09_CLOSING] => 572
    [DAY_10_OPEN] => 572
    [DAY_10_CLOSING] => 572
    [DAY_11_OPEN] => 572
    [DAY_11_CLOSING] => 572
    [DAY_12_OPEN] => 572
    [DAY_12_CLOSING] => 572
    [DAY_13_OPEN] => 572
    [DAY_13_CLOSING] => 572
    [DAY_14_OPEN] => 572
    [DAY_14_CLOSING] => 572
    [DAY_15_OPEN] => 572
    [DAY_15_CLOSING] => 572
    [DAY_16_OPEN] => 572
    [DAY_16_CLOSING] => 572
    [DAY_17_OPEN] => 572
    [DAY_17_CLOSING] => 572
    [DAY_18_OPEN] => 572
    [DAY_18_CLOSING] => 572
    [DAY_19_OPEN] => 572
    [DAY_19_CLOSING] => 572
    [DAY_20_OPEN] => 572
    [DAY_20_CLOSING] => 572
    [DAY_21_OPEN] => 572
    [DAY_21_CLOSING] => 572
    [DAY_22_OPEN] => 572
    [DAY_22_CLOSING] => 572
    [DAY_23_OPEN] => 572
    [DAY_23_CLOSING] => 572
    [DAY_24_OPEN] => 572
    [DAY_24_CLOSING] => 572
    [DAY_25_OPEN] => 572
    [DAY_25_CLOSING] => 572
    [DAY_26_OPEN] => 572
    [DAY_26_CLOSING] => 572
    [DAY_27_OPEN] => 572
    [DAY_27_CLOSING] => 572
    [DAY_28_OPEN] => 572
    [DAY_28_CLOSING] => 572
    [DAY_29_OPEN] => 572
    [DAY_29_CLOSING] => 572
    [DAY_30_OPEN] => 572
    [DAY_30_CLOSING] => 572
    [DAY_31_OPEN] => 572
    [DAY_31_CLOSING] => 572
)

[2026-03-11 12:45:07] Sample from tbldailystock_5_06_21: - Array
(
    [count] => 5
    [items] => Array
        (
            [0] => Array
                (
                    [ITEM_CODE] => SCMPL0009770
                    [STK_MONTH] => 2021-06
                )

            [1] => Array
                (
                    [ITEM_CODE] => SCMPL0009773
                    [STK_MONTH] => 2021-06
                )

            [2] => Array
                (
                    [ITEM_CODE] => SCMPL0009938
                    [STK_MONTH] => 2021-06
                )

            [3] => Array
                (
                    [ITEM_CODE] => SCMPL0010022
                    [STK_MONTH] => 2021-06
                )

            [4] => Array
                (
                    [ITEM_CODE] => SCMPL0010434
                    [STK_MONTH] => 2021-06
                )

        )

)

[2026-03-11 12:45:07] Detailed data for item SCMPL0009770 in 2021-06: - Array
(
    [DAY_01_OPEN] => 572
    [DAY_01_CLOSING] => 572
    [DAY_02_OPEN] => 572
    [DAY_02_PURCHASE] => 48
    [DAY_02_CLOSING] => 620
    [DAY_03_OPEN] => 620
    [DAY_03_CLOSING] => 620
    [DAY_04_OPEN] => 620
    [DAY_04_CLOSING] => 620
    [DAY_05_OPEN] => 620
    [DAY_05_CLOSING] => 620
    [DAY_06_OPEN] => 620
    [DAY_06_CLOSING] => 620
    [DAY_07_OPEN] => 620
    [DAY_07_CLOSING] => 620
    [DAY_08_OPEN] => 620
    [DAY_08_CLOSING] => 620
    [DAY_09_OPEN] => 620
    [DAY_09_CLOSING] => 620
    [DAY_10_OPEN] => 620
    [DAY_10_CLOSING] => 620
    [DAY_11_OPEN] => 620
    [DAY_11_CLOSING] => 620
    [DAY_12_OPEN] => 620
    [DAY_12_CLOSING] => 620
    [DAY_13_OPEN] => 620
    [DAY_13_CLOSING] => 620
    [DAY_14_OPEN] => 620
    [DAY_14_CLOSING] => 620
    [DAY_15_OPEN] => 620
    [DAY_15_CLOSING] => 620
    [DAY_16_OPEN] => 620
    [DAY_16_CLOSING] => 620
    [DAY_17_OPEN] => 620
    [DAY_17_CLOSING] => 620
    [DAY_18_OPEN] => 620
    [DAY_18_CLOSING] => 620
    [DAY_19_OPEN] => 620
    [DAY_19_CLOSING] => 620
    [DAY_20_OPEN] => 620
    [DAY_20_CLOSING] => 620
    [DAY_21_OPEN] => 620
    [DAY_21_CLOSING] => 620
    [DAY_22_OPEN] => 620
    [DAY_22_CLOSING] => 620
    [DAY_23_OPEN] => 620
    [DAY_23_CLOSING] => 620
    [DAY_24_OPEN] => 620
    [DAY_24_CLOSING] => 620
    [DAY_25_OPEN] => 620
    [DAY_25_CLOSING] => 620
    [DAY_26_OPEN] => 620
    [DAY_26_CLOSING] => 620
    [DAY_27_OPEN] => 620
    [DAY_27_CLOSING] => 620
    [DAY_28_OPEN] => 620
    [DAY_28_CLOSING] => 620
    [DAY_29_OPEN] => 620
    [DAY_29_CLOSING] => 620
    [DAY_30_OPEN] => 620
    [DAY_30_CLOSING] => 620
)

[2026-03-11 12:45:07] Transaction committed
[2026-03-11 12:45:07] ========== IMPORT COMPLETE - FINAL SUMMARY ==========
[2026-03-11 12:45:07] Total CSV rows processed: - Array
(
    [count] => 72
)

[2026-03-11 12:45:07] Total items imported to tblitem_stock: - Array
(
    [count] => 72
)

[2026-03-11 12:45:07] Total items skipped: - Array
(
    [count] => 0
)

[2026-03-11 12:45:07] Total items sent to daily stock update: - Array
(
    [count] => 72
)

[2026-03-11 12:45:07] Financial Year: - Array
(
    [start] => 2021-04-01
    [end] => 2022-03-31
)

[2026-03-11 12:45:07] Final count in tbldailystock_5: - Array
(
    [total_records] => 5
)

[2026-03-11 12:45:07] ========== DEBUG COMPLETE ==========
[2026-03-11 12:45:07] Script started
[2026-03-11 12:45:07] Financial Year - Array
(
    [start] => 2021-04-01
    [end] => 2022-03-31
    [fin_year_id] => 3
)

[2026-03-11 12:45:07] Allowed classes - Array
(
    [0] => W
    [1] => V
    [2] => M
    [3] => F
    [4] => D
    [5] => K
    [6] => G
    [7] => R
)

[2026-03-11 12:45:07] Calling findFirstOpeningBatchDate with - Array
(
    [comp_id] => 5
    [mode] => F
    [fy_start] => 2021-04-01
    [fy_end] => 2022-03-31
    [allowed_classes] => Array
        (
            [0] => W
            [1] => V
            [2] => M
            [3] => F
            [4] => D
            [5] => K
            [6] => G
            [7] => R
        )

)

[2026-03-11 12:45:07] findFirstOpeningBatchDate called - Array
(
    [comp_id] => 5
    [mode] => F
    [fy_start] => 2021-04-01
    [fy_end] => 2022-03-31
    [allowed_classes] => Array
        (
            [0] => W
            [1] => V
            [2] => M
            [3] => F
            [4] => D
            [5] => K
            [6] => G
            [7] => R
        )

)

[2026-03-11 12:45:07] generateMonthsInRange: Date range - Array
(
    [start] => 2021-04-01
    [end] => 2022-03-01
)

[2026-03-11 12:45:07] generateMonthsInRange: Generated months - Array
(
    [count] => 12
    [months] => Array
        (
            [0] => 2021-04
            [1] => 2021-05
            [2] => 2021-06
            [3] => 2021-07
            [4] => 2021-08
            [5] => 2021-09
            [6] => 2021-10
            [7] => 2021-11
            [8] => 2021-12
            [9] => 2022-01
            [10] => 2022-02
            [11] => 2022-03
        )

)

[2026-03-11 12:45:07] Generated months - Array
(
    [months] => Array
        (
            [0] => 2021-04
            [1] => 2021-05
            [2] => 2021-06
            [3] => 2021-07
            [4] => 2021-08
            [5] => 2021-09
            [6] => 2021-10
            [7] => 2021-11
            [8] => 2021-12
            [9] => 2022-01
            [10] => 2022-02
            [11] => 2022-03
        )

)

[2026-03-11 12:45:07] Found opening balance in month - Array
(
    [month] => 2021-04
    [item_code] => SCMPL0009770
)

[2026-03-11 12:45:07] Found first batch date - Array
(
    [date] => 2021-04-01
    [month] => 2021-04
    [day] => 01
)

[2026-03-11 12:45:07] First batch data result - Array
(
    [date] => 2021-04-01
    [month] => 2021-04
    [day] => 01
    [day_num] => 1
)

[2026-03-11 12:45:07] First batch data - Array
(
    [date] => 2021-04-01
    [month] => 2021-04
    [day] => 01
    [day_num] => 1
)

[2026-03-11 12:45:07] generateMonthsInRange: Date range - Array
(
    [start] => 2021-04-01
    [end] => 2021-04-01
)

[2026-03-11 12:45:07] generateMonthsInRange: Generated months - Array
(
    [count] => 1
    [months] => Array
        (
            [0] => 2021-04
        )

)

[2026-03-11 12:45:07] Initial counts (first batch) - Array
(
    [total] => 82
    [with_stock] => 82
)

[2026-03-11 12:45:07] Script completed, rendering page
[2026-03-11 12:45:07] Script started
[2026-03-11 12:45:08] Financial Year - Array
(
    [start] => 2021-04-01
    [end] => 2022-03-31
    [fin_year_id] => 3
)

[2026-03-11 12:45:08] Allowed classes - Array
(
    [0] => W
    [1] => V
    [2] => M
    [3] => F
    [4] => D
    [5] => K
    [6] => G
    [7] => R
)

[2026-03-11 12:45:08] Calling findFirstOpeningBatchDate with - Array
(
    [comp_id] => 5
    [mode] => F
    [fy_start] => 2021-04-01
    [fy_end] => 2022-03-31
    [allowed_classes] => Array
        (
            [0] => W
            [1] => V
            [2] => M
            [3] => F
            [4] => D
            [5] => K
            [6] => G
            [7] => R
        )

)

[2026-03-11 12:45:08] findFirstOpeningBatchDate called - Array
(
    [comp_id] => 5
    [mode] => F
    [fy_start] => 2021-04-01
    [fy_end] => 2022-03-31
    [allowed_classes] => Array
        (
            [0] => W
            [1] => V
            [2] => M
            [3] => F
            [4] => D
            [5] => K
            [6] => G
            [7] => R
        )

)

[2026-03-11 12:45:08] generateMonthsInRange: Date range - Array
(
    [start] => 2021-04-01
    [end] => 2022-03-01
)

[2026-03-11 12:45:08] generateMonthsInRange: Generated months - Array
(
    [count] => 12
    [months] => Array
        (
            [0] => 2021-04
            [1] => 2021-05
            [2] => 2021-06
            [3] => 2021-07
            [4] => 2021-08
            [5] => 2021-09
            [6] => 2021-10
            [7] => 2021-11
            [8] => 2021-12
            [9] => 2022-01
            [10] => 2022-02
            [11] => 2022-03
        )

)

[2026-03-11 12:45:08] Generated months - Array
(
    [months] => Array
        (
            [0] => 2021-04
            [1] => 2021-05
            [2] => 2021-06
            [3] => 2021-07
            [4] => 2021-08
            [5] => 2021-09
            [6] => 2021-10
            [7] => 2021-11
            [8] => 2021-12
            [9] => 2022-01
            [10] => 2022-02
            [11] => 2022-03
        )

)

[2026-03-11 12:45:08] Found opening balance in month - Array
(
    [month] => 2021-04
    [item_code] => SCMPL0009770
)

[2026-03-11 12:45:08] Found first batch date - Array
(
    [date] => 2021-04-01
    [month] => 2021-04
    [day] => 01
)

[2026-03-11 12:45:08] First batch data result - Array
(
    [date] => 2021-04-01
    [month] => 2021-04
    [day] => 01
    [day_num] => 1
)

[2026-03-11 12:45:08] First batch data - Array
(
    [date] => 2021-04-01
    [month] => 2021-04
    [day] => 01
    [day_num] => 1
)

[2026-03-11 12:45:08] AJAX get_items called - Array
(
    [page] => 1
    [view] => with_stock
    [mode] => F
    [search] => 
    [first_batch_data] => Array
        (
            [date] => 2021-04-01
            [month] => 2021-04
            [day] => 01
            [day_num] => 1
        )

)

[2026-03-11 12:45:08] generateMonthsInRange: Date range - Array
(
    [start] => 2021-04-01
    [end] => 2021-04-01
)

[2026-03-11 12:45:08] generateMonthsInRange: Generated months - Array
(
    [count] => 1
    [months] => Array
        (
            [0] => 2021-04
        )

)

[2026-03-11 12:45:08] AJAX get_items count query result - Array
(
    [total] => 72
    [batch_month] => 2021-04
    [batch_day] => 01
)

[2026-03-11 12:45:08] AJAX get_items returning - Array
(
    [items_count] => 72
    [total] => 72
    [has_more] => 
)

[2026-03-11 12:46:10] Script started
[2026-03-11 12:46:10] Financial Year - Array
(
    [start] => 2021-04-01
    [end] => 2022-03-31
    [fin_year_id] => 3
)

[2026-03-11 12:46:10] Allowed classes - Array
(
    [0] => W
    [1] => V
    [2] => M
    [3] => F
    [4] => D
    [5] => K
    [6] => G
    [7] => R
)

[2026-03-11 12:46:10] Calling findFirstOpeningBatchDate with - Array
(
    [comp_id] => 5
    [mode] => F
    [fy_start] => 2021-04-01
    [fy_end] => 2022-03-31
    [allowed_classes] => Array
        (
            [0] => W
            [1] => V
            [2] => M
            [3] => F
            [4] => D
            [5] => K
            [6] => G
            [7] => R
        )

)

[2026-03-11 12:46:10] findFirstOpeningBatchDate called - Array
(
    [comp_id] => 5
    [mode] => F
    [fy_start] => 2021-04-01
    [fy_end] => 2022-03-31
    [allowed_classes] => Array
        (
            [0] => W
            [1] => V
            [2] => M
            [3] => F
            [4] => D
            [5] => K
            [6] => G
            [7] => R
        )

)

[2026-03-11 12:46:10] generateMonthsInRange: Date range - Array
(
    [start] => 2021-04-01
    [end] => 2022-03-01
)

[2026-03-11 12:46:10] generateMonthsInRange: Generated months - Array
(
    [count] => 12
    [months] => Array
        (
            [0] => 2021-04
            [1] => 2021-05
            [2] => 2021-06
            [3] => 2021-07
            [4] => 2021-08
            [5] => 2021-09
            [6] => 2021-10
            [7] => 2021-11
            [8] => 2021-12
            [9] => 2022-01
            [10] => 2022-02
            [11] => 2022-03
        )

)

[2026-03-11 12:46:10] Generated months - Array
(
    [months] => Array
        (
            [0] => 2021-04
            [1] => 2021-05
            [2] => 2021-06
            [3] => 2021-07
            [4] => 2021-08
            [5] => 2021-09
            [6] => 2021-10
            [7] => 2021-11
            [8] => 2021-12
            [9] => 2022-01
            [10] => 2022-02
            [11] => 2022-03
        )

)

[2026-03-11 12:46:10] Found opening balance in month - Array
(
    [month] => 2021-04
    [item_code] => SCMPL0009770
)

[2026-03-11 12:46:10] Found first batch date - Array
(
    [date] => 2021-04-01
    [month] => 2021-04
    [day] => 01
)

[2026-03-11 12:46:10] First batch data result - Array
(
    [date] => 2021-04-01
    [month] => 2021-04
    [day] => 01
    [day_num] => 1
)

[2026-03-11 12:46:10] First batch data - Array
(
    [date] => 2021-04-01
    [month] => 2021-04
    [day] => 01
    [day_num] => 1
)

[2026-03-11 12:46:10] generateMonthsInRange: Date range - Array
(
    [start] => 2021-04-01
    [end] => 2021-04-01
)

[2026-03-11 12:46:10] generateMonthsInRange: Generated months - Array
(
    [count] => 1
    [months] => Array
        (
            [0] => 2021-04
        )

)

[2026-03-11 12:46:10] Initial counts (first batch) - Array
(
    [total] => 82
    [with_stock] => 82
)

[2026-03-11 12:46:10] Script completed, rendering page
[2026-03-11 12:46:10] Script started
[2026-03-11 12:46:10] Financial Year - Array
(
    [start] => 2021-04-01
    [end] => 2022-03-31
    [fin_year_id] => 3
)

[2026-03-11 12:46:10] Allowed classes - Array
(
    [0] => W
    [1] => V
    [2] => M
    [3] => F
    [4] => D
    [5] => K
    [6] => G
    [7] => R
)

[2026-03-11 12:46:10] Calling findFirstOpeningBatchDate with - Array
(
    [comp_id] => 5
    [mode] => F
    [fy_start] => 2021-04-01
    [fy_end] => 2022-03-31
    [allowed_classes] => Array
        (
            [0] => W
            [1] => V
            [2] => M
            [3] => F
            [4] => D
            [5] => K
            [6] => G
            [7] => R
        )

)

[2026-03-11 12:46:10] findFirstOpeningBatchDate called - Array
(
    [comp_id] => 5
    [mode] => F
    [fy_start] => 2021-04-01
    [fy_end] => 2022-03-31
    [allowed_classes] => Array
        (
            [0] => W
            [1] => V
            [2] => M
            [3] => F
            [4] => D
            [5] => K
            [6] => G
            [7] => R
        )

)

[2026-03-11 12:46:10] generateMonthsInRange: Date range - Array
(
    [start] => 2021-04-01
    [end] => 2022-03-01
)

[2026-03-11 12:46:10] generateMonthsInRange: Generated months - Array
(
    [count] => 12
    [months] => Array
        (
            [0] => 2021-04
            [1] => 2021-05
            [2] => 2021-06
            [3] => 2021-07
            [4] => 2021-08
            [5] => 2021-09
            [6] => 2021-10
            [7] => 2021-11
            [8] => 2021-12
            [9] => 2022-01
            [10] => 2022-02
            [11] => 2022-03
        )

)

[2026-03-11 12:46:10] Generated months - Array
(
    [months] => Array
        (
            [0] => 2021-04
            [1] => 2021-05
            [2] => 2021-06
            [3] => 2021-07
            [4] => 2021-08
            [5] => 2021-09
            [6] => 2021-10
            [7] => 2021-11
            [8] => 2021-12
            [9] => 2022-01
            [10] => 2022-02
            [11] => 2022-03
        )

)

[2026-03-11 12:46:10] Found opening balance in month - Array
(
    [month] => 2021-04
    [item_code] => SCMPL0009770
)

[2026-03-11 12:46:10] Found first batch date - Array
(
    [date] => 2021-04-01
    [month] => 2021-04
    [day] => 01
)

[2026-03-11 12:46:10] First batch data result - Array
(
    [date] => 2021-04-01
    [month] => 2021-04
    [day] => 01
    [day_num] => 1
)

[2026-03-11 12:46:10] First batch data - Array
(
    [date] => 2021-04-01
    [month] => 2021-04
    [day] => 01
    [day_num] => 1
)

[2026-03-11 12:46:10] AJAX get_items called - Array
(
    [page] => 1
    [view] => with_stock
    [mode] => F
    [search] => 
    [first_batch_data] => Array
        (
            [date] => 2021-04-01
            [month] => 2021-04
            [day] => 01
            [day_num] => 1
        )

)

[2026-03-11 12:46:10] generateMonthsInRange: Date range - Array
(
    [start] => 2021-04-01
    [end] => 2021-04-01
)

[2026-03-11 12:46:10] generateMonthsInRange: Generated months - Array
(
    [count] => 1
    [months] => Array
        (
            [0] => 2021-04
        )

)

[2026-03-11 12:46:10] AJAX get_items count query result - Array
(
    [total] => 72
    [batch_month] => 2021-04
    [batch_day] => 01
)

[2026-03-11 12:46:10] AJAX get_items returning - Array
(
    [items_count] => 72
    [total] => 72
    [has_more] => 
)

[2026-03-11 12:46:16] Script started
[2026-03-11 12:46:16] Financial Year - Array
(
    [start] => 2021-04-01
    [end] => 2022-03-31
    [fin_year_id] => 3
)

[2026-03-11 12:46:16] Allowed classes - Array
(
    [0] => W
    [1] => V
    [2] => M
    [3] => F
    [4] => D
    [5] => K
    [6] => G
    [7] => R
)

[2026-03-11 12:46:16] Calling findFirstOpeningBatchDate with - Array
(
    [comp_id] => 5
    [mode] => F
    [fy_start] => 2021-04-01
    [fy_end] => 2022-03-31
    [allowed_classes] => Array
        (
            [0] => W
            [1] => V
            [2] => M
            [3] => F
            [4] => D
            [5] => K
            [6] => G
            [7] => R
        )

)

[2026-03-11 12:46:16] findFirstOpeningBatchDate called - Array
(
    [comp_id] => 5
    [mode] => F
    [fy_start] => 2021-04-01
    [fy_end] => 2022-03-31
    [allowed_classes] => Array
        (
            [0] => W
            [1] => V
            [2] => M
            [3] => F
            [4] => D
            [5] => K
            [6] => G
            [7] => R
        )

)

[2026-03-11 12:46:16] generateMonthsInRange: Date range - Array
(
    [start] => 2021-04-01
    [end] => 2022-03-01
)

[2026-03-11 12:46:16] generateMonthsInRange: Generated months - Array
(
    [count] => 12
    [months] => Array
        (
            [0] => 2021-04
            [1] => 2021-05
            [2] => 2021-06
            [3] => 2021-07
            [4] => 2021-08
            [5] => 2021-09
            [6] => 2021-10
            [7] => 2021-11
            [8] => 2021-12
            [9] => 2022-01
            [10] => 2022-02
            [11] => 2022-03
        )

)

[2026-03-11 12:46:16] Generated months - Array
(
    [months] => Array
        (
            [0] => 2021-04
            [1] => 2021-05
            [2] => 2021-06
            [3] => 2021-07
            [4] => 2021-08
            [5] => 2021-09
            [6] => 2021-10
            [7] => 2021-11
            [8] => 2021-12
            [9] => 2022-01
            [10] => 2022-02
            [11] => 2022-03
        )

)

[2026-03-11 12:46:16] Found opening balance in month - Array
(
    [month] => 2021-04
    [item_code] => SCMPL0009770
)

[2026-03-11 12:46:16] Found first batch date - Array
(
    [date] => 2021-04-01
    [month] => 2021-04
    [day] => 01
)

[2026-03-11 12:46:16] First batch data result - Array
(
    [date] => 2021-04-01
    [month] => 2021-04
    [day] => 01
    [day_num] => 1
)

[2026-03-11 12:46:16] First batch data - Array
(
    [date] => 2021-04-01
    [month] => 2021-04
    [day] => 01
    [day_num] => 1
)

[2026-03-11 12:46:16] AJAX volume_summary called - Array
(
    [ajax] => volume_summary
    [mode] => F
    [t] => 1773229576758
)

[2026-03-11 12:46:16] Volume summary - checking table - Array
(
    [batch_table] => tbldailystock_5_04_21
    [batch_month] => 2021-04
)

[2026-03-11 12:46:16] getOpeningBalanceVolumeSummary called - Array
(
    [mode] => F
    [comp_id] => 5
    [allowed_classes] => Array
        (
            [0] => W
            [1] => V
            [2] => M
            [3] => F
            [4] => D
            [5] => K
            [6] => G
            [7] => R
        )

    [first_batch_data] => Array
        (
            [date] => 2021-04-01
            [month] => 2021-04
            [day] => 01
            [day_num] => 1
        )

)

[2026-03-11 12:46:16] Processing volume summary - Array
(
    [batch_month] => 2021-04
    [batch_day] => 01
    [batch_date] => 2021-04-01
    [batch_table] => tbldailystock_5_04_21
)

[2026-03-11 12:46:16] generateMonthsInRange: Date range - Array
(
    [start] => 2021-04-01
    [end] => 2021-04-01
)

[2026-03-11 12:46:16] generateMonthsInRange: Generated months - Array
(
    [count] => 1
    [months] => Array
        (
            [0] => 2021-04
        )

)

[2026-03-11 12:46:16] Volume summary query returned rows - Array
(
    [count] => 72
)

[2026-03-11 12:46:16] Processing item - Array
(
    [code] => SCMPL0009770
    [current_stock] => 500
    [class_code_new] => CLS001
    [class] => W
)

[2026-03-11 12:46:16] Item hierarchy - Array
(
    [display_category] => SPIRITS
    [ml_volume] => 180
)

[2026-03-11 12:46:16] Added to volume summary - Array
(
    [category] => SPIRITS
    [volume] => 180 ML
    [new_total] => 500
)

[2026-03-11 12:46:16] Processing item - Array
(
    [code] => SCMPL0010434
    [current_stock] => 500
    [class_code_new] => CLS001
    [class] => K
)

[2026-03-11 12:46:17] Item hierarchy - Array
(
    [display_category] => SPIRITS
    [ml_volume] => 180
)

[2026-03-11 12:46:17] Added to volume summary - Array
(
    [category] => SPIRITS
    [volume] => 180 ML
    [new_total] => 1000
)

[2026-03-11 12:46:17] Processing item - Array
(
    [code] => SCMPL0010447
    [current_stock] => 20
    [class_code_new] => CLS001
    [class] => W
)

[2026-03-11 12:46:17] Item hierarchy - Array
(
    [display_category] => SPIRITS
    [ml_volume] => 750
)

[2026-03-11 12:46:17] Added to volume summary - Array
(
    [category] => SPIRITS
    [volume] => 750 ML
    [new_total] => 20
)

[2026-03-11 12:46:17] Processing item - Array
(
    [code] => SCMPL0010612
    [current_stock] => 1000
    [class_code_new] => CLS001
    [class] => W
)

[2026-03-11 12:46:17] Item hierarchy - Array
(
    [display_category] => SPIRITS
    [ml_volume] => 90
)

[2026-03-11 12:46:17] Added to volume summary - Array
(
    [category] => SPIRITS
    [volume] => 90 ML
    [new_total] => 1000
)

[2026-03-11 12:46:17] Processing item - Array
(
    [code] => SCMPL0009942
    [current_stock] => 500
    [class_code_new] => CLS001
    [class] => W
)

[2026-03-11 12:46:17] Item hierarchy - Array
(
    [display_category] => SPIRITS
    [ml_volume] => 180
)

[2026-03-11 12:46:17] Added to volume summary - Array
(
    [category] => SPIRITS
    [volume] => 180 ML
    [new_total] => 1500
)

[2026-03-11 12:46:17] Processing item - Array
(
    [code] => SCMPL0010451
    [current_stock] => 500
    [class_code_new] => CLS001
    [class] => W
)

[2026-03-11 12:46:17] Item hierarchy - Array
(
    [display_category] => SPIRITS
    [ml_volume] => 180
)

[2026-03-11 12:46:17] Added to volume summary - Array
(
    [category] => SPIRITS
    [volume] => 180 ML
    [new_total] => 2000
)

[2026-03-11 12:46:17] Processing item - Array
(
    [code] => SCMBR0023264
    [current_stock] => 200
    [class_code_new] => CLS007
    [class] => F
)

[2026-03-11 12:46:17] Item hierarchy - Array
(
    [display_category] => FERMENTED BEER
    [ml_volume] => 650
)

[2026-03-11 12:46:17] Added to volume summary - Array
(
    [category] => FERMENTED BEER
    [volume] => 650 ML
    [new_total] => 200
)

[2026-03-11 12:46:17] Processing item - Array
(
    [code] => SCMKS0026879
    [current_stock] => 21
    [class_code_new] => CLS001
    [class] => W
)

[2026-03-11 12:46:17] Item hierarchy - Array
(
    [display_category] => SPIRITS
    [ml_volume] => 180
)

[2026-03-11 12:46:17] Added to volume summary - Array
(
    [category] => SPIRITS
    [volume] => 180 ML
    [new_total] => 2021
)

[2026-03-11 12:46:17] Processing item - Array
(
    [code] => SCMPL0010108
    [current_stock] => 10
    [class_code_new] => CLS001
    [class] => W
)

[2026-03-11 12:46:17] Item hierarchy - Array
(
    [display_category] => SPIRITS
    [ml_volume] => 750
)

[2026-03-11 12:46:17] Added to volume summary - Array
(
    [category] => SPIRITS
    [volume] => 750 ML
    [new_total] => 30
)

[2026-03-11 12:46:17] Processing item - Array
(
    [code] => SCMPL0010075
    [current_stock] => 700
    [class_code_new] => CLS001
    [class] => W
)

[2026-03-11 12:46:17] Item hierarchy - Array
(
    [display_category] => SPIRITS
    [ml_volume] => 90
)

[2026-03-11 12:46:17] Added to volume summary - Array
(
    [category] => SPIRITS
    [volume] => 90 ML
    [new_total] => 1700
)

[2026-03-11 12:46:17] Processing item - Array
(
    [code] => SCMPL0010076
    [current_stock] => 700
    [class_code_new] => CLS001
    [class] => W
)

[2026-03-11 12:46:17] Item hierarchy - Array
(
    [display_category] => SPIRITS
    [ml_volume] => 90
)

[2026-03-11 12:46:17] Added to volume summary - Array
(
    [category] => SPIRITS
    [volume] => 90 ML
    [new_total] => 2400
)

[2026-03-11 12:46:17] Processing item - Array
(
    [code] => SCMPL0010088
    [current_stock] => 264
    [class_code_new] => CLS001
    [class] => W
)

[2026-03-11 12:46:17] Item hierarchy - Array
(
    [display_category] => SPIRITS
    [ml_volume] => 180
)

[2026-03-11 12:46:17] Added to volume summary - Array
(
    [category] => SPIRITS
    [volume] => 180 ML
    [new_total] => 2285
)

[2026-03-11 12:46:17] Processing item - Array
(
    [code] => SCMPL0010701
    [current_stock] => 700
    [class_code_new] => CLS001
    [class] => W
)

[2026-03-11 12:46:17] Item hierarchy - Array
(
    [display_category] => SPIRITS
    [ml_volume] => 90
)

[2026-03-11 12:46:17] Added to volume summary - Array
(
    [category] => SPIRITS
    [volume] => 90 ML
    [new_total] => 3100
)

[2026-03-11 12:46:17] Processing item - Array
(
    [code] => SCMBR0018142
    [current_stock] => 300
    [class_code_new] => CLS007
    [class] => F
)

[2026-03-11 12:46:17] Item hierarchy - Array
(
    [display_category] => FERMENTED BEER
    [ml_volume] => 650
)

[2026-03-11 12:46:17] Added to volume summary - Array
(
    [category] => FERMENTED BEER
    [volume] => 650 ML
    [new_total] => 500
)

[2026-03-11 12:46:17] Processing item - Array
(
    [code] => SCMWN0019724
    [current_stock] => 130
    [class_code_new] => CLS004
    [class] => V
)

[2026-03-11 12:46:17] Item hierarchy - Array
(
    [display_category] => WINE
    [ml_volume] => 375
)

[2026-03-11 12:46:17] Added to volume summary - Array
(
    [category] => WINE
    [volume] => 375 ML
    [new_total] => 130
)

[2026-03-11 12:46:17] Processing item - Array
(
    [code] => SCMPL0010198
    [current_stock] => 384
    [class_code_new] => CLS001
    [class] => D
)

[2026-03-11 12:46:17] Item hierarchy - Array
(
    [display_category] => SPIRITS
    [ml_volume] => 180
)

[2026-03-11 12:46:17] Added to volume summary - Array
(
    [category] => SPIRITS
    [volume] => 180 ML
    [new_total] => 2669
)

[2026-03-11 12:46:17] Processing item - Array
(
    [code] => SCMPL0010445
    [current_stock] => 500
    [class_code_new] => CLS001
    [class] => W
)

[2026-03-11 12:46:17] Item hierarchy - Array
(
    [display_category] => SPIRITS
    [ml_volume] => 180
)

[2026-03-11 12:46:17] Added to volume summary - Array
(
    [category] => SPIRITS
    [volume] => 180 ML
    [new_total] => 3169
)

[2026-03-11 12:46:17] Processing item - Array
(
    [code] => SCMPL0010676
    [current_stock] => 30
    [class_code_new] => CLS001
    [class] => G
)

[2026-03-11 12:46:17] Item hierarchy - Array
(
    [display_category] => SPIRITS
    [ml_volume] => 375
)

[2026-03-11 12:46:17] Added to volume summary - Array
(
    [category] => SPIRITS
    [volume] => 375 ML
    [new_total] => 30
)

[2026-03-11 12:46:17] Processing item - Array
(
    [code] => SCMPL0010679
    [current_stock] => 1000
    [class_code_new] => CLS001
    [class] => G
)

[2026-03-11 12:46:17] Item hierarchy - Array
(
    [display_category] => SPIRITS
    [ml_volume] => 180
)

[2026-03-11 12:46:17] Added to volume summary - Array
(
    [category] => SPIRITS
    [volume] => 180 ML
    [new_total] => 4169
)

[2026-03-11 12:46:17] Processing item - Array
(
    [code] => SCMPL0028274
    [current_stock] => 500
    [class_code_new] => CLS001
    [class] => W
)

[2026-03-11 12:46:17] Item hierarchy - Array
(
    [display_category] => SPIRITS
    [ml_volume] => 90
)

[2026-03-11 12:46:17] Added to volume summary - Array
(
    [category] => SPIRITS
    [volume] => 90 ML
    [new_total] => 3600
)

[2026-03-11 12:46:17] Processing item - Array
(
    [code] => SCMPL0010087
    [current_stock] => 1200
    [class_code_new] => CLS001
    [class] => W
)

[2026-03-11 12:46:17] Item hierarchy - Array
(
    [display_category] => SPIRITS
    [ml_volume] => 180
)

[2026-03-11 12:46:17] Added to volume summary - Array
(
    [category] => SPIRITS
    [volume] => 180 ML
    [new_total] => 5369
)

[2026-03-11 12:46:17] Processing item - Array
(
    [code] => SCMPL0012499
    [current_stock] => 15
    [class_code_new] => CLS001
    [class] => W
)

[2026-03-11 12:46:17] Item hierarchy - Array
(
    [display_category] => SPIRITS
    [ml_volume] => 1000
)

[2026-03-11 12:46:17] Added to volume summary - Array
(
    [category] => SPIRITS
    [volume] => 1000 ML
    [new_total] => 15
)

[2026-03-11 12:46:17] Processing item - Array
(
    [code] => SCMPL0009936
    [current_stock] => 500
    [class_code_new] => CLS001
    [class] => K
)

[2026-03-11 12:46:17] Item hierarchy - Array
(
    [display_category] => SPIRITS
    [ml_volume] => 180
)

[2026-03-11 12:46:17] Added to volume summary - Array
(
    [category] => SPIRITS
    [volume] => 180 ML
    [new_total] => 5869
)

[2026-03-11 12:46:17] Processing item - Array
(
    [code] => SCMPL0010056
    [current_stock] => 500
    [class_code_new] => CLS001
    [class] => W
)

[2026-03-11 12:46:17] Item hierarchy - Array
(
    [display_category] => SPIRITS
    [ml_volume] => 180
)

[2026-03-11 12:46:17] Added to volume summary - Array
(
    [category] => SPIRITS
    [volume] => 180 ML
    [new_total] => 6369
)

[2026-03-11 12:46:17] Processing item - Array
(
    [code] => SCMPL0022280
    [current_stock] => 32
    [class_code_new] => CLS001
    [class] => W
)

[2026-03-11 12:46:17] Item hierarchy - Array
(
    [display_category] => SPIRITS
    [ml_volume] => 1000
)

[2026-03-11 12:46:17] Added to volume summary - Array
(
    [category] => SPIRITS
    [volume] => 1000 ML
    [new_total] => 47
)

[2026-03-11 12:46:17] Processing item - Array
(
    [code] => SCMPL0028356
    [current_stock] => 50
    [class_code_new] => CLS001
    [class] => W
)

[2026-03-11 12:46:17] Item hierarchy - Array
(
    [display_category] => SPIRITS
    [ml_volume] => 375
)

[2026-03-11 12:46:17] Added to volume summary - Array
(
    [category] => SPIRITS
    [volume] => 375 ML
    [new_total] => 80
)

[2026-03-11 12:46:17] Processing item - Array
(
    [code] => SCMPL0010677
    [current_stock] => 10
    [class_code_new] => CLS001
    [class] => G
)

[2026-03-11 12:46:17] Item hierarchy - Array
(
    [display_category] => SPIRITS
    [ml_volume] => 750
)

[2026-03-11 12:46:17] Added to volume summary - Array
(
    [category] => SPIRITS
    [volume] => 750 ML
    [new_total] => 40
)

[2026-03-11 12:46:17] Processing item - Array
(
    [code] => SCMPL0010234
    [current_stock] => 240
    [class_code_new] => CLS001
    [class] => R
)

[2026-03-11 12:46:17] Item hierarchy - Array
(
    [display_category] => SPIRITS
    [ml_volume] => 180
)

[2026-03-11 12:46:17] Added to volume summary - Array
(
    [category] => SPIRITS
    [volume] => 180 ML
    [new_total] => 6609
)

[2026-03-11 12:46:17] Processing item - Array
(
    [code] => SCMBR0009847
    [current_stock] => 500
    [class_code_new] => CLS007
    [class] => F
)

[2026-03-11 12:46:17] Item hierarchy - Array
(
    [display_category] => FERMENTED BEER
    [ml_volume] => 330
)

[2026-03-11 12:46:17] Added to volume summary - Array
(
    [category] => FERMENTED BEER
    [volume] => 330 ML
    [new_total] => 500
)

[2026-03-11 12:46:17] Processing item - Array
(
    [code] => SCMPL0010453
    [current_stock] => 30
    [class_code_new] => CLS001
    [class] => W
)

[2026-03-11 12:46:17] Item hierarchy - Array
(
    [display_category] => SPIRITS
    [ml_volume] => 750
)

[2026-03-11 12:46:17] Added to volume summary - Array
(
    [category] => SPIRITS
    [volume] => 750 ML
    [new_total] => 70
)

[2026-03-11 12:46:17] Processing item - Array
(
    [code] => SCMPL0010450
    [current_stock] => 200
    [class_code_new] => CLS001
    [class] => W
)

[2026-03-11 12:46:17] Item hierarchy - Array
(
    [display_category] => SPIRITS
    [ml_volume] => 90
)

[2026-03-11 12:46:17] Added to volume summary - Array
(
    [category] => SPIRITS
    [volume] => 90 ML
    [new_total] => 3800
)

[2026-03-11 12:46:17] Processing item - Array
(
    [code] => SCMPL0009894
    [current_stock] => 100
    [class_code_new] => CLS001
    [class] => W
)

[2026-03-11 12:46:17] Item hierarchy - Array
(
    [display_category] => SPIRITS
    [ml_volume] => 180
)

[2026-03-11 12:46:17] Added to volume summary - Array
(
    [category] => SPIRITS
    [volume] => 180 ML
    [new_total] => 6709
)

[2026-03-11 12:46:17] Processing item - Array
(
    [code] => SCMPL0028275
    [current_stock] => 500
    [class_code_new] => CLS001
    [class] => W
)

[2026-03-11 12:46:17] Item hierarchy - Array
(
    [display_category] => SPIRITS
    [ml_volume] => 180
)

[2026-03-11 12:46:17] Added to volume summary - Array
(
    [category] => SPIRITS
    [volume] => 180 ML
    [new_total] => 7209
)

[2026-03-11 12:46:17] Processing item - Array
(
    [code] => SCMBR0021532
    [current_stock] => 300
    [class_code_new] => CLS007
    [class] => F
)

[2026-03-11 12:46:17] Item hierarchy - Array
(
    [display_category] => FERMENTED BEER
    [ml_volume] => 650
)

[2026-03-11 12:46:17] Added to volume summary - Array
(
    [category] => FERMENTED BEER
    [volume] => 650 ML
    [new_total] => 800
)

[2026-03-11 12:46:17] Processing item - Array
(
    [code] => SCMPL0009668
    [current_stock] => 60
    [class_code_new] => CLS001
    [class] => W
)

[2026-03-11 12:46:17] Item hierarchy - Array
(
    [display_category] => SPIRITS
    [ml_volume] => 180
)

[2026-03-11 12:46:17] Added to volume summary - Array
(
    [category] => SPIRITS
    [volume] => 180 ML
    [new_total] => 7269
)

[2026-03-11 12:46:17] Processing item - Array
(
    [code] => SCMPL0009688
    [current_stock] => 50
    [class_code_new] => CLS001
    [class] => W
)

[2026-03-11 12:46:17] Item hierarchy - Array
(
    [display_category] => SPIRITS
    [ml_volume] => 375
)

[2026-03-11 12:46:17] Added to volume summary - Array
(
    [category] => SPIRITS
    [volume] => 375 ML
    [new_total] => 130
)

[2026-03-11 12:46:17] Processing item - Array
(
    [code] => SCMPL0022277
    [current_stock] => 500
    [class_code_new] => CLS001
    [class] => W
)

[2026-03-11 12:46:17] Item hierarchy - Array
(
    [display_category] => SPIRITS
    [ml_volume] => 180
)

[2026-03-11 12:46:17] Added to volume summary - Array
(
    [category] => SPIRITS
    [volume] => 180 ML
    [new_total] => 7769
)

[2026-03-11 12:46:17] Processing item - Array
(
    [code] => SCMPL0018737
    [current_stock] => 500
    [class_code_new] => CLS001
    [class] => W
)

[2026-03-11 12:46:17] Item hierarchy - Array
(
    [display_category] => SPIRITS
    [ml_volume] => 90
)

[2026-03-11 12:46:17] Added to volume summary - Array
(
    [category] => SPIRITS
    [volume] => 90 ML
    [new_total] => 4300
)

[2026-03-11 12:46:17] Processing item - Array
(
    [code] => SCMKS0026878
    [current_stock] => 50
    [class_code_new] => CLS001
    [class] => W
)

[2026-03-11 12:46:17] Item hierarchy - Array
(
    [display_category] => SPIRITS
    [ml_volume] => 180
)

[2026-03-11 12:46:17] Added to volume summary - Array
(
    [category] => SPIRITS
    [volume] => 180 ML
    [new_total] => 7819
)

[2026-03-11 12:46:17] Processing item - Array
(
    [code] => SCMPL0009775
    [current_stock] => 500
    [class_code_new] => CLS001
    [class] => D
)

[2026-03-11 12:46:17] Item hierarchy - Array
(
    [display_category] => SPIRITS
    [ml_volume] => 180
)

[2026-03-11 12:46:17] Added to volume summary - Array
(
    [category] => SPIRITS
    [volume] => 180 ML
    [new_total] => 8319
)

[2026-03-11 12:46:17] Processing item - Array
(
    [code] => SCMPL0010678
    [current_stock] => 1500
    [class_code_new] => CLS001
    [class] => W
)

[2026-03-11 12:46:17] Item hierarchy - Array
(
    [display_category] => SPIRITS
    [ml_volume] => 90
)

[2026-03-11 12:46:17] Added to volume summary - Array
(
    [category] => SPIRITS
    [volume] => 90 ML
    [new_total] => 5800
)

[2026-03-11 12:46:17] Processing item - Array
(
    [code] => SCMBR0018137
    [current_stock] => 300
    [class_code_new] => CLS007
    [class] => F
)

[2026-03-11 12:46:17] Item hierarchy - Array
(
    [display_category] => FERMENTED BEER
    [ml_volume] => 330
)

[2026-03-11 12:46:17] Added to volume summary - Array
(
    [category] => FERMENTED BEER
    [volume] => 330 ML
    [new_total] => 800
)

[2026-03-11 12:46:17] Processing item - Array
(
    [code] => SCMKB0031391
    [current_stock] => 500
    [class_code_new] => CLS008
    [class] => M
)

[2026-03-11 12:46:17] Item hierarchy - Array
(
    [display_category] => MILD BEER
    [ml_volume] => 330
)

[2026-03-11 12:46:17] Added to volume summary - Array
(
    [category] => MILD BEER
    [volume] => 330 ML
    [new_total] => 500
)

[2026-03-11 12:46:17] Processing item - Array
(
    [code] => SCMBR0027089
    [current_stock] => 300
    [class_code_new] => CLS008
    [class] => M
)

[2026-03-11 12:46:17] Item hierarchy - Array
(
    [display_category] => MILD BEER
    [ml_volume] => 650
)

[2026-03-11 12:46:17] Added to volume summary - Array
(
    [category] => MILD BEER
    [volume] => 650 ML
    [new_total] => 300
)

[2026-03-11 12:46:17] Processing item - Array
(
    [code] => SCMBR0018132
    [current_stock] => 121
    [class_code_new] => CLS008
    [class] => M
)

[2026-03-11 12:46:17] Item hierarchy - Array
(
    [display_category] => MILD BEER
    [ml_volume] => 650
)

[2026-03-11 12:46:17] Added to volume summary - Array
(
    [category] => MILD BEER
    [volume] => 650 ML
    [new_total] => 421
)

[2026-03-11 12:46:17] Processing item - Array
(
    [code] => SCMBR0018158
    [current_stock] => 500
    [class_code_new] => CLS007
    [class] => F
)

[2026-03-11 12:46:17] Item hierarchy - Array
(
    [display_category] => FERMENTED BEER
    [ml_volume] => 330
)

[2026-03-11 12:46:17] Added to volume summary - Array
(
    [category] => FERMENTED BEER
    [volume] => 330 ML
    [new_total] => 1300
)

[2026-03-11 12:46:17] Processing item - Array
(
    [code] => SCMBR0023258
    [current_stock] => 500
    [class_code_new] => CLS007
    [class] => F
)

[2026-03-11 12:46:17] Item hierarchy - Array
(
    [display_category] => FERMENTED BEER
    [ml_volume] => 650
)

[2026-03-11 12:46:17] Added to volume summary - Array
(
    [category] => FERMENTED BEER
    [volume] => 650 ML
    [new_total] => 1300
)

[2026-03-11 12:46:17] Processing item - Array
(
    [code] => SCMPL0018648
    [current_stock] => 200
    [class_code_new] => CLS001
    [class] => K
)

[2026-03-11 12:46:17] Item hierarchy - Array
(
    [display_category] => SPIRITS
    [ml_volume] => 180
)

[2026-03-11 12:46:17] Added to volume summary - Array
(
    [category] => SPIRITS
    [volume] => 180 ML
    [new_total] => 8519
)

[2026-03-11 12:46:17] Processing item - Array
(
    [code] => SCMPL0033624
    [current_stock] => 500
    [class_code_new] => CLS001
    [class] => K
)

[2026-03-11 12:46:17] Item hierarchy - Array
(
    [display_category] => SPIRITS
    [ml_volume] => 90
)

[2026-03-11 12:46:17] Added to volume summary - Array
(
    [category] => SPIRITS
    [volume] => 90 ML
    [new_total] => 6300
)

[2026-03-11 12:46:17] Processing item - Array
(
    [code] => SCMPL0011438
    [current_stock] => 96
    [class_code_new] => CLS001
    [class] => K
)

[2026-03-11 12:46:17] Item hierarchy - Array
(
    [display_category] => SPIRITS
    [ml_volume] => 180
)

[2026-03-11 12:46:17] Added to volume summary - Array
(
    [category] => SPIRITS
    [volume] => 180 ML
    [new_total] => 8615
)

[2026-03-11 12:46:17] Processing item - Array
(
    [code] => SCMPL0011418
    [current_stock] => 240
    [class_code_new] => CLS001
    [class] => K
)

[2026-03-11 12:46:17] Item hierarchy - Array
(
    [display_category] => SPIRITS
    [ml_volume] => 180
)

[2026-03-11 12:46:17] Added to volume summary - Array
(
    [category] => SPIRITS
    [volume] => 180 ML
    [new_total] => 8855
)

[2026-03-11 12:46:17] Processing item - Array
(
    [code] => SCMBR0018635
    [current_stock] => 200
    [class_code_new] => CLS007
    [class] => F
)

[2026-03-11 12:46:17] Item hierarchy - Array
(
    [display_category] => FERMENTED BEER
    [ml_volume] => 650
)

[2026-03-11 12:46:17] Added to volume summary - Array
(
    [category] => FERMENTED BEER
    [volume] => 650 ML
    [new_total] => 1500
)

[2026-03-11 12:46:17] Processing item - Array
(
    [code] => SCMBR0029429
    [current_stock] => 500
    [class_code_new] => CLS007
    [class] => F
)

[2026-03-11 12:46:17] Item hierarchy - Array
(
    [display_category] => FERMENTED BEER
    [ml_volume] => 330
)

[2026-03-11 12:46:17] Added to volume summary - Array
(
    [category] => FERMENTED BEER
    [volume] => 330 ML
    [new_total] => 1800
)

[2026-03-11 12:46:17] Processing item - Array
(
    [code] => SCMBR0029431
    [current_stock] => 130
    [class_code_new] => CLS007
    [class] => F
)

[2026-03-11 12:46:17] Item hierarchy - Array
(
    [display_category] => FERMENTED BEER
    [ml_volume] => 650
)

[2026-03-11 12:46:17] Added to volume summary - Array
(
    [category] => FERMENTED BEER
    [volume] => 650 ML
    [new_total] => 1630
)

[2026-03-11 12:46:17] Processing item - Array
(
    [code] => SCMPL0010541
    [current_stock] => 400
    [class_code_new] => CLS001
    [class] => D
)

[2026-03-11 12:46:17] Item hierarchy - Array
(
    [display_category] => SPIRITS
    [ml_volume] => 180
)

[2026-03-11 12:46:17] Added to volume summary - Array
(
    [category] => SPIRITS
    [volume] => 180 ML
    [new_total] => 9255
)

[2026-03-11 12:46:17] Processing item - Array
(
    [code] => SCMPL0040482
    [current_stock] => 300
    [class_code_new] => CLS001
    [class] => W
)

[2026-03-11 12:46:17] Item hierarchy - Array
(
    [display_category] => SPIRITS
    [ml_volume] => 90
)

[2026-03-11 12:46:17] Added to volume summary - Array
(
    [category] => SPIRITS
    [volume] => 90 ML
    [new_total] => 6600
)

[2026-03-11 12:46:17] Processing item - Array
(
    [code] => SCMPL0009899
    [current_stock] => 500
    [class_code_new] => CLS001
    [class] => R
)

[2026-03-11 12:46:17] Item hierarchy - Array
(
    [display_category] => SPIRITS
    [ml_volume] => 90
)

[2026-03-11 12:46:17] Added to volume summary - Array
(
    [category] => SPIRITS
    [volume] => 90 ML
    [new_total] => 7100
)

[2026-03-11 12:46:17] Processing item - Array
(
    [code] => SCMPL0009902
    [current_stock] => 10
    [class_code_new] => CLS001
    [class] => R
)

[2026-03-11 12:46:17] Item hierarchy - Array
(
    [display_category] => SPIRITS
    [ml_volume] => 750
)

[2026-03-11 12:46:17] Added to volume summary - Array
(
    [category] => SPIRITS
    [volume] => 750 ML
    [new_total] => 80
)

[2026-03-11 12:46:17] Processing item - Array
(
    [code] => SCMPL0009903
    [current_stock] => 20
    [class_code_new] => CLS001
    [class] => R
)

[2026-03-11 12:46:17] Item hierarchy - Array
(
    [display_category] => SPIRITS
    [ml_volume] => 1000
)

[2026-03-11 12:46:17] Added to volume summary - Array
(
    [category] => SPIRITS
    [volume] => 1000 ML
    [new_total] => 67
)

[2026-03-11 12:46:17] Processing item - Array
(
    [code] => SCMPL0011581
    [current_stock] => 15
    [class_code_new] => CLS001
    [class] => W
)

[2026-03-11 12:46:17] Item hierarchy - Array
(
    [display_category] => SPIRITS
    [ml_volume] => 1000
)

[2026-03-11 12:46:17] Added to volume summary - Array
(
    [category] => SPIRITS
    [volume] => 1000 ML
    [new_total] => 82
)

[2026-03-11 12:46:17] Processing item - Array
(
    [code] => SCMPL0035367
    [current_stock] => 500
    [class_code_new] => CLS001
    [class] => K
)

[2026-03-11 12:46:17] Item hierarchy - Array
(
    [display_category] => SPIRITS
    [ml_volume] => 90
)

[2026-03-11 12:46:17] Added to volume summary - Array
(
    [category] => SPIRITS
    [volume] => 90 ML
    [new_total] => 7600
)

[2026-03-11 12:46:17] Processing item - Array
(
    [code] => SCMPL0036711
    [current_stock] => 500
    [class_code_new] => CLS001
    [class] => W
)

[2026-03-11 12:46:17] Item hierarchy - Array
(
    [display_category] => SPIRITS
    [ml_volume] => 90
)

[2026-03-11 12:46:17] Added to volume summary - Array
(
    [category] => SPIRITS
    [volume] => 90 ML
    [new_total] => 8100
)

[2026-03-11 12:46:17] Processing item - Array
(
    [code] => SCMPL0010702
    [current_stock] => 100
    [class_code_new] => CLS001
    [class] => W
)

[2026-03-11 12:46:17] Item hierarchy - Array
(
    [display_category] => SPIRITS
    [ml_volume] => 180
)

[2026-03-11 12:46:17] Added to volume summary - Array
(
    [category] => SPIRITS
    [volume] => 180 ML
    [new_total] => 9355
)

[2026-03-11 12:46:17] Processing item - Array
(
    [code] => SCMPL0029933
    [current_stock] => 6
    [class_code_new] => CLS001
    [class] => W
)

[2026-03-11 12:46:17] Item hierarchy - Array
(
    [display_category] => SPIRITS
    [ml_volume] => 180
)

[2026-03-11 12:46:17] Added to volume summary - Array
(
    [category] => SPIRITS
    [volume] => 180 ML
    [new_total] => 9361
)

[2026-03-11 12:46:17] Processing item - Array
(
    [code] => SCMPL0029928
    [current_stock] => 12
    [class_code_new] => CLS001
    [class] => W
)

[2026-03-11 12:46:17] Item hierarchy - Array
(
    [display_category] => SPIRITS
    [ml_volume] => 180
)

[2026-03-11 12:46:17] Added to volume summary - Array
(
    [category] => SPIRITS
    [volume] => 180 ML
    [new_total] => 9373
)

[2026-03-11 12:46:17] Processing item - Array
(
    [code] => SCMPL0010360
    [current_stock] => 24
    [class_code_new] => CLS001
    [class] => K
)

[2026-03-11 12:46:17] Item hierarchy - Array
(
    [display_category] => SPIRITS
    [ml_volume] => 180
)

[2026-03-11 12:46:17] Added to volume summary - Array
(
    [category] => SPIRITS
    [volume] => 180 ML
    [new_total] => 9397
)

[2026-03-11 12:46:17] Processing item - Array
(
    [code] => SCMPL0009968
    [current_stock] => 530
    [class_code_new] => CLS001
    [class] => K
)

[2026-03-11 12:46:17] Item hierarchy - Array
(
    [display_category] => SPIRITS
    [ml_volume] => 180
)

[2026-03-11 12:46:17] Added to volume summary - Array
(
    [category] => SPIRITS
    [volume] => 180 ML
    [new_total] => 9927
)

[2026-03-11 12:46:17] Processing item - Array
(
    [code] => SCMPL0009977
    [current_stock] => 542
    [class_code_new] => CLS001
    [class] => K
)

[2026-03-11 12:46:17] Item hierarchy - Array
(
    [display_category] => SPIRITS
    [ml_volume] => 180
)

[2026-03-11 12:46:17] Added to volume summary - Array
(
    [category] => SPIRITS
    [volume] => 180 ML
    [new_total] => 10469
)

[2026-03-11 12:46:17] Processing item - Array
(
    [code] => SCMKS0018253
    [current_stock] => 6
    [class_code_new] => CLS001
    [class] => W
)

[2026-03-11 12:46:17] Item hierarchy - Array
(
    [display_category] => SPIRITS
    [ml_volume] => 180
)

[2026-03-11 12:46:17] Added to volume summary - Array
(
    [category] => SPIRITS
    [volume] => 180 ML
    [new_total] => 10475
)

[2026-03-11 12:46:17] Processing item - Array
(
    [code] => SCMBR0037366
    [current_stock] => 48
    [class_code_new] => CLS008
    [class] => M
)

[2026-03-11 12:46:17] Item hierarchy - Array
(
    [display_category] => MILD BEER
    [ml_volume] => 330
)

[2026-03-11 12:46:17] Added to volume summary - Array
(
    [category] => MILD BEER
    [volume] => 330 ML
    [new_total] => 548
)

[2026-03-11 12:46:17] Processing item - Array
(
    [code] => SCMBR0018161
    [current_stock] => 130
    [class_code_new] => CLS007
    [class] => F
)

[2026-03-11 12:46:17] Item hierarchy - Array
(
    [display_category] => FERMENTED BEER
    [ml_volume] => 330
)

[2026-03-11 12:46:17] Added to volume summary - Array
(
    [category] => FERMENTED BEER
    [volume] => 330 ML
    [new_total] => 1930
)

[2026-03-11 12:46:17] Processing item - Array
(
    [code] => SCMPL0010020
    [current_stock] => 1225
    [class_code_new] => CLS001
    [class] => K
)

[2026-03-11 12:46:17] Item hierarchy - Array
(
    [display_category] => SPIRITS
    [ml_volume] => 180
)

[2026-03-11 12:46:17] Added to volume summary - Array
(
    [category] => SPIRITS
    [volume] => 180 ML
    [new_total] => 11700
)

[2026-03-11 12:46:17] Final volume summary - Array
(
    [SPIRITS] => Array
        (
            [50 ML] => 0
            [60 ML] => 0
            [90 ML] => 8100
            [170 ML] => 0
            [180 ML] => 11700
            [200 ML] => 0
            [250 ML] => 0
            [275 ML] => 0
            [330 ML] => 0
            [355 ML] => 0
            [375 ML] => 130
            [500 ML] => 0
            [650 ML] => 0
            [700 ML] => 0
            [750 ML] => 80
            [1000 ML] => 82
            [1.5L] => 0
            [1.75L] => 0
            [2L] => 0
            [3L] => 0
            [4.5L] => 0
            [15L] => 0
            [20L] => 0
            [30L] => 0
            [50L] => 0
        )

    [WINE] => Array
        (
            [50 ML] => 0
            [60 ML] => 0
            [90 ML] => 0
            [170 ML] => 0
            [180 ML] => 0
            [200 ML] => 0
            [250 ML] => 0
            [275 ML] => 0
            [330 ML] => 0
            [355 ML] => 0
            [375 ML] => 130
            [500 ML] => 0
            [650 ML] => 0
            [700 ML] => 0
            [750 ML] => 0
            [1000 ML] => 0
            [1.5L] => 0
            [1.75L] => 0
            [2L] => 0
            [3L] => 0
            [4.5L] => 0
            [15L] => 0
            [20L] => 0
            [30L] => 0
            [50L] => 0
        )

    [FERMENTED BEER] => Array
        (
            [50 ML] => 0
            [60 ML] => 0
            [90 ML] => 0
            [170 ML] => 0
            [180 ML] => 0
            [200 ML] => 0
            [250 ML] => 0
            [275 ML] => 0
            [330 ML] => 1930
            [355 ML] => 0
            [375 ML] => 0
            [500 ML] => 0
            [650 ML] => 1630
            [700 ML] => 0
            [750 ML] => 0
            [1000 ML] => 0
            [1.5L] => 0
            [1.75L] => 0
            [2L] => 0
            [3L] => 0
            [4.5L] => 0
            [15L] => 0
            [20L] => 0
            [30L] => 0
            [50L] => 0
        )

    [MILD BEER] => Array
        (
            [50 ML] => 0
            [60 ML] => 0
            [90 ML] => 0
            [170 ML] => 0
            [180 ML] => 0
            [200 ML] => 0
            [250 ML] => 0
            [275 ML] => 0
            [330 ML] => 548
            [355 ML] => 0
            [375 ML] => 0
            [500 ML] => 0
            [650 ML] => 421
            [700 ML] => 0
            [750 ML] => 0
            [1000 ML] => 0
            [1.5L] => 0
            [1.75L] => 0
            [2L] => 0
            [3L] => 0
            [4.5L] => 0
            [15L] => 0
            [20L] => 0
            [30L] => 0
            [50L] => 0
        )

    [COUNTRY LIQUOR] => Array
        (
            [50 ML] => 0
            [60 ML] => 0
            [90 ML] => 0
            [170 ML] => 0
            [180 ML] => 0
            [200 ML] => 0
            [250 ML] => 0
            [275 ML] => 0
            [330 ML] => 0
            [355 ML] => 0
            [375 ML] => 0
            [500 ML] => 0
            [650 ML] => 0
            [700 ML] => 0
            [750 ML] => 0
            [1000 ML] => 0
            [1.5L] => 0
            [1.75L] => 0
            [2L] => 0
            [3L] => 0
            [4.5L] => 0
            [15L] => 0
            [20L] => 0
            [30L] => 0
            [50L] => 0
        )

    [OTHER] => Array
        (
            [50 ML] => 0
            [60 ML] => 0
            [90 ML] => 0
            [170 ML] => 0
            [180 ML] => 0
            [200 ML] => 0
            [250 ML] => 0
            [275 ML] => 0
            [330 ML] => 0
            [355 ML] => 0
            [375 ML] => 0
            [500 ML] => 0
            [650 ML] => 0
            [700 ML] => 0
            [750 ML] => 0
            [1000 ML] => 0
            [1.5L] => 0
            [1.75L] => 0
            [2L] => 0
            [3L] => 0
            [4.5L] => 0
            [15L] => 0
            [20L] => 0
            [30L] => 0
            [50L] => 0
        )

)

[2026-03-11 12:46:17] AJAX volume_summary returning with categories count: 6
[2026-03-11 12:47:52] Script started
[2026-03-11 12:47:52] Financial Year - Array
(
    [start] => 2021-04-01
    [end] => 2022-03-31
    [fin_year_id] => 3
)

[2026-03-11 12:47:52] Allowed classes - Array
(
    [0] => W
    [1] => V
    [2] => M
    [3] => F
    [4] => D
    [5] => K
    [6] => G
    [7] => R
)

[2026-03-11 12:47:52] Calling findFirstOpeningBatchDate with - Array
(
    [comp_id] => 5
    [mode] => F
    [fy_start] => 2021-04-01
    [fy_end] => 2022-03-31
    [allowed_classes] => Array
        (
            [0] => W
            [1] => V
            [2] => M
            [3] => F
            [4] => D
            [5] => K
            [6] => G
            [7] => R
        )

)

[2026-03-11 12:47:52] findFirstOpeningBatchDate called - Array
(
    [comp_id] => 5
    [mode] => F
    [fy_start] => 2021-04-01
    [fy_end] => 2022-03-31
    [allowed_classes] => Array
        (
            [0] => W
            [1] => V
            [2] => M
            [3] => F
            [4] => D
            [5] => K
            [6] => G
            [7] => R
        )

)

[2026-03-11 12:47:52] generateMonthsInRange: Date range - Array
(
    [start] => 2021-04-01
    [end] => 2022-03-01
)

[2026-03-11 12:47:52] generateMonthsInRange: Generated months - Array
(
    [count] => 12
    [months] => Array
        (
            [0] => 2021-04
            [1] => 2021-05
            [2] => 2021-06
            [3] => 2021-07
            [4] => 2021-08
            [5] => 2021-09
            [6] => 2021-10
            [7] => 2021-11
            [8] => 2021-12
            [9] => 2022-01
            [10] => 2022-02
            [11] => 2022-03
        )

)

[2026-03-11 12:47:52] Generated months - Array
(
    [months] => Array
        (
            [0] => 2021-04
            [1] => 2021-05
            [2] => 2021-06
            [3] => 2021-07
            [4] => 2021-08
            [5] => 2021-09
            [6] => 2021-10
            [7] => 2021-11
            [8] => 2021-12
            [9] => 2022-01
            [10] => 2022-02
            [11] => 2022-03
        )

)

[2026-03-11 12:47:52] Found opening balance in month - Array
(
    [month] => 2021-04
    [item_code] => SCMPL0009770
)

[2026-03-11 12:47:52] Found first batch date - Array
(
    [date] => 2021-04-01
    [month] => 2021-04
    [day] => 01
)

[2026-03-11 12:47:52] First batch data result - Array
(
    [date] => 2021-04-01
    [month] => 2021-04
    [day] => 01
    [day_num] => 1
)

[2026-03-11 12:47:52] First batch data - Array
(
    [date] => 2021-04-01
    [month] => 2021-04
    [day] => 01
    [day_num] => 1
)

[2026-03-11 12:47:52] generateMonthsInRange: Date range - Array
(
    [start] => 2021-04-01
    [end] => 2021-04-01
)

[2026-03-11 12:47:52] generateMonthsInRange: Generated months - Array
(
    [count] => 1
    [months] => Array
        (
            [0] => 2021-04
        )

)

[2026-03-11 12:47:52] Initial counts (first batch) - Array
(
    [total] => 82
    [with_stock] => 82
)

[2026-03-11 12:47:52] Script completed, rendering page
[2026-03-11 12:47:53] Script started
[2026-03-11 12:47:53] Financial Year - Array
(
    [start] => 2021-04-01
    [end] => 2022-03-31
    [fin_year_id] => 3
)

[2026-03-11 12:47:53] Allowed classes - Array
(
    [0] => W
    [1] => V
    [2] => M
    [3] => F
    [4] => D
    [5] => K
    [6] => G
    [7] => R
)

[2026-03-11 12:47:53] Calling findFirstOpeningBatchDate with - Array
(
    [comp_id] => 5
    [mode] => F
    [fy_start] => 2021-04-01
    [fy_end] => 2022-03-31
    [allowed_classes] => Array
        (
            [0] => W
            [1] => V
            [2] => M
            [3] => F
            [4] => D
            [5] => K
            [6] => G
            [7] => R
        )

)

[2026-03-11 12:47:53] findFirstOpeningBatchDate called - Array
(
    [comp_id] => 5
    [mode] => F
    [fy_start] => 2021-04-01
    [fy_end] => 2022-03-31
    [allowed_classes] => Array
        (
            [0] => W
            [1] => V
            [2] => M
            [3] => F
            [4] => D
            [5] => K
            [6] => G
            [7] => R
        )

)

[2026-03-11 12:47:53] generateMonthsInRange: Date range - Array
(
    [start] => 2021-04-01
    [end] => 2022-03-01
)

[2026-03-11 12:47:53] generateMonthsInRange: Generated months - Array
(
    [count] => 12
    [months] => Array
        (
            [0] => 2021-04
            [1] => 2021-05
            [2] => 2021-06
            [3] => 2021-07
            [4] => 2021-08
            [5] => 2021-09
            [6] => 2021-10
            [7] => 2021-11
            [8] => 2021-12
            [9] => 2022-01
            [10] => 2022-02
            [11] => 2022-03
        )

)

[2026-03-11 12:47:53] Generated months - Array
(
    [months] => Array
        (
            [0] => 2021-04
            [1] => 2021-05
            [2] => 2021-06
            [3] => 2021-07
            [4] => 2021-08
            [5] => 2021-09
            [6] => 2021-10
            [7] => 2021-11
            [8] => 2021-12
            [9] => 2022-01
            [10] => 2022-02
            [11] => 2022-03
        )

)

[2026-03-11 12:47:53] Found opening balance in month - Array
(
    [month] => 2021-04
    [item_code] => SCMPL0009770
)

[2026-03-11 12:47:53] Found first batch date - Array
(
    [date] => 2021-04-01
    [month] => 2021-04
    [day] => 01
)

[2026-03-11 12:47:53] First batch data result - Array
(
    [date] => 2021-04-01
    [month] => 2021-04
    [day] => 01
    [day_num] => 1
)

[2026-03-11 12:47:53] First batch data - Array
(
    [date] => 2021-04-01
    [month] => 2021-04
    [day] => 01
    [day_num] => 1
)

[2026-03-11 12:47:53] AJAX get_items called - Array
(
    [page] => 1
    [view] => with_stock
    [mode] => F
    [search] => 
    [first_batch_data] => Array
        (
            [date] => 2021-04-01
            [month] => 2021-04
            [day] => 01
            [day_num] => 1
        )

)

[2026-03-11 12:47:53] generateMonthsInRange: Date range - Array
(
    [start] => 2021-04-01
    [end] => 2021-04-01
)

[2026-03-11 12:47:53] generateMonthsInRange: Generated months - Array
(
    [count] => 1
    [months] => Array
        (
            [0] => 2021-04
        )

)

[2026-03-11 12:47:53] AJAX get_items count query result - Array
(
    [total] => 72
    [batch_month] => 2021-04
    [batch_day] => 01
)

[2026-03-11 12:47:53] AJAX get_items returning - Array
(
    [items_count] => 72
    [total] => 72
    [has_more] => 
)

[2026-03-11 12:47:54] Script started
[2026-03-11 12:47:54] Financial Year - Array
(
    [start] => 2021-04-01
    [end] => 2022-03-31
    [fin_year_id] => 3
)

[2026-03-11 12:47:54] Allowed classes - Array
(
    [0] => W
    [1] => V
    [2] => M
    [3] => F
    [4] => D
    [5] => K
    [6] => G
    [7] => R
)

[2026-03-11 12:47:54] Calling findFirstOpeningBatchDate with - Array
(
    [comp_id] => 5
    [mode] => F
    [fy_start] => 2021-04-01
    [fy_end] => 2022-03-31
    [allowed_classes] => Array
        (
            [0] => W
            [1] => V
            [2] => M
            [3] => F
            [4] => D
            [5] => K
            [6] => G
            [7] => R
        )

)

[2026-03-11 12:47:54] findFirstOpeningBatchDate called - Array
(
    [comp_id] => 5
    [mode] => F
    [fy_start] => 2021-04-01
    [fy_end] => 2022-03-31
    [allowed_classes] => Array
        (
            [0] => W
            [1] => V
            [2] => M
            [3] => F
            [4] => D
            [5] => K
            [6] => G
            [7] => R
        )

)

[2026-03-11 12:47:54] generateMonthsInRange: Date range - Array
(
    [start] => 2021-04-01
    [end] => 2022-03-01
)

[2026-03-11 12:47:54] generateMonthsInRange: Generated months - Array
(
    [count] => 12
    [months] => Array
        (
            [0] => 2021-04
            [1] => 2021-05
            [2] => 2021-06
            [3] => 2021-07
            [4] => 2021-08
            [5] => 2021-09
            [6] => 2021-10
            [7] => 2021-11
            [8] => 2021-12
            [9] => 2022-01
            [10] => 2022-02
            [11] => 2022-03
        )

)

[2026-03-11 12:47:54] Generated months - Array
(
    [months] => Array
        (
            [0] => 2021-04
            [1] => 2021-05
            [2] => 2021-06
            [3] => 2021-07
            [4] => 2021-08
            [5] => 2021-09
            [6] => 2021-10
            [7] => 2021-11
            [8] => 2021-12
            [9] => 2022-01
            [10] => 2022-02
            [11] => 2022-03
        )

)

[2026-03-11 12:47:54] Found opening balance in month - Array
(
    [month] => 2021-04
    [item_code] => SCMPL0009770
)

[2026-03-11 12:47:54] Found first batch date - Array
(
    [date] => 2021-04-01
    [month] => 2021-04
    [day] => 01
)

[2026-03-11 12:47:54] First batch data result - Array
(
    [date] => 2021-04-01
    [month] => 2021-04
    [day] => 01
    [day_num] => 1
)

[2026-03-11 12:47:54] First batch data - Array
(
    [date] => 2021-04-01
    [month] => 2021-04
    [day] => 01
    [day_num] => 1
)

[2026-03-11 12:47:55] AJAX volume_summary called - Array
(
    [ajax] => volume_summary
    [mode] => F
    [t] => 1773229674873
)

[2026-03-11 12:47:55] Volume summary - checking table - Array
(
    [batch_table] => tbldailystock_5_04_21
    [batch_month] => 2021-04
)

[2026-03-11 12:47:55] getOpeningBalanceVolumeSummary called - Array
(
    [mode] => F
    [comp_id] => 5
    [allowed_classes] => Array
        (
            [0] => W
            [1] => V
            [2] => M
            [3] => F
            [4] => D
            [5] => K
            [6] => G
            [7] => R
        )

    [first_batch_data] => Array
        (
            [date] => 2021-04-01
            [month] => 2021-04
            [day] => 01
            [day_num] => 1
        )

)

[2026-03-11 12:47:55] Processing volume summary - Array
(
    [batch_month] => 2021-04
    [batch_day] => 01
    [batch_date] => 2021-04-01
    [batch_table] => tbldailystock_5_04_21
)

[2026-03-11 12:47:55] generateMonthsInRange: Date range - Array
(
    [start] => 2021-04-01
    [end] => 2021-04-01
)

[2026-03-11 12:47:55] generateMonthsInRange: Generated months - Array
(
    [count] => 1
    [months] => Array
        (
            [0] => 2021-04
        )

)

[2026-03-11 12:47:55] Volume summary query returned rows - Array
(
    [count] => 72
)

[2026-03-11 12:47:55] Processing item - Array
(
    [code] => SCMPL0009770
    [current_stock] => 500
    [class_code_new] => CLS001
    [class] => W
)

[2026-03-11 12:47:55] Item hierarchy - Array
(
    [display_category] => SPIRITS
    [ml_volume] => 180
)

[2026-03-11 12:47:55] Added to volume summary - Array
(
    [category] => SPIRITS
    [volume] => 180 ML
    [new_total] => 500
)

[2026-03-11 12:47:55] Processing item - Array
(
    [code] => SCMPL0010434
    [current_stock] => 500
    [class_code_new] => CLS001
    [class] => K
)

[2026-03-11 12:47:55] Item hierarchy - Array
(
    [display_category] => SPIRITS
    [ml_volume] => 180
)

[2026-03-11 12:47:55] Added to volume summary - Array
(
    [category] => SPIRITS
    [volume] => 180 ML
    [new_total] => 1000
)

[2026-03-11 12:47:55] Processing item - Array
(
    [code] => SCMPL0010447
    [current_stock] => 20
    [class_code_new] => CLS001
    [class] => W
)

[2026-03-11 12:47:55] Item hierarchy - Array
(
    [display_category] => SPIRITS
    [ml_volume] => 750
)

[2026-03-11 12:47:55] Added to volume summary - Array
(
    [category] => SPIRITS
    [volume] => 750 ML
    [new_total] => 20
)

[2026-03-11 12:47:55] Processing item - Array
(
    [code] => SCMPL0010612
    [current_stock] => 1000
    [class_code_new] => CLS001
    [class] => W
)

[2026-03-11 12:47:55] Item hierarchy - Array
(
    [display_category] => SPIRITS
    [ml_volume] => 90
)

[2026-03-11 12:47:55] Added to volume summary - Array
(
    [category] => SPIRITS
    [volume] => 90 ML
    [new_total] => 1000
)

[2026-03-11 12:47:55] Processing item - Array
(
    [code] => SCMPL0009942
    [current_stock] => 500
    [class_code_new] => CLS001
    [class] => W
)

[2026-03-11 12:47:55] Item hierarchy - Array
(
    [display_category] => SPIRITS
    [ml_volume] => 180
)

[2026-03-11 12:47:55] Added to volume summary - Array
(
    [category] => SPIRITS
    [volume] => 180 ML
    [new_total] => 1500
)

[2026-03-11 12:47:55] Processing item - Array
(
    [code] => SCMPL0010451
    [current_stock] => 500
    [class_code_new] => CLS001
    [class] => W
)

[2026-03-11 12:47:55] Item hierarchy - Array
(
    [display_category] => SPIRITS
    [ml_volume] => 180
)

[2026-03-11 12:47:55] Added to volume summary - Array
(
    [category] => SPIRITS
    [volume] => 180 ML
    [new_total] => 2000
)

[2026-03-11 12:47:55] Processing item - Array
(
    [code] => SCMBR0023264
    [current_stock] => 200
    [class_code_new] => CLS007
    [class] => F
)

[2026-03-11 12:47:55] Item hierarchy - Array
(
    [display_category] => FERMENTED BEER
    [ml_volume] => 650
)

[2026-03-11 12:47:55] Added to volume summary - Array
(
    [category] => FERMENTED BEER
    [volume] => 650 ML
    [new_total] => 200
)

[2026-03-11 12:47:55] Processing item - Array
(
    [code] => SCMKS0026879
    [current_stock] => 21
    [class_code_new] => CLS001
    [class] => W
)

[2026-03-11 12:47:55] Item hierarchy - Array
(
    [display_category] => SPIRITS
    [ml_volume] => 180
)

[2026-03-11 12:47:55] Added to volume summary - Array
(
    [category] => SPIRITS
    [volume] => 180 ML
    [new_total] => 2021
)

[2026-03-11 12:47:55] Processing item - Array
(
    [code] => SCMPL0010108
    [current_stock] => 10
    [class_code_new] => CLS001
    [class] => W
)

[2026-03-11 12:47:55] Item hierarchy - Array
(
    [display_category] => SPIRITS
    [ml_volume] => 750
)

[2026-03-11 12:47:55] Added to volume summary - Array
(
    [category] => SPIRITS
    [volume] => 750 ML
    [new_total] => 30
)

[2026-03-11 12:47:55] Processing item - Array
(
    [code] => SCMPL0010075
    [current_stock] => 700
    [class_code_new] => CLS001
    [class] => W
)

[2026-03-11 12:47:55] Item hierarchy - Array
(
    [display_category] => SPIRITS
    [ml_volume] => 90
)

[2026-03-11 12:47:55] Added to volume summary - Array
(
    [category] => SPIRITS
    [volume] => 90 ML
    [new_total] => 1700
)

[2026-03-11 12:47:55] Processing item - Array
(
    [code] => SCMPL0010076
    [current_stock] => 700
    [class_code_new] => CLS001
    [class] => W
)

[2026-03-11 12:47:55] Item hierarchy - Array
(
    [display_category] => SPIRITS
    [ml_volume] => 90
)

[2026-03-11 12:47:55] Added to volume summary - Array
(
    [category] => SPIRITS
    [volume] => 90 ML
    [new_total] => 2400
)

[2026-03-11 12:47:55] Processing item - Array
(
    [code] => SCMPL0010088
    [current_stock] => 264
    [class_code_new] => CLS001
    [class] => W
)

[2026-03-11 12:47:55] Item hierarchy - Array
(
    [display_category] => SPIRITS
    [ml_volume] => 180
)

[2026-03-11 12:47:55] Added to volume summary - Array
(
    [category] => SPIRITS
    [volume] => 180 ML
    [new_total] => 2285
)

[2026-03-11 12:47:55] Processing item - Array
(
    [code] => SCMPL0010701
    [current_stock] => 700
    [class_code_new] => CLS001
    [class] => W
)

[2026-03-11 12:47:55] Item hierarchy - Array
(
    [display_category] => SPIRITS
    [ml_volume] => 90
)

[2026-03-11 12:47:55] Added to volume summary - Array
(
    [category] => SPIRITS
    [volume] => 90 ML
    [new_total] => 3100
)

[2026-03-11 12:47:55] Processing item - Array
(
    [code] => SCMBR0018142
    [current_stock] => 300
    [class_code_new] => CLS007
    [class] => F
)

[2026-03-11 12:47:55] Item hierarchy - Array
(
    [display_category] => FERMENTED BEER
    [ml_volume] => 650
)

[2026-03-11 12:47:55] Added to volume summary - Array
(
    [category] => FERMENTED BEER
    [volume] => 650 ML
    [new_total] => 500
)

[2026-03-11 12:47:55] Processing item - Array
(
    [code] => SCMWN0019724
    [current_stock] => 130
    [class_code_new] => CLS004
    [class] => V
)

[2026-03-11 12:47:55] Item hierarchy - Array
(
    [display_category] => WINE
    [ml_volume] => 375
)

[2026-03-11 12:47:55] Added to volume summary - Array
(
    [category] => WINE
    [volume] => 375 ML
    [new_total] => 130
)

[2026-03-11 12:47:55] Processing item - Array
(
    [code] => SCMPL0010198
    [current_stock] => 384
    [class_code_new] => CLS001
    [class] => D
)

[2026-03-11 12:47:55] Item hierarchy - Array
(
    [display_category] => SPIRITS
    [ml_volume] => 180
)

[2026-03-11 12:47:55] Added to volume summary - Array
(
    [category] => SPIRITS
    [volume] => 180 ML
    [new_total] => 2669
)

[2026-03-11 12:47:55] Processing item - Array
(
    [code] => SCMPL0010445
    [current_stock] => 500
    [class_code_new] => CLS001
    [class] => W
)

[2026-03-11 12:47:55] Item hierarchy - Array
(
    [display_category] => SPIRITS
    [ml_volume] => 180
)

[2026-03-11 12:47:55] Added to volume summary - Array
(
    [category] => SPIRITS
    [volume] => 180 ML
    [new_total] => 3169
)

[2026-03-11 12:47:55] Processing item - Array
(
    [code] => SCMPL0010676
    [current_stock] => 30
    [class_code_new] => CLS001
    [class] => G
)

[2026-03-11 12:47:55] Item hierarchy - Array
(
    [display_category] => SPIRITS
    [ml_volume] => 375
)

[2026-03-11 12:47:55] Added to volume summary - Array
(
    [category] => SPIRITS
    [volume] => 375 ML
    [new_total] => 30
)

[2026-03-11 12:47:55] Processing item - Array
(
    [code] => SCMPL0010679
    [current_stock] => 1000
    [class_code_new] => CLS001
    [class] => G
)

[2026-03-11 12:47:55] Item hierarchy - Array
(
    [display_category] => SPIRITS
    [ml_volume] => 180
)

[2026-03-11 12:47:55] Added to volume summary - Array
(
    [category] => SPIRITS
    [volume] => 180 ML
    [new_total] => 4169
)

[2026-03-11 12:47:55] Processing item - Array
(
    [code] => SCMPL0028274
    [current_stock] => 500
    [class_code_new] => CLS001
    [class] => W
)

[2026-03-11 12:47:55] Item hierarchy - Array
(
    [display_category] => SPIRITS
    [ml_volume] => 90
)

[2026-03-11 12:47:55] Added to volume summary - Array
(
    [category] => SPIRITS
    [volume] => 90 ML
    [new_total] => 3600
)

[2026-03-11 12:47:55] Processing item - Array
(
    [code] => SCMPL0010087
    [current_stock] => 1200
    [class_code_new] => CLS001
    [class] => W
)

[2026-03-11 12:47:55] Item hierarchy - Array
(
    [display_category] => SPIRITS
    [ml_volume] => 180
)

[2026-03-11 12:47:55] Added to volume summary - Array
(
    [category] => SPIRITS
    [volume] => 180 ML
    [new_total] => 5369
)

[2026-03-11 12:47:55] Processing item - Array
(
    [code] => SCMPL0012499
    [current_stock] => 15
    [class_code_new] => CLS001
    [class] => W
)

[2026-03-11 12:47:55] Item hierarchy - Array
(
    [display_category] => SPIRITS
    [ml_volume] => 1000
)

[2026-03-11 12:47:55] Added to volume summary - Array
(
    [category] => SPIRITS
    [volume] => 1000 ML
    [new_total] => 15
)

[2026-03-11 12:47:55] Processing item - Array
(
    [code] => SCMPL0009936
    [current_stock] => 500
    [class_code_new] => CLS001
    [class] => K
)

[2026-03-11 12:47:55] Item hierarchy - Array
(
    [display_category] => SPIRITS
    [ml_volume] => 180
)

[2026-03-11 12:47:55] Added to volume summary - Array
(
    [category] => SPIRITS
    [volume] => 180 ML
    [new_total] => 5869
)

[2026-03-11 12:47:55] Processing item - Array
(
    [code] => SCMPL0010056
    [current_stock] => 500
    [class_code_new] => CLS001
    [class] => W
)

[2026-03-11 12:47:55] Item hierarchy - Array
(
    [display_category] => SPIRITS
    [ml_volume] => 180
)

[2026-03-11 12:47:55] Added to volume summary - Array
(
    [category] => SPIRITS
    [volume] => 180 ML
    [new_total] => 6369
)

[2026-03-11 12:47:55] Processing item - Array
(
    [code] => SCMPL0022280
    [current_stock] => 32
    [class_code_new] => CLS001
    [class] => W
)

[2026-03-11 12:47:55] Item hierarchy - Array
(
    [display_category] => SPIRITS
    [ml_volume] => 1000
)

[2026-03-11 12:47:55] Added to volume summary - Array
(
    [category] => SPIRITS
    [volume] => 1000 ML
    [new_total] => 47
)

[2026-03-11 12:47:55] Processing item - Array
(
    [code] => SCMPL0028356
    [current_stock] => 50
    [class_code_new] => CLS001
    [class] => W
)

[2026-03-11 12:47:55] Item hierarchy - Array
(
    [display_category] => SPIRITS
    [ml_volume] => 375
)

[2026-03-11 12:47:55] Added to volume summary - Array
(
    [category] => SPIRITS
    [volume] => 375 ML
    [new_total] => 80
)

[2026-03-11 12:47:55] Processing item - Array
(
    [code] => SCMPL0010677
    [current_stock] => 10
    [class_code_new] => CLS001
    [class] => G
)

[2026-03-11 12:47:55] Item hierarchy - Array
(
    [display_category] => SPIRITS
    [ml_volume] => 750
)

[2026-03-11 12:47:55] Added to volume summary - Array
(
    [category] => SPIRITS
    [volume] => 750 ML
    [new_total] => 40
)

[2026-03-11 12:47:55] Processing item - Array
(
    [code] => SCMPL0010234
    [current_stock] => 240
    [class_code_new] => CLS001
    [class] => R
)

[2026-03-11 12:47:55] Item hierarchy - Array
(
    [display_category] => SPIRITS
    [ml_volume] => 180
)

[2026-03-11 12:47:55] Added to volume summary - Array
(
    [category] => SPIRITS
    [volume] => 180 ML
    [new_total] => 6609
)

[2026-03-11 12:47:55] Processing item - Array
(
    [code] => SCMBR0009847
    [current_stock] => 500
    [class_code_new] => CLS007
    [class] => F
)

[2026-03-11 12:47:55] Item hierarchy - Array
(
    [display_category] => FERMENTED BEER
    [ml_volume] => 330
)

[2026-03-11 12:47:55] Added to volume summary - Array
(
    [category] => FERMENTED BEER
    [volume] => 330 ML
    [new_total] => 500
)

[2026-03-11 12:47:55] Processing item - Array
(
    [code] => SCMPL0010453
    [current_stock] => 30
    [class_code_new] => CLS001
    [class] => W
)

[2026-03-11 12:47:55] Item hierarchy - Array
(
    [display_category] => SPIRITS
    [ml_volume] => 750
)

[2026-03-11 12:47:55] Added to volume summary - Array
(
    [category] => SPIRITS
    [volume] => 750 ML
    [new_total] => 70
)

[2026-03-11 12:47:55] Processing item - Array
(
    [code] => SCMPL0010450
    [current_stock] => 200
    [class_code_new] => CLS001
    [class] => W
)

[2026-03-11 12:47:55] Item hierarchy - Array
(
    [display_category] => SPIRITS
    [ml_volume] => 90
)

[2026-03-11 12:47:55] Added to volume summary - Array
(
    [category] => SPIRITS
    [volume] => 90 ML
    [new_total] => 3800
)

[2026-03-11 12:47:55] Processing item - Array
(
    [code] => SCMPL0009894
    [current_stock] => 100
    [class_code_new] => CLS001
    [class] => W
)

[2026-03-11 12:47:55] Item hierarchy - Array
(
    [display_category] => SPIRITS
    [ml_volume] => 180
)

[2026-03-11 12:47:55] Added to volume summary - Array
(
    [category] => SPIRITS
    [volume] => 180 ML
    [new_total] => 6709
)

[2026-03-11 12:47:55] Processing item - Array
(
    [code] => SCMPL0028275
    [current_stock] => 500
    [class_code_new] => CLS001
    [class] => W
)

[2026-03-11 12:47:55] Item hierarchy - Array
(
    [display_category] => SPIRITS
    [ml_volume] => 180
)

[2026-03-11 12:47:55] Added to volume summary - Array
(
    [category] => SPIRITS
    [volume] => 180 ML
    [new_total] => 7209
)

[2026-03-11 12:47:55] Processing item - Array
(
    [code] => SCMBR0021532
    [current_stock] => 300
    [class_code_new] => CLS007
    [class] => F
)

[2026-03-11 12:47:55] Item hierarchy - Array
(
    [display_category] => FERMENTED BEER
    [ml_volume] => 650
)

[2026-03-11 12:47:55] Added to volume summary - Array
(
    [category] => FERMENTED BEER
    [volume] => 650 ML
    [new_total] => 800
)

[2026-03-11 12:47:55] Processing item - Array
(
    [code] => SCMPL0009668
    [current_stock] => 60
    [class_code_new] => CLS001
    [class] => W
)

[2026-03-11 12:47:55] Item hierarchy - Array
(
    [display_category] => SPIRITS
    [ml_volume] => 180
)

[2026-03-11 12:47:55] Added to volume summary - Array
(
    [category] => SPIRITS
    [volume] => 180 ML
    [new_total] => 7269
)

[2026-03-11 12:47:55] Processing item - Array
(
    [code] => SCMPL0009688
    [current_stock] => 50
    [class_code_new] => CLS001
    [class] => W
)

[2026-03-11 12:47:55] Item hierarchy - Array
(
    [display_category] => SPIRITS
    [ml_volume] => 375
)

[2026-03-11 12:47:55] Added to volume summary - Array
(
    [category] => SPIRITS
    [volume] => 375 ML
    [new_total] => 130
)

[2026-03-11 12:47:55] Processing item - Array
(
    [code] => SCMPL0022277
    [current_stock] => 500
    [class_code_new] => CLS001
    [class] => W
)

[2026-03-11 12:47:55] Item hierarchy - Array
(
    [display_category] => SPIRITS
    [ml_volume] => 180
)

[2026-03-11 12:47:55] Added to volume summary - Array
(
    [category] => SPIRITS
    [volume] => 180 ML
    [new_total] => 7769
)

[2026-03-11 12:47:55] Processing item - Array
(
    [code] => SCMPL0018737
    [current_stock] => 500
    [class_code_new] => CLS001
    [class] => W
)

[2026-03-11 12:47:55] Item hierarchy - Array
(
    [display_category] => SPIRITS
    [ml_volume] => 90
)

[2026-03-11 12:47:55] Added to volume summary - Array
(
    [category] => SPIRITS
    [volume] => 90 ML
    [new_total] => 4300
)

[2026-03-11 12:47:55] Processing item - Array
(
    [code] => SCMKS0026878
    [current_stock] => 50
    [class_code_new] => CLS001
    [class] => W
)

[2026-03-11 12:47:55] Item hierarchy - Array
(
    [display_category] => SPIRITS
    [ml_volume] => 180
)

[2026-03-11 12:47:55] Added to volume summary - Array
(
    [category] => SPIRITS
    [volume] => 180 ML
    [new_total] => 7819
)

[2026-03-11 12:47:55] Processing item - Array
(
    [code] => SCMPL0009775
    [current_stock] => 500
    [class_code_new] => CLS001
    [class] => D
)

[2026-03-11 12:47:55] Item hierarchy - Array
(
    [display_category] => SPIRITS
    [ml_volume] => 180
)

[2026-03-11 12:47:55] Added to volume summary - Array
(
    [category] => SPIRITS
    [volume] => 180 ML
    [new_total] => 8319
)

[2026-03-11 12:47:55] Processing item - Array
(
    [code] => SCMPL0010678
    [current_stock] => 1500
    [class_code_new] => CLS001
    [class] => W
)

[2026-03-11 12:47:55] Item hierarchy - Array
(
    [display_category] => SPIRITS
    [ml_volume] => 90
)

[2026-03-11 12:47:55] Added to volume summary - Array
(
    [category] => SPIRITS
    [volume] => 90 ML
    [new_total] => 5800
)

[2026-03-11 12:47:55] Processing item - Array
(
    [code] => SCMBR0018137
    [current_stock] => 300
    [class_code_new] => CLS007
    [class] => F
)

[2026-03-11 12:47:55] Item hierarchy - Array
(
    [display_category] => FERMENTED BEER
    [ml_volume] => 330
)

[2026-03-11 12:47:55] Added to volume summary - Array
(
    [category] => FERMENTED BEER
    [volume] => 330 ML
    [new_total] => 800
)

[2026-03-11 12:47:55] Processing item - Array
(
    [code] => SCMKB0031391
    [current_stock] => 500
    [class_code_new] => CLS008
    [class] => M
)

[2026-03-11 12:47:55] Item hierarchy - Array
(
    [display_category] => MILD BEER
    [ml_volume] => 330
)

[2026-03-11 12:47:55] Added to volume summary - Array
(
    [category] => MILD BEER
    [volume] => 330 ML
    [new_total] => 500
)

[2026-03-11 12:47:55] Processing item - Array
(
    [code] => SCMBR0027089
    [current_stock] => 300
    [class_code_new] => CLS008
    [class] => M
)

[2026-03-11 12:47:55] Item hierarchy - Array
(
    [display_category] => MILD BEER
    [ml_volume] => 650
)

[2026-03-11 12:47:55] Added to volume summary - Array
(
    [category] => MILD BEER
    [volume] => 650 ML
    [new_total] => 300
)

[2026-03-11 12:47:55] Processing item - Array
(
    [code] => SCMBR0018132
    [current_stock] => 121
    [class_code_new] => CLS008
    [class] => M
)

[2026-03-11 12:47:55] Item hierarchy - Array
(
    [display_category] => MILD BEER
    [ml_volume] => 650
)

[2026-03-11 12:47:55] Added to volume summary - Array
(
    [category] => MILD BEER
    [volume] => 650 ML
    [new_total] => 421
)

[2026-03-11 12:47:55] Processing item - Array
(
    [code] => SCMBR0018158
    [current_stock] => 500
    [class_code_new] => CLS007
    [class] => F
)

[2026-03-11 12:47:55] Item hierarchy - Array
(
    [display_category] => FERMENTED BEER
    [ml_volume] => 330
)

[2026-03-11 12:47:55] Added to volume summary - Array
(
    [category] => FERMENTED BEER
    [volume] => 330 ML
    [new_total] => 1300
)

[2026-03-11 12:47:55] Processing item - Array
(
    [code] => SCMBR0023258
    [current_stock] => 500
    [class_code_new] => CLS007
    [class] => F
)

[2026-03-11 12:47:55] Item hierarchy - Array
(
    [display_category] => FERMENTED BEER
    [ml_volume] => 650
)

[2026-03-11 12:47:55] Added to volume summary - Array
(
    [category] => FERMENTED BEER
    [volume] => 650 ML
    [new_total] => 1300
)

[2026-03-11 12:47:55] Processing item - Array
(
    [code] => SCMPL0018648
    [current_stock] => 200
    [class_code_new] => CLS001
    [class] => K
)

[2026-03-11 12:47:55] Item hierarchy - Array
(
    [display_category] => SPIRITS
    [ml_volume] => 180
)

[2026-03-11 12:47:55] Added to volume summary - Array
(
    [category] => SPIRITS
    [volume] => 180 ML
    [new_total] => 8519
)

[2026-03-11 12:47:55] Processing item - Array
(
    [code] => SCMPL0033624
    [current_stock] => 500
    [class_code_new] => CLS001
    [class] => K
)

[2026-03-11 12:47:55] Item hierarchy - Array
(
    [display_category] => SPIRITS
    [ml_volume] => 90
)

[2026-03-11 12:47:55] Added to volume summary - Array
(
    [category] => SPIRITS
    [volume] => 90 ML
    [new_total] => 6300
)

[2026-03-11 12:47:55] Processing item - Array
(
    [code] => SCMPL0011438
    [current_stock] => 96
    [class_code_new] => CLS001
    [class] => K
)

[2026-03-11 12:47:55] Item hierarchy - Array
(
    [display_category] => SPIRITS
    [ml_volume] => 180
)

[2026-03-11 12:47:55] Added to volume summary - Array
(
    [category] => SPIRITS
    [volume] => 180 ML
    [new_total] => 8615
)

[2026-03-11 12:47:55] Processing item - Array
(
    [code] => SCMPL0011418
    [current_stock] => 240
    [class_code_new] => CLS001
    [class] => K
)

[2026-03-11 12:47:55] Item hierarchy - Array
(
    [display_category] => SPIRITS
    [ml_volume] => 180
)

[2026-03-11 12:47:55] Added to volume summary - Array
(
    [category] => SPIRITS
    [volume] => 180 ML
    [new_total] => 8855
)

[2026-03-11 12:47:55] Processing item - Array
(
    [code] => SCMBR0018635
    [current_stock] => 200
    [class_code_new] => CLS007
    [class] => F
)

[2026-03-11 12:47:55] Item hierarchy - Array
(
    [display_category] => FERMENTED BEER
    [ml_volume] => 650
)

[2026-03-11 12:47:55] Added to volume summary - Array
(
    [category] => FERMENTED BEER
    [volume] => 650 ML
    [new_total] => 1500
)

[2026-03-11 12:47:55] Processing item - Array
(
    [code] => SCMBR0029429
    [current_stock] => 500
    [class_code_new] => CLS007
    [class] => F
)

[2026-03-11 12:47:55] Item hierarchy - Array
(
    [display_category] => FERMENTED BEER
    [ml_volume] => 330
)

[2026-03-11 12:47:55] Added to volume summary - Array
(
    [category] => FERMENTED BEER
    [volume] => 330 ML
    [new_total] => 1800
)

[2026-03-11 12:47:55] Processing item - Array
(
    [code] => SCMBR0029431
    [current_stock] => 130
    [class_code_new] => CLS007
    [class] => F
)

[2026-03-11 12:47:55] Item hierarchy - Array
(
    [display_category] => FERMENTED BEER
    [ml_volume] => 650
)

[2026-03-11 12:47:55] Added to volume summary - Array
(
    [category] => FERMENTED BEER
    [volume] => 650 ML
    [new_total] => 1630
)

[2026-03-11 12:47:55] Processing item - Array
(
    [code] => SCMPL0010541
    [current_stock] => 400
    [class_code_new] => CLS001
    [class] => D
)

[2026-03-11 12:47:55] Item hierarchy - Array
(
    [display_category] => SPIRITS
    [ml_volume] => 180
)

[2026-03-11 12:47:55] Added to volume summary - Array
(
    [category] => SPIRITS
    [volume] => 180 ML
    [new_total] => 9255
)

[2026-03-11 12:47:55] Processing item - Array
(
    [code] => SCMPL0040482
    [current_stock] => 300
    [class_code_new] => CLS001
    [class] => W
)

[2026-03-11 12:47:55] Item hierarchy - Array
(
    [display_category] => SPIRITS
    [ml_volume] => 90
)

[2026-03-11 12:47:55] Added to volume summary - Array
(
    [category] => SPIRITS
    [volume] => 90 ML
    [new_total] => 6600
)

[2026-03-11 12:47:55] Processing item - Array
(
    [code] => SCMPL0009899
    [current_stock] => 500
    [class_code_new] => CLS001
    [class] => R
)

[2026-03-11 12:47:55] Item hierarchy - Array
(
    [display_category] => SPIRITS
    [ml_volume] => 90
)

[2026-03-11 12:47:55] Added to volume summary - Array
(
    [category] => SPIRITS
    [volume] => 90 ML
    [new_total] => 7100
)

[2026-03-11 12:47:55] Processing item - Array
(
    [code] => SCMPL0009902
    [current_stock] => 10
    [class_code_new] => CLS001
    [class] => R
)

[2026-03-11 12:47:55] Item hierarchy - Array
(
    [display_category] => SPIRITS
    [ml_volume] => 750
)

[2026-03-11 12:47:55] Added to volume summary - Array
(
    [category] => SPIRITS
    [volume] => 750 ML
    [new_total] => 80
)

[2026-03-11 12:47:55] Processing item - Array
(
    [code] => SCMPL0009903
    [current_stock] => 20
    [class_code_new] => CLS001
    [class] => R
)

[2026-03-11 12:47:55] Item hierarchy - Array
(
    [display_category] => SPIRITS
    [ml_volume] => 1000
)

[2026-03-11 12:47:55] Added to volume summary - Array
(
    [category] => SPIRITS
    [volume] => 1000 ML
    [new_total] => 67
)

[2026-03-11 12:47:55] Processing item - Array
(
    [code] => SCMPL0011581
    [current_stock] => 15
    [class_code_new] => CLS001
    [class] => W
)

[2026-03-11 12:47:55] Item hierarchy - Array
(
    [display_category] => SPIRITS
    [ml_volume] => 1000
)

[2026-03-11 12:47:55] Added to volume summary - Array
(
    [category] => SPIRITS
    [volume] => 1000 ML
    [new_total] => 82
)

[2026-03-11 12:47:55] Processing item - Array
(
    [code] => SCMPL0035367
    [current_stock] => 500
    [class_code_new] => CLS001
    [class] => K
)

[2026-03-11 12:47:55] Item hierarchy - Array
(
    [display_category] => SPIRITS
    [ml_volume] => 90
)

[2026-03-11 12:47:55] Added to volume summary - Array
(
    [category] => SPIRITS
    [volume] => 90 ML
    [new_total] => 7600
)

[2026-03-11 12:47:55] Processing item - Array
(
    [code] => SCMPL0036711
    [current_stock] => 500
    [class_code_new] => CLS001
    [class] => W
)

[2026-03-11 12:47:55] Item hierarchy - Array
(
    [display_category] => SPIRITS
    [ml_volume] => 90
)

[2026-03-11 12:47:55] Added to volume summary - Array
(
    [category] => SPIRITS
    [volume] => 90 ML
    [new_total] => 8100
)

[2026-03-11 12:47:55] Processing item - Array
(
    [code] => SCMPL0010702
    [current_stock] => 100
    [class_code_new] => CLS001
    [class] => W
)

[2026-03-11 12:47:55] Item hierarchy - Array
(
    [display_category] => SPIRITS
    [ml_volume] => 180
)

[2026-03-11 12:47:55] Added to volume summary - Array
(
    [category] => SPIRITS
    [volume] => 180 ML
    [new_total] => 9355
)

[2026-03-11 12:47:55] Processing item - Array
(
    [code] => SCMPL0029933
    [current_stock] => 6
    [class_code_new] => CLS001
    [class] => W
)

[2026-03-11 12:47:55] Item hierarchy - Array
(
    [display_category] => SPIRITS
    [ml_volume] => 180
)

[2026-03-11 12:47:55] Added to volume summary - Array
(
    [category] => SPIRITS
    [volume] => 180 ML
    [new_total] => 9361
)

[2026-03-11 12:47:55] Processing item - Array
(
    [code] => SCMPL0029928
    [current_stock] => 12
    [class_code_new] => CLS001
    [class] => W
)

[2026-03-11 12:47:55] Item hierarchy - Array
(
    [display_category] => SPIRITS
    [ml_volume] => 180
)

[2026-03-11 12:47:55] Added to volume summary - Array
(
    [category] => SPIRITS
    [volume] => 180 ML
    [new_total] => 9373
)

[2026-03-11 12:47:55] Processing item - Array
(
    [code] => SCMPL0010360
    [current_stock] => 24
    [class_code_new] => CLS001
    [class] => K
)

[2026-03-11 12:47:55] Item hierarchy - Array
(
    [display_category] => SPIRITS
    [ml_volume] => 180
)

[2026-03-11 12:47:55] Added to volume summary - Array
(
    [category] => SPIRITS
    [volume] => 180 ML
    [new_total] => 9397
)

[2026-03-11 12:47:55] Processing item - Array
(
    [code] => SCMPL0009968
    [current_stock] => 530
    [class_code_new] => CLS001
    [class] => K
)

[2026-03-11 12:47:55] Item hierarchy - Array
(
    [display_category] => SPIRITS
    [ml_volume] => 180
)

[2026-03-11 12:47:55] Added to volume summary - Array
(
    [category] => SPIRITS
    [volume] => 180 ML
    [new_total] => 9927
)

[2026-03-11 12:47:55] Processing item - Array
(
    [code] => SCMPL0009977
    [current_stock] => 542
    [class_code_new] => CLS001
    [class] => K
)

[2026-03-11 12:47:55] Item hierarchy - Array
(
    [display_category] => SPIRITS
    [ml_volume] => 180
)

[2026-03-11 12:47:55] Added to volume summary - Array
(
    [category] => SPIRITS
    [volume] => 180 ML
    [new_total] => 10469
)

[2026-03-11 12:47:55] Processing item - Array
(
    [code] => SCMKS0018253
    [current_stock] => 6
    [class_code_new] => CLS001
    [class] => W
)

[2026-03-11 12:47:55] Item hierarchy - Array
(
    [display_category] => SPIRITS
    [ml_volume] => 180
)

[2026-03-11 12:47:55] Added to volume summary - Array
(
    [category] => SPIRITS
    [volume] => 180 ML
    [new_total] => 10475
)

[2026-03-11 12:47:55] Processing item - Array
(
    [code] => SCMBR0037366
    [current_stock] => 48
    [class_code_new] => CLS008
    [class] => M
)

[2026-03-11 12:47:55] Item hierarchy - Array
(
    [display_category] => MILD BEER
    [ml_volume] => 330
)

[2026-03-11 12:47:55] Added to volume summary - Array
(
    [category] => MILD BEER
    [volume] => 330 ML
    [new_total] => 548
)

[2026-03-11 12:47:55] Processing item - Array
(
    [code] => SCMBR0018161
    [current_stock] => 130
    [class_code_new] => CLS007
    [class] => F
)

[2026-03-11 12:47:55] Item hierarchy - Array
(
    [display_category] => FERMENTED BEER
    [ml_volume] => 330
)

[2026-03-11 12:47:55] Added to volume summary - Array
(
    [category] => FERMENTED BEER
    [volume] => 330 ML
    [new_total] => 1930
)

[2026-03-11 12:47:55] Processing item - Array
(
    [code] => SCMPL0010020
    [current_stock] => 1225
    [class_code_new] => CLS001
    [class] => K
)

[2026-03-11 12:47:55] Item hierarchy - Array
(
    [display_category] => SPIRITS
    [ml_volume] => 180
)

[2026-03-11 12:47:55] Added to volume summary - Array
(
    [category] => SPIRITS
    [volume] => 180 ML
    [new_total] => 11700
)

[2026-03-11 12:47:55] Final volume summary - Array
(
    [SPIRITS] => Array
        (
            [50 ML] => 0
            [60 ML] => 0
            [90 ML] => 8100
            [170 ML] => 0
            [180 ML] => 11700
            [200 ML] => 0
            [250 ML] => 0
            [275 ML] => 0
            [330 ML] => 0
            [355 ML] => 0
            [375 ML] => 130
            [500 ML] => 0
            [650 ML] => 0
            [700 ML] => 0
            [750 ML] => 80
            [1000 ML] => 82
            [1.5L] => 0
            [1.75L] => 0
            [2L] => 0
            [3L] => 0
            [4.5L] => 0
            [15L] => 0
            [20L] => 0
            [30L] => 0
            [50L] => 0
        )

    [WINE] => Array
        (
            [50 ML] => 0
            [60 ML] => 0
            [90 ML] => 0
            [170 ML] => 0
            [180 ML] => 0
            [200 ML] => 0
            [250 ML] => 0
            [275 ML] => 0
            [330 ML] => 0
            [355 ML] => 0
            [375 ML] => 130
            [500 ML] => 0
            [650 ML] => 0
            [700 ML] => 0
            [750 ML] => 0
            [1000 ML] => 0
            [1.5L] => 0
            [1.75L] => 0
            [2L] => 0
            [3L] => 0
            [4.5L] => 0
            [15L] => 0
            [20L] => 0
            [30L] => 0
            [50L] => 0
        )

    [FERMENTED BEER] => Array
        (
            [50 ML] => 0
            [60 ML] => 0
            [90 ML] => 0
            [170 ML] => 0
            [180 ML] => 0
            [200 ML] => 0
            [250 ML] => 0
            [275 ML] => 0
            [330 ML] => 1930
            [355 ML] => 0
            [375 ML] => 0
            [500 ML] => 0
            [650 ML] => 1630
            [700 ML] => 0
            [750 ML] => 0
            [1000 ML] => 0
            [1.5L] => 0
            [1.75L] => 0
            [2L] => 0
            [3L] => 0
            [4.5L] => 0
            [15L] => 0
            [20L] => 0
            [30L] => 0
            [50L] => 0
        )

    [MILD BEER] => Array
        (
            [50 ML] => 0
            [60 ML] => 0
            [90 ML] => 0
            [170 ML] => 0
            [180 ML] => 0
            [200 ML] => 0
            [250 ML] => 0
            [275 ML] => 0
            [330 ML] => 548
            [355 ML] => 0
            [375 ML] => 0
            [500 ML] => 0
            [650 ML] => 421
            [700 ML] => 0
            [750 ML] => 0
            [1000 ML] => 0
            [1.5L] => 0
            [1.75L] => 0
            [2L] => 0
            [3L] => 0
            [4.5L] => 0
            [15L] => 0
            [20L] => 0
            [30L] => 0
            [50L] => 0
        )

    [COUNTRY LIQUOR] => Array
        (
            [50 ML] => 0
            [60 ML] => 0
            [90 ML] => 0
            [170 ML] => 0
            [180 ML] => 0
            [200 ML] => 0
            [250 ML] => 0
            [275 ML] => 0
            [330 ML] => 0
            [355 ML] => 0
            [375 ML] => 0
            [500 ML] => 0
            [650 ML] => 0
            [700 ML] => 0
            [750 ML] => 0
            [1000 ML] => 0
            [1.5L] => 0
            [1.75L] => 0
            [2L] => 0
            [3L] => 0
            [4.5L] => 0
            [15L] => 0
            [20L] => 0
            [30L] => 0
            [50L] => 0
        )

    [OTHER] => Array
        (
            [50 ML] => 0
            [60 ML] => 0
            [90 ML] => 0
            [170 ML] => 0
            [180 ML] => 0
            [200 ML] => 0
            [250 ML] => 0
            [275 ML] => 0
            [330 ML] => 0
            [355 ML] => 0
            [375 ML] => 0
            [500 ML] => 0
            [650 ML] => 0
            [700 ML] => 0
            [750 ML] => 0
            [1000 ML] => 0
            [1.5L] => 0
            [1.75L] => 0
            [2L] => 0
            [3L] => 0
            [4.5L] => 0
            [15L] => 0
            [20L] => 0
            [30L] => 0
            [50L] => 0
        )

)

[2026-03-11 12:47:55] AJAX volume_summary returning with categories count: 6
[2026-03-11 13:38:23] Script started
[2026-03-11 13:38:23] Financial Year - Array
(
    [start] => 2021-04-01
    [end] => 2022-03-31
    [fin_year_id] => 3
)

[2026-03-11 13:38:23] Allowed classes - Array
(
    [0] => W
    [1] => V
    [2] => M
    [3] => F
    [4] => D
    [5] => K
    [6] => G
    [7] => R
)

[2026-03-11 13:38:23] Calling findFirstOpeningBatchDate with - Array
(
    [comp_id] => 5
    [mode] => F
    [fy_start] => 2021-04-01
    [fy_end] => 2022-03-31
    [allowed_classes] => Array
        (
            [0] => W
            [1] => V
            [2] => M
            [3] => F
            [4] => D
            [5] => K
            [6] => G
            [7] => R
        )

)

[2026-03-11 13:38:23] findFirstOpeningBatchDate called - Array
(
    [comp_id] => 5
    [mode] => F
    [fy_start] => 2021-04-01
    [fy_end] => 2022-03-31
    [allowed_classes] => Array
        (
            [0] => W
            [1] => V
            [2] => M
            [3] => F
            [4] => D
            [5] => K
            [6] => G
            [7] => R
        )

)

[2026-03-11 13:38:23] generateMonthsInRange: Date range - Array
(
    [start] => 2021-04-01
    [end] => 2022-03-01
)

[2026-03-11 13:38:23] generateMonthsInRange: Generated months - Array
(
    [count] => 12
    [months] => Array
        (
            [0] => 2021-04
            [1] => 2021-05
            [2] => 2021-06
            [3] => 2021-07
            [4] => 2021-08
            [5] => 2021-09
            [6] => 2021-10
            [7] => 2021-11
            [8] => 2021-12
            [9] => 2022-01
            [10] => 2022-02
            [11] => 2022-03
        )

)

[2026-03-11 13:38:23] Generated months - Array
(
    [months] => Array
        (
            [0] => 2021-04
            [1] => 2021-05
            [2] => 2021-06
            [3] => 2021-07
            [4] => 2021-08
            [5] => 2021-09
            [6] => 2021-10
            [7] => 2021-11
            [8] => 2021-12
            [9] => 2022-01
            [10] => 2022-02
            [11] => 2022-03
        )

)

[2026-03-11 13:38:23] Found opening balance in month - Array
(
    [month] => 2021-04
    [item_code] => SCMPL0009770
)

[2026-03-11 13:38:23] Found first batch date - Array
(
    [date] => 2021-04-01
    [month] => 2021-04
    [day] => 01
)

[2026-03-11 13:38:23] First batch data result - Array
(
    [date] => 2021-04-01
    [month] => 2021-04
    [day] => 01
    [day_num] => 1
)

[2026-03-11 13:38:23] First batch data - Array
(
    [date] => 2021-04-01
    [month] => 2021-04
    [day] => 01
    [day_num] => 1
)

[2026-03-11 13:38:23] generateMonthsInRange: Date range - Array
(
    [start] => 2021-04-01
    [end] => 2021-04-01
)

[2026-03-11 13:38:23] generateMonthsInRange: Generated months - Array
(
    [count] => 1
    [months] => Array
        (
            [0] => 2021-04
        )

)

[2026-03-11 13:38:23] Initial counts (first batch) - Array
(
    [total] => 88
    [with_stock] => 88
)

[2026-03-11 13:38:23] Script completed, rendering page
[2026-03-11 13:38:24] Script started
[2026-03-11 13:38:24] Financial Year - Array
(
    [start] => 2021-04-01
    [end] => 2022-03-31
    [fin_year_id] => 3
)

[2026-03-11 13:38:24] Allowed classes - Array
(
    [0] => W
    [1] => V
    [2] => M
    [3] => F
    [4] => D
    [5] => K
    [6] => G
    [7] => R
)

[2026-03-11 13:38:24] Calling findFirstOpeningBatchDate with - Array
(
    [comp_id] => 5
    [mode] => F
    [fy_start] => 2021-04-01
    [fy_end] => 2022-03-31
    [allowed_classes] => Array
        (
            [0] => W
            [1] => V
            [2] => M
            [3] => F
            [4] => D
            [5] => K
            [6] => G
            [7] => R
        )

)

[2026-03-11 13:38:24] findFirstOpeningBatchDate called - Array
(
    [comp_id] => 5
    [mode] => F
    [fy_start] => 2021-04-01
    [fy_end] => 2022-03-31
    [allowed_classes] => Array
        (
            [0] => W
            [1] => V
            [2] => M
            [3] => F
            [4] => D
            [5] => K
            [6] => G
            [7] => R
        )

)

[2026-03-11 13:38:24] generateMonthsInRange: Date range - Array
(
    [start] => 2021-04-01
    [end] => 2022-03-01
)

[2026-03-11 13:38:24] generateMonthsInRange: Generated months - Array
(
    [count] => 12
    [months] => Array
        (
            [0] => 2021-04
            [1] => 2021-05
            [2] => 2021-06
            [3] => 2021-07
            [4] => 2021-08
            [5] => 2021-09
            [6] => 2021-10
            [7] => 2021-11
            [8] => 2021-12
            [9] => 2022-01
            [10] => 2022-02
            [11] => 2022-03
        )

)

[2026-03-11 13:38:24] Generated months - Array
(
    [months] => Array
        (
            [0] => 2021-04
            [1] => 2021-05
            [2] => 2021-06
            [3] => 2021-07
            [4] => 2021-08
            [5] => 2021-09
            [6] => 2021-10
            [7] => 2021-11
            [8] => 2021-12
            [9] => 2022-01
            [10] => 2022-02
            [11] => 2022-03
        )

)

[2026-03-11 13:38:24] Found opening balance in month - Array
(
    [month] => 2021-04
    [item_code] => SCMPL0009770
)

[2026-03-11 13:38:24] Found first batch date - Array
(
    [date] => 2021-04-01
    [month] => 2021-04
    [day] => 01
)

[2026-03-11 13:38:24] First batch data result - Array
(
    [date] => 2021-04-01
    [month] => 2021-04
    [day] => 01
    [day_num] => 1
)

[2026-03-11 13:38:24] First batch data - Array
(
    [date] => 2021-04-01
    [month] => 2021-04
    [day] => 01
    [day_num] => 1
)

[2026-03-11 13:38:24] AJAX get_items called - Array
(
    [page] => 1
    [view] => with_stock
    [mode] => F
    [search] => 
    [first_batch_data] => Array
        (
            [date] => 2021-04-01
            [month] => 2021-04
            [day] => 01
            [day_num] => 1
        )

)

[2026-03-11 13:38:24] generateMonthsInRange: Date range - Array
(
    [start] => 2021-04-01
    [end] => 2021-04-01
)

[2026-03-11 13:38:24] generateMonthsInRange: Generated months - Array
(
    [count] => 1
    [months] => Array
        (
            [0] => 2021-04
        )

)

[2026-03-11 13:38:24] AJAX get_items count query result - Array
(
    [total] => 72
    [batch_month] => 2021-04
    [batch_day] => 01
)

[2026-03-11 13:38:24] AJAX get_items returning - Array
(
    [items_count] => 77
    [total] => 72
    [has_more] => 
)

[2026-03-11 13:38:25] Script started
[2026-03-11 13:38:25] Financial Year - Array
(
    [start] => 2021-04-01
    [end] => 2022-03-31
    [fin_year_id] => 3
)

[2026-03-11 13:38:25] Allowed classes - Array
(
    [0] => W
    [1] => V
    [2] => M
    [3] => F
    [4] => D
    [5] => K
    [6] => G
    [7] => R
)

[2026-03-11 13:38:25] Calling findFirstOpeningBatchDate with - Array
(
    [comp_id] => 5
    [mode] => F
    [fy_start] => 2021-04-01
    [fy_end] => 2022-03-31
    [allowed_classes] => Array
        (
            [0] => W
            [1] => V
            [2] => M
            [3] => F
            [4] => D
            [5] => K
            [6] => G
            [7] => R
        )

)

[2026-03-11 13:38:25] findFirstOpeningBatchDate called - Array
(
    [comp_id] => 5
    [mode] => F
    [fy_start] => 2021-04-01
    [fy_end] => 2022-03-31
    [allowed_classes] => Array
        (
            [0] => W
            [1] => V
            [2] => M
            [3] => F
            [4] => D
            [5] => K
            [6] => G
            [7] => R
        )

)

[2026-03-11 13:38:25] generateMonthsInRange: Date range - Array
(
    [start] => 2021-04-01
    [end] => 2022-03-01
)

[2026-03-11 13:38:25] generateMonthsInRange: Generated months - Array
(
    [count] => 12
    [months] => Array
        (
            [0] => 2021-04
            [1] => 2021-05
            [2] => 2021-06
            [3] => 2021-07
            [4] => 2021-08
            [5] => 2021-09
            [6] => 2021-10
            [7] => 2021-11
            [8] => 2021-12
            [9] => 2022-01
            [10] => 2022-02
            [11] => 2022-03
        )

)

[2026-03-11 13:38:25] Generated months - Array
(
    [months] => Array
        (
            [0] => 2021-04
            [1] => 2021-05
            [2] => 2021-06
            [3] => 2021-07
            [4] => 2021-08
            [5] => 2021-09
            [6] => 2021-10
            [7] => 2021-11
            [8] => 2021-12
            [9] => 2022-01
            [10] => 2022-02
            [11] => 2022-03
        )

)

[2026-03-11 13:38:25] Found opening balance in month - Array
(
    [month] => 2021-04
    [item_code] => SCMPL0009770
)

[2026-03-11 13:38:25] Found first batch date - Array
(
    [date] => 2021-04-01
    [month] => 2021-04
    [day] => 01
)

[2026-03-11 13:38:25] First batch data result - Array
(
    [date] => 2021-04-01
    [month] => 2021-04
    [day] => 01
    [day_num] => 1
)

[2026-03-11 13:38:25] First batch data - Array
(
    [date] => 2021-04-01
    [month] => 2021-04
    [day] => 01
    [day_num] => 1
)

[2026-03-11 13:38:25] AJAX volume_summary called - Array
(
    [ajax] => volume_summary
    [mode] => F
    [t] => 1773232705226
)

[2026-03-11 13:38:25] Volume summary - checking table - Array
(
    [batch_table] => tbldailystock_5_04_21
    [batch_month] => 2021-04
)

[2026-03-11 13:38:25] getOpeningBalanceVolumeSummary called - Array
(
    [mode] => F
    [comp_id] => 5
    [allowed_classes] => Array
        (
            [0] => W
            [1] => V
            [2] => M
            [3] => F
            [4] => D
            [5] => K
            [6] => G
            [7] => R
        )

    [first_batch_data] => Array
        (
            [date] => 2021-04-01
            [month] => 2021-04
            [day] => 01
            [day_num] => 1
        )

)

[2026-03-11 13:38:25] Processing volume summary - Array
(
    [batch_month] => 2021-04
    [batch_day] => 01
    [batch_date] => 2021-04-01
    [batch_table] => tbldailystock_5_04_21
)

[2026-03-11 13:38:25] generateMonthsInRange: Date range - Array
(
    [start] => 2021-04-01
    [end] => 2021-04-01
)

[2026-03-11 13:38:25] generateMonthsInRange: Generated months - Array
(
    [count] => 1
    [months] => Array
        (
            [0] => 2021-04
        )

)

[2026-03-11 13:38:25] Volume summary query returned rows - Array
(
    [count] => 77
)

[2026-03-11 13:38:25] Processing item - Array
(
    [code] => SCMPL0009770
    [current_stock] => 500
    [class_code_new] => CLS001
    [class] => W
)

[2026-03-11 13:38:25] Item hierarchy - Array
(
    [display_category] => SPIRITS
    [ml_volume] => 180
)

[2026-03-11 13:38:25] Added to volume summary - Array
(
    [category] => SPIRITS
    [volume] => 180 ML
    [new_total] => 500
)

[2026-03-11 13:38:25] Processing item - Array
(
    [code] => SCMPL0010434
    [current_stock] => 500
    [class_code_new] => CLS001
    [class] => K
)

[2026-03-11 13:38:25] Item hierarchy - Array
(
    [display_category] => SPIRITS
    [ml_volume] => 180
)

[2026-03-11 13:38:25] Added to volume summary - Array
(
    [category] => SPIRITS
    [volume] => 180 ML
    [new_total] => 1000
)

[2026-03-11 13:38:25] Processing item - Array
(
    [code] => SCMPL0010447
    [current_stock] => 20
    [class_code_new] => CLS001
    [class] => W
)

[2026-03-11 13:38:25] Item hierarchy - Array
(
    [display_category] => SPIRITS
    [ml_volume] => 750
)

[2026-03-11 13:38:25] Added to volume summary - Array
(
    [category] => SPIRITS
    [volume] => 750 ML
    [new_total] => 20
)

[2026-03-11 13:38:25] Processing item - Array
(
    [code] => SCMPL0010612
    [current_stock] => 1000
    [class_code_new] => CLS001
    [class] => W
)

[2026-03-11 13:38:25] Item hierarchy - Array
(
    [display_category] => SPIRITS
    [ml_volume] => 90
)

[2026-03-11 13:38:25] Added to volume summary - Array
(
    [category] => SPIRITS
    [volume] => 90 ML
    [new_total] => 1000
)

[2026-03-11 13:38:25] Processing item - Array
(
    [code] => SCMPL0009942
    [current_stock] => 500
    [class_code_new] => CLS001
    [class] => W
)

[2026-03-11 13:38:25] Item hierarchy - Array
(
    [display_category] => SPIRITS
    [ml_volume] => 180
)

[2026-03-11 13:38:25] Added to volume summary - Array
(
    [category] => SPIRITS
    [volume] => 180 ML
    [new_total] => 1500
)

[2026-03-11 13:38:25] Processing item - Array
(
    [code] => SCMPL0010451
    [current_stock] => 500
    [class_code_new] => CLS001
    [class] => W
)

[2026-03-11 13:38:25] Item hierarchy - Array
(
    [display_category] => SPIRITS
    [ml_volume] => 180
)

[2026-03-11 13:38:25] Added to volume summary - Array
(
    [category] => SPIRITS
    [volume] => 180 ML
    [new_total] => 2000
)

[2026-03-11 13:38:25] Processing item - Array
(
    [code] => SCMBR0023264
    [current_stock] => 200
    [class_code_new] => CLS007
    [class] => F
)

[2026-03-11 13:38:25] Item hierarchy - Array
(
    [display_category] => FERMENTED BEER
    [ml_volume] => 650
)

[2026-03-11 13:38:25] Added to volume summary - Array
(
    [category] => FERMENTED BEER
    [volume] => 650 ML
    [new_total] => 200
)

[2026-03-11 13:38:25] Processing item - Array
(
    [code] => SCMKS0026879
    [current_stock] => 21
    [class_code_new] => CLS001
    [class] => W
)

[2026-03-11 13:38:25] Item hierarchy - Array
(
    [display_category] => SPIRITS
    [ml_volume] => 180
)

[2026-03-11 13:38:25] Added to volume summary - Array
(
    [category] => SPIRITS
    [volume] => 180 ML
    [new_total] => 2021
)

[2026-03-11 13:38:25] Processing item - Array
(
    [code] => SCMPL0010108
    [current_stock] => 10
    [class_code_new] => CLS001
    [class] => W
)

[2026-03-11 13:38:25] Item hierarchy - Array
(
    [display_category] => SPIRITS
    [ml_volume] => 750
)

[2026-03-11 13:38:25] Added to volume summary - Array
(
    [category] => SPIRITS
    [volume] => 750 ML
    [new_total] => 30
)

[2026-03-11 13:38:25] Processing item - Array
(
    [code] => SCMPL0010075
    [current_stock] => 700
    [class_code_new] => CLS001
    [class] => W
)

[2026-03-11 13:38:25] Item hierarchy - Array
(
    [display_category] => SPIRITS
    [ml_volume] => 90
)

[2026-03-11 13:38:25] Added to volume summary - Array
(
    [category] => SPIRITS
    [volume] => 90 ML
    [new_total] => 1700
)

[2026-03-11 13:38:25] Processing item - Array
(
    [code] => SCMPL0010076
    [current_stock] => 700
    [class_code_new] => CLS001
    [class] => W
)

[2026-03-11 13:38:25] Item hierarchy - Array
(
    [display_category] => SPIRITS
    [ml_volume] => 90
)

[2026-03-11 13:38:25] Added to volume summary - Array
(
    [category] => SPIRITS
    [volume] => 90 ML
    [new_total] => 2400
)

[2026-03-11 13:38:25] Processing item - Array
(
    [code] => SCMPL0010088
    [current_stock] => 264
    [class_code_new] => CLS001
    [class] => W
)

[2026-03-11 13:38:25] Item hierarchy - Array
(
    [display_category] => SPIRITS
    [ml_volume] => 180
)

[2026-03-11 13:38:25] Added to volume summary - Array
(
    [category] => SPIRITS
    [volume] => 180 ML
    [new_total] => 2285
)

[2026-03-11 13:38:25] Processing item - Array
(
    [code] => SCMPL0010701
    [current_stock] => 700
    [class_code_new] => CLS001
    [class] => W
)

[2026-03-11 13:38:25] Item hierarchy - Array
(
    [display_category] => SPIRITS
    [ml_volume] => 90
)

[2026-03-11 13:38:25] Added to volume summary - Array
(
    [category] => SPIRITS
    [volume] => 90 ML
    [new_total] => 3100
)

[2026-03-11 13:38:25] Processing item - Array
(
    [code] => SCMBR0018142
    [current_stock] => 300
    [class_code_new] => CLS007
    [class] => F
)

[2026-03-11 13:38:25] Item hierarchy - Array
(
    [display_category] => FERMENTED BEER
    [ml_volume] => 650
)

[2026-03-11 13:38:25] Added to volume summary - Array
(
    [category] => FERMENTED BEER
    [volume] => 650 ML
    [new_total] => 500
)

[2026-03-11 13:38:25] Processing item - Array
(
    [code] => SCMWN0019724
    [current_stock] => 130
    [class_code_new] => CLS004
    [class] => V
)

[2026-03-11 13:38:25] Item hierarchy - Array
(
    [display_category] => WINE
    [ml_volume] => 375
)

[2026-03-11 13:38:25] Added to volume summary - Array
(
    [category] => WINE
    [volume] => 375 ML
    [new_total] => 130
)

[2026-03-11 13:38:25] Processing item - Array
(
    [code] => SCMPL0010198
    [current_stock] => 384
    [class_code_new] => CLS001
    [class] => D
)

[2026-03-11 13:38:25] Item hierarchy - Array
(
    [display_category] => SPIRITS
    [ml_volume] => 180
)

[2026-03-11 13:38:25] Added to volume summary - Array
(
    [category] => SPIRITS
    [volume] => 180 ML
    [new_total] => 2669
)

[2026-03-11 13:38:25] Processing item - Array
(
    [code] => SCMPL0010445
    [current_stock] => 500
    [class_code_new] => CLS001
    [class] => W
)

[2026-03-11 13:38:25] Item hierarchy - Array
(
    [display_category] => SPIRITS
    [ml_volume] => 180
)

[2026-03-11 13:38:25] Added to volume summary - Array
(
    [category] => SPIRITS
    [volume] => 180 ML
    [new_total] => 3169
)

[2026-03-11 13:38:25] Processing item - Array
(
    [code] => SCMPL0010676
    [current_stock] => 30
    [class_code_new] => CLS001
    [class] => G
)

[2026-03-11 13:38:25] Item hierarchy - Array
(
    [display_category] => SPIRITS
    [ml_volume] => 375
)

[2026-03-11 13:38:25] Added to volume summary - Array
(
    [category] => SPIRITS
    [volume] => 375 ML
    [new_total] => 30
)

[2026-03-11 13:38:25] Processing item - Array
(
    [code] => SCMPL0010679
    [current_stock] => 1000
    [class_code_new] => CLS001
    [class] => G
)

[2026-03-11 13:38:25] Item hierarchy - Array
(
    [display_category] => SPIRITS
    [ml_volume] => 180
)

[2026-03-11 13:38:25] Added to volume summary - Array
(
    [category] => SPIRITS
    [volume] => 180 ML
    [new_total] => 4169
)

[2026-03-11 13:38:25] Processing item - Array
(
    [code] => SCMPL0028274
    [current_stock] => 523
    [class_code_new] => CLS001
    [class] => W
)

[2026-03-11 13:38:25] Item hierarchy - Array
(
    [display_category] => SPIRITS
    [ml_volume] => 90
)

[2026-03-11 13:38:25] Added to volume summary - Array
(
    [category] => SPIRITS
    [volume] => 90 ML
    [new_total] => 3623
)

[2026-03-11 13:38:25] Processing item - Array
(
    [code] => SCMPL0028274
    [current_stock] => 46
    [class_code_new] => CLS001
    [class] => W
)

[2026-03-11 13:38:25] Item hierarchy - Array
(
    [display_category] => SPIRITS
    [ml_volume] => 90
)

[2026-03-11 13:38:25] Added to volume summary - Array
(
    [category] => SPIRITS
    [volume] => 90 ML
    [new_total] => 3669
)

[2026-03-11 13:38:25] Processing item - Array
(
    [code] => SCMPL0010087
    [current_stock] => 1200
    [class_code_new] => CLS001
    [class] => W
)

[2026-03-11 13:38:25] Item hierarchy - Array
(
    [display_category] => SPIRITS
    [ml_volume] => 180
)

[2026-03-11 13:38:25] Added to volume summary - Array
(
    [category] => SPIRITS
    [volume] => 180 ML
    [new_total] => 5369
)

[2026-03-11 13:38:25] Processing item - Array
(
    [code] => SCMPL0012499
    [current_stock] => 15
    [class_code_new] => CLS001
    [class] => W
)

[2026-03-11 13:38:25] Item hierarchy - Array
(
    [display_category] => SPIRITS
    [ml_volume] => 1000
)

[2026-03-11 13:38:25] Added to volume summary - Array
(
    [category] => SPIRITS
    [volume] => 1000 ML
    [new_total] => 15
)

[2026-03-11 13:38:25] Processing item - Array
(
    [code] => SCMPL0009936
    [current_stock] => 500
    [class_code_new] => CLS001
    [class] => K
)

[2026-03-11 13:38:25] Item hierarchy - Array
(
    [display_category] => SPIRITS
    [ml_volume] => 180
)

[2026-03-11 13:38:25] Added to volume summary - Array
(
    [category] => SPIRITS
    [volume] => 180 ML
    [new_total] => 5869
)

[2026-03-11 13:38:25] Processing item - Array
(
    [code] => SCMPL0010056
    [current_stock] => 500
    [class_code_new] => CLS001
    [class] => W
)

[2026-03-11 13:38:25] Item hierarchy - Array
(
    [display_category] => SPIRITS
    [ml_volume] => 180
)

[2026-03-11 13:38:25] Added to volume summary - Array
(
    [category] => SPIRITS
    [volume] => 180 ML
    [new_total] => 6369
)

[2026-03-11 13:38:25] Processing item - Array
(
    [code] => SCMPL0022280
    [current_stock] => 32
    [class_code_new] => CLS001
    [class] => W
)

[2026-03-11 13:38:25] Item hierarchy - Array
(
    [display_category] => SPIRITS
    [ml_volume] => 1000
)

[2026-03-11 13:38:25] Added to volume summary - Array
(
    [category] => SPIRITS
    [volume] => 1000 ML
    [new_total] => 47
)

[2026-03-11 13:38:25] Processing item - Array
(
    [code] => SCMPL0028356
    [current_stock] => 73
    [class_code_new] => CLS001
    [class] => W
)

[2026-03-11 13:38:25] Item hierarchy - Array
(
    [display_category] => SPIRITS
    [ml_volume] => 375
)

[2026-03-11 13:38:25] Added to volume summary - Array
(
    [category] => SPIRITS
    [volume] => 375 ML
    [new_total] => 103
)

[2026-03-11 13:38:25] Processing item - Array
(
    [code] => SCMPL0028356
    [current_stock] => 46
    [class_code_new] => CLS001
    [class] => W
)

[2026-03-11 13:38:25] Item hierarchy - Array
(
    [display_category] => SPIRITS
    [ml_volume] => 375
)

[2026-03-11 13:38:25] Added to volume summary - Array
(
    [category] => SPIRITS
    [volume] => 375 ML
    [new_total] => 149
)

[2026-03-11 13:38:25] Processing item - Array
(
    [code] => SCMPL0010677
    [current_stock] => 10
    [class_code_new] => CLS001
    [class] => G
)

[2026-03-11 13:38:25] Item hierarchy - Array
(
    [display_category] => SPIRITS
    [ml_volume] => 750
)

[2026-03-11 13:38:25] Added to volume summary - Array
(
    [category] => SPIRITS
    [volume] => 750 ML
    [new_total] => 40
)

[2026-03-11 13:38:25] Processing item - Array
(
    [code] => SCMPL0010234
    [current_stock] => 240
    [class_code_new] => CLS001
    [class] => R
)

[2026-03-11 13:38:25] Item hierarchy - Array
(
    [display_category] => SPIRITS
    [ml_volume] => 180
)

[2026-03-11 13:38:25] Added to volume summary - Array
(
    [category] => SPIRITS
    [volume] => 180 ML
    [new_total] => 6609
)

[2026-03-11 13:38:25] Processing item - Array
(
    [code] => SCMBR0009847
    [current_stock] => 500
    [class_code_new] => CLS007
    [class] => F
)

[2026-03-11 13:38:25] Item hierarchy - Array
(
    [display_category] => FERMENTED BEER
    [ml_volume] => 330
)

[2026-03-11 13:38:25] Added to volume summary - Array
(
    [category] => FERMENTED BEER
    [volume] => 330 ML
    [new_total] => 500
)

[2026-03-11 13:38:25] Processing item - Array
(
    [code] => SCMPL0010453
    [current_stock] => 30
    [class_code_new] => CLS001
    [class] => W
)

[2026-03-11 13:38:25] Item hierarchy - Array
(
    [display_category] => SPIRITS
    [ml_volume] => 750
)

[2026-03-11 13:38:25] Added to volume summary - Array
(
    [category] => SPIRITS
    [volume] => 750 ML
    [new_total] => 70
)

[2026-03-11 13:38:25] Processing item - Array
(
    [code] => SCMPL0010450
    [current_stock] => 200
    [class_code_new] => CLS001
    [class] => W
)

[2026-03-11 13:38:25] Item hierarchy - Array
(
    [display_category] => SPIRITS
    [ml_volume] => 90
)

[2026-03-11 13:38:25] Added to volume summary - Array
(
    [category] => SPIRITS
    [volume] => 90 ML
    [new_total] => 3869
)

[2026-03-11 13:38:25] Processing item - Array
(
    [code] => SCMPL0009894
    [current_stock] => 100
    [class_code_new] => CLS001
    [class] => W
)

[2026-03-11 13:38:25] Item hierarchy - Array
(
    [display_category] => SPIRITS
    [ml_volume] => 180
)

[2026-03-11 13:38:25] Added to volume summary - Array
(
    [category] => SPIRITS
    [volume] => 180 ML
    [new_total] => 6709
)

[2026-03-11 13:38:25] Processing item - Array
(
    [code] => SCMPL0028275
    [current_stock] => 523
    [class_code_new] => CLS001
    [class] => W
)

[2026-03-11 13:38:25] Item hierarchy - Array
(
    [display_category] => SPIRITS
    [ml_volume] => 180
)

[2026-03-11 13:38:25] Added to volume summary - Array
(
    [category] => SPIRITS
    [volume] => 180 ML
    [new_total] => 7232
)

[2026-03-11 13:38:25] Processing item - Array
(
    [code] => SCMPL0028275
    [current_stock] => 46
    [class_code_new] => CLS001
    [class] => W
)

[2026-03-11 13:38:25] Item hierarchy - Array
(
    [display_category] => SPIRITS
    [ml_volume] => 180
)

[2026-03-11 13:38:25] Added to volume summary - Array
(
    [category] => SPIRITS
    [volume] => 180 ML
    [new_total] => 7278
)

[2026-03-11 13:38:25] Processing item - Array
(
    [code] => SCMBR0021532
    [current_stock] => 312
    [class_code_new] => CLS007
    [class] => F
)

[2026-03-11 13:38:25] Item hierarchy - Array
(
    [display_category] => FERMENTED BEER
    [ml_volume] => 650
)

[2026-03-11 13:38:25] Added to volume summary - Array
(
    [category] => FERMENTED BEER
    [volume] => 650 ML
    [new_total] => 812
)

[2026-03-11 13:38:25] Processing item - Array
(
    [code] => SCMBR0021532
    [current_stock] => 24
    [class_code_new] => CLS007
    [class] => F
)

[2026-03-11 13:38:25] Item hierarchy - Array
(
    [display_category] => FERMENTED BEER
    [ml_volume] => 650
)

[2026-03-11 13:38:25] Added to volume summary - Array
(
    [category] => FERMENTED BEER
    [volume] => 650 ML
    [new_total] => 836
)

[2026-03-11 13:38:25] Processing item - Array
(
    [code] => SCMPL0009668
    [current_stock] => 66
    [class_code_new] => CLS001
    [class] => W
)

[2026-03-11 13:38:25] Item hierarchy - Array
(
    [display_category] => SPIRITS
    [ml_volume] => 180
)

[2026-03-11 13:38:25] Added to volume summary - Array
(
    [category] => SPIRITS
    [volume] => 180 ML
    [new_total] => 7344
)

[2026-03-11 13:38:25] Processing item - Array
(
    [code] => SCMPL0009668
    [current_stock] => 12
    [class_code_new] => CLS001
    [class] => W
)

[2026-03-11 13:38:25] Item hierarchy - Array
(
    [display_category] => SPIRITS
    [ml_volume] => 180
)

[2026-03-11 13:38:25] Added to volume summary - Array
(
    [category] => SPIRITS
    [volume] => 180 ML
    [new_total] => 7356
)

[2026-03-11 13:38:25] Processing item - Array
(
    [code] => SCMPL0009688
    [current_stock] => 100
    [class_code_new] => CLS001
    [class] => W
)

[2026-03-11 13:38:25] Item hierarchy - Array
(
    [display_category] => SPIRITS
    [ml_volume] => 375
)

[2026-03-11 13:38:25] Added to volume summary - Array
(
    [category] => SPIRITS
    [volume] => 375 ML
    [new_total] => 249
)

[2026-03-11 13:38:25] Processing item - Array
(
    [code] => SCMPL0022277
    [current_stock] => 500
    [class_code_new] => CLS001
    [class] => W
)

[2026-03-11 13:38:25] Item hierarchy - Array
(
    [display_category] => SPIRITS
    [ml_volume] => 180
)

[2026-03-11 13:38:25] Added to volume summary - Array
(
    [category] => SPIRITS
    [volume] => 180 ML
    [new_total] => 7856
)

[2026-03-11 13:38:25] Processing item - Array
(
    [code] => SCMPL0018737
    [current_stock] => 500
    [class_code_new] => CLS001
    [class] => W
)

[2026-03-11 13:38:25] Item hierarchy - Array
(
    [display_category] => SPIRITS
    [ml_volume] => 90
)

[2026-03-11 13:38:25] Added to volume summary - Array
(
    [category] => SPIRITS
    [volume] => 90 ML
    [new_total] => 4369
)

[2026-03-11 13:38:25] Processing item - Array
(
    [code] => SCMKS0026878
    [current_stock] => 50
    [class_code_new] => CLS001
    [class] => W
)

[2026-03-11 13:38:25] Item hierarchy - Array
(
    [display_category] => SPIRITS
    [ml_volume] => 180
)

[2026-03-11 13:38:25] Added to volume summary - Array
(
    [category] => SPIRITS
    [volume] => 180 ML
    [new_total] => 7906
)

[2026-03-11 13:38:25] Processing item - Array
(
    [code] => SCMPL0009775
    [current_stock] => 500
    [class_code_new] => CLS001
    [class] => D
)

[2026-03-11 13:38:25] Item hierarchy - Array
(
    [display_category] => SPIRITS
    [ml_volume] => 180
)

[2026-03-11 13:38:25] Added to volume summary - Array
(
    [category] => SPIRITS
    [volume] => 180 ML
    [new_total] => 8406
)

[2026-03-11 13:38:25] Processing item - Array
(
    [code] => SCMPL0010678
    [current_stock] => 1500
    [class_code_new] => CLS001
    [class] => W
)

[2026-03-11 13:38:25] Item hierarchy - Array
(
    [display_category] => SPIRITS
    [ml_volume] => 90
)

[2026-03-11 13:38:25] Added to volume summary - Array
(
    [category] => SPIRITS
    [volume] => 90 ML
    [new_total] => 5869
)

[2026-03-11 13:38:25] Processing item - Array
(
    [code] => SCMBR0018137
    [current_stock] => 300
    [class_code_new] => CLS007
    [class] => F
)

[2026-03-11 13:38:25] Item hierarchy - Array
(
    [display_category] => FERMENTED BEER
    [ml_volume] => 330
)

[2026-03-11 13:38:25] Added to volume summary - Array
(
    [category] => FERMENTED BEER
    [volume] => 330 ML
    [new_total] => 800
)

[2026-03-11 13:38:25] Processing item - Array
(
    [code] => SCMKB0031391
    [current_stock] => 500
    [class_code_new] => CLS008
    [class] => M
)

[2026-03-11 13:38:25] Item hierarchy - Array
(
    [display_category] => MILD BEER
    [ml_volume] => 330
)

[2026-03-11 13:38:25] Added to volume summary - Array
(
    [category] => MILD BEER
    [volume] => 330 ML
    [new_total] => 500
)

[2026-03-11 13:38:25] Processing item - Array
(
    [code] => SCMBR0027089
    [current_stock] => 300
    [class_code_new] => CLS008
    [class] => M
)

[2026-03-11 13:38:25] Item hierarchy - Array
(
    [display_category] => MILD BEER
    [ml_volume] => 650
)

[2026-03-11 13:38:25] Added to volume summary - Array
(
    [category] => MILD BEER
    [volume] => 650 ML
    [new_total] => 300
)

[2026-03-11 13:38:25] Processing item - Array
(
    [code] => SCMBR0018132
    [current_stock] => 121
    [class_code_new] => CLS008
    [class] => M
)

[2026-03-11 13:38:25] Item hierarchy - Array
(
    [display_category] => MILD BEER
    [ml_volume] => 650
)

[2026-03-11 13:38:25] Added to volume summary - Array
(
    [category] => MILD BEER
    [volume] => 650 ML
    [new_total] => 421
)

[2026-03-11 13:38:25] Processing item - Array
(
    [code] => SCMBR0018158
    [current_stock] => 500
    [class_code_new] => CLS007
    [class] => F
)

[2026-03-11 13:38:25] Item hierarchy - Array
(
    [display_category] => FERMENTED BEER
    [ml_volume] => 330
)

[2026-03-11 13:38:25] Added to volume summary - Array
(
    [category] => FERMENTED BEER
    [volume] => 330 ML
    [new_total] => 1300
)

[2026-03-11 13:38:25] Processing item - Array
(
    [code] => SCMBR0023258
    [current_stock] => 500
    [class_code_new] => CLS007
    [class] => F
)

[2026-03-11 13:38:25] Item hierarchy - Array
(
    [display_category] => FERMENTED BEER
    [ml_volume] => 650
)

[2026-03-11 13:38:25] Added to volume summary - Array
(
    [category] => FERMENTED BEER
    [volume] => 650 ML
    [new_total] => 1336
)

[2026-03-11 13:38:25] Processing item - Array
(
    [code] => SCMPL0018648
    [current_stock] => 200
    [class_code_new] => CLS001
    [class] => K
)

[2026-03-11 13:38:25] Item hierarchy - Array
(
    [display_category] => SPIRITS
    [ml_volume] => 180
)

[2026-03-11 13:38:25] Added to volume summary - Array
(
    [category] => SPIRITS
    [volume] => 180 ML
    [new_total] => 8606
)

[2026-03-11 13:38:25] Processing item - Array
(
    [code] => SCMPL0033624
    [current_stock] => 500
    [class_code_new] => CLS001
    [class] => K
)

[2026-03-11 13:38:25] Item hierarchy - Array
(
    [display_category] => SPIRITS
    [ml_volume] => 90
)

[2026-03-11 13:38:25] Added to volume summary - Array
(
    [category] => SPIRITS
    [volume] => 90 ML
    [new_total] => 6369
)

[2026-03-11 13:38:25] Processing item - Array
(
    [code] => SCMPL0011438
    [current_stock] => 96
    [class_code_new] => CLS001
    [class] => K
)

[2026-03-11 13:38:25] Item hierarchy - Array
(
    [display_category] => SPIRITS
    [ml_volume] => 180
)

[2026-03-11 13:38:25] Added to volume summary - Array
(
    [category] => SPIRITS
    [volume] => 180 ML
    [new_total] => 8702
)

[2026-03-11 13:38:25] Processing item - Array
(
    [code] => SCMPL0011418
    [current_stock] => 240
    [class_code_new] => CLS001
    [class] => K
)

[2026-03-11 13:38:25] Item hierarchy - Array
(
    [display_category] => SPIRITS
    [ml_volume] => 180
)

[2026-03-11 13:38:25] Added to volume summary - Array
(
    [category] => SPIRITS
    [volume] => 180 ML
    [new_total] => 8942
)

[2026-03-11 13:38:25] Processing item - Array
(
    [code] => SCMBR0018635
    [current_stock] => 200
    [class_code_new] => CLS007
    [class] => F
)

[2026-03-11 13:38:25] Item hierarchy - Array
(
    [display_category] => FERMENTED BEER
    [ml_volume] => 650
)

[2026-03-11 13:38:25] Added to volume summary - Array
(
    [category] => FERMENTED BEER
    [volume] => 650 ML
    [new_total] => 1536
)

[2026-03-11 13:38:25] Processing item - Array
(
    [code] => SCMBR0029429
    [current_stock] => 500
    [class_code_new] => CLS007
    [class] => F
)

[2026-03-11 13:38:25] Item hierarchy - Array
(
    [display_category] => FERMENTED BEER
    [ml_volume] => 330
)

[2026-03-11 13:38:25] Added to volume summary - Array
(
    [category] => FERMENTED BEER
    [volume] => 330 ML
    [new_total] => 1800
)

[2026-03-11 13:38:25] Processing item - Array
(
    [code] => SCMBR0029431
    [current_stock] => 130
    [class_code_new] => CLS007
    [class] => F
)

[2026-03-11 13:38:25] Item hierarchy - Array
(
    [display_category] => FERMENTED BEER
    [ml_volume] => 650
)

[2026-03-11 13:38:25] Added to volume summary - Array
(
    [category] => FERMENTED BEER
    [volume] => 650 ML
    [new_total] => 1666
)

[2026-03-11 13:38:25] Processing item - Array
(
    [code] => SCMPL0010541
    [current_stock] => 400
    [class_code_new] => CLS001
    [class] => D
)

[2026-03-11 13:38:25] Item hierarchy - Array
(
    [display_category] => SPIRITS
    [ml_volume] => 180
)

[2026-03-11 13:38:25] Added to volume summary - Array
(
    [category] => SPIRITS
    [volume] => 180 ML
    [new_total] => 9342
)

[2026-03-11 13:38:25] Processing item - Array
(
    [code] => SCMPL0040482
    [current_stock] => 300
    [class_code_new] => CLS001
    [class] => W
)

[2026-03-11 13:38:25] Item hierarchy - Array
(
    [display_category] => SPIRITS
    [ml_volume] => 90
)

[2026-03-11 13:38:25] Added to volume summary - Array
(
    [category] => SPIRITS
    [volume] => 90 ML
    [new_total] => 6669
)

[2026-03-11 13:38:25] Processing item - Array
(
    [code] => SCMPL0009899
    [current_stock] => 500
    [class_code_new] => CLS001
    [class] => R
)

[2026-03-11 13:38:25] Item hierarchy - Array
(
    [display_category] => SPIRITS
    [ml_volume] => 90
)

[2026-03-11 13:38:25] Added to volume summary - Array
(
    [category] => SPIRITS
    [volume] => 90 ML
    [new_total] => 7169
)

[2026-03-11 13:38:25] Processing item - Array
(
    [code] => SCMPL0009902
    [current_stock] => 10
    [class_code_new] => CLS001
    [class] => R
)

[2026-03-11 13:38:25] Item hierarchy - Array
(
    [display_category] => SPIRITS
    [ml_volume] => 750
)

[2026-03-11 13:38:25] Added to volume summary - Array
(
    [category] => SPIRITS
    [volume] => 750 ML
    [new_total] => 80
)

[2026-03-11 13:38:25] Processing item - Array
(
    [code] => SCMPL0009903
    [current_stock] => 20
    [class_code_new] => CLS001
    [class] => R
)

[2026-03-11 13:38:25] Item hierarchy - Array
(
    [display_category] => SPIRITS
    [ml_volume] => 1000
)

[2026-03-11 13:38:25] Added to volume summary - Array
(
    [category] => SPIRITS
    [volume] => 1000 ML
    [new_total] => 67
)

[2026-03-11 13:38:25] Processing item - Array
(
    [code] => SCMPL0011581
    [current_stock] => 15
    [class_code_new] => CLS001
    [class] => W
)

[2026-03-11 13:38:25] Item hierarchy - Array
(
    [display_category] => SPIRITS
    [ml_volume] => 1000
)

[2026-03-11 13:38:25] Added to volume summary - Array
(
    [category] => SPIRITS
    [volume] => 1000 ML
    [new_total] => 82
)

[2026-03-11 13:38:25] Processing item - Array
(
    [code] => SCMPL0035367
    [current_stock] => 500
    [class_code_new] => CLS001
    [class] => K
)

[2026-03-11 13:38:25] Item hierarchy - Array
(
    [display_category] => SPIRITS
    [ml_volume] => 90
)

[2026-03-11 13:38:25] Added to volume summary - Array
(
    [category] => SPIRITS
    [volume] => 90 ML
    [new_total] => 7669
)

[2026-03-11 13:38:25] Processing item - Array
(
    [code] => SCMPL0036711
    [current_stock] => 500
    [class_code_new] => CLS001
    [class] => W
)

[2026-03-11 13:38:25] Item hierarchy - Array
(
    [display_category] => SPIRITS
    [ml_volume] => 90
)

[2026-03-11 13:38:25] Added to volume summary - Array
(
    [category] => SPIRITS
    [volume] => 90 ML
    [new_total] => 8169
)

[2026-03-11 13:38:25] Processing item - Array
(
    [code] => SCMPL0010702
    [current_stock] => 100
    [class_code_new] => CLS001
    [class] => W
)

[2026-03-11 13:38:25] Item hierarchy - Array
(
    [display_category] => SPIRITS
    [ml_volume] => 180
)

[2026-03-11 13:38:25] Added to volume summary - Array
(
    [category] => SPIRITS
    [volume] => 180 ML
    [new_total] => 9442
)

[2026-03-11 13:38:25] Processing item - Array
(
    [code] => SCMPL0029933
    [current_stock] => 6
    [class_code_new] => CLS001
    [class] => W
)

[2026-03-11 13:38:25] Item hierarchy - Array
(
    [display_category] => SPIRITS
    [ml_volume] => 180
)

[2026-03-11 13:38:25] Added to volume summary - Array
(
    [category] => SPIRITS
    [volume] => 180 ML
    [new_total] => 9448
)

[2026-03-11 13:38:25] Processing item - Array
(
    [code] => SCMPL0029928
    [current_stock] => 12
    [class_code_new] => CLS001
    [class] => W
)

[2026-03-11 13:38:25] Item hierarchy - Array
(
    [display_category] => SPIRITS
    [ml_volume] => 180
)

[2026-03-11 13:38:25] Added to volume summary - Array
(
    [category] => SPIRITS
    [volume] => 180 ML
    [new_total] => 9460
)

[2026-03-11 13:38:25] Processing item - Array
(
    [code] => SCMPL0010360
    [current_stock] => 24
    [class_code_new] => CLS001
    [class] => K
)

[2026-03-11 13:38:25] Item hierarchy - Array
(
    [display_category] => SPIRITS
    [ml_volume] => 180
)

[2026-03-11 13:38:25] Added to volume summary - Array
(
    [category] => SPIRITS
    [volume] => 180 ML
    [new_total] => 9484
)

[2026-03-11 13:38:25] Processing item - Array
(
    [code] => SCMPL0009968
    [current_stock] => 530
    [class_code_new] => CLS001
    [class] => K
)

[2026-03-11 13:38:25] Item hierarchy - Array
(
    [display_category] => SPIRITS
    [ml_volume] => 180
)

[2026-03-11 13:38:25] Added to volume summary - Array
(
    [category] => SPIRITS
    [volume] => 180 ML
    [new_total] => 10014
)

[2026-03-11 13:38:25] Processing item - Array
(
    [code] => SCMPL0009977
    [current_stock] => 542
    [class_code_new] => CLS001
    [class] => K
)

[2026-03-11 13:38:25] Item hierarchy - Array
(
    [display_category] => SPIRITS
    [ml_volume] => 180
)

[2026-03-11 13:38:25] Added to volume summary - Array
(
    [category] => SPIRITS
    [volume] => 180 ML
    [new_total] => 10556
)

[2026-03-11 13:38:25] Processing item - Array
(
    [code] => SCMKS0018253
    [current_stock] => 6
    [class_code_new] => CLS001
    [class] => W
)

[2026-03-11 13:38:25] Item hierarchy - Array
(
    [display_category] => SPIRITS
    [ml_volume] => 180
)

[2026-03-11 13:38:25] Added to volume summary - Array
(
    [category] => SPIRITS
    [volume] => 180 ML
    [new_total] => 10562
)

[2026-03-11 13:38:25] Processing item - Array
(
    [code] => SCMBR0037366
    [current_stock] => 48
    [class_code_new] => CLS008
    [class] => M
)

[2026-03-11 13:38:25] Item hierarchy - Array
(
    [display_category] => MILD BEER
    [ml_volume] => 330
)

[2026-03-11 13:38:25] Added to volume summary - Array
(
    [category] => MILD BEER
    [volume] => 330 ML
    [new_total] => 548
)

[2026-03-11 13:38:25] Processing item - Array
(
    [code] => SCMBR0018161
    [current_stock] => 130
    [class_code_new] => CLS007
    [class] => F
)

[2026-03-11 13:38:25] Item hierarchy - Array
(
    [display_category] => FERMENTED BEER
    [ml_volume] => 330
)

[2026-03-11 13:38:25] Added to volume summary - Array
(
    [category] => FERMENTED BEER
    [volume] => 330 ML
    [new_total] => 1930
)

[2026-03-11 13:38:25] Processing item - Array
(
    [code] => SCMPL0010020
    [current_stock] => 1225
    [class_code_new] => CLS001
    [class] => K
)

[2026-03-11 13:38:25] Item hierarchy - Array
(
    [display_category] => SPIRITS
    [ml_volume] => 180
)

[2026-03-11 13:38:25] Added to volume summary - Array
(
    [category] => SPIRITS
    [volume] => 180 ML
    [new_total] => 11787
)

[2026-03-11 13:38:25] Final volume summary - Array
(
    [SPIRITS] => Array
        (
            [50 ML] => 0
            [60 ML] => 0
            [90 ML] => 8169
            [170 ML] => 0
            [180 ML] => 11787
            [200 ML] => 0
            [250 ML] => 0
            [275 ML] => 0
            [330 ML] => 0
            [355 ML] => 0
            [375 ML] => 249
            [500 ML] => 0
            [650 ML] => 0
            [700 ML] => 0
            [750 ML] => 80
            [1000 ML] => 82
            [1.5L] => 0
            [1.75L] => 0
            [2L] => 0
            [3L] => 0
            [4.5L] => 0
            [15L] => 0
            [20L] => 0
            [30L] => 0
            [50L] => 0
        )

    [WINE] => Array
        (
            [50 ML] => 0
            [60 ML] => 0
            [90 ML] => 0
            [170 ML] => 0
            [180 ML] => 0
            [200 ML] => 0
            [250 ML] => 0
            [275 ML] => 0
            [330 ML] => 0
            [355 ML] => 0
            [375 ML] => 130
            [500 ML] => 0
            [650 ML] => 0
            [700 ML] => 0
            [750 ML] => 0
            [1000 ML] => 0
            [1.5L] => 0
            [1.75L] => 0
            [2L] => 0
            [3L] => 0
            [4.5L] => 0
            [15L] => 0
            [20L] => 0
            [30L] => 0
            [50L] => 0
        )

    [FERMENTED BEER] => Array
        (
            [50 ML] => 0
            [60 ML] => 0
            [90 ML] => 0
            [170 ML] => 0
            [180 ML] => 0
            [200 ML] => 0
            [250 ML] => 0
            [275 ML] => 0
            [330 ML] => 1930
            [355 ML] => 0
            [375 ML] => 0
            [500 ML] => 0
            [650 ML] => 1666
            [700 ML] => 0
            [750 ML] => 0
            [1000 ML] => 0
            [1.5L] => 0
            [1.75L] => 0
            [2L] => 0
            [3L] => 0
            [4.5L] => 0
            [15L] => 0
            [20L] => 0
            [30L] => 0
            [50L] => 0
        )

    [MILD BEER] => Array
        (
            [50 ML] => 0
            [60 ML] => 0
            [90 ML] => 0
            [170 ML] => 0
            [180 ML] => 0
            [200 ML] => 0
            [250 ML] => 0
            [275 ML] => 0
            [330 ML] => 548
            [355 ML] => 0
            [375 ML] => 0
            [500 ML] => 0
            [650 ML] => 421
            [700 ML] => 0
            [750 ML] => 0
            [1000 ML] => 0
            [1.5L] => 0
            [1.75L] => 0
            [2L] => 0
            [3L] => 0
            [4.5L] => 0
            [15L] => 0
            [20L] => 0
            [30L] => 0
            [50L] => 0
        )

    [COUNTRY LIQUOR] => Array
        (
            [50 ML] => 0
            [60 ML] => 0
            [90 ML] => 0
            [170 ML] => 0
            [180 ML] => 0
            [200 ML] => 0
            [250 ML] => 0
            [275 ML] => 0
            [330 ML] => 0
            [355 ML] => 0
            [375 ML] => 0
            [500 ML] => 0
            [650 ML] => 0
            [700 ML] => 0
            [750 ML] => 0
            [1000 ML] => 0
            [1.5L] => 0
            [1.75L] => 0
            [2L] => 0
            [3L] => 0
            [4.5L] => 0
            [15L] => 0
            [20L] => 0
            [30L] => 0
            [50L] => 0
        )

    [OTHER] => Array
        (
            [50 ML] => 0
            [60 ML] => 0
            [90 ML] => 0
            [170 ML] => 0
            [180 ML] => 0
            [200 ML] => 0
            [250 ML] => 0
            [275 ML] => 0
            [330 ML] => 0
            [355 ML] => 0
            [375 ML] => 0
            [500 ML] => 0
            [650 ML] => 0
            [700 ML] => 0
            [750 ML] => 0
            [1000 ML] => 0
            [1.5L] => 0
            [1.75L] => 0
            [2L] => 0
            [3L] => 0
            [4.5L] => 0
            [15L] => 0
            [20L] => 0
            [30L] => 0
            [50L] => 0
        )

)

[2026-03-11 13:38:25] AJAX volume_summary returning with categories count: 6
[2026-03-11 13:40:10] Script started
[2026-03-11 13:40:10] Financial Year - Array
(
    [start] => 2021-04-01
    [end] => 2022-03-31
    [fin_year_id] => 3
)

[2026-03-11 13:40:10] Allowed classes - Array
(
    [0] => W
    [1] => V
    [2] => M
    [3] => F
    [4] => D
    [5] => K
    [6] => G
    [7] => R
)

[2026-03-11 13:40:10] Calling findFirstOpeningBatchDate with - Array
(
    [comp_id] => 5
    [mode] => F
    [fy_start] => 2021-04-01
    [fy_end] => 2022-03-31
    [allowed_classes] => Array
        (
            [0] => W
            [1] => V
            [2] => M
            [3] => F
            [4] => D
            [5] => K
            [6] => G
            [7] => R
        )

)

[2026-03-11 13:40:10] findFirstOpeningBatchDate called - Array
(
    [comp_id] => 5
    [mode] => F
    [fy_start] => 2021-04-01
    [fy_end] => 2022-03-31
    [allowed_classes] => Array
        (
            [0] => W
            [1] => V
            [2] => M
            [3] => F
            [4] => D
            [5] => K
            [6] => G
            [7] => R
        )

)

[2026-03-11 13:40:10] generateMonthsInRange: Date range - Array
(
    [start] => 2021-04-01
    [end] => 2022-03-01
)

[2026-03-11 13:40:10] generateMonthsInRange: Generated months - Array
(
    [count] => 12
    [months] => Array
        (
            [0] => 2021-04
            [1] => 2021-05
            [2] => 2021-06
            [3] => 2021-07
            [4] => 2021-08
            [5] => 2021-09
            [6] => 2021-10
            [7] => 2021-11
            [8] => 2021-12
            [9] => 2022-01
            [10] => 2022-02
            [11] => 2022-03
        )

)

[2026-03-11 13:40:10] Generated months - Array
(
    [months] => Array
        (
            [0] => 2021-04
            [1] => 2021-05
            [2] => 2021-06
            [3] => 2021-07
            [4] => 2021-08
            [5] => 2021-09
            [6] => 2021-10
            [7] => 2021-11
            [8] => 2021-12
            [9] => 2022-01
            [10] => 2022-02
            [11] => 2022-03
        )

)

[2026-03-11 13:40:10] Found opening balance in month - Array
(
    [month] => 2021-04
    [item_code] => SCMPL0009770
)

[2026-03-11 13:40:10] Found first batch date - Array
(
    [date] => 2021-04-01
    [month] => 2021-04
    [day] => 01
)

[2026-03-11 13:40:10] First batch data result - Array
(
    [date] => 2021-04-01
    [month] => 2021-04
    [day] => 01
    [day_num] => 1
)

[2026-03-11 13:40:10] First batch data - Array
(
    [date] => 2021-04-01
    [month] => 2021-04
    [day] => 01
    [day_num] => 1
)

[2026-03-11 13:40:10] generateMonthsInRange: Date range - Array
(
    [start] => 2021-04-01
    [end] => 2021-04-01
)

[2026-03-11 13:40:10] generateMonthsInRange: Generated months - Array
(
    [count] => 1
    [months] => Array
        (
            [0] => 2021-04
        )

)

[2026-03-11 13:40:10] Initial counts (first batch) - Array
(
    [total] => 88
    [with_stock] => 88
)

[2026-03-11 13:40:10] Script completed, rendering page
[2026-03-11 13:40:10] Script started
[2026-03-11 13:40:10] Financial Year - Array
(
    [start] => 2021-04-01
    [end] => 2022-03-31
    [fin_year_id] => 3
)

[2026-03-11 13:40:10] Allowed classes - Array
(
    [0] => W
    [1] => V
    [2] => M
    [3] => F
    [4] => D
    [5] => K
    [6] => G
    [7] => R
)

[2026-03-11 13:40:10] Calling findFirstOpeningBatchDate with - Array
(
    [comp_id] => 5
    [mode] => F
    [fy_start] => 2021-04-01
    [fy_end] => 2022-03-31
    [allowed_classes] => Array
        (
            [0] => W
            [1] => V
            [2] => M
            [3] => F
            [4] => D
            [5] => K
            [6] => G
            [7] => R
        )

)

[2026-03-11 13:40:10] findFirstOpeningBatchDate called - Array
(
    [comp_id] => 5
    [mode] => F
    [fy_start] => 2021-04-01
    [fy_end] => 2022-03-31
    [allowed_classes] => Array
        (
            [0] => W
            [1] => V
            [2] => M
            [3] => F
            [4] => D
            [5] => K
            [6] => G
            [7] => R
        )

)

[2026-03-11 13:40:10] generateMonthsInRange: Date range - Array
(
    [start] => 2021-04-01
    [end] => 2022-03-01
)

[2026-03-11 13:40:10] generateMonthsInRange: Generated months - Array
(
    [count] => 12
    [months] => Array
        (
            [0] => 2021-04
            [1] => 2021-05
            [2] => 2021-06
            [3] => 2021-07
            [4] => 2021-08
            [5] => 2021-09
            [6] => 2021-10
            [7] => 2021-11
            [8] => 2021-12
            [9] => 2022-01
            [10] => 2022-02
            [11] => 2022-03
        )

)

[2026-03-11 13:40:10] Generated months - Array
(
    [months] => Array
        (
            [0] => 2021-04
            [1] => 2021-05
            [2] => 2021-06
            [3] => 2021-07
            [4] => 2021-08
            [5] => 2021-09
            [6] => 2021-10
            [7] => 2021-11
            [8] => 2021-12
            [9] => 2022-01
            [10] => 2022-02
            [11] => 2022-03
        )

)

[2026-03-11 13:40:10] Found opening balance in month - Array
(
    [month] => 2021-04
    [item_code] => SCMPL0009770
)

[2026-03-11 13:40:10] Found first batch date - Array
(
    [date] => 2021-04-01
    [month] => 2021-04
    [day] => 01
)

[2026-03-11 13:40:10] First batch data result - Array
(
    [date] => 2021-04-01
    [month] => 2021-04
    [day] => 01
    [day_num] => 1
)

[2026-03-11 13:40:10] First batch data - Array
(
    [date] => 2021-04-01
    [month] => 2021-04
    [day] => 01
    [day_num] => 1
)

[2026-03-11 13:40:11] AJAX get_items called - Array
(
    [page] => 1
    [view] => with_stock
    [mode] => F
    [search] => 
    [first_batch_data] => Array
        (
            [date] => 2021-04-01
            [month] => 2021-04
            [day] => 01
            [day_num] => 1
        )

)

[2026-03-11 13:40:11] generateMonthsInRange: Date range - Array
(
    [start] => 2021-04-01
    [end] => 2021-04-01
)

[2026-03-11 13:40:11] generateMonthsInRange: Generated months - Array
(
    [count] => 1
    [months] => Array
        (
            [0] => 2021-04
        )

)

[2026-03-11 13:40:11] AJAX get_items count query result - Array
(
    [total] => 72
    [batch_month] => 2021-04
    [batch_day] => 01
)

[2026-03-11 13:40:11] AJAX get_items returning - Array
(
    [items_count] => 77
    [total] => 72
    [has_more] => 
)

[2026-03-11 13:40:11] Script started
[2026-03-11 13:40:11] Financial Year - Array
(
    [start] => 2021-04-01
    [end] => 2022-03-31
    [fin_year_id] => 3
)

[2026-03-11 13:40:11] Allowed classes - Array
(
    [0] => W
    [1] => V
    [2] => M
    [3] => F
    [4] => D
    [5] => K
    [6] => G
    [7] => R
)

[2026-03-11 13:40:11] Calling findFirstOpeningBatchDate with - Array
(
    [comp_id] => 5
    [mode] => F
    [fy_start] => 2021-04-01
    [fy_end] => 2022-03-31
    [allowed_classes] => Array
        (
            [0] => W
            [1] => V
            [2] => M
            [3] => F
            [4] => D
            [5] => K
            [6] => G
            [7] => R
        )

)

[2026-03-11 13:40:11] findFirstOpeningBatchDate called - Array
(
    [comp_id] => 5
    [mode] => F
    [fy_start] => 2021-04-01
    [fy_end] => 2022-03-31
    [allowed_classes] => Array
        (
            [0] => W
            [1] => V
            [2] => M
            [3] => F
            [4] => D
            [5] => K
            [6] => G
            [7] => R
        )

)

[2026-03-11 13:40:11] generateMonthsInRange: Date range - Array
(
    [start] => 2021-04-01
    [end] => 2022-03-01
)

[2026-03-11 13:40:11] generateMonthsInRange: Generated months - Array
(
    [count] => 12
    [months] => Array
        (
            [0] => 2021-04
            [1] => 2021-05
            [2] => 2021-06
            [3] => 2021-07
            [4] => 2021-08
            [5] => 2021-09
            [6] => 2021-10
            [7] => 2021-11
            [8] => 2021-12
            [9] => 2022-01
            [10] => 2022-02
            [11] => 2022-03
        )

)

[2026-03-11 13:40:11] Generated months - Array
(
    [months] => Array
        (
            [0] => 2021-04
            [1] => 2021-05
            [2] => 2021-06
            [3] => 2021-07
            [4] => 2021-08
            [5] => 2021-09
            [6] => 2021-10
            [7] => 2021-11
            [8] => 2021-12
            [9] => 2022-01
            [10] => 2022-02
            [11] => 2022-03
        )

)

[2026-03-11 13:40:11] Found opening balance in month - Array
(
    [month] => 2021-04
    [item_code] => SCMPL0009770
)

[2026-03-11 13:40:11] Found first batch date - Array
(
    [date] => 2021-04-01
    [month] => 2021-04
    [day] => 01
)

[2026-03-11 13:40:11] First batch data result - Array
(
    [date] => 2021-04-01
    [month] => 2021-04
    [day] => 01
    [day_num] => 1
)

[2026-03-11 13:40:11] First batch data - Array
(
    [date] => 2021-04-01
    [month] => 2021-04
    [day] => 01
    [day_num] => 1
)

[2026-03-11 13:40:11] AJAX volume_summary called - Array
(
    [ajax] => volume_summary
    [mode] => F
    [t] => 1773232811744
)

[2026-03-11 13:40:11] Volume summary - checking table - Array
(
    [batch_table] => tbldailystock_5_04_21
    [batch_month] => 2021-04
)

[2026-03-11 13:40:11] getOpeningBalanceVolumeSummary called - Array
(
    [mode] => F
    [comp_id] => 5
    [allowed_classes] => Array
        (
            [0] => W
            [1] => V
            [2] => M
            [3] => F
            [4] => D
            [5] => K
            [6] => G
            [7] => R
        )

    [first_batch_data] => Array
        (
            [date] => 2021-04-01
            [month] => 2021-04
            [day] => 01
            [day_num] => 1
        )

)

[2026-03-11 13:40:11] Processing volume summary - Array
(
    [batch_month] => 2021-04
    [batch_day] => 01
    [batch_date] => 2021-04-01
    [batch_table] => tbldailystock_5_04_21
)

[2026-03-11 13:40:11] generateMonthsInRange: Date range - Array
(
    [start] => 2021-04-01
    [end] => 2021-04-01
)

[2026-03-11 13:40:11] generateMonthsInRange: Generated months - Array
(
    [count] => 1
    [months] => Array
        (
            [0] => 2021-04
        )

)

[2026-03-11 13:40:11] Volume summary query returned rows - Array
(
    [count] => 77
)

[2026-03-11 13:40:11] Processing item - Array
(
    [code] => SCMPL0009770
    [current_stock] => 500
    [class_code_new] => CLS001
    [class] => W
)

[2026-03-11 13:40:11] Item hierarchy - Array
(
    [display_category] => SPIRITS
    [ml_volume] => 180
)

[2026-03-11 13:40:11] Added to volume summary - Array
(
    [category] => SPIRITS
    [volume] => 180 ML
    [new_total] => 500
)

[2026-03-11 13:40:11] Processing item - Array
(
    [code] => SCMPL0010434
    [current_stock] => 500
    [class_code_new] => CLS001
    [class] => K
)

[2026-03-11 13:40:11] Item hierarchy - Array
(
    [display_category] => SPIRITS
    [ml_volume] => 180
)

[2026-03-11 13:40:11] Added to volume summary - Array
(
    [category] => SPIRITS
    [volume] => 180 ML
    [new_total] => 1000
)

[2026-03-11 13:40:11] Processing item - Array
(
    [code] => SCMPL0010447
    [current_stock] => 20
    [class_code_new] => CLS001
    [class] => W
)

[2026-03-11 13:40:11] Item hierarchy - Array
(
    [display_category] => SPIRITS
    [ml_volume] => 750
)

[2026-03-11 13:40:11] Added to volume summary - Array
(
    [category] => SPIRITS
    [volume] => 750 ML
    [new_total] => 20
)

[2026-03-11 13:40:11] Processing item - Array
(
    [code] => SCMPL0010612
    [current_stock] => 1000
    [class_code_new] => CLS001
    [class] => W
)

[2026-03-11 13:40:11] Item hierarchy - Array
(
    [display_category] => SPIRITS
    [ml_volume] => 90
)

[2026-03-11 13:40:11] Added to volume summary - Array
(
    [category] => SPIRITS
    [volume] => 90 ML
    [new_total] => 1000
)

[2026-03-11 13:40:11] Processing item - Array
(
    [code] => SCMPL0009942
    [current_stock] => 500
    [class_code_new] => CLS001
    [class] => W
)

[2026-03-11 13:40:11] Item hierarchy - Array
(
    [display_category] => SPIRITS
    [ml_volume] => 180
)

[2026-03-11 13:40:11] Added to volume summary - Array
(
    [category] => SPIRITS
    [volume] => 180 ML
    [new_total] => 1500
)

[2026-03-11 13:40:11] Processing item - Array
(
    [code] => SCMPL0010451
    [current_stock] => 500
    [class_code_new] => CLS001
    [class] => W
)

[2026-03-11 13:40:11] Item hierarchy - Array
(
    [display_category] => SPIRITS
    [ml_volume] => 180
)

[2026-03-11 13:40:11] Added to volume summary - Array
(
    [category] => SPIRITS
    [volume] => 180 ML
    [new_total] => 2000
)

[2026-03-11 13:40:11] Processing item - Array
(
    [code] => SCMBR0023264
    [current_stock] => 200
    [class_code_new] => CLS007
    [class] => F
)

[2026-03-11 13:40:11] Item hierarchy - Array
(
    [display_category] => FERMENTED BEER
    [ml_volume] => 650
)

[2026-03-11 13:40:11] Added to volume summary - Array
(
    [category] => FERMENTED BEER
    [volume] => 650 ML
    [new_total] => 200
)

[2026-03-11 13:40:11] Processing item - Array
(
    [code] => SCMKS0026879
    [current_stock] => 21
    [class_code_new] => CLS001
    [class] => W
)

[2026-03-11 13:40:11] Item hierarchy - Array
(
    [display_category] => SPIRITS
    [ml_volume] => 180
)

[2026-03-11 13:40:11] Added to volume summary - Array
(
    [category] => SPIRITS
    [volume] => 180 ML
    [new_total] => 2021
)

[2026-03-11 13:40:11] Processing item - Array
(
    [code] => SCMPL0010108
    [current_stock] => 10
    [class_code_new] => CLS001
    [class] => W
)

[2026-03-11 13:40:11] Item hierarchy - Array
(
    [display_category] => SPIRITS
    [ml_volume] => 750
)

[2026-03-11 13:40:11] Added to volume summary - Array
(
    [category] => SPIRITS
    [volume] => 750 ML
    [new_total] => 30
)

[2026-03-11 13:40:11] Processing item - Array
(
    [code] => SCMPL0010075
    [current_stock] => 700
    [class_code_new] => CLS001
    [class] => W
)

[2026-03-11 13:40:11] Item hierarchy - Array
(
    [display_category] => SPIRITS
    [ml_volume] => 90
)

[2026-03-11 13:40:11] Added to volume summary - Array
(
    [category] => SPIRITS
    [volume] => 90 ML
    [new_total] => 1700
)

[2026-03-11 13:40:11] Processing item - Array
(
    [code] => SCMPL0010076
    [current_stock] => 700
    [class_code_new] => CLS001
    [class] => W
)

[2026-03-11 13:40:11] Item hierarchy - Array
(
    [display_category] => SPIRITS
    [ml_volume] => 90
)

[2026-03-11 13:40:11] Added to volume summary - Array
(
    [category] => SPIRITS
    [volume] => 90 ML
    [new_total] => 2400
)

[2026-03-11 13:40:11] Processing item - Array
(
    [code] => SCMPL0010088
    [current_stock] => 264
    [class_code_new] => CLS001
    [class] => W
)

[2026-03-11 13:40:11] Item hierarchy - Array
(
    [display_category] => SPIRITS
    [ml_volume] => 180
)

[2026-03-11 13:40:11] Added to volume summary - Array
(
    [category] => SPIRITS
    [volume] => 180 ML
    [new_total] => 2285
)

[2026-03-11 13:40:11] Processing item - Array
(
    [code] => SCMPL0010701
    [current_stock] => 700
    [class_code_new] => CLS001
    [class] => W
)

[2026-03-11 13:40:11] Item hierarchy - Array
(
    [display_category] => SPIRITS
    [ml_volume] => 90
)

[2026-03-11 13:40:11] Added to volume summary - Array
(
    [category] => SPIRITS
    [volume] => 90 ML
    [new_total] => 3100
)

[2026-03-11 13:40:11] Processing item - Array
(
    [code] => SCMBR0018142
    [current_stock] => 300
    [class_code_new] => CLS007
    [class] => F
)

[2026-03-11 13:40:11] Item hierarchy - Array
(
    [display_category] => FERMENTED BEER
    [ml_volume] => 650
)

[2026-03-11 13:40:11] Added to volume summary - Array
(
    [category] => FERMENTED BEER
    [volume] => 650 ML
    [new_total] => 500
)

[2026-03-11 13:40:11] Processing item - Array
(
    [code] => SCMWN0019724
    [current_stock] => 130
    [class_code_new] => CLS004
    [class] => V
)

[2026-03-11 13:40:11] Item hierarchy - Array
(
    [display_category] => WINE
    [ml_volume] => 375
)

[2026-03-11 13:40:11] Added to volume summary - Array
(
    [category] => WINE
    [volume] => 375 ML
    [new_total] => 130
)

[2026-03-11 13:40:11] Processing item - Array
(
    [code] => SCMPL0010198
    [current_stock] => 384
    [class_code_new] => CLS001
    [class] => D
)

[2026-03-11 13:40:11] Item hierarchy - Array
(
    [display_category] => SPIRITS
    [ml_volume] => 180
)

[2026-03-11 13:40:11] Added to volume summary - Array
(
    [category] => SPIRITS
    [volume] => 180 ML
    [new_total] => 2669
)

[2026-03-11 13:40:11] Processing item - Array
(
    [code] => SCMPL0010445
    [current_stock] => 500
    [class_code_new] => CLS001
    [class] => W
)

[2026-03-11 13:40:11] Item hierarchy - Array
(
    [display_category] => SPIRITS
    [ml_volume] => 180
)

[2026-03-11 13:40:11] Added to volume summary - Array
(
    [category] => SPIRITS
    [volume] => 180 ML
    [new_total] => 3169
)

[2026-03-11 13:40:11] Processing item - Array
(
    [code] => SCMPL0010676
    [current_stock] => 30
    [class_code_new] => CLS001
    [class] => G
)

[2026-03-11 13:40:11] Item hierarchy - Array
(
    [display_category] => SPIRITS
    [ml_volume] => 375
)

[2026-03-11 13:40:11] Added to volume summary - Array
(
    [category] => SPIRITS
    [volume] => 375 ML
    [new_total] => 30
)

[2026-03-11 13:40:11] Processing item - Array
(
    [code] => SCMPL0010679
    [current_stock] => 1000
    [class_code_new] => CLS001
    [class] => G
)

[2026-03-11 13:40:11] Item hierarchy - Array
(
    [display_category] => SPIRITS
    [ml_volume] => 180
)

[2026-03-11 13:40:11] Added to volume summary - Array
(
    [category] => SPIRITS
    [volume] => 180 ML
    [new_total] => 4169
)

[2026-03-11 13:40:11] Processing item - Array
(
    [code] => SCMPL0028274
    [current_stock] => 523
    [class_code_new] => CLS001
    [class] => W
)

[2026-03-11 13:40:11] Item hierarchy - Array
(
    [display_category] => SPIRITS
    [ml_volume] => 90
)

[2026-03-11 13:40:11] Added to volume summary - Array
(
    [category] => SPIRITS
    [volume] => 90 ML
    [new_total] => 3623
)

[2026-03-11 13:40:11] Processing item - Array
(
    [code] => SCMPL0028274
    [current_stock] => 46
    [class_code_new] => CLS001
    [class] => W
)

[2026-03-11 13:40:11] Item hierarchy - Array
(
    [display_category] => SPIRITS
    [ml_volume] => 90
)

[2026-03-11 13:40:11] Added to volume summary - Array
(
    [category] => SPIRITS
    [volume] => 90 ML
    [new_total] => 3669
)

[2026-03-11 13:40:11] Processing item - Array
(
    [code] => SCMPL0010087
    [current_stock] => 1200
    [class_code_new] => CLS001
    [class] => W
)

[2026-03-11 13:40:11] Item hierarchy - Array
(
    [display_category] => SPIRITS
    [ml_volume] => 180
)

[2026-03-11 13:40:11] Added to volume summary - Array
(
    [category] => SPIRITS
    [volume] => 180 ML
    [new_total] => 5369
)

[2026-03-11 13:40:11] Processing item - Array
(
    [code] => SCMPL0012499
    [current_stock] => 15
    [class_code_new] => CLS001
    [class] => W
)

[2026-03-11 13:40:11] Item hierarchy - Array
(
    [display_category] => SPIRITS
    [ml_volume] => 1000
)

[2026-03-11 13:40:11] Added to volume summary - Array
(
    [category] => SPIRITS
    [volume] => 1000 ML
    [new_total] => 15
)

[2026-03-11 13:40:11] Processing item - Array
(
    [code] => SCMPL0009936
    [current_stock] => 500
    [class_code_new] => CLS001
    [class] => K
)

[2026-03-11 13:40:11] Item hierarchy - Array
(
    [display_category] => SPIRITS
    [ml_volume] => 180
)

[2026-03-11 13:40:11] Added to volume summary - Array
(
    [category] => SPIRITS
    [volume] => 180 ML
    [new_total] => 5869
)

[2026-03-11 13:40:11] Processing item - Array
(
    [code] => SCMPL0010056
    [current_stock] => 500
    [class_code_new] => CLS001
    [class] => W
)

[2026-03-11 13:40:11] Item hierarchy - Array
(
    [display_category] => SPIRITS
    [ml_volume] => 180
)

[2026-03-11 13:40:11] Added to volume summary - Array
(
    [category] => SPIRITS
    [volume] => 180 ML
    [new_total] => 6369
)

[2026-03-11 13:40:11] Processing item - Array
(
    [code] => SCMPL0022280
    [current_stock] => 32
    [class_code_new] => CLS001
    [class] => W
)

[2026-03-11 13:40:11] Item hierarchy - Array
(
    [display_category] => SPIRITS
    [ml_volume] => 1000
)

[2026-03-11 13:40:11] Added to volume summary - Array
(
    [category] => SPIRITS
    [volume] => 1000 ML
    [new_total] => 47
)

[2026-03-11 13:40:11] Processing item - Array
(
    [code] => SCMPL0028356
    [current_stock] => 73
    [class_code_new] => CLS001
    [class] => W
)

[2026-03-11 13:40:11] Item hierarchy - Array
(
    [display_category] => SPIRITS
    [ml_volume] => 375
)

[2026-03-11 13:40:11] Added to volume summary - Array
(
    [category] => SPIRITS
    [volume] => 375 ML
    [new_total] => 103
)

[2026-03-11 13:40:11] Processing item - Array
(
    [code] => SCMPL0028356
    [current_stock] => 46
    [class_code_new] => CLS001
    [class] => W
)

[2026-03-11 13:40:12] Item hierarchy - Array
(
    [display_category] => SPIRITS
    [ml_volume] => 375
)

[2026-03-11 13:40:12] Added to volume summary - Array
(
    [category] => SPIRITS
    [volume] => 375 ML
    [new_total] => 149
)

[2026-03-11 13:40:12] Processing item - Array
(
    [code] => SCMPL0010677
    [current_stock] => 10
    [class_code_new] => CLS001
    [class] => G
)

[2026-03-11 13:40:12] Item hierarchy - Array
(
    [display_category] => SPIRITS
    [ml_volume] => 750
)

[2026-03-11 13:40:12] Added to volume summary - Array
(
    [category] => SPIRITS
    [volume] => 750 ML
    [new_total] => 40
)

[2026-03-11 13:40:12] Processing item - Array
(
    [code] => SCMPL0010234
    [current_stock] => 240
    [class_code_new] => CLS001
    [class] => R
)

[2026-03-11 13:40:12] Item hierarchy - Array
(
    [display_category] => SPIRITS
    [ml_volume] => 180
)

[2026-03-11 13:40:12] Added to volume summary - Array
(
    [category] => SPIRITS
    [volume] => 180 ML
    [new_total] => 6609
)

[2026-03-11 13:40:12] Processing item - Array
(
    [code] => SCMBR0009847
    [current_stock] => 500
    [class_code_new] => CLS007
    [class] => F
)

[2026-03-11 13:40:12] Item hierarchy - Array
(
    [display_category] => FERMENTED BEER
    [ml_volume] => 330
)

[2026-03-11 13:40:12] Added to volume summary - Array
(
    [category] => FERMENTED BEER
    [volume] => 330 ML
    [new_total] => 500
)

[2026-03-11 13:40:12] Processing item - Array
(
    [code] => SCMPL0010453
    [current_stock] => 30
    [class_code_new] => CLS001
    [class] => W
)

[2026-03-11 13:40:12] Item hierarchy - Array
(
    [display_category] => SPIRITS
    [ml_volume] => 750
)

[2026-03-11 13:40:12] Added to volume summary - Array
(
    [category] => SPIRITS
    [volume] => 750 ML
    [new_total] => 70
)

[2026-03-11 13:40:12] Processing item - Array
(
    [code] => SCMPL0010450
    [current_stock] => 200
    [class_code_new] => CLS001
    [class] => W
)

[2026-03-11 13:40:12] Item hierarchy - Array
(
    [display_category] => SPIRITS
    [ml_volume] => 90
)

[2026-03-11 13:40:12] Added to volume summary - Array
(
    [category] => SPIRITS
    [volume] => 90 ML
    [new_total] => 3869
)

[2026-03-11 13:40:12] Processing item - Array
(
    [code] => SCMPL0009894
    [current_stock] => 100
    [class_code_new] => CLS001
    [class] => W
)

[2026-03-11 13:40:12] Item hierarchy - Array
(
    [display_category] => SPIRITS
    [ml_volume] => 180
)

[2026-03-11 13:40:12] Added to volume summary - Array
(
    [category] => SPIRITS
    [volume] => 180 ML
    [new_total] => 6709
)

[2026-03-11 13:40:12] Processing item - Array
(
    [code] => SCMPL0028275
    [current_stock] => 523
    [class_code_new] => CLS001
    [class] => W
)

[2026-03-11 13:40:12] Item hierarchy - Array
(
    [display_category] => SPIRITS
    [ml_volume] => 180
)

[2026-03-11 13:40:12] Added to volume summary - Array
(
    [category] => SPIRITS
    [volume] => 180 ML
    [new_total] => 7232
)

[2026-03-11 13:40:12] Processing item - Array
(
    [code] => SCMPL0028275
    [current_stock] => 46
    [class_code_new] => CLS001
    [class] => W
)

[2026-03-11 13:40:12] Item hierarchy - Array
(
    [display_category] => SPIRITS
    [ml_volume] => 180
)

[2026-03-11 13:40:12] Added to volume summary - Array
(
    [category] => SPIRITS
    [volume] => 180 ML
    [new_total] => 7278
)

[2026-03-11 13:40:12] Processing item - Array
(
    [code] => SCMBR0021532
    [current_stock] => 312
    [class_code_new] => CLS007
    [class] => F
)

[2026-03-11 13:40:12] Item hierarchy - Array
(
    [display_category] => FERMENTED BEER
    [ml_volume] => 650
)

[2026-03-11 13:40:12] Added to volume summary - Array
(
    [category] => FERMENTED BEER
    [volume] => 650 ML
    [new_total] => 812
)

[2026-03-11 13:40:12] Processing item - Array
(
    [code] => SCMBR0021532
    [current_stock] => 24
    [class_code_new] => CLS007
    [class] => F
)

[2026-03-11 13:40:12] Item hierarchy - Array
(
    [display_category] => FERMENTED BEER
    [ml_volume] => 650
)

[2026-03-11 13:40:12] Added to volume summary - Array
(
    [category] => FERMENTED BEER
    [volume] => 650 ML
    [new_total] => 836
)

[2026-03-11 13:40:12] Processing item - Array
(
    [code] => SCMPL0009668
    [current_stock] => 66
    [class_code_new] => CLS001
    [class] => W
)

[2026-03-11 13:40:12] Item hierarchy - Array
(
    [display_category] => SPIRITS
    [ml_volume] => 180
)

[2026-03-11 13:40:12] Added to volume summary - Array
(
    [category] => SPIRITS
    [volume] => 180 ML
    [new_total] => 7344
)

[2026-03-11 13:40:12] Processing item - Array
(
    [code] => SCMPL0009668
    [current_stock] => 12
    [class_code_new] => CLS001
    [class] => W
)

[2026-03-11 13:40:12] Item hierarchy - Array
(
    [display_category] => SPIRITS
    [ml_volume] => 180
)

[2026-03-11 13:40:12] Added to volume summary - Array
(
    [category] => SPIRITS
    [volume] => 180 ML
    [new_total] => 7356
)

[2026-03-11 13:40:12] Processing item - Array
(
    [code] => SCMPL0009688
    [current_stock] => 100
    [class_code_new] => CLS001
    [class] => W
)

[2026-03-11 13:40:12] Item hierarchy - Array
(
    [display_category] => SPIRITS
    [ml_volume] => 375
)

[2026-03-11 13:40:12] Added to volume summary - Array
(
    [category] => SPIRITS
    [volume] => 375 ML
    [new_total] => 249
)

[2026-03-11 13:40:12] Processing item - Array
(
    [code] => SCMPL0022277
    [current_stock] => 500
    [class_code_new] => CLS001
    [class] => W
)

[2026-03-11 13:40:12] Item hierarchy - Array
(
    [display_category] => SPIRITS
    [ml_volume] => 180
)

[2026-03-11 13:40:12] Added to volume summary - Array
(
    [category] => SPIRITS
    [volume] => 180 ML
    [new_total] => 7856
)

[2026-03-11 13:40:12] Processing item - Array
(
    [code] => SCMPL0018737
    [current_stock] => 500
    [class_code_new] => CLS001
    [class] => W
)

[2026-03-11 13:40:12] Item hierarchy - Array
(
    [display_category] => SPIRITS
    [ml_volume] => 90
)

[2026-03-11 13:40:12] Added to volume summary - Array
(
    [category] => SPIRITS
    [volume] => 90 ML
    [new_total] => 4369
)

[2026-03-11 13:40:12] Processing item - Array
(
    [code] => SCMKS0026878
    [current_stock] => 50
    [class_code_new] => CLS001
    [class] => W
)

[2026-03-11 13:40:12] Item hierarchy - Array
(
    [display_category] => SPIRITS
    [ml_volume] => 180
)

[2026-03-11 13:40:12] Added to volume summary - Array
(
    [category] => SPIRITS
    [volume] => 180 ML
    [new_total] => 7906
)

[2026-03-11 13:40:12] Processing item - Array
(
    [code] => SCMPL0009775
    [current_stock] => 500
    [class_code_new] => CLS001
    [class] => D
)

[2026-03-11 13:40:12] Item hierarchy - Array
(
    [display_category] => SPIRITS
    [ml_volume] => 180
)

[2026-03-11 13:40:12] Added to volume summary - Array
(
    [category] => SPIRITS
    [volume] => 180 ML
    [new_total] => 8406
)

[2026-03-11 13:40:12] Processing item - Array
(
    [code] => SCMPL0010678
    [current_stock] => 1500
    [class_code_new] => CLS001
    [class] => W
)

[2026-03-11 13:40:12] Item hierarchy - Array
(
    [display_category] => SPIRITS
    [ml_volume] => 90
)

[2026-03-11 13:40:12] Added to volume summary - Array
(
    [category] => SPIRITS
    [volume] => 90 ML
    [new_total] => 5869
)

[2026-03-11 13:40:12] Processing item - Array
(
    [code] => SCMBR0018137
    [current_stock] => 300
    [class_code_new] => CLS007
    [class] => F
)

[2026-03-11 13:40:12] Item hierarchy - Array
(
    [display_category] => FERMENTED BEER
    [ml_volume] => 330
)

[2026-03-11 13:40:12] Added to volume summary - Array
(
    [category] => FERMENTED BEER
    [volume] => 330 ML
    [new_total] => 800
)

[2026-03-11 13:40:12] Processing item - Array
(
    [code] => SCMKB0031391
    [current_stock] => 500
    [class_code_new] => CLS008
    [class] => M
)

[2026-03-11 13:40:12] Item hierarchy - Array
(
    [display_category] => MILD BEER
    [ml_volume] => 330
)

[2026-03-11 13:40:12] Added to volume summary - Array
(
    [category] => MILD BEER
    [volume] => 330 ML
    [new_total] => 500
)

[2026-03-11 13:40:12] Processing item - Array
(
    [code] => SCMBR0027089
    [current_stock] => 300
    [class_code_new] => CLS008
    [class] => M
)

[2026-03-11 13:40:12] Item hierarchy - Array
(
    [display_category] => MILD BEER
    [ml_volume] => 650
)

[2026-03-11 13:40:12] Added to volume summary - Array
(
    [category] => MILD BEER
    [volume] => 650 ML
    [new_total] => 300
)

[2026-03-11 13:40:12] Processing item - Array
(
    [code] => SCMBR0018132
    [current_stock] => 121
    [class_code_new] => CLS008
    [class] => M
)

[2026-03-11 13:40:12] Item hierarchy - Array
(
    [display_category] => MILD BEER
    [ml_volume] => 650
)

[2026-03-11 13:40:12] Added to volume summary - Array
(
    [category] => MILD BEER
    [volume] => 650 ML
    [new_total] => 421
)

[2026-03-11 13:40:12] Processing item - Array
(
    [code] => SCMBR0018158
    [current_stock] => 500
    [class_code_new] => CLS007
    [class] => F
)

[2026-03-11 13:40:12] Item hierarchy - Array
(
    [display_category] => FERMENTED BEER
    [ml_volume] => 330
)

[2026-03-11 13:40:12] Added to volume summary - Array
(
    [category] => FERMENTED BEER
    [volume] => 330 ML
    [new_total] => 1300
)

[2026-03-11 13:40:12] Processing item - Array
(
    [code] => SCMBR0023258
    [current_stock] => 500
    [class_code_new] => CLS007
    [class] => F
)

[2026-03-11 13:40:12] Item hierarchy - Array
(
    [display_category] => FERMENTED BEER
    [ml_volume] => 650
)

[2026-03-11 13:40:12] Added to volume summary - Array
(
    [category] => FERMENTED BEER
    [volume] => 650 ML
    [new_total] => 1336
)

[2026-03-11 13:40:12] Processing item - Array
(
    [code] => SCMPL0018648
    [current_stock] => 200
    [class_code_new] => CLS001
    [class] => K
)

[2026-03-11 13:40:12] Item hierarchy - Array
(
    [display_category] => SPIRITS
    [ml_volume] => 180
)

[2026-03-11 13:40:12] Added to volume summary - Array
(
    [category] => SPIRITS
    [volume] => 180 ML
    [new_total] => 8606
)

[2026-03-11 13:40:12] Processing item - Array
(
    [code] => SCMPL0033624
    [current_stock] => 500
    [class_code_new] => CLS001
    [class] => K
)

[2026-03-11 13:40:12] Item hierarchy - Array
(
    [display_category] => SPIRITS
    [ml_volume] => 90
)

[2026-03-11 13:40:12] Added to volume summary - Array
(
    [category] => SPIRITS
    [volume] => 90 ML
    [new_total] => 6369
)

[2026-03-11 13:40:12] Processing item - Array
(
    [code] => SCMPL0011438
    [current_stock] => 96
    [class_code_new] => CLS001
    [class] => K
)

[2026-03-11 13:40:12] Item hierarchy - Array
(
    [display_category] => SPIRITS
    [ml_volume] => 180
)

[2026-03-11 13:40:12] Added to volume summary - Array
(
    [category] => SPIRITS
    [volume] => 180 ML
    [new_total] => 8702
)

[2026-03-11 13:40:12] Processing item - Array
(
    [code] => SCMPL0011418
    [current_stock] => 240
    [class_code_new] => CLS001
    [class] => K
)

[2026-03-11 13:40:12] Item hierarchy - Array
(
    [display_category] => SPIRITS
    [ml_volume] => 180
)

[2026-03-11 13:40:12] Added to volume summary - Array
(
    [category] => SPIRITS
    [volume] => 180 ML
    [new_total] => 8942
)

[2026-03-11 13:40:12] Processing item - Array
(
    [code] => SCMBR0018635
    [current_stock] => 200
    [class_code_new] => CLS007
    [class] => F
)

[2026-03-11 13:40:12] Item hierarchy - Array
(
    [display_category] => FERMENTED BEER
    [ml_volume] => 650
)

[2026-03-11 13:40:12] Added to volume summary - Array
(
    [category] => FERMENTED BEER
    [volume] => 650 ML
    [new_total] => 1536
)

[2026-03-11 13:40:12] Processing item - Array
(
    [code] => SCMBR0029429
    [current_stock] => 500
    [class_code_new] => CLS007
    [class] => F
)

[2026-03-11 13:40:12] Item hierarchy - Array
(
    [display_category] => FERMENTED BEER
    [ml_volume] => 330
)

[2026-03-11 13:40:12] Added to volume summary - Array
(
    [category] => FERMENTED BEER
    [volume] => 330 ML
    [new_total] => 1800
)

[2026-03-11 13:40:12] Processing item - Array
(
    [code] => SCMBR0029431
    [current_stock] => 130
    [class_code_new] => CLS007
    [class] => F
)

[2026-03-11 13:40:12] Item hierarchy - Array
(
    [display_category] => FERMENTED BEER
    [ml_volume] => 650
)

[2026-03-11 13:40:12] Added to volume summary - Array
(
    [category] => FERMENTED BEER
    [volume] => 650 ML
    [new_total] => 1666
)

[2026-03-11 13:40:12] Processing item - Array
(
    [code] => SCMPL0010541
    [current_stock] => 400
    [class_code_new] => CLS001
    [class] => D
)

[2026-03-11 13:40:12] Item hierarchy - Array
(
    [display_category] => SPIRITS
    [ml_volume] => 180
)

[2026-03-11 13:40:12] Added to volume summary - Array
(
    [category] => SPIRITS
    [volume] => 180 ML
    [new_total] => 9342
)

[2026-03-11 13:40:12] Processing item - Array
(
    [code] => SCMPL0040482
    [current_stock] => 300
    [class_code_new] => CLS001
    [class] => W
)

[2026-03-11 13:40:12] Item hierarchy - Array
(
    [display_category] => SPIRITS
    [ml_volume] => 90
)

[2026-03-11 13:40:12] Added to volume summary - Array
(
    [category] => SPIRITS
    [volume] => 90 ML
    [new_total] => 6669
)

[2026-03-11 13:40:12] Processing item - Array
(
    [code] => SCMPL0009899
    [current_stock] => 500
    [class_code_new] => CLS001
    [class] => R
)

[2026-03-11 13:40:12] Item hierarchy - Array
(
    [display_category] => SPIRITS
    [ml_volume] => 90
)

[2026-03-11 13:40:12] Added to volume summary - Array
(
    [category] => SPIRITS
    [volume] => 90 ML
    [new_total] => 7169
)

[2026-03-11 13:40:12] Processing item - Array
(
    [code] => SCMPL0009902
    [current_stock] => 10
    [class_code_new] => CLS001
    [class] => R
)

[2026-03-11 13:40:12] Item hierarchy - Array
(
    [display_category] => SPIRITS
    [ml_volume] => 750
)

[2026-03-11 13:40:12] Added to volume summary - Array
(
    [category] => SPIRITS
    [volume] => 750 ML
    [new_total] => 80
)

[2026-03-11 13:40:12] Processing item - Array
(
    [code] => SCMPL0009903
    [current_stock] => 20
    [class_code_new] => CLS001
    [class] => R
)

[2026-03-11 13:40:12] Item hierarchy - Array
(
    [display_category] => SPIRITS
    [ml_volume] => 1000
)

[2026-03-11 13:40:12] Added to volume summary - Array
(
    [category] => SPIRITS
    [volume] => 1000 ML
    [new_total] => 67
)

[2026-03-11 13:40:12] Processing item - Array
(
    [code] => SCMPL0011581
    [current_stock] => 15
    [class_code_new] => CLS001
    [class] => W
)

[2026-03-11 13:40:12] Item hierarchy - Array
(
    [display_category] => SPIRITS
    [ml_volume] => 1000
)

[2026-03-11 13:40:12] Added to volume summary - Array
(
    [category] => SPIRITS
    [volume] => 1000 ML
    [new_total] => 82
)

[2026-03-11 13:40:12] Processing item - Array
(
    [code] => SCMPL0035367
    [current_stock] => 500
    [class_code_new] => CLS001
    [class] => K
)

[2026-03-11 13:40:12] Item hierarchy - Array
(
    [display_category] => SPIRITS
    [ml_volume] => 90
)

[2026-03-11 13:40:12] Added to volume summary - Array
(
    [category] => SPIRITS
    [volume] => 90 ML
    [new_total] => 7669
)

[2026-03-11 13:40:12] Processing item - Array
(
    [code] => SCMPL0036711
    [current_stock] => 500
    [class_code_new] => CLS001
    [class] => W
)

[2026-03-11 13:40:12] Item hierarchy - Array
(
    [display_category] => SPIRITS
    [ml_volume] => 90
)

[2026-03-11 13:40:12] Added to volume summary - Array
(
    [category] => SPIRITS
    [volume] => 90 ML
    [new_total] => 8169
)

[2026-03-11 13:40:12] Processing item - Array
(
    [code] => SCMPL0010702
    [current_stock] => 100
    [class_code_new] => CLS001
    [class] => W
)

[2026-03-11 13:40:12] Item hierarchy - Array
(
    [display_category] => SPIRITS
    [ml_volume] => 180
)

[2026-03-11 13:40:12] Added to volume summary - Array
(
    [category] => SPIRITS
    [volume] => 180 ML
    [new_total] => 9442
)

[2026-03-11 13:40:12] Processing item - Array
(
    [code] => SCMPL0029933
    [current_stock] => 6
    [class_code_new] => CLS001
    [class] => W
)

[2026-03-11 13:40:12] Item hierarchy - Array
(
    [display_category] => SPIRITS
    [ml_volume] => 180
)

[2026-03-11 13:40:12] Added to volume summary - Array
(
    [category] => SPIRITS
    [volume] => 180 ML
    [new_total] => 9448
)

[2026-03-11 13:40:12] Processing item - Array
(
    [code] => SCMPL0029928
    [current_stock] => 12
    [class_code_new] => CLS001
    [class] => W
)

[2026-03-11 13:40:12] Item hierarchy - Array
(
    [display_category] => SPIRITS
    [ml_volume] => 180
)

[2026-03-11 13:40:12] Added to volume summary - Array
(
    [category] => SPIRITS
    [volume] => 180 ML
    [new_total] => 9460
)

[2026-03-11 13:40:12] Processing item - Array
(
    [code] => SCMPL0010360
    [current_stock] => 24
    [class_code_new] => CLS001
    [class] => K
)

[2026-03-11 13:40:12] Item hierarchy - Array
(
    [display_category] => SPIRITS
    [ml_volume] => 180
)

[2026-03-11 13:40:12] Added to volume summary - Array
(
    [category] => SPIRITS
    [volume] => 180 ML
    [new_total] => 9484
)

[2026-03-11 13:40:12] Processing item - Array
(
    [code] => SCMPL0009968
    [current_stock] => 530
    [class_code_new] => CLS001
    [class] => K
)

[2026-03-11 13:40:12] Item hierarchy - Array
(
    [display_category] => SPIRITS
    [ml_volume] => 180
)

[2026-03-11 13:40:12] Added to volume summary - Array
(
    [category] => SPIRITS
    [volume] => 180 ML
    [new_total] => 10014
)

[2026-03-11 13:40:12] Processing item - Array
(
    [code] => SCMPL0009977
    [current_stock] => 542
    [class_code_new] => CLS001
    [class] => K
)

[2026-03-11 13:40:12] Item hierarchy - Array
(
    [display_category] => SPIRITS
    [ml_volume] => 180
)

[2026-03-11 13:40:12] Added to volume summary - Array
(
    [category] => SPIRITS
    [volume] => 180 ML
    [new_total] => 10556
)

[2026-03-11 13:40:12] Processing item - Array
(
    [code] => SCMKS0018253
    [current_stock] => 6
    [class_code_new] => CLS001
    [class] => W
)

[2026-03-11 13:40:12] Item hierarchy - Array
(
    [display_category] => SPIRITS
    [ml_volume] => 180
)

[2026-03-11 13:40:12] Added to volume summary - Array
(
    [category] => SPIRITS
    [volume] => 180 ML
    [new_total] => 10562
)

[2026-03-11 13:40:12] Processing item - Array
(
    [code] => SCMBR0037366
    [current_stock] => 48
    [class_code_new] => CLS008
    [class] => M
)

[2026-03-11 13:40:12] Item hierarchy - Array
(
    [display_category] => MILD BEER
    [ml_volume] => 330
)

[2026-03-11 13:40:12] Added to volume summary - Array
(
    [category] => MILD BEER
    [volume] => 330 ML
    [new_total] => 548
)

[2026-03-11 13:40:12] Processing item - Array
(
    [code] => SCMBR0018161
    [current_stock] => 130
    [class_code_new] => CLS007
    [class] => F
)

[2026-03-11 13:40:12] Item hierarchy - Array
(
    [display_category] => FERMENTED BEER
    [ml_volume] => 330
)

[2026-03-11 13:40:12] Added to volume summary - Array
(
    [category] => FERMENTED BEER
    [volume] => 330 ML
    [new_total] => 1930
)

[2026-03-11 13:40:12] Processing item - Array
(
    [code] => SCMPL0010020
    [current_stock] => 1225
    [class_code_new] => CLS001
    [class] => K
)

[2026-03-11 13:40:12] Item hierarchy - Array
(
    [display_category] => SPIRITS
    [ml_volume] => 180
)

[2026-03-11 13:40:12] Added to volume summary - Array
(
    [category] => SPIRITS
    [volume] => 180 ML
    [new_total] => 11787
)

[2026-03-11 13:40:12] Final volume summary - Array
(
    [SPIRITS] => Array
        (
            [50 ML] => 0
            [60 ML] => 0
            [90 ML] => 8169
            [170 ML] => 0
            [180 ML] => 11787
            [200 ML] => 0
            [250 ML] => 0
            [275 ML] => 0
            [330 ML] => 0
            [355 ML] => 0
            [375 ML] => 249
            [500 ML] => 0
            [650 ML] => 0
            [700 ML] => 0
            [750 ML] => 80
            [1000 ML] => 82
            [1.5L] => 0
            [1.75L] => 0
            [2L] => 0
            [3L] => 0
            [4.5L] => 0
            [15L] => 0
            [20L] => 0
            [30L] => 0
            [50L] => 0
        )

    [WINE] => Array
        (
            [50 ML] => 0
            [60 ML] => 0
            [90 ML] => 0
            [170 ML] => 0
            [180 ML] => 0
            [200 ML] => 0
            [250 ML] => 0
            [275 ML] => 0
            [330 ML] => 0
            [355 ML] => 0
            [375 ML] => 130
            [500 ML] => 0
            [650 ML] => 0
            [700 ML] => 0
            [750 ML] => 0
            [1000 ML] => 0
            [1.5L] => 0
            [1.75L] => 0
            [2L] => 0
            [3L] => 0
            [4.5L] => 0
            [15L] => 0
            [20L] => 0
            [30L] => 0
            [50L] => 0
        )

    [FERMENTED BEER] => Array
        (
            [50 ML] => 0
            [60 ML] => 0
            [90 ML] => 0
            [170 ML] => 0
            [180 ML] => 0
            [200 ML] => 0
            [250 ML] => 0
            [275 ML] => 0
            [330 ML] => 1930
            [355 ML] => 0
            [375 ML] => 0
            [500 ML] => 0
            [650 ML] => 1666
            [700 ML] => 0
            [750 ML] => 0
            [1000 ML] => 0
            [1.5L] => 0
            [1.75L] => 0
            [2L] => 0
            [3L] => 0
            [4.5L] => 0
            [15L] => 0
            [20L] => 0
            [30L] => 0
            [50L] => 0
        )

    [MILD BEER] => Array
        (
            [50 ML] => 0
            [60 ML] => 0
            [90 ML] => 0
            [170 ML] => 0
            [180 ML] => 0
            [200 ML] => 0
            [250 ML] => 0
            [275 ML] => 0
            [330 ML] => 548
            [355 ML] => 0
            [375 ML] => 0
            [500 ML] => 0
            [650 ML] => 421
            [700 ML] => 0
            [750 ML] => 0
            [1000 ML] => 0
            [1.5L] => 0
            [1.75L] => 0
            [2L] => 0
            [3L] => 0
            [4.5L] => 0
            [15L] => 0
            [20L] => 0
            [30L] => 0
            [50L] => 0
        )

    [COUNTRY LIQUOR] => Array
        (
            [50 ML] => 0
            [60 ML] => 0
            [90 ML] => 0
            [170 ML] => 0
            [180 ML] => 0
            [200 ML] => 0
            [250 ML] => 0
            [275 ML] => 0
            [330 ML] => 0
            [355 ML] => 0
            [375 ML] => 0
            [500 ML] => 0
            [650 ML] => 0
            [700 ML] => 0
            [750 ML] => 0
            [1000 ML] => 0
            [1.5L] => 0
            [1.75L] => 0
            [2L] => 0
            [3L] => 0
            [4.5L] => 0
            [15L] => 0
            [20L] => 0
            [30L] => 0
            [50L] => 0
        )

    [OTHER] => Array
        (
            [50 ML] => 0
            [60 ML] => 0
            [90 ML] => 0
            [170 ML] => 0
            [180 ML] => 0
            [200 ML] => 0
            [250 ML] => 0
            [275 ML] => 0
            [330 ML] => 0
            [355 ML] => 0
            [375 ML] => 0
            [500 ML] => 0
            [650 ML] => 0
            [700 ML] => 0
            [750 ML] => 0
            [1000 ML] => 0
            [1.5L] => 0
            [1.75L] => 0
            [2L] => 0
            [3L] => 0
            [4.5L] => 0
            [15L] => 0
            [20L] => 0
            [30L] => 0
            [50L] => 0
        )

)

[2026-03-11 13:40:12] AJAX volume_summary returning with categories count: 6
[2026-03-11 13:42:43] Script started
[2026-03-11 13:42:43] Financial Year - Array
(
    [start] => 2021-04-01
    [end] => 2022-03-31
    [fin_year_id] => 3
)

[2026-03-11 13:42:43] Allowed classes - Array
(
    [0] => W
    [1] => V
    [2] => M
    [3] => F
    [4] => D
    [5] => K
    [6] => G
    [7] => R
)

[2026-03-11 13:42:43] Calling findFirstOpeningBatchDate with - Array
(
    [comp_id] => 5
    [mode] => F
    [fy_start] => 2021-04-01
    [fy_end] => 2022-03-31
    [allowed_classes] => Array
        (
            [0] => W
            [1] => V
            [2] => M
            [3] => F
            [4] => D
            [5] => K
            [6] => G
            [7] => R
        )

)

[2026-03-11 13:42:43] findFirstOpeningBatchDate called - Array
(
    [comp_id] => 5
    [mode] => F
    [fy_start] => 2021-04-01
    [fy_end] => 2022-03-31
    [allowed_classes] => Array
        (
            [0] => W
            [1] => V
            [2] => M
            [3] => F
            [4] => D
            [5] => K
            [6] => G
            [7] => R
        )

)

[2026-03-11 13:42:43] generateMonthsInRange: Date range - Array
(
    [start] => 2021-04-01
    [end] => 2022-03-01
)

[2026-03-11 13:42:43] generateMonthsInRange: Generated months - Array
(
    [count] => 12
    [months] => Array
        (
            [0] => 2021-04
            [1] => 2021-05
            [2] => 2021-06
            [3] => 2021-07
            [4] => 2021-08
            [5] => 2021-09
            [6] => 2021-10
            [7] => 2021-11
            [8] => 2021-12
            [9] => 2022-01
            [10] => 2022-02
            [11] => 2022-03
        )

)

[2026-03-11 13:42:43] Generated months - Array
(
    [months] => Array
        (
            [0] => 2021-04
            [1] => 2021-05
            [2] => 2021-06
            [3] => 2021-07
            [4] => 2021-08
            [5] => 2021-09
            [6] => 2021-10
            [7] => 2021-11
            [8] => 2021-12
            [9] => 2022-01
            [10] => 2022-02
            [11] => 2022-03
        )

)

[2026-03-11 13:42:43] Found opening balance in month - Array
(
    [month] => 2021-04
    [item_code] => SCMPL0009770
)

[2026-03-11 13:42:43] Found first batch date - Array
(
    [date] => 2021-04-01
    [month] => 2021-04
    [day] => 01
)

[2026-03-11 13:42:43] First batch data result - Array
(
    [date] => 2021-04-01
    [month] => 2021-04
    [day] => 01
    [day_num] => 1
)

[2026-03-11 13:42:43] First batch data - Array
(
    [date] => 2021-04-01
    [month] => 2021-04
    [day] => 01
    [day_num] => 1
)

[2026-03-11 13:42:43] AJAX volume_summary called - Array
(
    [ajax] => volume_summary
    [mode] => F
    [t] => 1773232963408
)

[2026-03-11 13:42:43] Volume summary - checking table - Array
(
    [batch_table] => tbldailystock_5_04_21
    [batch_month] => 2021-04
)

[2026-03-11 13:42:43] getOpeningBalanceVolumeSummary called - Array
(
    [mode] => F
    [comp_id] => 5
    [allowed_classes] => Array
        (
            [0] => W
            [1] => V
            [2] => M
            [3] => F
            [4] => D
            [5] => K
            [6] => G
            [7] => R
        )

    [first_batch_data] => Array
        (
            [date] => 2021-04-01
            [month] => 2021-04
            [day] => 01
            [day_num] => 1
        )

)

[2026-03-11 13:42:43] Processing volume summary - Array
(
    [batch_month] => 2021-04
    [batch_day] => 01
    [batch_date] => 2021-04-01
    [batch_table] => tbldailystock_5_04_21
)

[2026-03-11 13:42:43] generateMonthsInRange: Date range - Array
(
    [start] => 2021-04-01
    [end] => 2021-04-01
)

[2026-03-11 13:42:43] generateMonthsInRange: Generated months - Array
(
    [count] => 1
    [months] => Array
        (
            [0] => 2021-04
        )

)

[2026-03-11 13:42:43] Volume summary query returned rows - Array
(
    [count] => 77
)

[2026-03-11 13:42:43] Processing item - Array
(
    [code] => SCMPL0009770
    [current_stock] => 500
    [class_code_new] => CLS001
    [class] => W
)

[2026-03-11 13:42:43] Item hierarchy - Array
(
    [display_category] => SPIRITS
    [ml_volume] => 180
)

[2026-03-11 13:42:43] Added to volume summary - Array
(
    [category] => SPIRITS
    [volume] => 180 ML
    [new_total] => 500
)

[2026-03-11 13:42:43] Processing item - Array
(
    [code] => SCMPL0010434
    [current_stock] => 500
    [class_code_new] => CLS001
    [class] => K
)

[2026-03-11 13:42:43] Item hierarchy - Array
(
    [display_category] => SPIRITS
    [ml_volume] => 180
)

[2026-03-11 13:42:43] Added to volume summary - Array
(
    [category] => SPIRITS
    [volume] => 180 ML
    [new_total] => 1000
)

[2026-03-11 13:42:43] Processing item - Array
(
    [code] => SCMPL0010447
    [current_stock] => 20
    [class_code_new] => CLS001
    [class] => W
)

[2026-03-11 13:42:43] Item hierarchy - Array
(
    [display_category] => SPIRITS
    [ml_volume] => 750
)

[2026-03-11 13:42:43] Added to volume summary - Array
(
    [category] => SPIRITS
    [volume] => 750 ML
    [new_total] => 20
)

[2026-03-11 13:42:43] Processing item - Array
(
    [code] => SCMPL0010612
    [current_stock] => 1000
    [class_code_new] => CLS001
    [class] => W
)

[2026-03-11 13:42:43] Item hierarchy - Array
(
    [display_category] => SPIRITS
    [ml_volume] => 90
)

[2026-03-11 13:42:43] Added to volume summary - Array
(
    [category] => SPIRITS
    [volume] => 90 ML
    [new_total] => 1000
)

[2026-03-11 13:42:43] Processing item - Array
(
    [code] => SCMPL0009942
    [current_stock] => 500
    [class_code_new] => CLS001
    [class] => W
)

[2026-03-11 13:42:43] Item hierarchy - Array
(
    [display_category] => SPIRITS
    [ml_volume] => 180
)

[2026-03-11 13:42:43] Added to volume summary - Array
(
    [category] => SPIRITS
    [volume] => 180 ML
    [new_total] => 1500
)

[2026-03-11 13:42:43] Processing item - Array
(
    [code] => SCMPL0010451
    [current_stock] => 500
    [class_code_new] => CLS001
    [class] => W
)

[2026-03-11 13:42:43] Item hierarchy - Array
(
    [display_category] => SPIRITS
    [ml_volume] => 180
)

[2026-03-11 13:42:43] Added to volume summary - Array
(
    [category] => SPIRITS
    [volume] => 180 ML
    [new_total] => 2000
)

[2026-03-11 13:42:43] Processing item - Array
(
    [code] => SCMBR0023264
    [current_stock] => 200
    [class_code_new] => CLS007
    [class] => F
)

[2026-03-11 13:42:43] Item hierarchy - Array
(
    [display_category] => FERMENTED BEER
    [ml_volume] => 650
)

[2026-03-11 13:42:43] Added to volume summary - Array
(
    [category] => FERMENTED BEER
    [volume] => 650 ML
    [new_total] => 200
)

[2026-03-11 13:42:43] Processing item - Array
(
    [code] => SCMKS0026879
    [current_stock] => 21
    [class_code_new] => CLS001
    [class] => W
)

[2026-03-11 13:42:43] Item hierarchy - Array
(
    [display_category] => SPIRITS
    [ml_volume] => 180
)

[2026-03-11 13:42:43] Added to volume summary - Array
(
    [category] => SPIRITS
    [volume] => 180 ML
    [new_total] => 2021
)

[2026-03-11 13:42:43] Processing item - Array
(
    [code] => SCMPL0010108
    [current_stock] => 10
    [class_code_new] => CLS001
    [class] => W
)

[2026-03-11 13:42:43] Item hierarchy - Array
(
    [display_category] => SPIRITS
    [ml_volume] => 750
)

[2026-03-11 13:42:43] Added to volume summary - Array
(
    [category] => SPIRITS
    [volume] => 750 ML
    [new_total] => 30
)

[2026-03-11 13:42:43] Processing item - Array
(
    [code] => SCMPL0010075
    [current_stock] => 700
    [class_code_new] => CLS001
    [class] => W
)

[2026-03-11 13:42:43] Item hierarchy - Array
(
    [display_category] => SPIRITS
    [ml_volume] => 90
)

[2026-03-11 13:42:43] Added to volume summary - Array
(
    [category] => SPIRITS
    [volume] => 90 ML
    [new_total] => 1700
)

[2026-03-11 13:42:43] Processing item - Array
(
    [code] => SCMPL0010076
    [current_stock] => 700
    [class_code_new] => CLS001
    [class] => W
)

[2026-03-11 13:42:43] Item hierarchy - Array
(
    [display_category] => SPIRITS
    [ml_volume] => 90
)

[2026-03-11 13:42:43] Added to volume summary - Array
(
    [category] => SPIRITS
    [volume] => 90 ML
    [new_total] => 2400
)

[2026-03-11 13:42:43] Processing item - Array
(
    [code] => SCMPL0010088
    [current_stock] => 264
    [class_code_new] => CLS001
    [class] => W
)

[2026-03-11 13:42:43] Item hierarchy - Array
(
    [display_category] => SPIRITS
    [ml_volume] => 180
)

[2026-03-11 13:42:43] Added to volume summary - Array
(
    [category] => SPIRITS
    [volume] => 180 ML
    [new_total] => 2285
)

[2026-03-11 13:42:43] Processing item - Array
(
    [code] => SCMPL0010701
    [current_stock] => 700
    [class_code_new] => CLS001
    [class] => W
)

[2026-03-11 13:42:43] Item hierarchy - Array
(
    [display_category] => SPIRITS
    [ml_volume] => 90
)

[2026-03-11 13:42:43] Added to volume summary - Array
(
    [category] => SPIRITS
    [volume] => 90 ML
    [new_total] => 3100
)

[2026-03-11 13:42:43] Processing item - Array
(
    [code] => SCMBR0018142
    [current_stock] => 300
    [class_code_new] => CLS007
    [class] => F
)

[2026-03-11 13:42:43] Item hierarchy - Array
(
    [display_category] => FERMENTED BEER
    [ml_volume] => 650
)

[2026-03-11 13:42:43] Added to volume summary - Array
(
    [category] => FERMENTED BEER
    [volume] => 650 ML
    [new_total] => 500
)

[2026-03-11 13:42:43] Processing item - Array
(
    [code] => SCMWN0019724
    [current_stock] => 130
    [class_code_new] => CLS004
    [class] => V
)

[2026-03-11 13:42:43] Item hierarchy - Array
(
    [display_category] => WINE
    [ml_volume] => 375
)

[2026-03-11 13:42:43] Added to volume summary - Array
(
    [category] => WINE
    [volume] => 375 ML
    [new_total] => 130
)

[2026-03-11 13:42:43] Processing item - Array
(
    [code] => SCMPL0010198
    [current_stock] => 384
    [class_code_new] => CLS001
    [class] => D
)

[2026-03-11 13:42:43] Item hierarchy - Array
(
    [display_category] => SPIRITS
    [ml_volume] => 180
)

[2026-03-11 13:42:43] Added to volume summary - Array
(
    [category] => SPIRITS
    [volume] => 180 ML
    [new_total] => 2669
)

[2026-03-11 13:42:43] Processing item - Array
(
    [code] => SCMPL0010445
    [current_stock] => 500
    [class_code_new] => CLS001
    [class] => W
)

[2026-03-11 13:42:43] Item hierarchy - Array
(
    [display_category] => SPIRITS
    [ml_volume] => 180
)

[2026-03-11 13:42:43] Added to volume summary - Array
(
    [category] => SPIRITS
    [volume] => 180 ML
    [new_total] => 3169
)

[2026-03-11 13:42:43] Processing item - Array
(
    [code] => SCMPL0010676
    [current_stock] => 30
    [class_code_new] => CLS001
    [class] => G
)

[2026-03-11 13:42:43] Item hierarchy - Array
(
    [display_category] => SPIRITS
    [ml_volume] => 375
)

[2026-03-11 13:42:43] Added to volume summary - Array
(
    [category] => SPIRITS
    [volume] => 375 ML
    [new_total] => 30
)

[2026-03-11 13:42:43] Processing item - Array
(
    [code] => SCMPL0010679
    [current_stock] => 1000
    [class_code_new] => CLS001
    [class] => G
)

[2026-03-11 13:42:43] Item hierarchy - Array
(
    [display_category] => SPIRITS
    [ml_volume] => 180
)

[2026-03-11 13:42:43] Added to volume summary - Array
(
    [category] => SPIRITS
    [volume] => 180 ML
    [new_total] => 4169
)

[2026-03-11 13:42:43] Processing item - Array
(
    [code] => SCMPL0028274
    [current_stock] => 523
    [class_code_new] => CLS001
    [class] => W
)

[2026-03-11 13:42:43] Item hierarchy - Array
(
    [display_category] => SPIRITS
    [ml_volume] => 90
)

[2026-03-11 13:42:43] Added to volume summary - Array
(
    [category] => SPIRITS
    [volume] => 90 ML
    [new_total] => 3623
)

[2026-03-11 13:42:43] Processing item - Array
(
    [code] => SCMPL0028274
    [current_stock] => 46
    [class_code_new] => CLS001
    [class] => W
)

[2026-03-11 13:42:43] Item hierarchy - Array
(
    [display_category] => SPIRITS
    [ml_volume] => 90
)

[2026-03-11 13:42:43] Added to volume summary - Array
(
    [category] => SPIRITS
    [volume] => 90 ML
    [new_total] => 3669
)

[2026-03-11 13:42:43] Processing item - Array
(
    [code] => SCMPL0010087
    [current_stock] => 1200
    [class_code_new] => CLS001
    [class] => W
)

[2026-03-11 13:42:43] Item hierarchy - Array
(
    [display_category] => SPIRITS
    [ml_volume] => 180
)

[2026-03-11 13:42:43] Added to volume summary - Array
(
    [category] => SPIRITS
    [volume] => 180 ML
    [new_total] => 5369
)

[2026-03-11 13:42:43] Processing item - Array
(
    [code] => SCMPL0012499
    [current_stock] => 15
    [class_code_new] => CLS001
    [class] => W
)

[2026-03-11 13:42:43] Item hierarchy - Array
(
    [display_category] => SPIRITS
    [ml_volume] => 1000
)

[2026-03-11 13:42:43] Added to volume summary - Array
(
    [category] => SPIRITS
    [volume] => 1000 ML
    [new_total] => 15
)

[2026-03-11 13:42:43] Processing item - Array
(
    [code] => SCMPL0009936
    [current_stock] => 500
    [class_code_new] => CLS001
    [class] => K
)

[2026-03-11 13:42:43] Item hierarchy - Array
(
    [display_category] => SPIRITS
    [ml_volume] => 180
)

[2026-03-11 13:42:43] Added to volume summary - Array
(
    [category] => SPIRITS
    [volume] => 180 ML
    [new_total] => 5869
)

[2026-03-11 13:42:43] Processing item - Array
(
    [code] => SCMPL0010056
    [current_stock] => 500
    [class_code_new] => CLS001
    [class] => W
)

[2026-03-11 13:42:43] Item hierarchy - Array
(
    [display_category] => SPIRITS
    [ml_volume] => 180
)

[2026-03-11 13:42:43] Added to volume summary - Array
(
    [category] => SPIRITS
    [volume] => 180 ML
    [new_total] => 6369
)

[2026-03-11 13:42:43] Processing item - Array
(
    [code] => SCMPL0022280
    [current_stock] => 32
    [class_code_new] => CLS001
    [class] => W
)

[2026-03-11 13:42:43] Item hierarchy - Array
(
    [display_category] => SPIRITS
    [ml_volume] => 1000
)

[2026-03-11 13:42:43] Added to volume summary - Array
(
    [category] => SPIRITS
    [volume] => 1000 ML
    [new_total] => 47
)

[2026-03-11 13:42:43] Processing item - Array
(
    [code] => SCMPL0028356
    [current_stock] => 73
    [class_code_new] => CLS001
    [class] => W
)

[2026-03-11 13:42:43] Item hierarchy - Array
(
    [display_category] => SPIRITS
    [ml_volume] => 375
)

[2026-03-11 13:42:43] Added to volume summary - Array
(
    [category] => SPIRITS
    [volume] => 375 ML
    [new_total] => 103
)

[2026-03-11 13:42:43] Processing item - Array
(
    [code] => SCMPL0028356
    [current_stock] => 46
    [class_code_new] => CLS001
    [class] => W
)

[2026-03-11 13:42:43] Item hierarchy - Array
(
    [display_category] => SPIRITS
    [ml_volume] => 375
)

[2026-03-11 13:42:43] Added to volume summary - Array
(
    [category] => SPIRITS
    [volume] => 375 ML
    [new_total] => 149
)

[2026-03-11 13:42:43] Processing item - Array
(
    [code] => SCMPL0010677
    [current_stock] => 10
    [class_code_new] => CLS001
    [class] => G
)

[2026-03-11 13:42:43] Item hierarchy - Array
(
    [display_category] => SPIRITS
    [ml_volume] => 750
)

[2026-03-11 13:42:43] Added to volume summary - Array
(
    [category] => SPIRITS
    [volume] => 750 ML
    [new_total] => 40
)

[2026-03-11 13:42:43] Processing item - Array
(
    [code] => SCMPL0010234
    [current_stock] => 240
    [class_code_new] => CLS001
    [class] => R
)

[2026-03-11 13:42:43] Item hierarchy - Array
(
    [display_category] => SPIRITS
    [ml_volume] => 180
)

[2026-03-11 13:42:43] Added to volume summary - Array
(
    [category] => SPIRITS
    [volume] => 180 ML
    [new_total] => 6609
)

[2026-03-11 13:42:43] Processing item - Array
(
    [code] => SCMBR0009847
    [current_stock] => 500
    [class_code_new] => CLS007
    [class] => F
)

[2026-03-11 13:42:43] Item hierarchy - Array
(
    [display_category] => FERMENTED BEER
    [ml_volume] => 330
)

[2026-03-11 13:42:43] Added to volume summary - Array
(
    [category] => FERMENTED BEER
    [volume] => 330 ML
    [new_total] => 500
)

[2026-03-11 13:42:43] Processing item - Array
(
    [code] => SCMPL0010453
    [current_stock] => 30
    [class_code_new] => CLS001
    [class] => W
)

[2026-03-11 13:42:43] Item hierarchy - Array
(
    [display_category] => SPIRITS
    [ml_volume] => 750
)

[2026-03-11 13:42:43] Added to volume summary - Array
(
    [category] => SPIRITS
    [volume] => 750 ML
    [new_total] => 70
)

[2026-03-11 13:42:43] Processing item - Array
(
    [code] => SCMPL0010450
    [current_stock] => 200
    [class_code_new] => CLS001
    [class] => W
)

[2026-03-11 13:42:43] Item hierarchy - Array
(
    [display_category] => SPIRITS
    [ml_volume] => 90
)

[2026-03-11 13:42:43] Added to volume summary - Array
(
    [category] => SPIRITS
    [volume] => 90 ML
    [new_total] => 3869
)

[2026-03-11 13:42:43] Processing item - Array
(
    [code] => SCMPL0009894
    [current_stock] => 100
    [class_code_new] => CLS001
    [class] => W
)

[2026-03-11 13:42:43] Item hierarchy - Array
(
    [display_category] => SPIRITS
    [ml_volume] => 180
)

[2026-03-11 13:42:43] Added to volume summary - Array
(
    [category] => SPIRITS
    [volume] => 180 ML
    [new_total] => 6709
)

[2026-03-11 13:42:43] Processing item - Array
(
    [code] => SCMPL0028275
    [current_stock] => 523
    [class_code_new] => CLS001
    [class] => W
)

[2026-03-11 13:42:43] Item hierarchy - Array
(
    [display_category] => SPIRITS
    [ml_volume] => 180
)

[2026-03-11 13:42:43] Added to volume summary - Array
(
    [category] => SPIRITS
    [volume] => 180 ML
    [new_total] => 7232
)

[2026-03-11 13:42:43] Processing item - Array
(
    [code] => SCMPL0028275
    [current_stock] => 46
    [class_code_new] => CLS001
    [class] => W
)

[2026-03-11 13:42:43] Item hierarchy - Array
(
    [display_category] => SPIRITS
    [ml_volume] => 180
)

[2026-03-11 13:42:43] Added to volume summary - Array
(
    [category] => SPIRITS
    [volume] => 180 ML
    [new_total] => 7278
)

[2026-03-11 13:42:43] Processing item - Array
(
    [code] => SCMBR0021532
    [current_stock] => 312
    [class_code_new] => CLS007
    [class] => F
)

[2026-03-11 13:42:43] Item hierarchy - Array
(
    [display_category] => FERMENTED BEER
    [ml_volume] => 650
)

[2026-03-11 13:42:43] Added to volume summary - Array
(
    [category] => FERMENTED BEER
    [volume] => 650 ML
    [new_total] => 812
)

[2026-03-11 13:42:43] Processing item - Array
(
    [code] => SCMBR0021532
    [current_stock] => 24
    [class_code_new] => CLS007
    [class] => F
)

[2026-03-11 13:42:43] Item hierarchy - Array
(
    [display_category] => FERMENTED BEER
    [ml_volume] => 650
)

[2026-03-11 13:42:43] Added to volume summary - Array
(
    [category] => FERMENTED BEER
    [volume] => 650 ML
    [new_total] => 836
)

[2026-03-11 13:42:43] Processing item - Array
(
    [code] => SCMPL0009668
    [current_stock] => 66
    [class_code_new] => CLS001
    [class] => W
)

[2026-03-11 13:42:43] Item hierarchy - Array
(
    [display_category] => SPIRITS
    [ml_volume] => 180
)

[2026-03-11 13:42:43] Added to volume summary - Array
(
    [category] => SPIRITS
    [volume] => 180 ML
    [new_total] => 7344
)

[2026-03-11 13:42:43] Processing item - Array
(
    [code] => SCMPL0009668
    [current_stock] => 12
    [class_code_new] => CLS001
    [class] => W
)

[2026-03-11 13:42:43] Item hierarchy - Array
(
    [display_category] => SPIRITS
    [ml_volume] => 180
)

[2026-03-11 13:42:43] Added to volume summary - Array
(
    [category] => SPIRITS
    [volume] => 180 ML
    [new_total] => 7356
)

[2026-03-11 13:42:43] Processing item - Array
(
    [code] => SCMPL0009688
    [current_stock] => 100
    [class_code_new] => CLS001
    [class] => W
)

[2026-03-11 13:42:43] Item hierarchy - Array
(
    [display_category] => SPIRITS
    [ml_volume] => 375
)

[2026-03-11 13:42:43] Added to volume summary - Array
(
    [category] => SPIRITS
    [volume] => 375 ML
    [new_total] => 249
)

[2026-03-11 13:42:43] Processing item - Array
(
    [code] => SCMPL0022277
    [current_stock] => 500
    [class_code_new] => CLS001
    [class] => W
)

[2026-03-11 13:42:43] Item hierarchy - Array
(
    [display_category] => SPIRITS
    [ml_volume] => 180
)

[2026-03-11 13:42:43] Added to volume summary - Array
(
    [category] => SPIRITS
    [volume] => 180 ML
    [new_total] => 7856
)

[2026-03-11 13:42:43] Processing item - Array
(
    [code] => SCMPL0018737
    [current_stock] => 500
    [class_code_new] => CLS001
    [class] => W
)

[2026-03-11 13:42:43] Item hierarchy - Array
(
    [display_category] => SPIRITS
    [ml_volume] => 90
)

[2026-03-11 13:42:43] Added to volume summary - Array
(
    [category] => SPIRITS
    [volume] => 90 ML
    [new_total] => 4369
)

[2026-03-11 13:42:43] Processing item - Array
(
    [code] => SCMKS0026878
    [current_stock] => 50
    [class_code_new] => CLS001
    [class] => W
)

[2026-03-11 13:42:43] Item hierarchy - Array
(
    [display_category] => SPIRITS
    [ml_volume] => 180
)

[2026-03-11 13:42:43] Added to volume summary - Array
(
    [category] => SPIRITS
    [volume] => 180 ML
    [new_total] => 7906
)

[2026-03-11 13:42:43] Processing item - Array
(
    [code] => SCMPL0009775
    [current_stock] => 500
    [class_code_new] => CLS001
    [class] => D
)

[2026-03-11 13:42:43] Item hierarchy - Array
(
    [display_category] => SPIRITS
    [ml_volume] => 180
)

[2026-03-11 13:42:43] Added to volume summary - Array
(
    [category] => SPIRITS
    [volume] => 180 ML
    [new_total] => 8406
)

[2026-03-11 13:42:43] Processing item - Array
(
    [code] => SCMPL0010678
    [current_stock] => 1500
    [class_code_new] => CLS001
    [class] => W
)

[2026-03-11 13:42:43] Item hierarchy - Array
(
    [display_category] => SPIRITS
    [ml_volume] => 90
)

[2026-03-11 13:42:43] Added to volume summary - Array
(
    [category] => SPIRITS
    [volume] => 90 ML
    [new_total] => 5869
)

[2026-03-11 13:42:43] Processing item - Array
(
    [code] => SCMBR0018137
    [current_stock] => 300
    [class_code_new] => CLS007
    [class] => F
)

[2026-03-11 13:42:43] Item hierarchy - Array
(
    [display_category] => FERMENTED BEER
    [ml_volume] => 330
)

[2026-03-11 13:42:43] Added to volume summary - Array
(
    [category] => FERMENTED BEER
    [volume] => 330 ML
    [new_total] => 800
)

[2026-03-11 13:42:43] Processing item - Array
(
    [code] => SCMKB0031391
    [current_stock] => 500
    [class_code_new] => CLS008
    [class] => M
)

[2026-03-11 13:42:43] Item hierarchy - Array
(
    [display_category] => MILD BEER
    [ml_volume] => 330
)

[2026-03-11 13:42:43] Added to volume summary - Array
(
    [category] => MILD BEER
    [volume] => 330 ML
    [new_total] => 500
)

[2026-03-11 13:42:43] Processing item - Array
(
    [code] => SCMBR0027089
    [current_stock] => 300
    [class_code_new] => CLS008
    [class] => M
)

[2026-03-11 13:42:43] Item hierarchy - Array
(
    [display_category] => MILD BEER
    [ml_volume] => 650
)

[2026-03-11 13:42:43] Added to volume summary - Array
(
    [category] => MILD BEER
    [volume] => 650 ML
    [new_total] => 300
)

[2026-03-11 13:42:43] Processing item - Array
(
    [code] => SCMBR0018132
    [current_stock] => 121
    [class_code_new] => CLS008
    [class] => M
)

[2026-03-11 13:42:43] Item hierarchy - Array
(
    [display_category] => MILD BEER
    [ml_volume] => 650
)

[2026-03-11 13:42:43] Added to volume summary - Array
(
    [category] => MILD BEER
    [volume] => 650 ML
    [new_total] => 421
)

[2026-03-11 13:42:43] Processing item - Array
(
    [code] => SCMBR0018158
    [current_stock] => 500
    [class_code_new] => CLS007
    [class] => F
)

[2026-03-11 13:42:43] Item hierarchy - Array
(
    [display_category] => FERMENTED BEER
    [ml_volume] => 330
)

[2026-03-11 13:42:43] Added to volume summary - Array
(
    [category] => FERMENTED BEER
    [volume] => 330 ML
    [new_total] => 1300
)

[2026-03-11 13:42:43] Processing item - Array
(
    [code] => SCMBR0023258
    [current_stock] => 500
    [class_code_new] => CLS007
    [class] => F
)

[2026-03-11 13:42:43] Item hierarchy - Array
(
    [display_category] => FERMENTED BEER
    [ml_volume] => 650
)

[2026-03-11 13:42:43] Added to volume summary - Array
(
    [category] => FERMENTED BEER
    [volume] => 650 ML
    [new_total] => 1336
)

[2026-03-11 13:42:43] Processing item - Array
(
    [code] => SCMPL0018648
    [current_stock] => 200
    [class_code_new] => CLS001
    [class] => K
)

[2026-03-11 13:42:43] Item hierarchy - Array
(
    [display_category] => SPIRITS
    [ml_volume] => 180
)

[2026-03-11 13:42:43] Added to volume summary - Array
(
    [category] => SPIRITS
    [volume] => 180 ML
    [new_total] => 8606
)

[2026-03-11 13:42:43] Processing item - Array
(
    [code] => SCMPL0033624
    [current_stock] => 500
    [class_code_new] => CLS001
    [class] => K
)

[2026-03-11 13:42:43] Item hierarchy - Array
(
    [display_category] => SPIRITS
    [ml_volume] => 90
)

[2026-03-11 13:42:43] Added to volume summary - Array
(
    [category] => SPIRITS
    [volume] => 90 ML
    [new_total] => 6369
)

[2026-03-11 13:42:43] Processing item - Array
(
    [code] => SCMPL0011438
    [current_stock] => 96
    [class_code_new] => CLS001
    [class] => K
)

[2026-03-11 13:42:43] Item hierarchy - Array
(
    [display_category] => SPIRITS
    [ml_volume] => 180
)

[2026-03-11 13:42:43] Added to volume summary - Array
(
    [category] => SPIRITS
    [volume] => 180 ML
    [new_total] => 8702
)

[2026-03-11 13:42:43] Processing item - Array
(
    [code] => SCMPL0011418
    [current_stock] => 240
    [class_code_new] => CLS001
    [class] => K
)

[2026-03-11 13:42:43] Item hierarchy - Array
(
    [display_category] => SPIRITS
    [ml_volume] => 180
)

[2026-03-11 13:42:43] Added to volume summary - Array
(
    [category] => SPIRITS
    [volume] => 180 ML
    [new_total] => 8942
)

[2026-03-11 13:42:43] Processing item - Array
(
    [code] => SCMBR0018635
    [current_stock] => 200
    [class_code_new] => CLS007
    [class] => F
)

[2026-03-11 13:42:43] Item hierarchy - Array
(
    [display_category] => FERMENTED BEER
    [ml_volume] => 650
)

[2026-03-11 13:42:43] Added to volume summary - Array
(
    [category] => FERMENTED BEER
    [volume] => 650 ML
    [new_total] => 1536
)

[2026-03-11 13:42:43] Processing item - Array
(
    [code] => SCMBR0029429
    [current_stock] => 500
    [class_code_new] => CLS007
    [class] => F
)

[2026-03-11 13:42:43] Item hierarchy - Array
(
    [display_category] => FERMENTED BEER
    [ml_volume] => 330
)

[2026-03-11 13:42:43] Added to volume summary - Array
(
    [category] => FERMENTED BEER
    [volume] => 330 ML
    [new_total] => 1800
)

[2026-03-11 13:42:43] Processing item - Array
(
    [code] => SCMBR0029431
    [current_stock] => 130
    [class_code_new] => CLS007
    [class] => F
)

[2026-03-11 13:42:43] Item hierarchy - Array
(
    [display_category] => FERMENTED BEER
    [ml_volume] => 650
)

[2026-03-11 13:42:43] Added to volume summary - Array
(
    [category] => FERMENTED BEER
    [volume] => 650 ML
    [new_total] => 1666
)

[2026-03-11 13:42:43] Processing item - Array
(
    [code] => SCMPL0010541
    [current_stock] => 400
    [class_code_new] => CLS001
    [class] => D
)

[2026-03-11 13:42:43] Item hierarchy - Array
(
    [display_category] => SPIRITS
    [ml_volume] => 180
)

[2026-03-11 13:42:43] Added to volume summary - Array
(
    [category] => SPIRITS
    [volume] => 180 ML
    [new_total] => 9342
)

[2026-03-11 13:42:43] Processing item - Array
(
    [code] => SCMPL0040482
    [current_stock] => 300
    [class_code_new] => CLS001
    [class] => W
)

[2026-03-11 13:42:43] Item hierarchy - Array
(
    [display_category] => SPIRITS
    [ml_volume] => 90
)

[2026-03-11 13:42:43] Added to volume summary - Array
(
    [category] => SPIRITS
    [volume] => 90 ML
    [new_total] => 6669
)

[2026-03-11 13:42:43] Processing item - Array
(
    [code] => SCMPL0009899
    [current_stock] => 500
    [class_code_new] => CLS001
    [class] => R
)

[2026-03-11 13:42:43] Item hierarchy - Array
(
    [display_category] => SPIRITS
    [ml_volume] => 90
)

[2026-03-11 13:42:43] Added to volume summary - Array
(
    [category] => SPIRITS
    [volume] => 90 ML
    [new_total] => 7169
)

[2026-03-11 13:42:43] Processing item - Array
(
    [code] => SCMPL0009902
    [current_stock] => 10
    [class_code_new] => CLS001
    [class] => R
)

[2026-03-11 13:42:43] Item hierarchy - Array
(
    [display_category] => SPIRITS
    [ml_volume] => 750
)

[2026-03-11 13:42:43] Added to volume summary - Array
(
    [category] => SPIRITS
    [volume] => 750 ML
    [new_total] => 80
)

[2026-03-11 13:42:43] Processing item - Array
(
    [code] => SCMPL0009903
    [current_stock] => 20
    [class_code_new] => CLS001
    [class] => R
)

[2026-03-11 13:42:43] Item hierarchy - Array
(
    [display_category] => SPIRITS
    [ml_volume] => 1000
)

[2026-03-11 13:42:43] Added to volume summary - Array
(
    [category] => SPIRITS
    [volume] => 1000 ML
    [new_total] => 67
)

[2026-03-11 13:42:43] Processing item - Array
(
    [code] => SCMPL0011581
    [current_stock] => 15
    [class_code_new] => CLS001
    [class] => W
)

[2026-03-11 13:42:43] Item hierarchy - Array
(
    [display_category] => SPIRITS
    [ml_volume] => 1000
)

[2026-03-11 13:42:43] Added to volume summary - Array
(
    [category] => SPIRITS
    [volume] => 1000 ML
    [new_total] => 82
)

[2026-03-11 13:42:43] Processing item - Array
(
    [code] => SCMPL0035367
    [current_stock] => 500
    [class_code_new] => CLS001
    [class] => K
)

[2026-03-11 13:42:43] Item hierarchy - Array
(
    [display_category] => SPIRITS
    [ml_volume] => 90
)

[2026-03-11 13:42:43] Added to volume summary - Array
(
    [category] => SPIRITS
    [volume] => 90 ML
    [new_total] => 7669
)

[2026-03-11 13:42:43] Processing item - Array
(
    [code] => SCMPL0036711
    [current_stock] => 500
    [class_code_new] => CLS001
    [class] => W
)

[2026-03-11 13:42:43] Item hierarchy - Array
(
    [display_category] => SPIRITS
    [ml_volume] => 90
)

[2026-03-11 13:42:43] Added to volume summary - Array
(
    [category] => SPIRITS
    [volume] => 90 ML
    [new_total] => 8169
)

[2026-03-11 13:42:43] Processing item - Array
(
    [code] => SCMPL0010702
    [current_stock] => 100
    [class_code_new] => CLS001
    [class] => W
)

[2026-03-11 13:42:43] Item hierarchy - Array
(
    [display_category] => SPIRITS
    [ml_volume] => 180
)

[2026-03-11 13:42:43] Added to volume summary - Array
(
    [category] => SPIRITS
    [volume] => 180 ML
    [new_total] => 9442
)

[2026-03-11 13:42:43] Processing item - Array
(
    [code] => SCMPL0029933
    [current_stock] => 6
    [class_code_new] => CLS001
    [class] => W
)

[2026-03-11 13:42:43] Item hierarchy - Array
(
    [display_category] => SPIRITS
    [ml_volume] => 180
)

[2026-03-11 13:42:43] Added to volume summary - Array
(
    [category] => SPIRITS
    [volume] => 180 ML
    [new_total] => 9448
)

[2026-03-11 13:42:43] Processing item - Array
(
    [code] => SCMPL0029928
    [current_stock] => 12
    [class_code_new] => CLS001
    [class] => W
)

[2026-03-11 13:42:43] Item hierarchy - Array
(
    [display_category] => SPIRITS
    [ml_volume] => 180
)

[2026-03-11 13:42:43] Added to volume summary - Array
(
    [category] => SPIRITS
    [volume] => 180 ML
    [new_total] => 9460
)

[2026-03-11 13:42:43] Processing item - Array
(
    [code] => SCMPL0010360
    [current_stock] => 24
    [class_code_new] => CLS001
    [class] => K
)

[2026-03-11 13:42:43] Item hierarchy - Array
(
    [display_category] => SPIRITS
    [ml_volume] => 180
)

[2026-03-11 13:42:43] Added to volume summary - Array
(
    [category] => SPIRITS
    [volume] => 180 ML
    [new_total] => 9484
)

[2026-03-11 13:42:43] Processing item - Array
(
    [code] => SCMPL0009968
    [current_stock] => 530
    [class_code_new] => CLS001
    [class] => K
)

[2026-03-11 13:42:43] Item hierarchy - Array
(
    [display_category] => SPIRITS
    [ml_volume] => 180
)

[2026-03-11 13:42:43] Added to volume summary - Array
(
    [category] => SPIRITS
    [volume] => 180 ML
    [new_total] => 10014
)

[2026-03-11 13:42:43] Processing item - Array
(
    [code] => SCMPL0009977
    [current_stock] => 542
    [class_code_new] => CLS001
    [class] => K
)

[2026-03-11 13:42:43] Item hierarchy - Array
(
    [display_category] => SPIRITS
    [ml_volume] => 180
)

[2026-03-11 13:42:43] Added to volume summary - Array
(
    [category] => SPIRITS
    [volume] => 180 ML
    [new_total] => 10556
)

[2026-03-11 13:42:43] Processing item - Array
(
    [code] => SCMKS0018253
    [current_stock] => 6
    [class_code_new] => CLS001
    [class] => W
)

[2026-03-11 13:42:43] Item hierarchy - Array
(
    [display_category] => SPIRITS
    [ml_volume] => 180
)

[2026-03-11 13:42:43] Added to volume summary - Array
(
    [category] => SPIRITS
    [volume] => 180 ML
    [new_total] => 10562
)

[2026-03-11 13:42:43] Processing item - Array
(
    [code] => SCMBR0037366
    [current_stock] => 48
    [class_code_new] => CLS008
    [class] => M
)

[2026-03-11 13:42:43] Item hierarchy - Array
(
    [display_category] => MILD BEER
    [ml_volume] => 330
)

[2026-03-11 13:42:43] Added to volume summary - Array
(
    [category] => MILD BEER
    [volume] => 330 ML
    [new_total] => 548
)

[2026-03-11 13:42:43] Processing item - Array
(
    [code] => SCMBR0018161
    [current_stock] => 130
    [class_code_new] => CLS007
    [class] => F
)

[2026-03-11 13:42:43] Item hierarchy - Array
(
    [display_category] => FERMENTED BEER
    [ml_volume] => 330
)

[2026-03-11 13:42:43] Added to volume summary - Array
(
    [category] => FERMENTED BEER
    [volume] => 330 ML
    [new_total] => 1930
)

[2026-03-11 13:42:43] Processing item - Array
(
    [code] => SCMPL0010020
    [current_stock] => 1225
    [class_code_new] => CLS001
    [class] => K
)

[2026-03-11 13:42:43] Item hierarchy - Array
(
    [display_category] => SPIRITS
    [ml_volume] => 180
)

[2026-03-11 13:42:43] Added to volume summary - Array
(
    [category] => SPIRITS
    [volume] => 180 ML
    [new_total] => 11787
)

[2026-03-11 13:42:43] Final volume summary - Array
(
    [SPIRITS] => Array
        (
            [50 ML] => 0
            [60 ML] => 0
            [90 ML] => 8169
            [170 ML] => 0
            [180 ML] => 11787
            [200 ML] => 0
            [250 ML] => 0
            [275 ML] => 0
            [330 ML] => 0
            [355 ML] => 0
            [375 ML] => 249
            [500 ML] => 0
            [650 ML] => 0
            [700 ML] => 0
            [750 ML] => 80
            [1000 ML] => 82
            [1.5L] => 0
            [1.75L] => 0
            [2L] => 0
            [3L] => 0
            [4.5L] => 0
            [15L] => 0
            [20L] => 0
            [30L] => 0
            [50L] => 0
        )

    [WINE] => Array
        (
            [50 ML] => 0
            [60 ML] => 0
            [90 ML] => 0
            [170 ML] => 0
            [180 ML] => 0
            [200 ML] => 0
            [250 ML] => 0
            [275 ML] => 0
            [330 ML] => 0
            [355 ML] => 0
            [375 ML] => 130
            [500 ML] => 0
            [650 ML] => 0
            [700 ML] => 0
            [750 ML] => 0
            [1000 ML] => 0
            [1.5L] => 0
            [1.75L] => 0
            [2L] => 0
            [3L] => 0
            [4.5L] => 0
            [15L] => 0
            [20L] => 0
            [30L] => 0
            [50L] => 0
        )

    [FERMENTED BEER] => Array
        (
            [50 ML] => 0
            [60 ML] => 0
            [90 ML] => 0
            [170 ML] => 0
            [180 ML] => 0
            [200 ML] => 0
            [250 ML] => 0
            [275 ML] => 0
            [330 ML] => 1930
            [355 ML] => 0
            [375 ML] => 0
            [500 ML] => 0
            [650 ML] => 1666
            [700 ML] => 0
            [750 ML] => 0
            [1000 ML] => 0
            [1.5L] => 0
            [1.75L] => 0
            [2L] => 0
            [3L] => 0
            [4.5L] => 0
            [15L] => 0
            [20L] => 0
            [30L] => 0
            [50L] => 0
        )

    [MILD BEER] => Array
        (
            [50 ML] => 0
            [60 ML] => 0
            [90 ML] => 0
            [170 ML] => 0
            [180 ML] => 0
            [200 ML] => 0
            [250 ML] => 0
            [275 ML] => 0
            [330 ML] => 548
            [355 ML] => 0
            [375 ML] => 0
            [500 ML] => 0
            [650 ML] => 421
            [700 ML] => 0
            [750 ML] => 0
            [1000 ML] => 0
            [1.5L] => 0
            [1.75L] => 0
            [2L] => 0
            [3L] => 0
            [4.5L] => 0
            [15L] => 0
            [20L] => 0
            [30L] => 0
            [50L] => 0
        )

    [COUNTRY LIQUOR] => Array
        (
            [50 ML] => 0
            [60 ML] => 0
            [90 ML] => 0
            [170 ML] => 0
            [180 ML] => 0
            [200 ML] => 0
            [250 ML] => 0
            [275 ML] => 0
            [330 ML] => 0
            [355 ML] => 0
            [375 ML] => 0
            [500 ML] => 0
            [650 ML] => 0
            [700 ML] => 0
            [750 ML] => 0
            [1000 ML] => 0
            [1.5L] => 0
            [1.75L] => 0
            [2L] => 0
            [3L] => 0
            [4.5L] => 0
            [15L] => 0
            [20L] => 0
            [30L] => 0
            [50L] => 0
        )

    [OTHER] => Array
        (
            [50 ML] => 0
            [60 ML] => 0
            [90 ML] => 0
            [170 ML] => 0
            [180 ML] => 0
            [200 ML] => 0
            [250 ML] => 0
            [275 ML] => 0
            [330 ML] => 0
            [355 ML] => 0
            [375 ML] => 0
            [500 ML] => 0
            [650 ML] => 0
            [700 ML] => 0
            [750 ML] => 0
            [1000 ML] => 0
            [1.5L] => 0
            [1.75L] => 0
            [2L] => 0
            [3L] => 0
            [4.5L] => 0
            [15L] => 0
            [20L] => 0
            [30L] => 0
            [50L] => 0
        )

)

[2026-03-11 13:42:43] AJAX volume_summary returning with categories count: 6
[2026-03-11 13:47:01] Script started
[2026-03-11 13:47:01] Financial Year - Array
(
    [start] => 2021-04-01
    [end] => 2022-03-31
    [fin_year_id] => 3
)

[2026-03-11 13:47:01] Allowed classes - Array
(
    [0] => W
    [1] => V
    [2] => M
    [3] => F
    [4] => D
    [5] => K
    [6] => G
    [7] => R
)

[2026-03-11 13:47:01] Calling findFirstOpeningBatchDate with - Array
(
    [comp_id] => 5
    [mode] => F
    [fy_start] => 2021-04-01
    [fy_end] => 2022-03-31
    [allowed_classes] => Array
        (
            [0] => W
            [1] => V
            [2] => M
            [3] => F
            [4] => D
            [5] => K
            [6] => G
            [7] => R
        )

)

[2026-03-11 13:47:01] findFirstOpeningBatchDate called - Array
(
    [comp_id] => 5
    [mode] => F
    [fy_start] => 2021-04-01
    [fy_end] => 2022-03-31
    [allowed_classes] => Array
        (
            [0] => W
            [1] => V
            [2] => M
            [3] => F
            [4] => D
            [5] => K
            [6] => G
            [7] => R
        )

)

[2026-03-11 13:47:01] generateMonthsInRange: Date range - Array
(
    [start] => 2021-04-01
    [end] => 2022-03-01
)

[2026-03-11 13:47:01] generateMonthsInRange: Generated months - Array
(
    [count] => 12
    [months] => Array
        (
            [0] => 2021-04
            [1] => 2021-05
            [2] => 2021-06
            [3] => 2021-07
            [4] => 2021-08
            [5] => 2021-09
            [6] => 2021-10
            [7] => 2021-11
            [8] => 2021-12
            [9] => 2022-01
            [10] => 2022-02
            [11] => 2022-03
        )

)

[2026-03-11 13:47:01] Generated months - Array
(
    [months] => Array
        (
            [0] => 2021-04
            [1] => 2021-05
            [2] => 2021-06
            [3] => 2021-07
            [4] => 2021-08
            [5] => 2021-09
            [6] => 2021-10
            [7] => 2021-11
            [8] => 2021-12
            [9] => 2022-01
            [10] => 2022-02
            [11] => 2022-03
        )

)

[2026-03-11 13:47:01] Found opening balance in month - Array
(
    [month] => 2021-04
    [item_code] => SCMPL0009770
)

[2026-03-11 13:47:01] Found first batch date - Array
(
    [date] => 2021-04-01
    [month] => 2021-04
    [day] => 01
)

[2026-03-11 13:47:01] First batch data result - Array
(
    [date] => 2021-04-01
    [month] => 2021-04
    [day] => 01
    [day_num] => 1
)

[2026-03-11 13:47:01] First batch data - Array
(
    [date] => 2021-04-01
    [month] => 2021-04
    [day] => 01
    [day_num] => 1
)

[2026-03-11 13:47:01] generateMonthsInRange: Date range - Array
(
    [start] => 2021-04-01
    [end] => 2021-04-01
)

[2026-03-11 13:47:01] generateMonthsInRange: Generated months - Array
(
    [count] => 1
    [months] => Array
        (
            [0] => 2021-04
        )

)

[2026-03-11 13:47:01] Initial counts (first batch) - Array
(
    [total] => 88
    [with_stock] => 88
)

[2026-03-11 13:47:01] Script completed, rendering page
[2026-03-11 13:47:01] Script started
[2026-03-11 13:47:01] Financial Year - Array
(
    [start] => 2021-04-01
    [end] => 2022-03-31
    [fin_year_id] => 3
)

[2026-03-11 13:47:01] Allowed classes - Array
(
    [0] => W
    [1] => V
    [2] => M
    [3] => F
    [4] => D
    [5] => K
    [6] => G
    [7] => R
)

[2026-03-11 13:47:01] Calling findFirstOpeningBatchDate with - Array
(
    [comp_id] => 5
    [mode] => F
    [fy_start] => 2021-04-01
    [fy_end] => 2022-03-31
    [allowed_classes] => Array
        (
            [0] => W
            [1] => V
            [2] => M
            [3] => F
            [4] => D
            [5] => K
            [6] => G
            [7] => R
        )

)

[2026-03-11 13:47:01] findFirstOpeningBatchDate called - Array
(
    [comp_id] => 5
    [mode] => F
    [fy_start] => 2021-04-01
    [fy_end] => 2022-03-31
    [allowed_classes] => Array
        (
            [0] => W
            [1] => V
            [2] => M
            [3] => F
            [4] => D
            [5] => K
            [6] => G
            [7] => R
        )

)

[2026-03-11 13:47:01] generateMonthsInRange: Date range - Array
(
    [start] => 2021-04-01
    [end] => 2022-03-01
)

[2026-03-11 13:47:01] generateMonthsInRange: Generated months - Array
(
    [count] => 12
    [months] => Array
        (
            [0] => 2021-04
            [1] => 2021-05
            [2] => 2021-06
            [3] => 2021-07
            [4] => 2021-08
            [5] => 2021-09
            [6] => 2021-10
            [7] => 2021-11
            [8] => 2021-12
            [9] => 2022-01
            [10] => 2022-02
            [11] => 2022-03
        )

)

[2026-03-11 13:47:01] Generated months - Array
(
    [months] => Array
        (
            [0] => 2021-04
            [1] => 2021-05
            [2] => 2021-06
            [3] => 2021-07
            [4] => 2021-08
            [5] => 2021-09
            [6] => 2021-10
            [7] => 2021-11
            [8] => 2021-12
            [9] => 2022-01
            [10] => 2022-02
            [11] => 2022-03
        )

)

[2026-03-11 13:47:01] Found opening balance in month - Array
(
    [month] => 2021-04
    [item_code] => SCMPL0009770
)

[2026-03-11 13:47:01] Found first batch date - Array
(
    [date] => 2021-04-01
    [month] => 2021-04
    [day] => 01
)

[2026-03-11 13:47:01] First batch data result - Array
(
    [date] => 2021-04-01
    [month] => 2021-04
    [day] => 01
    [day_num] => 1
)

[2026-03-11 13:47:01] First batch data - Array
(
    [date] => 2021-04-01
    [month] => 2021-04
    [day] => 01
    [day_num] => 1
)

[2026-03-11 13:47:01] AJAX get_items called - Array
(
    [page] => 1
    [view] => with_stock
    [mode] => F
    [search] => 
    [first_batch_data] => Array
        (
            [date] => 2021-04-01
            [month] => 2021-04
            [day] => 01
            [day_num] => 1
        )

)

[2026-03-11 13:47:01] generateMonthsInRange: Date range - Array
(
    [start] => 2021-04-01
    [end] => 2021-04-01
)

[2026-03-11 13:47:01] generateMonthsInRange: Generated months - Array
(
    [count] => 1
    [months] => Array
        (
            [0] => 2021-04
        )

)

[2026-03-11 13:47:01] AJAX get_items count query result - Array
(
    [total] => 72
    [batch_month] => 2021-04
    [batch_day] => 01
)

[2026-03-11 13:47:01] AJAX get_items returning - Array
(
    [items_count] => 77
    [total] => 72
    [has_more] => 
)

[2026-03-11 13:47:03] Script started
[2026-03-11 13:47:03] Financial Year - Array
(
    [start] => 2021-04-01
    [end] => 2022-03-31
    [fin_year_id] => 3
)

[2026-03-11 13:47:03] Allowed classes - Array
(
    [0] => W
    [1] => V
    [2] => M
    [3] => F
    [4] => D
    [5] => K
    [6] => G
    [7] => R
)

[2026-03-11 13:47:03] Calling findFirstOpeningBatchDate with - Array
(
    [comp_id] => 5
    [mode] => F
    [fy_start] => 2021-04-01
    [fy_end] => 2022-03-31
    [allowed_classes] => Array
        (
            [0] => W
            [1] => V
            [2] => M
            [3] => F
            [4] => D
            [5] => K
            [6] => G
            [7] => R
        )

)

[2026-03-11 13:47:03] findFirstOpeningBatchDate called - Array
(
    [comp_id] => 5
    [mode] => F
    [fy_start] => 2021-04-01
    [fy_end] => 2022-03-31
    [allowed_classes] => Array
        (
            [0] => W
            [1] => V
            [2] => M
            [3] => F
            [4] => D
            [5] => K
            [6] => G
            [7] => R
        )

)

[2026-03-11 13:47:03] generateMonthsInRange: Date range - Array
(
    [start] => 2021-04-01
    [end] => 2022-03-01
)

[2026-03-11 13:47:03] generateMonthsInRange: Generated months - Array
(
    [count] => 12
    [months] => Array
        (
            [0] => 2021-04
            [1] => 2021-05
            [2] => 2021-06
            [3] => 2021-07
            [4] => 2021-08
            [5] => 2021-09
            [6] => 2021-10
            [7] => 2021-11
            [8] => 2021-12
            [9] => 2022-01
            [10] => 2022-02
            [11] => 2022-03
        )

)

[2026-03-11 13:47:03] Generated months - Array
(
    [months] => Array
        (
            [0] => 2021-04
            [1] => 2021-05
            [2] => 2021-06
            [3] => 2021-07
            [4] => 2021-08
            [5] => 2021-09
            [6] => 2021-10
            [7] => 2021-11
            [8] => 2021-12
            [9] => 2022-01
            [10] => 2022-02
            [11] => 2022-03
        )

)

[2026-03-11 13:47:03] Found opening balance in month - Array
(
    [month] => 2021-04
    [item_code] => SCMPL0009770
)

[2026-03-11 13:47:03] Found first batch date - Array
(
    [date] => 2021-04-01
    [month] => 2021-04
    [day] => 01
)

[2026-03-11 13:47:03] First batch data result - Array
(
    [date] => 2021-04-01
    [month] => 2021-04
    [day] => 01
    [day_num] => 1
)

[2026-03-11 13:47:03] First batch data - Array
(
    [date] => 2021-04-01
    [month] => 2021-04
    [day] => 01
    [day_num] => 1
)

[2026-03-11 13:47:03] AJAX volume_summary called - Array
(
    [ajax] => volume_summary
    [mode] => F
    [t] => 1773233223247
)

[2026-03-11 13:47:03] Volume summary - checking table - Array
(
    [batch_table] => tbldailystock_5_04_21
    [batch_month] => 2021-04
)

[2026-03-11 13:47:03] getOpeningBalanceVolumeSummary called - Array
(
    [mode] => F
    [comp_id] => 5
    [allowed_classes] => Array
        (
            [0] => W
            [1] => V
            [2] => M
            [3] => F
            [4] => D
            [5] => K
            [6] => G
            [7] => R
        )

    [first_batch_data] => Array
        (
            [date] => 2021-04-01
            [month] => 2021-04
            [day] => 01
            [day_num] => 1
        )

)

[2026-03-11 13:47:03] Processing volume summary - Array
(
    [batch_month] => 2021-04
    [batch_day] => 01
    [batch_date] => 2021-04-01
    [batch_table] => tbldailystock_5_04_21
)

[2026-03-11 13:47:03] generateMonthsInRange: Date range - Array
(
    [start] => 2021-04-01
    [end] => 2021-04-01
)

[2026-03-11 13:47:03] generateMonthsInRange: Generated months - Array
(
    [count] => 1
    [months] => Array
        (
            [0] => 2021-04
        )

)

[2026-03-11 13:47:03] Volume summary query returned rows - Array
(
    [count] => 77
)

[2026-03-11 13:47:03] Processing item - Array
(
    [code] => SCMPL0009770
    [current_stock] => 500
    [class_code_new] => CLS001
    [class] => W
)

[2026-03-11 13:47:03] Item hierarchy - Array
(
    [display_category] => SPIRITS
    [ml_volume] => 180
)

[2026-03-11 13:47:03] Added to volume summary - Array
(
    [category] => SPIRITS
    [volume] => 180 ML
    [new_total] => 500
)

[2026-03-11 13:47:03] Processing item - Array
(
    [code] => SCMPL0010434
    [current_stock] => 500
    [class_code_new] => CLS001
    [class] => K
)

[2026-03-11 13:47:03] Item hierarchy - Array
(
    [display_category] => SPIRITS
    [ml_volume] => 180
)

[2026-03-11 13:47:03] Added to volume summary - Array
(
    [category] => SPIRITS
    [volume] => 180 ML
    [new_total] => 1000
)

[2026-03-11 13:47:03] Processing item - Array
(
    [code] => SCMPL0010447
    [current_stock] => 20
    [class_code_new] => CLS001
    [class] => W
)

[2026-03-11 13:47:03] Item hierarchy - Array
(
    [display_category] => SPIRITS
    [ml_volume] => 750
)

[2026-03-11 13:47:03] Added to volume summary - Array
(
    [category] => SPIRITS
    [volume] => 750 ML
    [new_total] => 20
)

[2026-03-11 13:47:03] Processing item - Array
(
    [code] => SCMPL0010612
    [current_stock] => 1000
    [class_code_new] => CLS001
    [class] => W
)

[2026-03-11 13:47:03] Item hierarchy - Array
(
    [display_category] => SPIRITS
    [ml_volume] => 90
)

[2026-03-11 13:47:03] Added to volume summary - Array
(
    [category] => SPIRITS
    [volume] => 90 ML
    [new_total] => 1000
)

[2026-03-11 13:47:03] Processing item - Array
(
    [code] => SCMPL0009942
    [current_stock] => 500
    [class_code_new] => CLS001
    [class] => W
)

[2026-03-11 13:47:03] Item hierarchy - Array
(
    [display_category] => SPIRITS
    [ml_volume] => 180
)

[2026-03-11 13:47:03] Added to volume summary - Array
(
    [category] => SPIRITS
    [volume] => 180 ML
    [new_total] => 1500
)

[2026-03-11 13:47:03] Processing item - Array
(
    [code] => SCMPL0010451
    [current_stock] => 500
    [class_code_new] => CLS001
    [class] => W
)

[2026-03-11 13:47:03] Item hierarchy - Array
(
    [display_category] => SPIRITS
    [ml_volume] => 180
)

[2026-03-11 13:47:03] Added to volume summary - Array
(
    [category] => SPIRITS
    [volume] => 180 ML
    [new_total] => 2000
)

[2026-03-11 13:47:03] Processing item - Array
(
    [code] => SCMBR0023264
    [current_stock] => 200
    [class_code_new] => CLS007
    [class] => F
)

[2026-03-11 13:47:03] Item hierarchy - Array
(
    [display_category] => FERMENTED BEER
    [ml_volume] => 650
)

[2026-03-11 13:47:03] Added to volume summary - Array
(
    [category] => FERMENTED BEER
    [volume] => 650 ML
    [new_total] => 200
)

[2026-03-11 13:47:03] Processing item - Array
(
    [code] => SCMKS0026879
    [current_stock] => 21
    [class_code_new] => CLS001
    [class] => W
)

[2026-03-11 13:47:03] Item hierarchy - Array
(
    [display_category] => SPIRITS
    [ml_volume] => 180
)

[2026-03-11 13:47:03] Added to volume summary - Array
(
    [category] => SPIRITS
    [volume] => 180 ML
    [new_total] => 2021
)

[2026-03-11 13:47:03] Processing item - Array
(
    [code] => SCMPL0010108
    [current_stock] => 10
    [class_code_new] => CLS001
    [class] => W
)

[2026-03-11 13:47:03] Item hierarchy - Array
(
    [display_category] => SPIRITS
    [ml_volume] => 750
)

[2026-03-11 13:47:03] Added to volume summary - Array
(
    [category] => SPIRITS
    [volume] => 750 ML
    [new_total] => 30
)

[2026-03-11 13:47:03] Processing item - Array
(
    [code] => SCMPL0010075
    [current_stock] => 700
    [class_code_new] => CLS001
    [class] => W
)

[2026-03-11 13:47:03] Item hierarchy - Array
(
    [display_category] => SPIRITS
    [ml_volume] => 90
)

[2026-03-11 13:47:03] Added to volume summary - Array
(
    [category] => SPIRITS
    [volume] => 90 ML
    [new_total] => 1700
)

[2026-03-11 13:47:03] Processing item - Array
(
    [code] => SCMPL0010076
    [current_stock] => 700
    [class_code_new] => CLS001
    [class] => W
)

[2026-03-11 13:47:03] Item hierarchy - Array
(
    [display_category] => SPIRITS
    [ml_volume] => 90
)

[2026-03-11 13:47:03] Added to volume summary - Array
(
    [category] => SPIRITS
    [volume] => 90 ML
    [new_total] => 2400
)

[2026-03-11 13:47:03] Processing item - Array
(
    [code] => SCMPL0010088
    [current_stock] => 264
    [class_code_new] => CLS001
    [class] => W
)

[2026-03-11 13:47:03] Item hierarchy - Array
(
    [display_category] => SPIRITS
    [ml_volume] => 180
)

[2026-03-11 13:47:03] Added to volume summary - Array
(
    [category] => SPIRITS
    [volume] => 180 ML
    [new_total] => 2285
)

[2026-03-11 13:47:03] Processing item - Array
(
    [code] => SCMPL0010701
    [current_stock] => 700
    [class_code_new] => CLS001
    [class] => W
)

[2026-03-11 13:47:03] Item hierarchy - Array
(
    [display_category] => SPIRITS
    [ml_volume] => 90
)

[2026-03-11 13:47:03] Added to volume summary - Array
(
    [category] => SPIRITS
    [volume] => 90 ML
    [new_total] => 3100
)

[2026-03-11 13:47:03] Processing item - Array
(
    [code] => SCMBR0018142
    [current_stock] => 300
    [class_code_new] => CLS007
    [class] => F
)

[2026-03-11 13:47:03] Item hierarchy - Array
(
    [display_category] => FERMENTED BEER
    [ml_volume] => 650
)

[2026-03-11 13:47:03] Added to volume summary - Array
(
    [category] => FERMENTED BEER
    [volume] => 650 ML
    [new_total] => 500
)

[2026-03-11 13:47:03] Processing item - Array
(
    [code] => SCMWN0019724
    [current_stock] => 130
    [class_code_new] => CLS004
    [class] => V
)

[2026-03-11 13:47:03] Item hierarchy - Array
(
    [display_category] => WINE
    [ml_volume] => 375
)

[2026-03-11 13:47:03] Added to volume summary - Array
(
    [category] => WINE
    [volume] => 375 ML
    [new_total] => 130
)

[2026-03-11 13:47:03] Processing item - Array
(
    [code] => SCMPL0010198
    [current_stock] => 384
    [class_code_new] => CLS001
    [class] => D
)

[2026-03-11 13:47:03] Item hierarchy - Array
(
    [display_category] => SPIRITS
    [ml_volume] => 180
)

[2026-03-11 13:47:03] Added to volume summary - Array
(
    [category] => SPIRITS
    [volume] => 180 ML
    [new_total] => 2669
)

[2026-03-11 13:47:03] Processing item - Array
(
    [code] => SCMPL0010445
    [current_stock] => 500
    [class_code_new] => CLS001
    [class] => W
)

[2026-03-11 13:47:03] Item hierarchy - Array
(
    [display_category] => SPIRITS
    [ml_volume] => 180
)

[2026-03-11 13:47:03] Added to volume summary - Array
(
    [category] => SPIRITS
    [volume] => 180 ML
    [new_total] => 3169
)

[2026-03-11 13:47:03] Processing item - Array
(
    [code] => SCMPL0010676
    [current_stock] => 30
    [class_code_new] => CLS001
    [class] => G
)

[2026-03-11 13:47:03] Item hierarchy - Array
(
    [display_category] => SPIRITS
    [ml_volume] => 375
)

[2026-03-11 13:47:03] Added to volume summary - Array
(
    [category] => SPIRITS
    [volume] => 375 ML
    [new_total] => 30
)

[2026-03-11 13:47:03] Processing item - Array
(
    [code] => SCMPL0010679
    [current_stock] => 1000
    [class_code_new] => CLS001
    [class] => G
)

[2026-03-11 13:47:03] Item hierarchy - Array
(
    [display_category] => SPIRITS
    [ml_volume] => 180
)

[2026-03-11 13:47:03] Added to volume summary - Array
(
    [category] => SPIRITS
    [volume] => 180 ML
    [new_total] => 4169
)

[2026-03-11 13:47:03] Processing item - Array
(
    [code] => SCMPL0028274
    [current_stock] => 523
    [class_code_new] => CLS001
    [class] => W
)

[2026-03-11 13:47:03] Item hierarchy - Array
(
    [display_category] => SPIRITS
    [ml_volume] => 90
)

[2026-03-11 13:47:03] Added to volume summary - Array
(
    [category] => SPIRITS
    [volume] => 90 ML
    [new_total] => 3623
)

[2026-03-11 13:47:03] Processing item - Array
(
    [code] => SCMPL0028274
    [current_stock] => 46
    [class_code_new] => CLS001
    [class] => W
)

[2026-03-11 13:47:03] Item hierarchy - Array
(
    [display_category] => SPIRITS
    [ml_volume] => 90
)

[2026-03-11 13:47:03] Added to volume summary - Array
(
    [category] => SPIRITS
    [volume] => 90 ML
    [new_total] => 3669
)

[2026-03-11 13:47:03] Processing item - Array
(
    [code] => SCMPL0010087
    [current_stock] => 1200
    [class_code_new] => CLS001
    [class] => W
)

[2026-03-11 13:47:03] Item hierarchy - Array
(
    [display_category] => SPIRITS
    [ml_volume] => 180
)

[2026-03-11 13:47:03] Added to volume summary - Array
(
    [category] => SPIRITS
    [volume] => 180 ML
    [new_total] => 5369
)

[2026-03-11 13:47:03] Processing item - Array
(
    [code] => SCMPL0012499
    [current_stock] => 15
    [class_code_new] => CLS001
    [class] => W
)

[2026-03-11 13:47:03] Item hierarchy - Array
(
    [display_category] => SPIRITS
    [ml_volume] => 1000
)

[2026-03-11 13:47:03] Added to volume summary - Array
(
    [category] => SPIRITS
    [volume] => 1000 ML
    [new_total] => 15
)

[2026-03-11 13:47:03] Processing item - Array
(
    [code] => SCMPL0009936
    [current_stock] => 500
    [class_code_new] => CLS001
    [class] => K
)

[2026-03-11 13:47:03] Item hierarchy - Array
(
    [display_category] => SPIRITS
    [ml_volume] => 180
)

[2026-03-11 13:47:03] Added to volume summary - Array
(
    [category] => SPIRITS
    [volume] => 180 ML
    [new_total] => 5869
)

[2026-03-11 13:47:03] Processing item - Array
(
    [code] => SCMPL0010056
    [current_stock] => 500
    [class_code_new] => CLS001
    [class] => W
)

[2026-03-11 13:47:03] Item hierarchy - Array
(
    [display_category] => SPIRITS
    [ml_volume] => 180
)

[2026-03-11 13:47:03] Added to volume summary - Array
(
    [category] => SPIRITS
    [volume] => 180 ML
    [new_total] => 6369
)

[2026-03-11 13:47:03] Processing item - Array
(
    [code] => SCMPL0022280
    [current_stock] => 32
    [class_code_new] => CLS001
    [class] => W
)

[2026-03-11 13:47:03] Item hierarchy - Array
(
    [display_category] => SPIRITS
    [ml_volume] => 1000
)

[2026-03-11 13:47:03] Added to volume summary - Array
(
    [category] => SPIRITS
    [volume] => 1000 ML
    [new_total] => 47
)

[2026-03-11 13:47:03] Processing item - Array
(
    [code] => SCMPL0028356
    [current_stock] => 73
    [class_code_new] => CLS001
    [class] => W
)

[2026-03-11 13:47:03] Item hierarchy - Array
(
    [display_category] => SPIRITS
    [ml_volume] => 375
)

[2026-03-11 13:47:03] Added to volume summary - Array
(
    [category] => SPIRITS
    [volume] => 375 ML
    [new_total] => 103
)

[2026-03-11 13:47:03] Processing item - Array
(
    [code] => SCMPL0028356
    [current_stock] => 46
    [class_code_new] => CLS001
    [class] => W
)

[2026-03-11 13:47:03] Item hierarchy - Array
(
    [display_category] => SPIRITS
    [ml_volume] => 375
)

[2026-03-11 13:47:03] Added to volume summary - Array
(
    [category] => SPIRITS
    [volume] => 375 ML
    [new_total] => 149
)

[2026-03-11 13:47:03] Processing item - Array
(
    [code] => SCMPL0010677
    [current_stock] => 10
    [class_code_new] => CLS001
    [class] => G
)

[2026-03-11 13:47:03] Item hierarchy - Array
(
    [display_category] => SPIRITS
    [ml_volume] => 750
)

[2026-03-11 13:47:03] Added to volume summary - Array
(
    [category] => SPIRITS
    [volume] => 750 ML
    [new_total] => 40
)

[2026-03-11 13:47:03] Processing item - Array
(
    [code] => SCMPL0010234
    [current_stock] => 240
    [class_code_new] => CLS001
    [class] => R
)

[2026-03-11 13:47:03] Item hierarchy - Array
(
    [display_category] => SPIRITS
    [ml_volume] => 180
)

[2026-03-11 13:47:03] Added to volume summary - Array
(
    [category] => SPIRITS
    [volume] => 180 ML
    [new_total] => 6609
)

[2026-03-11 13:47:03] Processing item - Array
(
    [code] => SCMBR0009847
    [current_stock] => 500
    [class_code_new] => CLS007
    [class] => F
)

[2026-03-11 13:47:03] Item hierarchy - Array
(
    [display_category] => FERMENTED BEER
    [ml_volume] => 330
)

[2026-03-11 13:47:03] Added to volume summary - Array
(
    [category] => FERMENTED BEER
    [volume] => 330 ML
    [new_total] => 500
)

[2026-03-11 13:47:03] Processing item - Array
(
    [code] => SCMPL0010453
    [current_stock] => 30
    [class_code_new] => CLS001
    [class] => W
)

[2026-03-11 13:47:03] Item hierarchy - Array
(
    [display_category] => SPIRITS
    [ml_volume] => 750
)

[2026-03-11 13:47:03] Added to volume summary - Array
(
    [category] => SPIRITS
    [volume] => 750 ML
    [new_total] => 70
)

[2026-03-11 13:47:03] Processing item - Array
(
    [code] => SCMPL0010450
    [current_stock] => 200
    [class_code_new] => CLS001
    [class] => W
)

[2026-03-11 13:47:03] Item hierarchy - Array
(
    [display_category] => SPIRITS
    [ml_volume] => 90
)

[2026-03-11 13:47:03] Added to volume summary - Array
(
    [category] => SPIRITS
    [volume] => 90 ML
    [new_total] => 3869
)

[2026-03-11 13:47:03] Processing item - Array
(
    [code] => SCMPL0009894
    [current_stock] => 100
    [class_code_new] => CLS001
    [class] => W
)

[2026-03-11 13:47:03] Item hierarchy - Array
(
    [display_category] => SPIRITS
    [ml_volume] => 180
)

[2026-03-11 13:47:03] Added to volume summary - Array
(
    [category] => SPIRITS
    [volume] => 180 ML
    [new_total] => 6709
)

[2026-03-11 13:47:03] Processing item - Array
(
    [code] => SCMPL0028275
    [current_stock] => 523
    [class_code_new] => CLS001
    [class] => W
)

[2026-03-11 13:47:03] Item hierarchy - Array
(
    [display_category] => SPIRITS
    [ml_volume] => 180
)

[2026-03-11 13:47:03] Added to volume summary - Array
(
    [category] => SPIRITS
    [volume] => 180 ML
    [new_total] => 7232
)

[2026-03-11 13:47:03] Processing item - Array
(
    [code] => SCMPL0028275
    [current_stock] => 46
    [class_code_new] => CLS001
    [class] => W
)

[2026-03-11 13:47:03] Item hierarchy - Array
(
    [display_category] => SPIRITS
    [ml_volume] => 180
)

[2026-03-11 13:47:03] Added to volume summary - Array
(
    [category] => SPIRITS
    [volume] => 180 ML
    [new_total] => 7278
)

[2026-03-11 13:47:03] Processing item - Array
(
    [code] => SCMBR0021532
    [current_stock] => 312
    [class_code_new] => CLS007
    [class] => F
)

[2026-03-11 13:47:03] Item hierarchy - Array
(
    [display_category] => FERMENTED BEER
    [ml_volume] => 650
)

[2026-03-11 13:47:03] Added to volume summary - Array
(
    [category] => FERMENTED BEER
    [volume] => 650 ML
    [new_total] => 812
)

[2026-03-11 13:47:03] Processing item - Array
(
    [code] => SCMBR0021532
    [current_stock] => 24
    [class_code_new] => CLS007
    [class] => F
)

[2026-03-11 13:47:03] Item hierarchy - Array
(
    [display_category] => FERMENTED BEER
    [ml_volume] => 650
)

[2026-03-11 13:47:03] Added to volume summary - Array
(
    [category] => FERMENTED BEER
    [volume] => 650 ML
    [new_total] => 836
)

[2026-03-11 13:47:03] Processing item - Array
(
    [code] => SCMPL0009668
    [current_stock] => 66
    [class_code_new] => CLS001
    [class] => W
)

[2026-03-11 13:47:03] Item hierarchy - Array
(
    [display_category] => SPIRITS
    [ml_volume] => 180
)

[2026-03-11 13:47:03] Added to volume summary - Array
(
    [category] => SPIRITS
    [volume] => 180 ML
    [new_total] => 7344
)

[2026-03-11 13:47:03] Processing item - Array
(
    [code] => SCMPL0009668
    [current_stock] => 12
    [class_code_new] => CLS001
    [class] => W
)

[2026-03-11 13:47:03] Item hierarchy - Array
(
    [display_category] => SPIRITS
    [ml_volume] => 180
)

[2026-03-11 13:47:03] Added to volume summary - Array
(
    [category] => SPIRITS
    [volume] => 180 ML
    [new_total] => 7356
)

[2026-03-11 13:47:03] Processing item - Array
(
    [code] => SCMPL0009688
    [current_stock] => 100
    [class_code_new] => CLS001
    [class] => W
)

[2026-03-11 13:47:03] Item hierarchy - Array
(
    [display_category] => SPIRITS
    [ml_volume] => 375
)

[2026-03-11 13:47:03] Added to volume summary - Array
(
    [category] => SPIRITS
    [volume] => 375 ML
    [new_total] => 249
)

[2026-03-11 13:47:03] Processing item - Array
(
    [code] => SCMPL0022277
    [current_stock] => 500
    [class_code_new] => CLS001
    [class] => W
)

[2026-03-11 13:47:03] Item hierarchy - Array
(
    [display_category] => SPIRITS
    [ml_volume] => 180
)

[2026-03-11 13:47:03] Added to volume summary - Array
(
    [category] => SPIRITS
    [volume] => 180 ML
    [new_total] => 7856
)

[2026-03-11 13:47:03] Processing item - Array
(
    [code] => SCMPL0018737
    [current_stock] => 500
    [class_code_new] => CLS001
    [class] => W
)

[2026-03-11 13:47:03] Item hierarchy - Array
(
    [display_category] => SPIRITS
    [ml_volume] => 90
)

[2026-03-11 13:47:03] Added to volume summary - Array
(
    [category] => SPIRITS
    [volume] => 90 ML
    [new_total] => 4369
)

[2026-03-11 13:47:03] Processing item - Array
(
    [code] => SCMKS0026878
    [current_stock] => 50
    [class_code_new] => CLS001
    [class] => W
)

[2026-03-11 13:47:03] Item hierarchy - Array
(
    [display_category] => SPIRITS
    [ml_volume] => 180
)

[2026-03-11 13:47:03] Added to volume summary - Array
(
    [category] => SPIRITS
    [volume] => 180 ML
    [new_total] => 7906
)

[2026-03-11 13:47:03] Processing item - Array
(
    [code] => SCMPL0009775
    [current_stock] => 500
    [class_code_new] => CLS001
    [class] => D
)

[2026-03-11 13:47:03] Item hierarchy - Array
(
    [display_category] => SPIRITS
    [ml_volume] => 180
)

[2026-03-11 13:47:03] Added to volume summary - Array
(
    [category] => SPIRITS
    [volume] => 180 ML
    [new_total] => 8406
)

[2026-03-11 13:47:03] Processing item - Array
(
    [code] => SCMPL0010678
    [current_stock] => 1500
    [class_code_new] => CLS001
    [class] => W
)

[2026-03-11 13:47:03] Item hierarchy - Array
(
    [display_category] => SPIRITS
    [ml_volume] => 90
)

[2026-03-11 13:47:03] Added to volume summary - Array
(
    [category] => SPIRITS
    [volume] => 90 ML
    [new_total] => 5869
)

[2026-03-11 13:47:03] Processing item - Array
(
    [code] => SCMBR0018137
    [current_stock] => 300
    [class_code_new] => CLS007
    [class] => F
)

[2026-03-11 13:47:03] Item hierarchy - Array
(
    [display_category] => FERMENTED BEER
    [ml_volume] => 330
)

[2026-03-11 13:47:03] Added to volume summary - Array
(
    [category] => FERMENTED BEER
    [volume] => 330 ML
    [new_total] => 800
)

[2026-03-11 13:47:03] Processing item - Array
(
    [code] => SCMKB0031391
    [current_stock] => 500
    [class_code_new] => CLS008
    [class] => M
)

[2026-03-11 13:47:03] Item hierarchy - Array
(
    [display_category] => MILD BEER
    [ml_volume] => 330
)

[2026-03-11 13:47:03] Added to volume summary - Array
(
    [category] => MILD BEER
    [volume] => 330 ML
    [new_total] => 500
)

[2026-03-11 13:47:03] Processing item - Array
(
    [code] => SCMBR0027089
    [current_stock] => 300
    [class_code_new] => CLS008
    [class] => M
)

[2026-03-11 13:47:03] Item hierarchy - Array
(
    [display_category] => MILD BEER
    [ml_volume] => 650
)

[2026-03-11 13:47:03] Added to volume summary - Array
(
    [category] => MILD BEER
    [volume] => 650 ML
    [new_total] => 300
)

[2026-03-11 13:47:03] Processing item - Array
(
    [code] => SCMBR0018132
    [current_stock] => 121
    [class_code_new] => CLS008
    [class] => M
)

[2026-03-11 13:47:03] Item hierarchy - Array
(
    [display_category] => MILD BEER
    [ml_volume] => 650
)

[2026-03-11 13:47:03] Added to volume summary - Array
(
    [category] => MILD BEER
    [volume] => 650 ML
    [new_total] => 421
)

[2026-03-11 13:47:03] Processing item - Array
(
    [code] => SCMBR0018158
    [current_stock] => 500
    [class_code_new] => CLS007
    [class] => F
)

[2026-03-11 13:47:03] Item hierarchy - Array
(
    [display_category] => FERMENTED BEER
    [ml_volume] => 330
)

[2026-03-11 13:47:03] Added to volume summary - Array
(
    [category] => FERMENTED BEER
    [volume] => 330 ML
    [new_total] => 1300
)

[2026-03-11 13:47:03] Processing item - Array
(
    [code] => SCMBR0023258
    [current_stock] => 500
    [class_code_new] => CLS007
    [class] => F
)

[2026-03-11 13:47:03] Item hierarchy - Array
(
    [display_category] => FERMENTED BEER
    [ml_volume] => 650
)

[2026-03-11 13:47:03] Added to volume summary - Array
(
    [category] => FERMENTED BEER
    [volume] => 650 ML
    [new_total] => 1336
)

[2026-03-11 13:47:03] Processing item - Array
(
    [code] => SCMPL0018648
    [current_stock] => 200
    [class_code_new] => CLS001
    [class] => K
)

[2026-03-11 13:47:03] Item hierarchy - Array
(
    [display_category] => SPIRITS
    [ml_volume] => 180
)

[2026-03-11 13:47:03] Added to volume summary - Array
(
    [category] => SPIRITS
    [volume] => 180 ML
    [new_total] => 8606
)

[2026-03-11 13:47:03] Processing item - Array
(
    [code] => SCMPL0033624
    [current_stock] => 500
    [class_code_new] => CLS001
    [class] => K
)

[2026-03-11 13:47:03] Item hierarchy - Array
(
    [display_category] => SPIRITS
    [ml_volume] => 90
)

[2026-03-11 13:47:03] Added to volume summary - Array
(
    [category] => SPIRITS
    [volume] => 90 ML
    [new_total] => 6369
)

[2026-03-11 13:47:03] Processing item - Array
(
    [code] => SCMPL0011438
    [current_stock] => 96
    [class_code_new] => CLS001
    [class] => K
)

[2026-03-11 13:47:03] Item hierarchy - Array
(
    [display_category] => SPIRITS
    [ml_volume] => 180
)

[2026-03-11 13:47:03] Added to volume summary - Array
(
    [category] => SPIRITS
    [volume] => 180 ML
    [new_total] => 8702
)

[2026-03-11 13:47:03] Processing item - Array
(
    [code] => SCMPL0011418
    [current_stock] => 240
    [class_code_new] => CLS001
    [class] => K
)

[2026-03-11 13:47:03] Item hierarchy - Array
(
    [display_category] => SPIRITS
    [ml_volume] => 180
)

[2026-03-11 13:47:03] Added to volume summary - Array
(
    [category] => SPIRITS
    [volume] => 180 ML
    [new_total] => 8942
)

[2026-03-11 13:47:03] Processing item - Array
(
    [code] => SCMBR0018635
    [current_stock] => 200
    [class_code_new] => CLS007
    [class] => F
)

[2026-03-11 13:47:03] Item hierarchy - Array
(
    [display_category] => FERMENTED BEER
    [ml_volume] => 650
)

[2026-03-11 13:47:03] Added to volume summary - Array
(
    [category] => FERMENTED BEER
    [volume] => 650 ML
    [new_total] => 1536
)

[2026-03-11 13:47:03] Processing item - Array
(
    [code] => SCMBR0029429
    [current_stock] => 500
    [class_code_new] => CLS007
    [class] => F
)

[2026-03-11 13:47:03] Item hierarchy - Array
(
    [display_category] => FERMENTED BEER
    [ml_volume] => 330
)

[2026-03-11 13:47:03] Added to volume summary - Array
(
    [category] => FERMENTED BEER
    [volume] => 330 ML
    [new_total] => 1800
)

[2026-03-11 13:47:03] Processing item - Array
(
    [code] => SCMBR0029431
    [current_stock] => 130
    [class_code_new] => CLS007
    [class] => F
)

[2026-03-11 13:47:03] Item hierarchy - Array
(
    [display_category] => FERMENTED BEER
    [ml_volume] => 650
)

[2026-03-11 13:47:03] Added to volume summary - Array
(
    [category] => FERMENTED BEER
    [volume] => 650 ML
    [new_total] => 1666
)

[2026-03-11 13:47:03] Processing item - Array
(
    [code] => SCMPL0010541
    [current_stock] => 400
    [class_code_new] => CLS001
    [class] => D
)

[2026-03-11 13:47:03] Item hierarchy - Array
(
    [display_category] => SPIRITS
    [ml_volume] => 180
)

[2026-03-11 13:47:03] Added to volume summary - Array
(
    [category] => SPIRITS
    [volume] => 180 ML
    [new_total] => 9342
)

[2026-03-11 13:47:03] Processing item - Array
(
    [code] => SCMPL0040482
    [current_stock] => 300
    [class_code_new] => CLS001
    [class] => W
)

[2026-03-11 13:47:03] Item hierarchy - Array
(
    [display_category] => SPIRITS
    [ml_volume] => 90
)

[2026-03-11 13:47:03] Added to volume summary - Array
(
    [category] => SPIRITS
    [volume] => 90 ML
    [new_total] => 6669
)

[2026-03-11 13:47:03] Processing item - Array
(
    [code] => SCMPL0009899
    [current_stock] => 500
    [class_code_new] => CLS001
    [class] => R
)

[2026-03-11 13:47:03] Item hierarchy - Array
(
    [display_category] => SPIRITS
    [ml_volume] => 90
)

[2026-03-11 13:47:03] Added to volume summary - Array
(
    [category] => SPIRITS
    [volume] => 90 ML
    [new_total] => 7169
)

[2026-03-11 13:47:03] Processing item - Array
(
    [code] => SCMPL0009902
    [current_stock] => 10
    [class_code_new] => CLS001
    [class] => R
)

[2026-03-11 13:47:03] Item hierarchy - Array
(
    [display_category] => SPIRITS
    [ml_volume] => 750
)

[2026-03-11 13:47:03] Added to volume summary - Array
(
    [category] => SPIRITS
    [volume] => 750 ML
    [new_total] => 80
)

[2026-03-11 13:47:03] Processing item - Array
(
    [code] => SCMPL0009903
    [current_stock] => 20
    [class_code_new] => CLS001
    [class] => R
)

[2026-03-11 13:47:03] Item hierarchy - Array
(
    [display_category] => SPIRITS
    [ml_volume] => 1000
)

[2026-03-11 13:47:03] Added to volume summary - Array
(
    [category] => SPIRITS
    [volume] => 1000 ML
    [new_total] => 67
)

[2026-03-11 13:47:03] Processing item - Array
(
    [code] => SCMPL0011581
    [current_stock] => 15
    [class_code_new] => CLS001
    [class] => W
)

[2026-03-11 13:47:03] Item hierarchy - Array
(
    [display_category] => SPIRITS
    [ml_volume] => 1000
)

[2026-03-11 13:47:03] Added to volume summary - Array
(
    [category] => SPIRITS
    [volume] => 1000 ML
    [new_total] => 82
)

[2026-03-11 13:47:03] Processing item - Array
(
    [code] => SCMPL0035367
    [current_stock] => 500
    [class_code_new] => CLS001
    [class] => K
)

[2026-03-11 13:47:03] Item hierarchy - Array
(
    [display_category] => SPIRITS
    [ml_volume] => 90
)

[2026-03-11 13:47:03] Added to volume summary - Array
(
    [category] => SPIRITS
    [volume] => 90 ML
    [new_total] => 7669
)

[2026-03-11 13:47:03] Processing item - Array
(
    [code] => SCMPL0036711
    [current_stock] => 500
    [class_code_new] => CLS001
    [class] => W
)

[2026-03-11 13:47:03] Item hierarchy - Array
(
    [display_category] => SPIRITS
    [ml_volume] => 90
)

[2026-03-11 13:47:03] Added to volume summary - Array
(
    [category] => SPIRITS
    [volume] => 90 ML
    [new_total] => 8169
)

[2026-03-11 13:47:03] Processing item - Array
(
    [code] => SCMPL0010702
    [current_stock] => 100
    [class_code_new] => CLS001
    [class] => W
)

[2026-03-11 13:47:03] Item hierarchy - Array
(
    [display_category] => SPIRITS
    [ml_volume] => 180
)

[2026-03-11 13:47:03] Added to volume summary - Array
(
    [category] => SPIRITS
    [volume] => 180 ML
    [new_total] => 9442
)

[2026-03-11 13:47:03] Processing item - Array
(
    [code] => SCMPL0029933
    [current_stock] => 6
    [class_code_new] => CLS001
    [class] => W
)

[2026-03-11 13:47:03] Item hierarchy - Array
(
    [display_category] => SPIRITS
    [ml_volume] => 180
)

[2026-03-11 13:47:03] Added to volume summary - Array
(
    [category] => SPIRITS
    [volume] => 180 ML
    [new_total] => 9448
)

[2026-03-11 13:47:03] Processing item - Array
(
    [code] => SCMPL0029928
    [current_stock] => 12
    [class_code_new] => CLS001
    [class] => W
)

[2026-03-11 13:47:03] Item hierarchy - Array
(
    [display_category] => SPIRITS
    [ml_volume] => 180
)

[2026-03-11 13:47:03] Added to volume summary - Array
(
    [category] => SPIRITS
    [volume] => 180 ML
    [new_total] => 9460
)

[2026-03-11 13:47:03] Processing item - Array
(
    [code] => SCMPL0010360
    [current_stock] => 24
    [class_code_new] => CLS001
    [class] => K
)

[2026-03-11 13:47:03] Item hierarchy - Array
(
    [display_category] => SPIRITS
    [ml_volume] => 180
)

[2026-03-11 13:47:03] Added to volume summary - Array
(
    [category] => SPIRITS
    [volume] => 180 ML
    [new_total] => 9484
)

[2026-03-11 13:47:03] Processing item - Array
(
    [code] => SCMPL0009968
    [current_stock] => 530
    [class_code_new] => CLS001
    [class] => K
)

[2026-03-11 13:47:03] Item hierarchy - Array
(
    [display_category] => SPIRITS
    [ml_volume] => 180
)

[2026-03-11 13:47:03] Added to volume summary - Array
(
    [category] => SPIRITS
    [volume] => 180 ML
    [new_total] => 10014
)

[2026-03-11 13:47:03] Processing item - Array
(
    [code] => SCMPL0009977
    [current_stock] => 542
    [class_code_new] => CLS001
    [class] => K
)

[2026-03-11 13:47:03] Item hierarchy - Array
(
    [display_category] => SPIRITS
    [ml_volume] => 180
)

[2026-03-11 13:47:03] Added to volume summary - Array
(
    [category] => SPIRITS
    [volume] => 180 ML
    [new_total] => 10556
)

[2026-03-11 13:47:03] Processing item - Array
(
    [code] => SCMKS0018253
    [current_stock] => 6
    [class_code_new] => CLS001
    [class] => W
)

[2026-03-11 13:47:03] Item hierarchy - Array
(
    [display_category] => SPIRITS
    [ml_volume] => 180
)

[2026-03-11 13:47:03] Added to volume summary - Array
(
    [category] => SPIRITS
    [volume] => 180 ML
    [new_total] => 10562
)

[2026-03-11 13:47:03] Processing item - Array
(
    [code] => SCMBR0037366
    [current_stock] => 48
    [class_code_new] => CLS008
    [class] => M
)

[2026-03-11 13:47:03] Item hierarchy - Array
(
    [display_category] => MILD BEER
    [ml_volume] => 330
)

[2026-03-11 13:47:03] Added to volume summary - Array
(
    [category] => MILD BEER
    [volume] => 330 ML
    [new_total] => 548
)

[2026-03-11 13:47:03] Processing item - Array
(
    [code] => SCMBR0018161
    [current_stock] => 130
    [class_code_new] => CLS007
    [class] => F
)

[2026-03-11 13:47:03] Item hierarchy - Array
(
    [display_category] => FERMENTED BEER
    [ml_volume] => 330
)

[2026-03-11 13:47:03] Added to volume summary - Array
(
    [category] => FERMENTED BEER
    [volume] => 330 ML
    [new_total] => 1930
)

[2026-03-11 13:47:03] Processing item - Array
(
    [code] => SCMPL0010020
    [current_stock] => 1225
    [class_code_new] => CLS001
    [class] => K
)

[2026-03-11 13:47:03] Item hierarchy - Array
(
    [display_category] => SPIRITS
    [ml_volume] => 180
)

[2026-03-11 13:47:03] Added to volume summary - Array
(
    [category] => SPIRITS
    [volume] => 180 ML
    [new_total] => 11787
)

[2026-03-11 13:47:03] Final volume summary - Array
(
    [SPIRITS] => Array
        (
            [50 ML] => 0
            [60 ML] => 0
            [90 ML] => 8169
            [170 ML] => 0
            [180 ML] => 11787
            [200 ML] => 0
            [250 ML] => 0
            [275 ML] => 0
            [330 ML] => 0
            [355 ML] => 0
            [375 ML] => 249
            [500 ML] => 0
            [650 ML] => 0
            [700 ML] => 0
            [750 ML] => 80
            [1000 ML] => 82
            [1.5L] => 0
            [1.75L] => 0
            [2L] => 0
            [3L] => 0
            [4.5L] => 0
            [15L] => 0
            [20L] => 0
            [30L] => 0
            [50L] => 0
        )

    [WINE] => Array
        (
            [50 ML] => 0
            [60 ML] => 0
            [90 ML] => 0
            [170 ML] => 0
            [180 ML] => 0
            [200 ML] => 0
            [250 ML] => 0
            [275 ML] => 0
            [330 ML] => 0
            [355 ML] => 0
            [375 ML] => 130
            [500 ML] => 0
            [650 ML] => 0
            [700 ML] => 0
            [750 ML] => 0
            [1000 ML] => 0
            [1.5L] => 0
            [1.75L] => 0
            [2L] => 0
            [3L] => 0
            [4.5L] => 0
            [15L] => 0
            [20L] => 0
            [30L] => 0
            [50L] => 0
        )

    [FERMENTED BEER] => Array
        (
            [50 ML] => 0
            [60 ML] => 0
            [90 ML] => 0
            [170 ML] => 0
            [180 ML] => 0
            [200 ML] => 0
            [250 ML] => 0
            [275 ML] => 0
            [330 ML] => 1930
            [355 ML] => 0
            [375 ML] => 0
            [500 ML] => 0
            [650 ML] => 1666
            [700 ML] => 0
            [750 ML] => 0
            [1000 ML] => 0
            [1.5L] => 0
            [1.75L] => 0
            [2L] => 0
            [3L] => 0
            [4.5L] => 0
            [15L] => 0
            [20L] => 0
            [30L] => 0
            [50L] => 0
        )

    [MILD BEER] => Array
        (
            [50 ML] => 0
            [60 ML] => 0
            [90 ML] => 0
            [170 ML] => 0
            [180 ML] => 0
            [200 ML] => 0
            [250 ML] => 0
            [275 ML] => 0
            [330 ML] => 548
            [355 ML] => 0
            [375 ML] => 0
            [500 ML] => 0
            [650 ML] => 421
            [700 ML] => 0
            [750 ML] => 0
            [1000 ML] => 0
            [1.5L] => 0
            [1.75L] => 0
            [2L] => 0
            [3L] => 0
            [4.5L] => 0
            [15L] => 0
            [20L] => 0
            [30L] => 0
            [50L] => 0
        )

    [COUNTRY LIQUOR] => Array
        (
            [50 ML] => 0
            [60 ML] => 0
            [90 ML] => 0
            [170 ML] => 0
            [180 ML] => 0
            [200 ML] => 0
            [250 ML] => 0
            [275 ML] => 0
            [330 ML] => 0
            [355 ML] => 0
            [375 ML] => 0
            [500 ML] => 0
            [650 ML] => 0
            [700 ML] => 0
            [750 ML] => 0
            [1000 ML] => 0
            [1.5L] => 0
            [1.75L] => 0
            [2L] => 0
            [3L] => 0
            [4.5L] => 0
            [15L] => 0
            [20L] => 0
            [30L] => 0
            [50L] => 0
        )

    [OTHER] => Array
        (
            [50 ML] => 0
            [60 ML] => 0
            [90 ML] => 0
            [170 ML] => 0
            [180 ML] => 0
            [200 ML] => 0
            [250 ML] => 0
            [275 ML] => 0
            [330 ML] => 0
            [355 ML] => 0
            [375 ML] => 0
            [500 ML] => 0
            [650 ML] => 0
            [700 ML] => 0
            [750 ML] => 0
            [1000 ML] => 0
            [1.5L] => 0
            [1.75L] => 0
            [2L] => 0
            [3L] => 0
            [4.5L] => 0
            [15L] => 0
            [20L] => 0
            [30L] => 0
            [50L] => 0
        )

)

[2026-03-11 13:47:03] AJAX volume_summary returning with categories count: 6
[2026-03-11 13:47:27] Script started
[2026-03-11 13:47:27] Financial Year - Array
(
    [start] => 2021-04-01
    [end] => 2022-03-31
    [fin_year_id] => 3
)

[2026-03-11 13:47:27] Allowed classes - Array
(
    [0] => W
    [1] => V
    [2] => M
    [3] => F
    [4] => D
    [5] => K
    [6] => G
    [7] => R
)

[2026-03-11 13:47:27] Calling findFirstOpeningBatchDate with - Array
(
    [comp_id] => 5
    [mode] => F
    [fy_start] => 2021-04-01
    [fy_end] => 2022-03-31
    [allowed_classes] => Array
        (
            [0] => W
            [1] => V
            [2] => M
            [3] => F
            [4] => D
            [5] => K
            [6] => G
            [7] => R
        )

)

[2026-03-11 13:47:27] findFirstOpeningBatchDate called - Array
(
    [comp_id] => 5
    [mode] => F
    [fy_start] => 2021-04-01
    [fy_end] => 2022-03-31
    [allowed_classes] => Array
        (
            [0] => W
            [1] => V
            [2] => M
            [3] => F
            [4] => D
            [5] => K
            [6] => G
            [7] => R
        )

)

[2026-03-11 13:47:27] generateMonthsInRange: Date range - Array
(
    [start] => 2021-04-01
    [end] => 2022-03-01
)

[2026-03-11 13:47:27] generateMonthsInRange: Generated months - Array
(
    [count] => 12
    [months] => Array
        (
            [0] => 2021-04
            [1] => 2021-05
            [2] => 2021-06
            [3] => 2021-07
            [4] => 2021-08
            [5] => 2021-09
            [6] => 2021-10
            [7] => 2021-11
            [8] => 2021-12
            [9] => 2022-01
            [10] => 2022-02
            [11] => 2022-03
        )

)

[2026-03-11 13:47:27] Generated months - Array
(
    [months] => Array
        (
            [0] => 2021-04
            [1] => 2021-05
            [2] => 2021-06
            [3] => 2021-07
            [4] => 2021-08
            [5] => 2021-09
            [6] => 2021-10
            [7] => 2021-11
            [8] => 2021-12
            [9] => 2022-01
            [10] => 2022-02
            [11] => 2022-03
        )

)

[2026-03-11 13:47:27] Found opening balance in month - Array
(
    [month] => 2021-04
    [item_code] => SCMPL0009770
)

[2026-03-11 13:47:27] Found first batch date - Array
(
    [date] => 2021-04-01
    [month] => 2021-04
    [day] => 01
)

[2026-03-11 13:47:27] First batch data result - Array
(
    [date] => 2021-04-01
    [month] => 2021-04
    [day] => 01
    [day_num] => 1
)

[2026-03-11 13:47:27] First batch data - Array
(
    [date] => 2021-04-01
    [month] => 2021-04
    [day] => 01
    [day_num] => 1
)

[2026-03-11 13:47:27] AJAX volume_summary called - Array
(
    [ajax] => volume_summary
    [mode] => F
    [t] => 1773233247351
)

[2026-03-11 13:47:27] Volume summary - checking table - Array
(
    [batch_table] => tbldailystock_5_04_21
    [batch_month] => 2021-04
)

[2026-03-11 13:47:27] getOpeningBalanceVolumeSummary called - Array
(
    [mode] => F
    [comp_id] => 5
    [allowed_classes] => Array
        (
            [0] => W
            [1] => V
            [2] => M
            [3] => F
            [4] => D
            [5] => K
            [6] => G
            [7] => R
        )

    [first_batch_data] => Array
        (
            [date] => 2021-04-01
            [month] => 2021-04
            [day] => 01
            [day_num] => 1
        )

)

[2026-03-11 13:47:27] Processing volume summary - Array
(
    [batch_month] => 2021-04
    [batch_day] => 01
    [batch_date] => 2021-04-01
    [batch_table] => tbldailystock_5_04_21
)

[2026-03-11 13:47:27] generateMonthsInRange: Date range - Array
(
    [start] => 2021-04-01
    [end] => 2021-04-01
)

[2026-03-11 13:47:27] generateMonthsInRange: Generated months - Array
(
    [count] => 1
    [months] => Array
        (
            [0] => 2021-04
        )

)

[2026-03-11 13:47:27] Volume summary query returned rows - Array
(
    [count] => 77
)

[2026-03-11 13:47:27] Processing item - Array
(
    [code] => SCMPL0009770
    [current_stock] => 500
    [class_code_new] => CLS001
    [class] => W
)

[2026-03-11 13:47:27] Item hierarchy - Array
(
    [display_category] => SPIRITS
    [ml_volume] => 180
)

[2026-03-11 13:47:27] Added to volume summary - Array
(
    [category] => SPIRITS
    [volume] => 180 ML
    [new_total] => 500
)

[2026-03-11 13:47:27] Processing item - Array
(
    [code] => SCMPL0010434
    [current_stock] => 500
    [class_code_new] => CLS001
    [class] => K
)

[2026-03-11 13:47:27] Item hierarchy - Array
(
    [display_category] => SPIRITS
    [ml_volume] => 180
)

[2026-03-11 13:47:27] Added to volume summary - Array
(
    [category] => SPIRITS
    [volume] => 180 ML
    [new_total] => 1000
)

[2026-03-11 13:47:27] Processing item - Array
(
    [code] => SCMPL0010447
    [current_stock] => 20
    [class_code_new] => CLS001
    [class] => W
)

[2026-03-11 13:47:27] Item hierarchy - Array
(
    [display_category] => SPIRITS
    [ml_volume] => 750
)

[2026-03-11 13:47:27] Added to volume summary - Array
(
    [category] => SPIRITS
    [volume] => 750 ML
    [new_total] => 20
)

[2026-03-11 13:47:27] Processing item - Array
(
    [code] => SCMPL0010612
    [current_stock] => 1000
    [class_code_new] => CLS001
    [class] => W
)

[2026-03-11 13:47:27] Item hierarchy - Array
(
    [display_category] => SPIRITS
    [ml_volume] => 90
)

[2026-03-11 13:47:27] Added to volume summary - Array
(
    [category] => SPIRITS
    [volume] => 90 ML
    [new_total] => 1000
)

[2026-03-11 13:47:27] Processing item - Array
(
    [code] => SCMPL0009942
    [current_stock] => 500
    [class_code_new] => CLS001
    [class] => W
)

[2026-03-11 13:47:27] Item hierarchy - Array
(
    [display_category] => SPIRITS
    [ml_volume] => 180
)

[2026-03-11 13:47:27] Added to volume summary - Array
(
    [category] => SPIRITS
    [volume] => 180 ML
    [new_total] => 1500
)

[2026-03-11 13:47:27] Processing item - Array
(
    [code] => SCMPL0010451
    [current_stock] => 500
    [class_code_new] => CLS001
    [class] => W
)

[2026-03-11 13:47:27] Item hierarchy - Array
(
    [display_category] => SPIRITS
    [ml_volume] => 180
)

[2026-03-11 13:47:27] Added to volume summary - Array
(
    [category] => SPIRITS
    [volume] => 180 ML
    [new_total] => 2000
)

[2026-03-11 13:47:27] Processing item - Array
(
    [code] => SCMBR0023264
    [current_stock] => 200
    [class_code_new] => CLS007
    [class] => F
)

[2026-03-11 13:47:27] Item hierarchy - Array
(
    [display_category] => FERMENTED BEER
    [ml_volume] => 650
)

[2026-03-11 13:47:27] Added to volume summary - Array
(
    [category] => FERMENTED BEER
    [volume] => 650 ML
    [new_total] => 200
)

[2026-03-11 13:47:27] Processing item - Array
(
    [code] => SCMKS0026879
    [current_stock] => 21
    [class_code_new] => CLS001
    [class] => W
)

[2026-03-11 13:47:27] Item hierarchy - Array
(
    [display_category] => SPIRITS
    [ml_volume] => 180
)

[2026-03-11 13:47:27] Added to volume summary - Array
(
    [category] => SPIRITS
    [volume] => 180 ML
    [new_total] => 2021
)

[2026-03-11 13:47:27] Processing item - Array
(
    [code] => SCMPL0010108
    [current_stock] => 10
    [class_code_new] => CLS001
    [class] => W
)

[2026-03-11 13:47:27] Item hierarchy - Array
(
    [display_category] => SPIRITS
    [ml_volume] => 750
)

[2026-03-11 13:47:27] Added to volume summary - Array
(
    [category] => SPIRITS
    [volume] => 750 ML
    [new_total] => 30
)

[2026-03-11 13:47:27] Processing item - Array
(
    [code] => SCMPL0010075
    [current_stock] => 700
    [class_code_new] => CLS001
    [class] => W
)

[2026-03-11 13:47:27] Item hierarchy - Array
(
    [display_category] => SPIRITS
    [ml_volume] => 90
)

[2026-03-11 13:47:27] Added to volume summary - Array
(
    [category] => SPIRITS
    [volume] => 90 ML
    [new_total] => 1700
)

[2026-03-11 13:47:27] Processing item - Array
(
    [code] => SCMPL0010076
    [current_stock] => 700
    [class_code_new] => CLS001
    [class] => W
)

[2026-03-11 13:47:27] Item hierarchy - Array
(
    [display_category] => SPIRITS
    [ml_volume] => 90
)

[2026-03-11 13:47:27] Added to volume summary - Array
(
    [category] => SPIRITS
    [volume] => 90 ML
    [new_total] => 2400
)

[2026-03-11 13:47:27] Processing item - Array
(
    [code] => SCMPL0010088
    [current_stock] => 264
    [class_code_new] => CLS001
    [class] => W
)

[2026-03-11 13:47:27] Item hierarchy - Array
(
    [display_category] => SPIRITS
    [ml_volume] => 180
)

[2026-03-11 13:47:27] Added to volume summary - Array
(
    [category] => SPIRITS
    [volume] => 180 ML
    [new_total] => 2285
)

[2026-03-11 13:47:27] Processing item - Array
(
    [code] => SCMPL0010701
    [current_stock] => 700
    [class_code_new] => CLS001
    [class] => W
)

[2026-03-11 13:47:27] Item hierarchy - Array
(
    [display_category] => SPIRITS
    [ml_volume] => 90
)

[2026-03-11 13:47:27] Added to volume summary - Array
(
    [category] => SPIRITS
    [volume] => 90 ML
    [new_total] => 3100
)

[2026-03-11 13:47:27] Processing item - Array
(
    [code] => SCMBR0018142
    [current_stock] => 300
    [class_code_new] => CLS007
    [class] => F
)

[2026-03-11 13:47:27] Item hierarchy - Array
(
    [display_category] => FERMENTED BEER
    [ml_volume] => 650
)

[2026-03-11 13:47:27] Added to volume summary - Array
(
    [category] => FERMENTED BEER
    [volume] => 650 ML
    [new_total] => 500
)

[2026-03-11 13:47:27] Processing item - Array
(
    [code] => SCMWN0019724
    [current_stock] => 130
    [class_code_new] => CLS004
    [class] => V
)

[2026-03-11 13:47:27] Item hierarchy - Array
(
    [display_category] => WINE
    [ml_volume] => 375
)

[2026-03-11 13:47:27] Added to volume summary - Array
(
    [category] => WINE
    [volume] => 375 ML
    [new_total] => 130
)

[2026-03-11 13:47:27] Processing item - Array
(
    [code] => SCMPL0010198
    [current_stock] => 384
    [class_code_new] => CLS001
    [class] => D
)

[2026-03-11 13:47:27] Item hierarchy - Array
(
    [display_category] => SPIRITS
    [ml_volume] => 180
)

[2026-03-11 13:47:27] Added to volume summary - Array
(
    [category] => SPIRITS
    [volume] => 180 ML
    [new_total] => 2669
)

[2026-03-11 13:47:27] Processing item - Array
(
    [code] => SCMPL0010445
    [current_stock] => 500
    [class_code_new] => CLS001
    [class] => W
)

[2026-03-11 13:47:27] Item hierarchy - Array
(
    [display_category] => SPIRITS
    [ml_volume] => 180
)

[2026-03-11 13:47:27] Added to volume summary - Array
(
    [category] => SPIRITS
    [volume] => 180 ML
    [new_total] => 3169
)

[2026-03-11 13:47:27] Processing item - Array
(
    [code] => SCMPL0010676
    [current_stock] => 30
    [class_code_new] => CLS001
    [class] => G
)

[2026-03-11 13:47:27] Item hierarchy - Array
(
    [display_category] => SPIRITS
    [ml_volume] => 375
)

[2026-03-11 13:47:27] Added to volume summary - Array
(
    [category] => SPIRITS
    [volume] => 375 ML
    [new_total] => 30
)

[2026-03-11 13:47:27] Processing item - Array
(
    [code] => SCMPL0010679
    [current_stock] => 1000
    [class_code_new] => CLS001
    [class] => G
)

[2026-03-11 13:47:27] Item hierarchy - Array
(
    [display_category] => SPIRITS
    [ml_volume] => 180
)

[2026-03-11 13:47:27] Added to volume summary - Array
(
    [category] => SPIRITS
    [volume] => 180 ML
    [new_total] => 4169
)

[2026-03-11 13:47:27] Processing item - Array
(
    [code] => SCMPL0028274
    [current_stock] => 523
    [class_code_new] => CLS001
    [class] => W
)

[2026-03-11 13:47:27] Item hierarchy - Array
(
    [display_category] => SPIRITS
    [ml_volume] => 90
)

[2026-03-11 13:47:27] Added to volume summary - Array
(
    [category] => SPIRITS
    [volume] => 90 ML
    [new_total] => 3623
)

[2026-03-11 13:47:27] Processing item - Array
(
    [code] => SCMPL0028274
    [current_stock] => 46
    [class_code_new] => CLS001
    [class] => W
)

[2026-03-11 13:47:27] Item hierarchy - Array
(
    [display_category] => SPIRITS
    [ml_volume] => 90
)

[2026-03-11 13:47:27] Added to volume summary - Array
(
    [category] => SPIRITS
    [volume] => 90 ML
    [new_total] => 3669
)

[2026-03-11 13:47:27] Processing item - Array
(
    [code] => SCMPL0010087
    [current_stock] => 1200
    [class_code_new] => CLS001
    [class] => W
)

[2026-03-11 13:47:27] Item hierarchy - Array
(
    [display_category] => SPIRITS
    [ml_volume] => 180
)

[2026-03-11 13:47:27] Added to volume summary - Array
(
    [category] => SPIRITS
    [volume] => 180 ML
    [new_total] => 5369
)

[2026-03-11 13:47:27] Processing item - Array
(
    [code] => SCMPL0012499
    [current_stock] => 15
    [class_code_new] => CLS001
    [class] => W
)

[2026-03-11 13:47:27] Item hierarchy - Array
(
    [display_category] => SPIRITS
    [ml_volume] => 1000
)

[2026-03-11 13:47:27] Added to volume summary - Array
(
    [category] => SPIRITS
    [volume] => 1000 ML
    [new_total] => 15
)

[2026-03-11 13:47:27] Processing item - Array
(
    [code] => SCMPL0009936
    [current_stock] => 500
    [class_code_new] => CLS001
    [class] => K
)

[2026-03-11 13:47:27] Item hierarchy - Array
(
    [display_category] => SPIRITS
    [ml_volume] => 180
)

[2026-03-11 13:47:27] Added to volume summary - Array
(
    [category] => SPIRITS
    [volume] => 180 ML
    [new_total] => 5869
)

[2026-03-11 13:47:27] Processing item - Array
(
    [code] => SCMPL0010056
    [current_stock] => 500
    [class_code_new] => CLS001
    [class] => W
)

[2026-03-11 13:47:27] Item hierarchy - Array
(
    [display_category] => SPIRITS
    [ml_volume] => 180
)

[2026-03-11 13:47:27] Added to volume summary - Array
(
    [category] => SPIRITS
    [volume] => 180 ML
    [new_total] => 6369
)

[2026-03-11 13:47:27] Processing item - Array
(
    [code] => SCMPL0022280
    [current_stock] => 32
    [class_code_new] => CLS001
    [class] => W
)

[2026-03-11 13:47:27] Item hierarchy - Array
(
    [display_category] => SPIRITS
    [ml_volume] => 1000
)

[2026-03-11 13:47:27] Added to volume summary - Array
(
    [category] => SPIRITS
    [volume] => 1000 ML
    [new_total] => 47
)

[2026-03-11 13:47:27] Processing item - Array
(
    [code] => SCMPL0028356
    [current_stock] => 73
    [class_code_new] => CLS001
    [class] => W
)

[2026-03-11 13:47:27] Item hierarchy - Array
(
    [display_category] => SPIRITS
    [ml_volume] => 375
)

[2026-03-11 13:47:27] Added to volume summary - Array
(
    [category] => SPIRITS
    [volume] => 375 ML
    [new_total] => 103
)

[2026-03-11 13:47:27] Processing item - Array
(
    [code] => SCMPL0028356
    [current_stock] => 46
    [class_code_new] => CLS001
    [class] => W
)

[2026-03-11 13:47:27] Item hierarchy - Array
(
    [display_category] => SPIRITS
    [ml_volume] => 375
)

[2026-03-11 13:47:27] Added to volume summary - Array
(
    [category] => SPIRITS
    [volume] => 375 ML
    [new_total] => 149
)

[2026-03-11 13:47:27] Processing item - Array
(
    [code] => SCMPL0010677
    [current_stock] => 10
    [class_code_new] => CLS001
    [class] => G
)

[2026-03-11 13:47:27] Item hierarchy - Array
(
    [display_category] => SPIRITS
    [ml_volume] => 750
)

[2026-03-11 13:47:27] Added to volume summary - Array
(
    [category] => SPIRITS
    [volume] => 750 ML
    [new_total] => 40
)

[2026-03-11 13:47:27] Processing item - Array
(
    [code] => SCMPL0010234
    [current_stock] => 240
    [class_code_new] => CLS001
    [class] => R
)

[2026-03-11 13:47:27] Item hierarchy - Array
(
    [display_category] => SPIRITS
    [ml_volume] => 180
)

[2026-03-11 13:47:27] Added to volume summary - Array
(
    [category] => SPIRITS
    [volume] => 180 ML
    [new_total] => 6609
)

[2026-03-11 13:47:27] Processing item - Array
(
    [code] => SCMBR0009847
    [current_stock] => 500
    [class_code_new] => CLS007
    [class] => F
)

[2026-03-11 13:47:27] Item hierarchy - Array
(
    [display_category] => FERMENTED BEER
    [ml_volume] => 330
)

[2026-03-11 13:47:27] Added to volume summary - Array
(
    [category] => FERMENTED BEER
    [volume] => 330 ML
    [new_total] => 500
)

[2026-03-11 13:47:27] Processing item - Array
(
    [code] => SCMPL0010453
    [current_stock] => 30
    [class_code_new] => CLS001
    [class] => W
)

[2026-03-11 13:47:27] Item hierarchy - Array
(
    [display_category] => SPIRITS
    [ml_volume] => 750
)

[2026-03-11 13:47:27] Added to volume summary - Array
(
    [category] => SPIRITS
    [volume] => 750 ML
    [new_total] => 70
)

[2026-03-11 13:47:28] Processing item - Array
(
    [code] => SCMPL0010450
    [current_stock] => 200
    [class_code_new] => CLS001
    [class] => W
)

[2026-03-11 13:47:28] Item hierarchy - Array
(
    [display_category] => SPIRITS
    [ml_volume] => 90
)

[2026-03-11 13:47:28] Added to volume summary - Array
(
    [category] => SPIRITS
    [volume] => 90 ML
    [new_total] => 3869
)

[2026-03-11 13:47:28] Processing item - Array
(
    [code] => SCMPL0009894
    [current_stock] => 100
    [class_code_new] => CLS001
    [class] => W
)

[2026-03-11 13:47:28] Item hierarchy - Array
(
    [display_category] => SPIRITS
    [ml_volume] => 180
)

[2026-03-11 13:47:28] Added to volume summary - Array
(
    [category] => SPIRITS
    [volume] => 180 ML
    [new_total] => 6709
)

[2026-03-11 13:47:28] Processing item - Array
(
    [code] => SCMPL0028275
    [current_stock] => 523
    [class_code_new] => CLS001
    [class] => W
)

[2026-03-11 13:47:28] Item hierarchy - Array
(
    [display_category] => SPIRITS
    [ml_volume] => 180
)

[2026-03-11 13:47:28] Added to volume summary - Array
(
    [category] => SPIRITS
    [volume] => 180 ML
    [new_total] => 7232
)

[2026-03-11 13:47:28] Processing item - Array
(
    [code] => SCMPL0028275
    [current_stock] => 46
    [class_code_new] => CLS001
    [class] => W
)

[2026-03-11 13:47:28] Item hierarchy - Array
(
    [display_category] => SPIRITS
    [ml_volume] => 180
)

[2026-03-11 13:47:28] Added to volume summary - Array
(
    [category] => SPIRITS
    [volume] => 180 ML
    [new_total] => 7278
)

[2026-03-11 13:47:28] Processing item - Array
(
    [code] => SCMBR0021532
    [current_stock] => 312
    [class_code_new] => CLS007
    [class] => F
)

[2026-03-11 13:47:28] Item hierarchy - Array
(
    [display_category] => FERMENTED BEER
    [ml_volume] => 650
)

[2026-03-11 13:47:28] Added to volume summary - Array
(
    [category] => FERMENTED BEER
    [volume] => 650 ML
    [new_total] => 812
)

[2026-03-11 13:47:28] Processing item - Array
(
    [code] => SCMBR0021532
    [current_stock] => 24
    [class_code_new] => CLS007
    [class] => F
)

[2026-03-11 13:47:28] Item hierarchy - Array
(
    [display_category] => FERMENTED BEER
    [ml_volume] => 650
)

[2026-03-11 13:47:28] Added to volume summary - Array
(
    [category] => FERMENTED BEER
    [volume] => 650 ML
    [new_total] => 836
)

[2026-03-11 13:47:28] Processing item - Array
(
    [code] => SCMPL0009668
    [current_stock] => 66
    [class_code_new] => CLS001
    [class] => W
)

[2026-03-11 13:47:28] Item hierarchy - Array
(
    [display_category] => SPIRITS
    [ml_volume] => 180
)

[2026-03-11 13:47:28] Added to volume summary - Array
(
    [category] => SPIRITS
    [volume] => 180 ML
    [new_total] => 7344
)

[2026-03-11 13:47:28] Processing item - Array
(
    [code] => SCMPL0009668
    [current_stock] => 12
    [class_code_new] => CLS001
    [class] => W
)

[2026-03-11 13:47:28] Item hierarchy - Array
(
    [display_category] => SPIRITS
    [ml_volume] => 180
)

[2026-03-11 13:47:28] Added to volume summary - Array
(
    [category] => SPIRITS
    [volume] => 180 ML
    [new_total] => 7356
)

[2026-03-11 13:47:28] Processing item - Array
(
    [code] => SCMPL0009688
    [current_stock] => 100
    [class_code_new] => CLS001
    [class] => W
)

[2026-03-11 13:47:28] Item hierarchy - Array
(
    [display_category] => SPIRITS
    [ml_volume] => 375
)

[2026-03-11 13:47:28] Added to volume summary - Array
(
    [category] => SPIRITS
    [volume] => 375 ML
    [new_total] => 249
)

[2026-03-11 13:47:28] Processing item - Array
(
    [code] => SCMPL0022277
    [current_stock] => 500
    [class_code_new] => CLS001
    [class] => W
)

[2026-03-11 13:47:28] Item hierarchy - Array
(
    [display_category] => SPIRITS
    [ml_volume] => 180
)

[2026-03-11 13:47:28] Added to volume summary - Array
(
    [category] => SPIRITS
    [volume] => 180 ML
    [new_total] => 7856
)

[2026-03-11 13:47:28] Processing item - Array
(
    [code] => SCMPL0018737
    [current_stock] => 500
    [class_code_new] => CLS001
    [class] => W
)

[2026-03-11 13:47:28] Item hierarchy - Array
(
    [display_category] => SPIRITS
    [ml_volume] => 90
)

[2026-03-11 13:47:28] Added to volume summary - Array
(
    [category] => SPIRITS
    [volume] => 90 ML
    [new_total] => 4369
)

[2026-03-11 13:47:28] Processing item - Array
(
    [code] => SCMKS0026878
    [current_stock] => 50
    [class_code_new] => CLS001
    [class] => W
)

[2026-03-11 13:47:28] Item hierarchy - Array
(
    [display_category] => SPIRITS
    [ml_volume] => 180
)

[2026-03-11 13:47:28] Added to volume summary - Array
(
    [category] => SPIRITS
    [volume] => 180 ML
    [new_total] => 7906
)

[2026-03-11 13:47:28] Processing item - Array
(
    [code] => SCMPL0009775
    [current_stock] => 500
    [class_code_new] => CLS001
    [class] => D
)

[2026-03-11 13:47:28] Item hierarchy - Array
(
    [display_category] => SPIRITS
    [ml_volume] => 180
)

[2026-03-11 13:47:28] Added to volume summary - Array
(
    [category] => SPIRITS
    [volume] => 180 ML
    [new_total] => 8406
)

[2026-03-11 13:47:28] Processing item - Array
(
    [code] => SCMPL0010678
    [current_stock] => 1500
    [class_code_new] => CLS001
    [class] => W
)

[2026-03-11 13:47:28] Item hierarchy - Array
(
    [display_category] => SPIRITS
    [ml_volume] => 90
)

[2026-03-11 13:47:28] Added to volume summary - Array
(
    [category] => SPIRITS
    [volume] => 90 ML
    [new_total] => 5869
)

[2026-03-11 13:47:28] Processing item - Array
(
    [code] => SCMBR0018137
    [current_stock] => 300
    [class_code_new] => CLS007
    [class] => F
)

[2026-03-11 13:47:28] Item hierarchy - Array
(
    [display_category] => FERMENTED BEER
    [ml_volume] => 330
)

[2026-03-11 13:47:28] Added to volume summary - Array
(
    [category] => FERMENTED BEER
    [volume] => 330 ML
    [new_total] => 800
)

[2026-03-11 13:47:28] Processing item - Array
(
    [code] => SCMKB0031391
    [current_stock] => 500
    [class_code_new] => CLS008
    [class] => M
)

[2026-03-11 13:47:28] Item hierarchy - Array
(
    [display_category] => MILD BEER
    [ml_volume] => 330
)

[2026-03-11 13:47:28] Added to volume summary - Array
(
    [category] => MILD BEER
    [volume] => 330 ML
    [new_total] => 500
)

[2026-03-11 13:47:28] Processing item - Array
(
    [code] => SCMBR0027089
    [current_stock] => 300
    [class_code_new] => CLS008
    [class] => M
)

[2026-03-11 13:47:28] Item hierarchy - Array
(
    [display_category] => MILD BEER
    [ml_volume] => 650
)

[2026-03-11 13:47:28] Added to volume summary - Array
(
    [category] => MILD BEER
    [volume] => 650 ML
    [new_total] => 300
)

[2026-03-11 13:47:28] Processing item - Array
(
    [code] => SCMBR0018132
    [current_stock] => 121
    [class_code_new] => CLS008
    [class] => M
)

[2026-03-11 13:47:28] Item hierarchy - Array
(
    [display_category] => MILD BEER
    [ml_volume] => 650
)

[2026-03-11 13:47:28] Added to volume summary - Array
(
    [category] => MILD BEER
    [volume] => 650 ML
    [new_total] => 421
)

[2026-03-11 13:47:28] Processing item - Array
(
    [code] => SCMBR0018158
    [current_stock] => 500
    [class_code_new] => CLS007
    [class] => F
)

[2026-03-11 13:47:28] Item hierarchy - Array
(
    [display_category] => FERMENTED BEER
    [ml_volume] => 330
)

[2026-03-11 13:47:28] Added to volume summary - Array
(
    [category] => FERMENTED BEER
    [volume] => 330 ML
    [new_total] => 1300
)

[2026-03-11 13:47:28] Processing item - Array
(
    [code] => SCMBR0023258
    [current_stock] => 500
    [class_code_new] => CLS007
    [class] => F
)

[2026-03-11 13:47:28] Item hierarchy - Array
(
    [display_category] => FERMENTED BEER
    [ml_volume] => 650
)

[2026-03-11 13:47:28] Added to volume summary - Array
(
    [category] => FERMENTED BEER
    [volume] => 650 ML
    [new_total] => 1336
)

[2026-03-11 13:47:28] Processing item - Array
(
    [code] => SCMPL0018648
    [current_stock] => 200
    [class_code_new] => CLS001
    [class] => K
)

[2026-03-11 13:47:28] Item hierarchy - Array
(
    [display_category] => SPIRITS
    [ml_volume] => 180
)

[2026-03-11 13:47:28] Added to volume summary - Array
(
    [category] => SPIRITS
    [volume] => 180 ML
    [new_total] => 8606
)

[2026-03-11 13:47:28] Processing item - Array
(
    [code] => SCMPL0033624
    [current_stock] => 500
    [class_code_new] => CLS001
    [class] => K
)

[2026-03-11 13:47:28] Item hierarchy - Array
(
    [display_category] => SPIRITS
    [ml_volume] => 90
)

[2026-03-11 13:47:28] Added to volume summary - Array
(
    [category] => SPIRITS
    [volume] => 90 ML
    [new_total] => 6369
)

[2026-03-11 13:47:28] Processing item - Array
(
    [code] => SCMPL0011438
    [current_stock] => 96
    [class_code_new] => CLS001
    [class] => K
)

[2026-03-11 13:47:28] Item hierarchy - Array
(
    [display_category] => SPIRITS
    [ml_volume] => 180
)

[2026-03-11 13:47:28] Added to volume summary - Array
(
    [category] => SPIRITS
    [volume] => 180 ML
    [new_total] => 8702
)

[2026-03-11 13:47:28] Processing item - Array
(
    [code] => SCMPL0011418
    [current_stock] => 240
    [class_code_new] => CLS001
    [class] => K
)

[2026-03-11 13:47:28] Item hierarchy - Array
(
    [display_category] => SPIRITS
    [ml_volume] => 180
)

[2026-03-11 13:47:28] Added to volume summary - Array
(
    [category] => SPIRITS
    [volume] => 180 ML
    [new_total] => 8942
)

[2026-03-11 13:47:28] Processing item - Array
(
    [code] => SCMBR0018635
    [current_stock] => 200
    [class_code_new] => CLS007
    [class] => F
)

[2026-03-11 13:47:28] Item hierarchy - Array
(
    [display_category] => FERMENTED BEER
    [ml_volume] => 650
)

[2026-03-11 13:47:28] Added to volume summary - Array
(
    [category] => FERMENTED BEER
    [volume] => 650 ML
    [new_total] => 1536
)

[2026-03-11 13:47:28] Processing item - Array
(
    [code] => SCMBR0029429
    [current_stock] => 500
    [class_code_new] => CLS007
    [class] => F
)

[2026-03-11 13:47:28] Item hierarchy - Array
(
    [display_category] => FERMENTED BEER
    [ml_volume] => 330
)

[2026-03-11 13:47:28] Added to volume summary - Array
(
    [category] => FERMENTED BEER
    [volume] => 330 ML
    [new_total] => 1800
)

[2026-03-11 13:47:28] Processing item - Array
(
    [code] => SCMBR0029431
    [current_stock] => 130
    [class_code_new] => CLS007
    [class] => F
)

[2026-03-11 13:47:28] Item hierarchy - Array
(
    [display_category] => FERMENTED BEER
    [ml_volume] => 650
)

[2026-03-11 13:47:28] Added to volume summary - Array
(
    [category] => FERMENTED BEER
    [volume] => 650 ML
    [new_total] => 1666
)

[2026-03-11 13:47:28] Processing item - Array
(
    [code] => SCMPL0010541
    [current_stock] => 400
    [class_code_new] => CLS001
    [class] => D
)

[2026-03-11 13:47:28] Item hierarchy - Array
(
    [display_category] => SPIRITS
    [ml_volume] => 180
)

[2026-03-11 13:47:28] Added to volume summary - Array
(
    [category] => SPIRITS
    [volume] => 180 ML
    [new_total] => 9342
)

[2026-03-11 13:47:28] Processing item - Array
(
    [code] => SCMPL0040482
    [current_stock] => 300
    [class_code_new] => CLS001
    [class] => W
)

[2026-03-11 13:47:28] Item hierarchy - Array
(
    [display_category] => SPIRITS
    [ml_volume] => 90
)

[2026-03-11 13:47:28] Added to volume summary - Array
(
    [category] => SPIRITS
    [volume] => 90 ML
    [new_total] => 6669
)

[2026-03-11 13:47:28] Processing item - Array
(
    [code] => SCMPL0009899
    [current_stock] => 500
    [class_code_new] => CLS001
    [class] => R
)

[2026-03-11 13:47:28] Item hierarchy - Array
(
    [display_category] => SPIRITS
    [ml_volume] => 90
)

[2026-03-11 13:47:28] Added to volume summary - Array
(
    [category] => SPIRITS
    [volume] => 90 ML
    [new_total] => 7169
)

[2026-03-11 13:47:28] Processing item - Array
(
    [code] => SCMPL0009902
    [current_stock] => 10
    [class_code_new] => CLS001
    [class] => R
)

[2026-03-11 13:47:28] Item hierarchy - Array
(
    [display_category] => SPIRITS
    [ml_volume] => 750
)

[2026-03-11 13:47:28] Added to volume summary - Array
(
    [category] => SPIRITS
    [volume] => 750 ML
    [new_total] => 80
)

[2026-03-11 13:47:28] Processing item - Array
(
    [code] => SCMPL0009903
    [current_stock] => 20
    [class_code_new] => CLS001
    [class] => R
)

[2026-03-11 13:47:28] Item hierarchy - Array
(
    [display_category] => SPIRITS
    [ml_volume] => 1000
)

[2026-03-11 13:47:28] Added to volume summary - Array
(
    [category] => SPIRITS
    [volume] => 1000 ML
    [new_total] => 67
)

[2026-03-11 13:47:28] Processing item - Array
(
    [code] => SCMPL0011581
    [current_stock] => 15
    [class_code_new] => CLS001
    [class] => W
)

[2026-03-11 13:47:28] Item hierarchy - Array
(
    [display_category] => SPIRITS
    [ml_volume] => 1000
)

[2026-03-11 13:47:28] Added to volume summary - Array
(
    [category] => SPIRITS
    [volume] => 1000 ML
    [new_total] => 82
)

[2026-03-11 13:47:28] Processing item - Array
(
    [code] => SCMPL0035367
    [current_stock] => 500
    [class_code_new] => CLS001
    [class] => K
)

[2026-03-11 13:47:28] Item hierarchy - Array
(
    [display_category] => SPIRITS
    [ml_volume] => 90
)

[2026-03-11 13:47:28] Added to volume summary - Array
(
    [category] => SPIRITS
    [volume] => 90 ML
    [new_total] => 7669
)

[2026-03-11 13:47:28] Processing item - Array
(
    [code] => SCMPL0036711
    [current_stock] => 500
    [class_code_new] => CLS001
    [class] => W
)

[2026-03-11 13:47:28] Item hierarchy - Array
(
    [display_category] => SPIRITS
    [ml_volume] => 90
)

[2026-03-11 13:47:28] Added to volume summary - Array
(
    [category] => SPIRITS
    [volume] => 90 ML
    [new_total] => 8169
)

[2026-03-11 13:47:28] Processing item - Array
(
    [code] => SCMPL0010702
    [current_stock] => 100
    [class_code_new] => CLS001
    [class] => W
)

[2026-03-11 13:47:28] Item hierarchy - Array
(
    [display_category] => SPIRITS
    [ml_volume] => 180
)

[2026-03-11 13:47:28] Added to volume summary - Array
(
    [category] => SPIRITS
    [volume] => 180 ML
    [new_total] => 9442
)

[2026-03-11 13:47:28] Processing item - Array
(
    [code] => SCMPL0029933
    [current_stock] => 6
    [class_code_new] => CLS001
    [class] => W
)

[2026-03-11 13:47:28] Item hierarchy - Array
(
    [display_category] => SPIRITS
    [ml_volume] => 180
)

[2026-03-11 13:47:28] Added to volume summary - Array
(
    [category] => SPIRITS
    [volume] => 180 ML
    [new_total] => 9448
)

[2026-03-11 13:47:28] Processing item - Array
(
    [code] => SCMPL0029928
    [current_stock] => 12
    [class_code_new] => CLS001
    [class] => W
)

[2026-03-11 13:47:28] Item hierarchy - Array
(
    [display_category] => SPIRITS
    [ml_volume] => 180
)

[2026-03-11 13:47:28] Added to volume summary - Array
(
    [category] => SPIRITS
    [volume] => 180 ML
    [new_total] => 9460
)

[2026-03-11 13:47:28] Processing item - Array
(
    [code] => SCMPL0010360
    [current_stock] => 24
    [class_code_new] => CLS001
    [class] => K
)

[2026-03-11 13:47:28] Item hierarchy - Array
(
    [display_category] => SPIRITS
    [ml_volume] => 180
)

[2026-03-11 13:47:28] Added to volume summary - Array
(
    [category] => SPIRITS
    [volume] => 180 ML
    [new_total] => 9484
)

[2026-03-11 13:47:28] Processing item - Array
(
    [code] => SCMPL0009968
    [current_stock] => 530
    [class_code_new] => CLS001
    [class] => K
)

[2026-03-11 13:47:28] Item hierarchy - Array
(
    [display_category] => SPIRITS
    [ml_volume] => 180
)

[2026-03-11 13:47:28] Added to volume summary - Array
(
    [category] => SPIRITS
    [volume] => 180 ML
    [new_total] => 10014
)

[2026-03-11 13:47:28] Processing item - Array
(
    [code] => SCMPL0009977
    [current_stock] => 542
    [class_code_new] => CLS001
    [class] => K
)

[2026-03-11 13:47:28] Item hierarchy - Array
(
    [display_category] => SPIRITS
    [ml_volume] => 180
)

[2026-03-11 13:47:28] Added to volume summary - Array
(
    [category] => SPIRITS
    [volume] => 180 ML
    [new_total] => 10556
)

[2026-03-11 13:47:28] Processing item - Array
(
    [code] => SCMKS0018253
    [current_stock] => 6
    [class_code_new] => CLS001
    [class] => W
)

[2026-03-11 13:47:28] Item hierarchy - Array
(
    [display_category] => SPIRITS
    [ml_volume] => 180
)

[2026-03-11 13:47:28] Added to volume summary - Array
(
    [category] => SPIRITS
    [volume] => 180 ML
    [new_total] => 10562
)

[2026-03-11 13:47:28] Processing item - Array
(
    [code] => SCMBR0037366
    [current_stock] => 48
    [class_code_new] => CLS008
    [class] => M
)

[2026-03-11 13:47:28] Item hierarchy - Array
(
    [display_category] => MILD BEER
    [ml_volume] => 330
)

[2026-03-11 13:47:28] Added to volume summary - Array
(
    [category] => MILD BEER
    [volume] => 330 ML
    [new_total] => 548
)

[2026-03-11 13:47:28] Processing item - Array
(
    [code] => SCMBR0018161
    [current_stock] => 130
    [class_code_new] => CLS007
    [class] => F
)

[2026-03-11 13:47:28] Item hierarchy - Array
(
    [display_category] => FERMENTED BEER
    [ml_volume] => 330
)

[2026-03-11 13:47:28] Added to volume summary - Array
(
    [category] => FERMENTED BEER
    [volume] => 330 ML
    [new_total] => 1930
)

[2026-03-11 13:47:28] Processing item - Array
(
    [code] => SCMPL0010020
    [current_stock] => 1225
    [class_code_new] => CLS001
    [class] => K
)

[2026-03-11 13:47:28] Item hierarchy - Array
(
    [display_category] => SPIRITS
    [ml_volume] => 180
)

[2026-03-11 13:47:28] Added to volume summary - Array
(
    [category] => SPIRITS
    [volume] => 180 ML
    [new_total] => 11787
)

[2026-03-11 13:47:28] Final volume summary - Array
(
    [SPIRITS] => Array
        (
            [50 ML] => 0
            [60 ML] => 0
            [90 ML] => 8169
            [170 ML] => 0
            [180 ML] => 11787
            [200 ML] => 0
            [250 ML] => 0
            [275 ML] => 0
            [330 ML] => 0
            [355 ML] => 0
            [375 ML] => 249
            [500 ML] => 0
            [650 ML] => 0
            [700 ML] => 0
            [750 ML] => 80
            [1000 ML] => 82
            [1.5L] => 0
            [1.75L] => 0
            [2L] => 0
            [3L] => 0
            [4.5L] => 0
            [15L] => 0
            [20L] => 0
            [30L] => 0
            [50L] => 0
        )

    [WINE] => Array
        (
            [50 ML] => 0
            [60 ML] => 0
            [90 ML] => 0
            [170 ML] => 0
            [180 ML] => 0
            [200 ML] => 0
            [250 ML] => 0
            [275 ML] => 0
            [330 ML] => 0
            [355 ML] => 0
            [375 ML] => 130
            [500 ML] => 0
            [650 ML] => 0
            [700 ML] => 0
            [750 ML] => 0
            [1000 ML] => 0
            [1.5L] => 0
            [1.75L] => 0
            [2L] => 0
            [3L] => 0
            [4.5L] => 0
            [15L] => 0
            [20L] => 0
            [30L] => 0
            [50L] => 0
        )

    [FERMENTED BEER] => Array
        (
            [50 ML] => 0
            [60 ML] => 0
            [90 ML] => 0
            [170 ML] => 0
            [180 ML] => 0
            [200 ML] => 0
            [250 ML] => 0
            [275 ML] => 0
            [330 ML] => 1930
            [355 ML] => 0
            [375 ML] => 0
            [500 ML] => 0
            [650 ML] => 1666
            [700 ML] => 0
            [750 ML] => 0
            [1000 ML] => 0
            [1.5L] => 0
            [1.75L] => 0
            [2L] => 0
            [3L] => 0
            [4.5L] => 0
            [15L] => 0
            [20L] => 0
            [30L] => 0
            [50L] => 0
        )

    [MILD BEER] => Array
        (
            [50 ML] => 0
            [60 ML] => 0
            [90 ML] => 0
            [170 ML] => 0
            [180 ML] => 0
            [200 ML] => 0
            [250 ML] => 0
            [275 ML] => 0
            [330 ML] => 548
            [355 ML] => 0
            [375 ML] => 0
            [500 ML] => 0
            [650 ML] => 421
            [700 ML] => 0
            [750 ML] => 0
            [1000 ML] => 0
            [1.5L] => 0
            [1.75L] => 0
            [2L] => 0
            [3L] => 0
            [4.5L] => 0
            [15L] => 0
            [20L] => 0
            [30L] => 0
            [50L] => 0
        )

    [COUNTRY LIQUOR] => Array
        (
            [50 ML] => 0
            [60 ML] => 0
            [90 ML] => 0
            [170 ML] => 0
            [180 ML] => 0
            [200 ML] => 0
            [250 ML] => 0
            [275 ML] => 0
            [330 ML] => 0
            [355 ML] => 0
            [375 ML] => 0
            [500 ML] => 0
            [650 ML] => 0
            [700 ML] => 0
            [750 ML] => 0
            [1000 ML] => 0
            [1.5L] => 0
            [1.75L] => 0
            [2L] => 0
            [3L] => 0
            [4.5L] => 0
            [15L] => 0
            [20L] => 0
            [30L] => 0
            [50L] => 0
        )

    [OTHER] => Array
        (
            [50 ML] => 0
            [60 ML] => 0
            [90 ML] => 0
            [170 ML] => 0
            [180 ML] => 0
            [200 ML] => 0
            [250 ML] => 0
            [275 ML] => 0
            [330 ML] => 0
            [355 ML] => 0
            [375 ML] => 0
            [500 ML] => 0
            [650 ML] => 0
            [700 ML] => 0
            [750 ML] => 0
            [1000 ML] => 0
            [1.5L] => 0
            [1.75L] => 0
            [2L] => 0
            [3L] => 0
            [4.5L] => 0
            [15L] => 0
            [20L] => 0
            [30L] => 0
            [50L] => 0
        )

)

[2026-03-11 13:47:28] AJAX volume_summary returning with categories count: 6
[2026-03-11 14:14:13] Script started
[2026-03-11 14:14:13] Financial Year - Array
(
    [start] => 2021-04-01
    [end] => 2022-03-31
    [fin_year_id] => 3
)

[2026-03-11 14:14:13] Allowed classes - Array
(
    [0] => W
    [1] => V
    [2] => M
    [3] => F
    [4] => D
    [5] => K
    [6] => G
    [7] => R
)

[2026-03-11 14:14:13] Calling findFirstOpeningBatchDate with - Array
(
    [comp_id] => 5
    [mode] => F
    [fy_start] => 2021-04-01
    [fy_end] => 2022-03-31
    [allowed_classes] => Array
        (
            [0] => W
            [1] => V
            [2] => M
            [3] => F
            [4] => D
            [5] => K
            [6] => G
            [7] => R
        )

)

[2026-03-11 14:14:13] findFirstOpeningBatchDate called - Array
(
    [comp_id] => 5
    [mode] => F
    [fy_start] => 2021-04-01
    [fy_end] => 2022-03-31
    [allowed_classes] => Array
        (
            [0] => W
            [1] => V
            [2] => M
            [3] => F
            [4] => D
            [5] => K
            [6] => G
            [7] => R
        )

)

[2026-03-11 14:14:13] generateMonthsInRange: Date range - Array
(
    [start] => 2021-04-01
    [end] => 2022-03-01
)

[2026-03-11 14:14:13] generateMonthsInRange: Generated months - Array
(
    [count] => 12
    [months] => Array
        (
            [0] => 2021-04
            [1] => 2021-05
            [2] => 2021-06
            [3] => 2021-07
            [4] => 2021-08
            [5] => 2021-09
            [6] => 2021-10
            [7] => 2021-11
            [8] => 2021-12
            [9] => 2022-01
            [10] => 2022-02
            [11] => 2022-03
        )

)

[2026-03-11 14:14:13] Generated months - Array
(
    [months] => Array
        (
            [0] => 2021-04
            [1] => 2021-05
            [2] => 2021-06
            [3] => 2021-07
            [4] => 2021-08
            [5] => 2021-09
            [6] => 2021-10
            [7] => 2021-11
            [8] => 2021-12
            [9] => 2022-01
            [10] => 2022-02
            [11] => 2022-03
        )

)

[2026-03-11 14:14:13] Found opening balance in month - Array
(
    [month] => 2021-04
    [item_code] => SCMPL0009770
)

[2026-03-11 14:14:13] Found first batch date - Array
(
    [date] => 2021-04-08
    [month] => 2021-04
    [day] => 08
)

[2026-03-11 14:14:13] First batch data result - Array
(
    [date] => 2021-04-08
    [month] => 2021-04
    [day] => 08
    [day_num] => 8
)

[2026-03-11 14:14:13] First batch data - Array
(
    [date] => 2021-04-08
    [month] => 2021-04
    [day] => 08
    [day_num] => 8
)

[2026-03-11 14:14:14] generateMonthsInRange: Date range - Array
(
    [start] => 2021-04-01
    [end] => 2021-04-01
)

[2026-03-11 14:14:14] generateMonthsInRange: Generated months - Array
(
    [count] => 1
    [months] => Array
        (
            [0] => 2021-04
        )

)

[2026-03-11 14:14:14] Initial counts (first batch) - Array
(
    [total] => 0
    [with_stock] => 0
)

[2026-03-11 14:14:14] Script completed, rendering page
[2026-03-11 14:14:14] Script started
[2026-03-11 14:14:14] Financial Year - Array
(
    [start] => 2021-04-01
    [end] => 2022-03-31
    [fin_year_id] => 3
)

[2026-03-11 14:14:14] Allowed classes - Array
(
    [0] => W
    [1] => V
    [2] => M
    [3] => F
    [4] => D
    [5] => K
    [6] => G
    [7] => R
)

[2026-03-11 14:14:14] Calling findFirstOpeningBatchDate with - Array
(
    [comp_id] => 5
    [mode] => F
    [fy_start] => 2021-04-01
    [fy_end] => 2022-03-31
    [allowed_classes] => Array
        (
            [0] => W
            [1] => V
            [2] => M
            [3] => F
            [4] => D
            [5] => K
            [6] => G
            [7] => R
        )

)

[2026-03-11 14:14:14] findFirstOpeningBatchDate called - Array
(
    [comp_id] => 5
    [mode] => F
    [fy_start] => 2021-04-01
    [fy_end] => 2022-03-31
    [allowed_classes] => Array
        (
            [0] => W
            [1] => V
            [2] => M
            [3] => F
            [4] => D
            [5] => K
            [6] => G
            [7] => R
        )

)

[2026-03-11 14:14:14] generateMonthsInRange: Date range - Array
(
    [start] => 2021-04-01
    [end] => 2022-03-01
)

[2026-03-11 14:14:14] generateMonthsInRange: Generated months - Array
(
    [count] => 12
    [months] => Array
        (
            [0] => 2021-04
            [1] => 2021-05
            [2] => 2021-06
            [3] => 2021-07
            [4] => 2021-08
            [5] => 2021-09
            [6] => 2021-10
            [7] => 2021-11
            [8] => 2021-12
            [9] => 2022-01
            [10] => 2022-02
            [11] => 2022-03
        )

)

[2026-03-11 14:14:14] Generated months - Array
(
    [months] => Array
        (
            [0] => 2021-04
            [1] => 2021-05
            [2] => 2021-06
            [3] => 2021-07
            [4] => 2021-08
            [5] => 2021-09
            [6] => 2021-10
            [7] => 2021-11
            [8] => 2021-12
            [9] => 2022-01
            [10] => 2022-02
            [11] => 2022-03
        )

)

[2026-03-11 14:14:14] Found opening balance in month - Array
(
    [month] => 2021-04
    [item_code] => SCMPL0009770
)

[2026-03-11 14:14:14] Found first batch date - Array
(
    [date] => 2021-04-08
    [month] => 2021-04
    [day] => 08
)

[2026-03-11 14:14:14] First batch data result - Array
(
    [date] => 2021-04-08
    [month] => 2021-04
    [day] => 08
    [day_num] => 8
)

[2026-03-11 14:14:14] First batch data - Array
(
    [date] => 2021-04-08
    [month] => 2021-04
    [day] => 08
    [day_num] => 8
)

[2026-03-11 14:14:14] AJAX get_items called - Array
(
    [page] => 1
    [view] => with_stock
    [mode] => F
    [search] => 
    [first_batch_data] => Array
        (
            [date] => 2021-04-08
            [month] => 2021-04
            [day] => 08
            [day_num] => 8
        )

)

[2026-03-11 14:14:14] generateMonthsInRange: Date range - Array
(
    [start] => 2021-04-01
    [end] => 2021-04-01
)

[2026-03-11 14:14:14] generateMonthsInRange: Generated months - Array
(
    [count] => 1
    [months] => Array
        (
            [0] => 2021-04
        )

)

[2026-03-11 14:14:14] AJAX get_items count query result - Array
(
    [total] => 0
    [batch_month] => 2021-04
    [batch_day] => 08
)

[2026-03-11 14:14:14] AJAX get_items returning - Array
(
    [items_count] => 0
    [total] => 0
    [has_more] => 
)

[2026-03-11 14:14:20] Script started
[2026-03-11 14:14:20] Financial Year - Array
(
    [start] => 2021-04-01
    [end] => 2022-03-31
    [fin_year_id] => 3
)

[2026-03-11 14:14:20] Allowed classes - Array
(
    [0] => W
    [1] => V
    [2] => M
    [3] => F
    [4] => D
    [5] => K
    [6] => G
    [7] => R
)

[2026-03-11 14:14:20] Calling findFirstOpeningBatchDate with - Array
(
    [comp_id] => 5
    [mode] => F
    [fy_start] => 2021-04-01
    [fy_end] => 2022-03-31
    [allowed_classes] => Array
        (
            [0] => W
            [1] => V
            [2] => M
            [3] => F
            [4] => D
            [5] => K
            [6] => G
            [7] => R
        )

)

[2026-03-11 14:14:20] findFirstOpeningBatchDate called - Array
(
    [comp_id] => 5
    [mode] => F
    [fy_start] => 2021-04-01
    [fy_end] => 2022-03-31
    [allowed_classes] => Array
        (
            [0] => W
            [1] => V
            [2] => M
            [3] => F
            [4] => D
            [5] => K
            [6] => G
            [7] => R
        )

)

[2026-03-11 14:14:20] generateMonthsInRange: Date range - Array
(
    [start] => 2021-04-01
    [end] => 2022-03-01
)

[2026-03-11 14:14:20] generateMonthsInRange: Generated months - Array
(
    [count] => 12
    [months] => Array
        (
            [0] => 2021-04
            [1] => 2021-05
            [2] => 2021-06
            [3] => 2021-07
            [4] => 2021-08
            [5] => 2021-09
            [6] => 2021-10
            [7] => 2021-11
            [8] => 2021-12
            [9] => 2022-01
            [10] => 2022-02
            [11] => 2022-03
        )

)

[2026-03-11 14:14:20] Generated months - Array
(
    [months] => Array
        (
            [0] => 2021-04
            [1] => 2021-05
            [2] => 2021-06
            [3] => 2021-07
            [4] => 2021-08
            [5] => 2021-09
            [6] => 2021-10
            [7] => 2021-11
            [8] => 2021-12
            [9] => 2022-01
            [10] => 2022-02
            [11] => 2022-03
        )

)

[2026-03-11 14:14:20] Found opening balance in month - Array
(
    [month] => 2021-04
    [item_code] => SCMPL0009770
)

[2026-03-11 14:14:20] Found first batch date - Array
(
    [date] => 2021-04-08
    [month] => 2021-04
    [day] => 08
)

[2026-03-11 14:14:20] First batch data result - Array
(
    [date] => 2021-04-08
    [month] => 2021-04
    [day] => 08
    [day_num] => 8
)

[2026-03-11 14:14:20] First batch data - Array
(
    [date] => 2021-04-08
    [month] => 2021-04
    [day] => 08
    [day_num] => 8
)

[2026-03-11 14:14:20] AJAX volume_summary called - Array
(
    [ajax] => volume_summary
    [mode] => F
    [t] => 1773234860712
)

[2026-03-11 14:14:20] Volume summary - checking table - Array
(
    [batch_table] => tbldailystock_5_04_21
    [batch_month] => 2021-04
)

[2026-03-11 14:14:20] getOpeningBalanceVolumeSummary called - Array
(
    [mode] => F
    [comp_id] => 5
    [allowed_classes] => Array
        (
            [0] => W
            [1] => V
            [2] => M
            [3] => F
            [4] => D
            [5] => K
            [6] => G
            [7] => R
        )

    [first_batch_data] => Array
        (
            [date] => 2021-04-08
            [month] => 2021-04
            [day] => 08
            [day_num] => 8
        )

)

[2026-03-11 14:14:20] Processing volume summary - Array
(
    [batch_month] => 2021-04
    [batch_day] => 08
    [batch_date] => 2021-04-08
    [batch_table] => tbldailystock_5_04_21
)

[2026-03-11 14:14:20] generateMonthsInRange: Date range - Array
(
    [start] => 2021-04-01
    [end] => 2021-04-01
)

[2026-03-11 14:14:20] generateMonthsInRange: Generated months - Array
(
    [count] => 1
    [months] => Array
        (
            [0] => 2021-04
        )

)

[2026-03-11 14:14:20] Volume summary query returned rows - Array
(
    [count] => 0
)

[2026-03-11 14:14:20] Final volume summary - Array
(
    [SPIRITS] => Array
        (
            [50L] => 0
            [30L] => 0
            [20L] => 0
            [15L] => 0
            [4.5L] => 0
            [3L] => 0
            [2L] => 0
            [1.75L] => 0
            [1.5L] => 0
            [1000 ML] => 0
            [750 ML] => 0
            [700 ML] => 0
            [650 ML] => 0
            [500 ML] => 0
            [375 ML] => 0
            [355 ML] => 0
            [330 ML] => 0
            [275 ML] => 0
            [250 ML] => 0
            [200 ML] => 0
            [180 ML] => 0
            [170 ML] => 0
            [90 ML] => 0
            [60 ML] => 0
            [50 ML] => 0
        )

    [WINE] => Array
        (
            [50L] => 0
            [30L] => 0
            [20L] => 0
            [15L] => 0
            [4.5L] => 0
            [3L] => 0
            [2L] => 0
            [1.75L] => 0
            [1.5L] => 0
            [1000 ML] => 0
            [750 ML] => 0
            [700 ML] => 0
            [650 ML] => 0
            [500 ML] => 0
            [375 ML] => 0
            [355 ML] => 0
            [330 ML] => 0
            [275 ML] => 0
            [250 ML] => 0
            [200 ML] => 0
            [180 ML] => 0
            [170 ML] => 0
            [90 ML] => 0
            [60 ML] => 0
            [50 ML] => 0
        )

    [FERMENTED BEER] => Array
        (
            [50L] => 0
            [30L] => 0
            [20L] => 0
            [15L] => 0
            [4.5L] => 0
            [3L] => 0
            [2L] => 0
            [1.75L] => 0
            [1.5L] => 0
            [1000 ML] => 0
            [750 ML] => 0
            [700 ML] => 0
            [650 ML] => 0
            [500 ML] => 0
            [375 ML] => 0
            [355 ML] => 0
            [330 ML] => 0
            [275 ML] => 0
            [250 ML] => 0
            [200 ML] => 0
            [180 ML] => 0
            [170 ML] => 0
            [90 ML] => 0
            [60 ML] => 0
            [50 ML] => 0
        )

    [MILD BEER] => Array
        (
            [50L] => 0
            [30L] => 0
            [20L] => 0
            [15L] => 0
            [4.5L] => 0
            [3L] => 0
            [2L] => 0
            [1.75L] => 0
            [1.5L] => 0
            [1000 ML] => 0
            [750 ML] => 0
            [700 ML] => 0
            [650 ML] => 0
            [500 ML] => 0
            [375 ML] => 0
            [355 ML] => 0
            [330 ML] => 0
            [275 ML] => 0
            [250 ML] => 0
            [200 ML] => 0
            [180 ML] => 0
            [170 ML] => 0
            [90 ML] => 0
            [60 ML] => 0
            [50 ML] => 0
        )

    [COUNTRY LIQUOR] => Array
        (
            [50L] => 0
            [30L] => 0
            [20L] => 0
            [15L] => 0
            [4.5L] => 0
            [3L] => 0
            [2L] => 0
            [1.75L] => 0
            [1.5L] => 0
            [1000 ML] => 0
            [750 ML] => 0
            [700 ML] => 0
            [650 ML] => 0
            [500 ML] => 0
            [375 ML] => 0
            [355 ML] => 0
            [330 ML] => 0
            [275 ML] => 0
            [250 ML] => 0
            [200 ML] => 0
            [180 ML] => 0
            [170 ML] => 0
            [90 ML] => 0
            [60 ML] => 0
            [50 ML] => 0
        )

    [OTHER] => Array
        (
            [50L] => 0
            [30L] => 0
            [20L] => 0
            [15L] => 0
            [4.5L] => 0
            [3L] => 0
            [2L] => 0
            [1.75L] => 0
            [1.5L] => 0
            [1000 ML] => 0
            [750 ML] => 0
            [700 ML] => 0
            [650 ML] => 0
            [500 ML] => 0
            [375 ML] => 0
            [355 ML] => 0
            [330 ML] => 0
            [275 ML] => 0
            [250 ML] => 0
            [200 ML] => 0
            [180 ML] => 0
            [170 ML] => 0
            [90 ML] => 0
            [60 ML] => 0
            [50 ML] => 0
        )

)

[2026-03-11 14:14:20] AJAX volume_summary returning with categories count: 6
[2026-03-11 14:14:28] Script started
[2026-03-11 14:14:28] Financial Year - Array
(
    [start] => 2021-04-01
    [end] => 2022-03-31
    [fin_year_id] => 3
)

[2026-03-11 14:14:28] Allowed classes - Array
(
    [0] => W
    [1] => V
    [2] => M
    [3] => F
    [4] => D
    [5] => K
    [6] => G
    [7] => R
)

[2026-03-11 14:14:28] Calling findFirstOpeningBatchDate with - Array
(
    [comp_id] => 5
    [mode] => F
    [fy_start] => 2021-04-01
    [fy_end] => 2022-03-31
    [allowed_classes] => Array
        (
            [0] => W
            [1] => V
            [2] => M
            [3] => F
            [4] => D
            [5] => K
            [6] => G
            [7] => R
        )

)

[2026-03-11 14:14:28] findFirstOpeningBatchDate called - Array
(
    [comp_id] => 5
    [mode] => F
    [fy_start] => 2021-04-01
    [fy_end] => 2022-03-31
    [allowed_classes] => Array
        (
            [0] => W
            [1] => V
            [2] => M
            [3] => F
            [4] => D
            [5] => K
            [6] => G
            [7] => R
        )

)

[2026-03-11 14:14:28] generateMonthsInRange: Date range - Array
(
    [start] => 2021-04-01
    [end] => 2022-03-01
)

[2026-03-11 14:14:29] generateMonthsInRange: Generated months - Array
(
    [count] => 12
    [months] => Array
        (
            [0] => 2021-04
            [1] => 2021-05
            [2] => 2021-06
            [3] => 2021-07
            [4] => 2021-08
            [5] => 2021-09
            [6] => 2021-10
            [7] => 2021-11
            [8] => 2021-12
            [9] => 2022-01
            [10] => 2022-02
            [11] => 2022-03
        )

)

[2026-03-11 14:14:29] Generated months - Array
(
    [months] => Array
        (
            [0] => 2021-04
            [1] => 2021-05
            [2] => 2021-06
            [3] => 2021-07
            [4] => 2021-08
            [5] => 2021-09
            [6] => 2021-10
            [7] => 2021-11
            [8] => 2021-12
            [9] => 2022-01
            [10] => 2022-02
            [11] => 2022-03
        )

)

[2026-03-11 14:14:29] Found opening balance in month - Array
(
    [month] => 2021-04
    [item_code] => SCMPL0009770
)

[2026-03-11 14:14:29] Found first batch date - Array
(
    [date] => 2021-04-08
    [month] => 2021-04
    [day] => 08
)

[2026-03-11 14:14:29] First batch data result - Array
(
    [date] => 2021-04-08
    [month] => 2021-04
    [day] => 08
    [day_num] => 8
)

[2026-03-11 14:14:29] First batch data - Array
(
    [date] => 2021-04-08
    [month] => 2021-04
    [day] => 08
    [day_num] => 8
)

[2026-03-11 14:14:29] AJAX get_items called - Array
(
    [page] => 1
    [view] => without_stock
    [mode] => F
    [search] => 
    [first_batch_data] => Array
        (
            [date] => 2021-04-08
            [month] => 2021-04
            [day] => 08
            [day_num] => 8
        )

)

[2026-03-11 14:14:29] generateMonthsInRange: Date range - Array
(
    [start] => 2021-04-01
    [end] => 2021-04-01
)

[2026-03-11 14:14:29] generateMonthsInRange: Generated months - Array
(
    [count] => 1
    [months] => Array
        (
            [0] => 2021-04
        )

)

[2026-03-11 14:14:29] AJAX get_items count query result - Array
(
    [total] => 0
    [batch_month] => 2021-04
    [batch_day] => 08
)

[2026-03-11 14:14:29] AJAX get_items returning - Array
(
    [items_count] => 0
    [total] => 0
    [has_more] => 
)

[2026-03-11 14:14:30] Script started
[2026-03-11 14:14:30] Financial Year - Array
(
    [start] => 2021-04-01
    [end] => 2022-03-31
    [fin_year_id] => 3
)

[2026-03-11 14:14:30] Allowed classes - Array
(
    [0] => W
    [1] => V
    [2] => M
    [3] => F
    [4] => D
    [5] => K
    [6] => G
    [7] => R
)

[2026-03-11 14:14:30] Calling findFirstOpeningBatchDate with - Array
(
    [comp_id] => 5
    [mode] => F
    [fy_start] => 2021-04-01
    [fy_end] => 2022-03-31
    [allowed_classes] => Array
        (
            [0] => W
            [1] => V
            [2] => M
            [3] => F
            [4] => D
            [5] => K
            [6] => G
            [7] => R
        )

)

[2026-03-11 14:14:30] findFirstOpeningBatchDate called - Array
(
    [comp_id] => 5
    [mode] => F
    [fy_start] => 2021-04-01
    [fy_end] => 2022-03-31
    [allowed_classes] => Array
        (
            [0] => W
            [1] => V
            [2] => M
            [3] => F
            [4] => D
            [5] => K
            [6] => G
            [7] => R
        )

)

[2026-03-11 14:14:30] generateMonthsInRange: Date range - Array
(
    [start] => 2021-04-01
    [end] => 2022-03-01
)

[2026-03-11 14:14:30] generateMonthsInRange: Generated months - Array
(
    [count] => 12
    [months] => Array
        (
            [0] => 2021-04
            [1] => 2021-05
            [2] => 2021-06
            [3] => 2021-07
            [4] => 2021-08
            [5] => 2021-09
            [6] => 2021-10
            [7] => 2021-11
            [8] => 2021-12
            [9] => 2022-01
            [10] => 2022-02
            [11] => 2022-03
        )

)

[2026-03-11 14:14:30] Generated months - Array
(
    [months] => Array
        (
            [0] => 2021-04
            [1] => 2021-05
            [2] => 2021-06
            [3] => 2021-07
            [4] => 2021-08
            [5] => 2021-09
            [6] => 2021-10
            [7] => 2021-11
            [8] => 2021-12
            [9] => 2022-01
            [10] => 2022-02
            [11] => 2022-03
        )

)

[2026-03-11 14:14:30] Found opening balance in month - Array
(
    [month] => 2021-04
    [item_code] => SCMPL0009770
)

[2026-03-11 14:14:30] Found first batch date - Array
(
    [date] => 2021-04-08
    [month] => 2021-04
    [day] => 08
)

[2026-03-11 14:14:30] First batch data result - Array
(
    [date] => 2021-04-08
    [month] => 2021-04
    [day] => 08
    [day_num] => 8
)

[2026-03-11 14:14:30] First batch data - Array
(
    [date] => 2021-04-08
    [month] => 2021-04
    [day] => 08
    [day_num] => 8
)

[2026-03-11 14:14:30] AJAX get_items called - Array
(
    [page] => 1
    [view] => with_stock
    [mode] => F
    [search] => 
    [first_batch_data] => Array
        (
            [date] => 2021-04-08
            [month] => 2021-04
            [day] => 08
            [day_num] => 8
        )

)

[2026-03-11 14:14:30] generateMonthsInRange: Date range - Array
(
    [start] => 2021-04-01
    [end] => 2021-04-01
)

[2026-03-11 14:14:30] generateMonthsInRange: Generated months - Array
(
    [count] => 1
    [months] => Array
        (
            [0] => 2021-04
        )

)

[2026-03-11 14:14:30] AJAX get_items count query result - Array
(
    [total] => 0
    [batch_month] => 2021-04
    [batch_day] => 08
)

[2026-03-11 14:14:30] AJAX get_items returning - Array
(
    [items_count] => 0
    [total] => 0
    [has_more] => 
)

[2026-03-11 14:14:31] Script started
[2026-03-11 14:14:31] Financial Year - Array
(
    [start] => 2021-04-01
    [end] => 2022-03-31
    [fin_year_id] => 3
)

[2026-03-11 14:14:31] Allowed classes - Array
(
    [0] => W
    [1] => V
    [2] => M
    [3] => F
    [4] => D
    [5] => K
    [6] => G
    [7] => R
)

[2026-03-11 14:14:31] Calling findFirstOpeningBatchDate with - Array
(
    [comp_id] => 5
    [mode] => F
    [fy_start] => 2021-04-01
    [fy_end] => 2022-03-31
    [allowed_classes] => Array
        (
            [0] => W
            [1] => V
            [2] => M
            [3] => F
            [4] => D
            [5] => K
            [6] => G
            [7] => R
        )

)

[2026-03-11 14:14:31] findFirstOpeningBatchDate called - Array
(
    [comp_id] => 5
    [mode] => F
    [fy_start] => 2021-04-01
    [fy_end] => 2022-03-31
    [allowed_classes] => Array
        (
            [0] => W
            [1] => V
            [2] => M
            [3] => F
            [4] => D
            [5] => K
            [6] => G
            [7] => R
        )

)

[2026-03-11 14:14:31] generateMonthsInRange: Date range - Array
(
    [start] => 2021-04-01
    [end] => 2022-03-01
)

[2026-03-11 14:14:31] generateMonthsInRange: Generated months - Array
(
    [count] => 12
    [months] => Array
        (
            [0] => 2021-04
            [1] => 2021-05
            [2] => 2021-06
            [3] => 2021-07
            [4] => 2021-08
            [5] => 2021-09
            [6] => 2021-10
            [7] => 2021-11
            [8] => 2021-12
            [9] => 2022-01
            [10] => 2022-02
            [11] => 2022-03
        )

)

[2026-03-11 14:14:31] Generated months - Array
(
    [months] => Array
        (
            [0] => 2021-04
            [1] => 2021-05
            [2] => 2021-06
            [3] => 2021-07
            [4] => 2021-08
            [5] => 2021-09
            [6] => 2021-10
            [7] => 2021-11
            [8] => 2021-12
            [9] => 2022-01
            [10] => 2022-02
            [11] => 2022-03
        )

)

[2026-03-11 14:14:31] Found opening balance in month - Array
(
    [month] => 2021-04
    [item_code] => SCMPL0009770
)

[2026-03-11 14:14:31] Found first batch date - Array
(
    [date] => 2021-04-08
    [month] => 2021-04
    [day] => 08
)

[2026-03-11 14:14:31] First batch data result - Array
(
    [date] => 2021-04-08
    [month] => 2021-04
    [day] => 08
    [day_num] => 8
)

[2026-03-11 14:14:31] First batch data - Array
(
    [date] => 2021-04-08
    [month] => 2021-04
    [day] => 08
    [day_num] => 8
)

[2026-03-11 14:14:31] AJAX get_items called - Array
(
    [page] => 1
    [view] => without_stock
    [mode] => F
    [search] => 
    [first_batch_data] => Array
        (
            [date] => 2021-04-08
            [month] => 2021-04
            [day] => 08
            [day_num] => 8
        )

)

[2026-03-11 14:14:31] generateMonthsInRange: Date range - Array
(
    [start] => 2021-04-01
    [end] => 2021-04-01
)

[2026-03-11 14:14:31] generateMonthsInRange: Generated months - Array
(
    [count] => 1
    [months] => Array
        (
            [0] => 2021-04
        )

)

[2026-03-11 14:14:31] AJAX get_items count query result - Array
(
    [total] => 0
    [batch_month] => 2021-04
    [batch_day] => 08
)

[2026-03-11 14:14:31] AJAX get_items returning - Array
(
    [items_count] => 0
    [total] => 0
    [has_more] => 
)

[2026-03-11 14:14:32] Script started
[2026-03-11 14:14:32] Financial Year - Array
(
    [start] => 2021-04-01
    [end] => 2022-03-31
    [fin_year_id] => 3
)

[2026-03-11 14:14:32] Allowed classes - Array
(
    [0] => W
    [1] => V
    [2] => M
    [3] => F
    [4] => D
    [5] => K
    [6] => G
    [7] => R
)

[2026-03-11 14:14:32] Calling findFirstOpeningBatchDate with - Array
(
    [comp_id] => 5
    [mode] => F
    [fy_start] => 2021-04-01
    [fy_end] => 2022-03-31
    [allowed_classes] => Array
        (
            [0] => W
            [1] => V
            [2] => M
            [3] => F
            [4] => D
            [5] => K
            [6] => G
            [7] => R
        )

)

[2026-03-11 14:14:32] findFirstOpeningBatchDate called - Array
(
    [comp_id] => 5
    [mode] => F
    [fy_start] => 2021-04-01
    [fy_end] => 2022-03-31
    [allowed_classes] => Array
        (
            [0] => W
            [1] => V
            [2] => M
            [3] => F
            [4] => D
            [5] => K
            [6] => G
            [7] => R
        )

)

[2026-03-11 14:14:32] generateMonthsInRange: Date range - Array
(
    [start] => 2021-04-01
    [end] => 2022-03-01
)

[2026-03-11 14:14:32] generateMonthsInRange: Generated months - Array
(
    [count] => 12
    [months] => Array
        (
            [0] => 2021-04
            [1] => 2021-05
            [2] => 2021-06
            [3] => 2021-07
            [4] => 2021-08
            [5] => 2021-09
            [6] => 2021-10
            [7] => 2021-11
            [8] => 2021-12
            [9] => 2022-01
            [10] => 2022-02
            [11] => 2022-03
        )

)

[2026-03-11 14:14:32] Generated months - Array
(
    [months] => Array
        (
            [0] => 2021-04
            [1] => 2021-05
            [2] => 2021-06
            [3] => 2021-07
            [4] => 2021-08
            [5] => 2021-09
            [6] => 2021-10
            [7] => 2021-11
            [8] => 2021-12
            [9] => 2022-01
            [10] => 2022-02
            [11] => 2022-03
        )

)

[2026-03-11 14:14:32] Found opening balance in month - Array
(
    [month] => 2021-04
    [item_code] => SCMPL0009770
)

[2026-03-11 14:14:32] Found first batch date - Array
(
    [date] => 2021-04-08
    [month] => 2021-04
    [day] => 08
)

[2026-03-11 14:14:32] First batch data result - Array
(
    [date] => 2021-04-08
    [month] => 2021-04
    [day] => 08
    [day_num] => 8
)

[2026-03-11 14:14:32] First batch data - Array
(
    [date] => 2021-04-08
    [month] => 2021-04
    [day] => 08
    [day_num] => 8
)

[2026-03-11 14:14:32] AJAX get_items called - Array
(
    [page] => 1
    [view] => without_stock
    [mode] => F
    [search] => 
    [first_batch_data] => Array
        (
            [date] => 2021-04-08
            [month] => 2021-04
            [day] => 08
            [day_num] => 8
        )

)

[2026-03-11 14:14:32] generateMonthsInRange: Date range - Array
(
    [start] => 2021-04-01
    [end] => 2021-04-01
)

[2026-03-11 14:14:32] generateMonthsInRange: Generated months - Array
(
    [count] => 1
    [months] => Array
        (
            [0] => 2021-04
        )

)

[2026-03-11 14:14:32] AJAX get_items count query result - Array
(
    [total] => 0
    [batch_month] => 2021-04
    [batch_day] => 08
)

[2026-03-11 14:14:32] AJAX get_items returning - Array
(
    [items_count] => 0
    [total] => 0
    [has_more] => 
)

[2026-03-11 14:14:34] Script started
[2026-03-11 14:14:34] Financial Year - Array
(
    [start] => 2021-04-01
    [end] => 2022-03-31
    [fin_year_id] => 3
)

[2026-03-11 14:14:34] Allowed classes - Array
(
    [0] => W
    [1] => V
    [2] => M
    [3] => F
    [4] => D
    [5] => K
    [6] => G
    [7] => R
)

[2026-03-11 14:14:34] Calling findFirstOpeningBatchDate with - Array
(
    [comp_id] => 5
    [mode] => F
    [fy_start] => 2021-04-01
    [fy_end] => 2022-03-31
    [allowed_classes] => Array
        (
            [0] => W
            [1] => V
            [2] => M
            [3] => F
            [4] => D
            [5] => K
            [6] => G
            [7] => R
        )

)

[2026-03-11 14:14:34] findFirstOpeningBatchDate called - Array
(
    [comp_id] => 5
    [mode] => F
    [fy_start] => 2021-04-01
    [fy_end] => 2022-03-31
    [allowed_classes] => Array
        (
            [0] => W
            [1] => V
            [2] => M
            [3] => F
            [4] => D
            [5] => K
            [6] => G
            [7] => R
        )

)

[2026-03-11 14:14:34] generateMonthsInRange: Date range - Array
(
    [start] => 2021-04-01
    [end] => 2022-03-01
)

[2026-03-11 14:14:34] generateMonthsInRange: Generated months - Array
(
    [count] => 12
    [months] => Array
        (
            [0] => 2021-04
            [1] => 2021-05
            [2] => 2021-06
            [3] => 2021-07
            [4] => 2021-08
            [5] => 2021-09
            [6] => 2021-10
            [7] => 2021-11
            [8] => 2021-12
            [9] => 2022-01
            [10] => 2022-02
            [11] => 2022-03
        )

)

[2026-03-11 14:14:34] Generated months - Array
(
    [months] => Array
        (
            [0] => 2021-04
            [1] => 2021-05
            [2] => 2021-06
            [3] => 2021-07
            [4] => 2021-08
            [5] => 2021-09
            [6] => 2021-10
            [7] => 2021-11
            [8] => 2021-12
            [9] => 2022-01
            [10] => 2022-02
            [11] => 2022-03
        )

)

[2026-03-11 14:14:34] Found opening balance in month - Array
(
    [month] => 2021-04
    [item_code] => SCMPL0009770
)

[2026-03-11 14:14:34] Found first batch date - Array
(
    [date] => 2021-04-08
    [month] => 2021-04
    [day] => 08
)

[2026-03-11 14:14:34] First batch data result - Array
(
    [date] => 2021-04-08
    [month] => 2021-04
    [day] => 08
    [day_num] => 8
)

[2026-03-11 14:14:34] First batch data - Array
(
    [date] => 2021-04-08
    [month] => 2021-04
    [day] => 08
    [day_num] => 8
)

[2026-03-11 14:14:34] AJAX get_items called - Array
(
    [page] => 1
    [view] => with_stock
    [mode] => F
    [search] => 
    [first_batch_data] => Array
        (
            [date] => 2021-04-08
            [month] => 2021-04
            [day] => 08
            [day_num] => 8
        )

)

[2026-03-11 14:14:34] generateMonthsInRange: Date range - Array
(
    [start] => 2021-04-01
    [end] => 2021-04-01
)

[2026-03-11 14:14:34] generateMonthsInRange: Generated months - Array
(
    [count] => 1
    [months] => Array
        (
            [0] => 2021-04
        )

)

[2026-03-11 14:14:34] AJAX get_items count query result - Array
(
    [total] => 0
    [batch_month] => 2021-04
    [batch_day] => 08
)

[2026-03-11 14:14:34] AJAX get_items returning - Array
(
    [items_count] => 0
    [total] => 0
    [has_more] => 
)

[2026-03-11 14:31:28] Script started
[2026-03-11 14:31:28] Financial Year - Array
(
    [start] => 2021-04-01
    [end] => 2022-03-31
    [fin_year_id] => 3
)

[2026-03-11 14:31:28] Allowed classes - Array
(
    [0] => W
    [1] => V
    [2] => M
    [3] => F
    [4] => D
    [5] => K
    [6] => G
    [7] => R
)

[2026-03-11 14:31:28] Calling findFirstOpeningBatchDate with - Array
(
    [comp_id] => 5
    [mode] => F
    [fy_start] => 2021-04-01
    [fy_end] => 2022-03-31
    [allowed_classes] => Array
        (
            [0] => W
            [1] => V
            [2] => M
            [3] => F
            [4] => D
            [5] => K
            [6] => G
            [7] => R
        )

)

[2026-03-11 14:31:28] findFirstOpeningBatchDate called - Array
(
    [comp_id] => 5
    [mode] => F
    [fy_start] => 2021-04-01
    [fy_end] => 2022-03-31
    [allowed_classes] => Array
        (
            [0] => W
            [1] => V
            [2] => M
            [3] => F
            [4] => D
            [5] => K
            [6] => G
            [7] => R
        )

)

[2026-03-11 14:31:28] generateMonthsInRange: Date range - Array
(
    [start] => 2021-04-01
    [end] => 2022-03-01
)

[2026-03-11 14:31:28] generateMonthsInRange: Generated months - Array
(
    [count] => 12
    [months] => Array
        (
            [0] => 2021-04
            [1] => 2021-05
            [2] => 2021-06
            [3] => 2021-07
            [4] => 2021-08
            [5] => 2021-09
            [6] => 2021-10
            [7] => 2021-11
            [8] => 2021-12
            [9] => 2022-01
            [10] => 2022-02
            [11] => 2022-03
        )

)

[2026-03-11 14:31:28] Generated months - Array
(
    [months] => Array
        (
            [0] => 2021-04
            [1] => 2021-05
            [2] => 2021-06
            [3] => 2021-07
            [4] => 2021-08
            [5] => 2021-09
            [6] => 2021-10
            [7] => 2021-11
            [8] => 2021-12
            [9] => 2022-01
            [10] => 2022-02
            [11] => 2022-03
        )

)

[2026-03-11 14:31:28] Found opening balance in month - Array
(
    [month] => 2021-04
    [item_code] => SCMPL0009770
)

[2026-03-11 14:31:28] Found first batch date - Array
(
    [date] => 2021-04-08
    [month] => 2021-04
    [day] => 08
)

[2026-03-11 14:31:28] First batch data result - Array
(
    [date] => 2021-04-08
    [month] => 2021-04
    [day] => 08
    [day_num] => 8
)

[2026-03-11 14:31:28] First batch data - Array
(
    [date] => 2021-04-08
    [month] => 2021-04
    [day] => 08
    [day_num] => 8
)

[2026-03-11 14:31:28] generateMonthsInRange: Date range - Array
(
    [start] => 2021-04-01
    [end] => 2021-04-01
)

[2026-03-11 14:31:28] generateMonthsInRange: Generated months - Array
(
    [count] => 1
    [months] => Array
        (
            [0] => 2021-04
        )

)

[2026-03-11 14:31:28] Initial counts (first batch) - Array
(
    [total] => 0
    [with_stock] => 0
)

[2026-03-11 14:31:28] Script completed, rendering page
[2026-03-11 14:31:28] Script started
[2026-03-11 14:31:28] Financial Year - Array
(
    [start] => 2021-04-01
    [end] => 2022-03-31
    [fin_year_id] => 3
)

[2026-03-11 14:31:28] Allowed classes - Array
(
    [0] => W
    [1] => V
    [2] => M
    [3] => F
    [4] => D
    [5] => K
    [6] => G
    [7] => R
)

[2026-03-11 14:31:28] Calling findFirstOpeningBatchDate with - Array
(
    [comp_id] => 5
    [mode] => F
    [fy_start] => 2021-04-01
    [fy_end] => 2022-03-31
    [allowed_classes] => Array
        (
            [0] => W
            [1] => V
            [2] => M
            [3] => F
            [4] => D
            [5] => K
            [6] => G
            [7] => R
        )

)

[2026-03-11 14:31:28] findFirstOpeningBatchDate called - Array
(
    [comp_id] => 5
    [mode] => F
    [fy_start] => 2021-04-01
    [fy_end] => 2022-03-31
    [allowed_classes] => Array
        (
            [0] => W
            [1] => V
            [2] => M
            [3] => F
            [4] => D
            [5] => K
            [6] => G
            [7] => R
        )

)

[2026-03-11 14:31:28] generateMonthsInRange: Date range - Array
(
    [start] => 2021-04-01
    [end] => 2022-03-01
)

[2026-03-11 14:31:28] generateMonthsInRange: Generated months - Array
(
    [count] => 12
    [months] => Array
        (
            [0] => 2021-04
            [1] => 2021-05
            [2] => 2021-06
            [3] => 2021-07
            [4] => 2021-08
            [5] => 2021-09
            [6] => 2021-10
            [7] => 2021-11
            [8] => 2021-12
            [9] => 2022-01
            [10] => 2022-02
            [11] => 2022-03
        )

)

[2026-03-11 14:31:28] Generated months - Array
(
    [months] => Array
        (
            [0] => 2021-04
            [1] => 2021-05
            [2] => 2021-06
            [3] => 2021-07
            [4] => 2021-08
            [5] => 2021-09
            [6] => 2021-10
            [7] => 2021-11
            [8] => 2021-12
            [9] => 2022-01
            [10] => 2022-02
            [11] => 2022-03
        )

)

[2026-03-11 14:31:28] Found opening balance in month - Array
(
    [month] => 2021-04
    [item_code] => SCMPL0009770
)

[2026-03-11 14:31:28] Found first batch date - Array
(
    [date] => 2021-04-08
    [month] => 2021-04
    [day] => 08
)

[2026-03-11 14:31:28] First batch data result - Array
(
    [date] => 2021-04-08
    [month] => 2021-04
    [day] => 08
    [day_num] => 8
)

[2026-03-11 14:31:28] First batch data - Array
(
    [date] => 2021-04-08
    [month] => 2021-04
    [day] => 08
    [day_num] => 8
)

[2026-03-11 14:31:28] AJAX get_items called - Array
(
    [page] => 1
    [view] => with_stock
    [mode] => F
    [search] => 
    [first_batch_data] => Array
        (
            [date] => 2021-04-08
            [month] => 2021-04
            [day] => 08
            [day_num] => 8
        )

)

[2026-03-11 14:31:28] generateMonthsInRange: Date range - Array
(
    [start] => 2021-04-01
    [end] => 2021-04-01
)

[2026-03-11 14:31:28] generateMonthsInRange: Generated months - Array
(
    [count] => 1
    [months] => Array
        (
            [0] => 2021-04
        )

)

[2026-03-11 14:31:28] AJAX get_items count query result - Array
(
    [total] => 0
    [batch_month] => 2021-04
    [batch_day] => 08
)

[2026-03-11 14:31:28] AJAX get_items returning - Array
(
    [items_count] => 0
    [total] => 0
    [has_more] => 
)

[2026-03-11 14:31:38] Script started
[2026-03-11 14:31:38] Financial Year - Array
(
    [start] => 2021-04-01
    [end] => 2022-03-31
    [fin_year_id] => 3
)

[2026-03-11 14:31:38] Allowed classes - Array
(
    [0] => W
    [1] => V
    [2] => M
    [3] => F
    [4] => D
    [5] => K
    [6] => G
    [7] => R
)

[2026-03-11 14:31:38] Calling findFirstOpeningBatchDate with - Array
(
    [comp_id] => 5
    [mode] => F
    [fy_start] => 2021-04-01
    [fy_end] => 2022-03-31
    [allowed_classes] => Array
        (
            [0] => W
            [1] => V
            [2] => M
            [3] => F
            [4] => D
            [5] => K
            [6] => G
            [7] => R
        )

)

[2026-03-11 14:31:38] findFirstOpeningBatchDate called - Array
(
    [comp_id] => 5
    [mode] => F
    [fy_start] => 2021-04-01
    [fy_end] => 2022-03-31
    [allowed_classes] => Array
        (
            [0] => W
            [1] => V
            [2] => M
            [3] => F
            [4] => D
            [5] => K
            [6] => G
            [7] => R
        )

)

[2026-03-11 14:31:38] generateMonthsInRange: Date range - Array
(
    [start] => 2021-04-01
    [end] => 2022-03-01
)

[2026-03-11 14:31:38] generateMonthsInRange: Generated months - Array
(
    [count] => 12
    [months] => Array
        (
            [0] => 2021-04
            [1] => 2021-05
            [2] => 2021-06
            [3] => 2021-07
            [4] => 2021-08
            [5] => 2021-09
            [6] => 2021-10
            [7] => 2021-11
            [8] => 2021-12
            [9] => 2022-01
            [10] => 2022-02
            [11] => 2022-03
        )

)

[2026-03-11 14:31:38] Generated months - Array
(
    [months] => Array
        (
            [0] => 2021-04
            [1] => 2021-05
            [2] => 2021-06
            [3] => 2021-07
            [4] => 2021-08
            [5] => 2021-09
            [6] => 2021-10
            [7] => 2021-11
            [8] => 2021-12
            [9] => 2022-01
            [10] => 2022-02
            [11] => 2022-03
        )

)

[2026-03-11 14:31:38] Found opening balance in month - Array
(
    [month] => 2021-04
    [item_code] => SCMPL0009770
)

[2026-03-11 14:31:38] Found first batch date - Array
(
    [date] => 2021-04-08
    [month] => 2021-04
    [day] => 08
)

[2026-03-11 14:31:38] First batch data result - Array
(
    [date] => 2021-04-08
    [month] => 2021-04
    [day] => 08
    [day_num] => 8
)

[2026-03-11 14:31:38] First batch data - Array
(
    [date] => 2021-04-08
    [month] => 2021-04
    [day] => 08
    [day_num] => 8
)

[2026-03-11 14:31:38] Import started - Array
(
    [file] => opening_balance_Garava 01042021l.csv
)

[2026-03-11 14:31:38] Detected delimiter - Array
(
    [delimiter] => ,
)

[2026-03-11 14:31:38] Loaded valid items - Array
(
    [count] => 16160
)

[2026-03-11 14:31:38] ========== IMPORT DEBUG START ==========
[2026-03-11 14:31:38] CSV File: - Array
(
    [name] => opening_balance_Garava 01042021l.csv
    [size] => 4068
)

[2026-03-11 14:31:38] Start date for import: - Array
(
    [start_date] => 2021-04-01
)

[2026-03-11 14:31:38] Total rows in CSV: - Array
(
    [count] => 72
)

[2026-03-11 14:31:38] First 10 CSV items: - Array
(
    [0] => Array
        (
            [row] => 2
            [code] => SCMPL0028274
            [name] => 8 PM Special Whisky
            [size] => 90 ML (Pet)-100
            [balance] => 500
        )

    [1] => Array
        (
            [row] => 3
            [code] => SCMPL0028275
            [name] => 8 PM Special Whisky
            [size] => 180 ML
            [balance] => 500
        )

    [2] => Array
        (
            [row] => 4
            [code] => SCMPL0028356
            [name] => 8 PM Special Whisky
            [size] => 375 ML
            [balance] => 50
        )

    [3] => Array
        (
            [row] => 5
            [code] => SCMBR0021532
            [name] => Amstel Super Premium Strong beer
            [size] => 650 ML
            [balance] => 300
        )

    [4] => Array
        (
            [row] => 6
            [code] => SCMPL0009668
            [name] => Antiquity Blue Whisky
            [size] => 180 ML
            [balance] => 60
        )

    [5] => Array
        (
            [row] => 7
            [code] => SCMPL0009688
            [name] => BAGPIPER Deluxe WHISKY
            [size] => 375 ML
            [balance] => 50
        )

    [6] => Array
        (
            [row] => 8
            [code] => SCMPL0022277
            [name] => Bagpiper Gold Reserve Whisky
            [size] => 180 ML
            [balance] => 500
        )

    [7] => Array
        (
            [row] => 9
            [code] => SCMPL0022280
            [name] => Bagpiper Gold Reserve Whisky
            [size] => 1000 ML
            [balance] => 32
        )

    [8] => Array
        (
            [row] => 10
            [code] => SCMPL0018737
            [name] => Bagpiper Gold Whisky
            [size] => 90 ML-(96)
            [balance] => 500
        )

    [9] => Array
        (
            [row] => 11
            [code] => SCMKS0026878
            [name] => Black & White Blended Scotch Whisky(OS)
            [size] => 180 ML
            [balance] => 50
        )

)

[2026-03-11 14:31:38] ========== DATABASE ITEMS ==========
[2026-03-11 14:31:38] Valid items loaded from database: - Array
(
    [count] => 16160
)

[2026-03-11 14:31:38] Sample database items: - Array
(
    [SCMBR0009735] => Array
        (
            [code] => SCMBR0009735
            [details] => Budweiser Premium King of Beer
            [class] => M
            [class_code_new] => CLS008
            [size_code] => SIZE054
            [size_desc] => 330 ML
        )

    [SCMBR0009735|Budweiser Premium King of Beer|330 ML] => Array
        (
            [code] => SCMBR0009735
            [details] => Budweiser Premium King of Beer
            [class] => M
            [class_code_new] => CLS008
            [size_code] => SIZE054
            [size_desc] => 330 ML
        )

    [SCMBR0009735|Budweiser Premium King of Beer] => Array
        (
            [code] => SCMBR0009735
            [details] => Budweiser Premium King of Beer
            [class] => M
            [class_code_new] => CLS008
            [size_code] => SIZE054
            [size_desc] => 330 ML
        )

    [Budweiser Premium King of Beer] => Array
        (
            [code] => SCMBR0027104
            [details] => Budweiser Premium King of Beer
            [class] => M
            [class_code_new] => CLS008
            [size_code] => 
            [size_desc] => 
        )

    [SCMBR0009735|BUDWEISER PREMIUM KING OF BEER] => Array
        (
            [code] => SCMBR0009735
            [details] => Budweiser Premium King of Beer
            [class] => M
            [class_code_new] => CLS008
            [size_code] => SIZE054
            [size_desc] => 330 ML
        )

)

[2026-03-11 14:31:38] ========== DAILY STOCK TABLE CHECK ==========
[2026-03-11 14:31:38] Daily stock table exists: - Array
(
    [table] => tbldailystock_5
    [exists] => 1
)

[2026-03-11 14:31:38] Existing items in daily stock for current month: - Array
(
    [month] => 2026-03
    [count] => 2
    [items] => Array
        (
            [0] => Array
                (
                    [ITEM_CODE] => SCMBR0028773
                    [STK_MONTH] => 2026-03
                )

            [1] => Array
                (
                    [ITEM_CODE] => SCMPL0012597
                    [STK_MONTH] => 2026-03
                )

        )

)

[2026-03-11 14:31:38] Import processed - Array
(
    [rows] => 72
    [imported] => 72
    [skipped] => 0
)

[2026-03-11 14:31:38] ========== IMPORTED ITEMS ==========
[2026-03-11 14:31:38] Items imported to tblitem_stock: - Array
(
    [count] => 72
)

[2026-03-11 14:31:38] First 20 imported items: - Array
(
    [0] => Array
        (
            [code] => SCMPL0028274
            [balance] => 500
        )

    [1] => Array
        (
            [code] => SCMPL0028275
            [balance] => 500
        )

    [2] => Array
        (
            [code] => SCMPL0028356
            [balance] => 50
        )

    [3] => Array
        (
            [code] => SCMBR0021532
            [balance] => 300
        )

    [4] => Array
        (
            [code] => SCMPL0009668
            [balance] => 60
        )

    [5] => Array
        (
            [code] => SCMPL0009688
            [balance] => 50
        )

    [6] => Array
        (
            [code] => SCMPL0022277
            [balance] => 500
        )

    [7] => Array
        (
            [code] => SCMPL0022280
            [balance] => 32
        )

    [8] => Array
        (
            [code] => SCMPL0018737
            [balance] => 500
        )

    [9] => Array
        (
            [code] => SCMKS0026878
            [balance] => 50
        )

    [10] => Array
        (
            [code] => SCMPL0009775
            [balance] => 500
        )

    [11] => Array
        (
            [code] => SCMPL0010676
            [balance] => 30
        )

    [12] => Array
        (
            [code] => SCMPL0010677
            [balance] => 10
        )

    [13] => Array
        (
            [code] => SCMPL0010678
            [balance] => 1500
        )

    [14] => Array
        (
            [code] => SCMPL0010679
            [balance] => 1000
        )

    [15] => Array
        (
            [code] => SCMBR0018137
            [balance] => 300
        )

    [16] => Array
        (
            [code] => SCMKB0031391
            [balance] => 500
        )

    [17] => Array
        (
            [code] => SCMBR0018142
            [balance] => 300
        )

    [18] => Array
        (
            [code] => SCMBR0027089
            [balance] => 300
        )

    [19] => Array
        (
            [code] => SCMBR0018132
            [balance] => 121
        )

)

[2026-03-11 14:31:38] ========== DAILY STOCK UPDATE ==========
[2026-03-11 14:31:38] Items sent to daily stock update (balance > 0): - Array
(
    [count] => 72
)

[2026-03-11 14:31:38] First 20 items for daily stock: - Array
(
    [SCMPL0028274] => 500
    [SCMPL0028275] => 500
    [SCMPL0028356] => 50
    [SCMBR0021532] => 300
    [SCMPL0009668] => 60
    [SCMPL0009688] => 50
    [SCMPL0022277] => 500
    [SCMPL0022280] => 32
    [SCMPL0018737] => 500
    [SCMKS0026878] => 50
    [SCMPL0009775] => 500
    [SCMPL0010676] => 30
    [SCMPL0010677] => 10
    [SCMPL0010678] => 1500
    [SCMPL0010679] => 1000
    [SCMBR0018137] => 300
    [SCMKB0031391] => 500
    [SCMBR0018142] => 300
    [SCMBR0027089] => 300
    [SCMBR0018132] => 121
)

[2026-03-11 14:31:38] File handle closed successfully
[2026-03-11 14:31:38] ========== CALLING UPDATE DAILY STOCK RANGE ==========
[2026-03-11 14:31:38] Updating daily stock - Array
(
    [items] => 72
    [start_date] => 2021-04-01
)

[2026-03-11 14:31:38] ========== UPDATE DAILY STOCK RANGE START ========== - Array
(
    [items_count] => 72
    [start_date] => 2021-04-01
    [fy_start] => 2021-04-01
    [fy_end] => 2022-03-31
    [mode] => F
)

[2026-03-11 14:31:38] Date range for update - Array
(
    [start] => 2021-04-01
    [end] => 2022-03-31
)

[2026-03-11 14:31:38] All months to process - Array
(
    [months] => Array
        (
            [0] => 2021-04
            [1] => 2021-05
            [2] => 2021-06
            [3] => 2021-07
            [4] => 2021-08
            [5] => 2021-09
            [6] => 2021-10
            [7] => 2021-11
            [8] => 2021-12
            [9] => 2022-01
            [10] => 2022-02
            [11] => 2022-03
        )

)

[2026-03-11 14:31:38] Processing month with carry forward - Array
(
    [month] => 2021-04
    [start_month] => 2021-04
    [start_day] => 01
    [days_in_month] => Array
        (
            [0] => 01
            [1] => 02
            [2] => 03
            [3] => 04
            [4] => 05
            [5] => 06
            [6] => 07
            [7] => 08
            [8] => 09
            [9] => 10
            [10] => 11
            [11] => 12
            [12] => 13
            [13] => 14
            [14] => 15
            [15] => 16
            [16] => 17
            [17] => 18
            [18] => 19
            [19] => 20
            [20] => 21
            [21] => 22
            [22] => 23
            [23] => 24
            [24] => 25
            [25] => 26
            [26] => 27
            [27] => 28
            [28] => 29
            [29] => 30
        )

)

[2026-03-11 14:31:38] Updating existing record with full carry forward - Array
(
    [item_code] => SCMPL0028274
    [month] => 2021-04
    [opening_balance] => 500
)

[2026-03-11 14:31:38] Month 2021-03 is outside financial year, returning false
[2026-03-11 14:31:38] Inserting new record with full carry forward - Array
(
    [item_code] => SCMPL0028275
    [month] => 2021-04
    [opening_balance] => 500
)

[2026-03-11 14:31:38] Updating existing record with full carry forward - Array
(
    [item_code] => SCMPL0028356
    [month] => 2021-04
    [opening_balance] => 50
)

[2026-03-11 14:31:38] Month 2021-03 is outside financial year, returning false
[2026-03-11 14:31:38] Inserting new record with full carry forward - Array
(
    [item_code] => SCMBR0021532
    [month] => 2021-04
    [opening_balance] => 300
)

[2026-03-11 14:31:38] Inserting new record with full carry forward - Array
(
    [item_code] => SCMPL0009668
    [month] => 2021-04
    [opening_balance] => 60
)

[2026-03-11 14:31:38] Inserting new record with full carry forward - Array
(
    [item_code] => SCMPL0009688
    [month] => 2021-04
    [opening_balance] => 50
)

[2026-03-11 14:31:38] Inserting new record with full carry forward - Array
(
    [item_code] => SCMPL0022277
    [month] => 2021-04
    [opening_balance] => 500
)

[2026-03-11 14:31:38] Updating existing record with full carry forward - Array
(
    [item_code] => SCMPL0022280
    [month] => 2021-04
    [opening_balance] => 32
)

[2026-03-11 14:31:38] Month 2021-03 is outside financial year, returning false
[2026-03-11 14:31:38] Inserting new record with full carry forward - Array
(
    [item_code] => SCMPL0018737
    [month] => 2021-04
    [opening_balance] => 500
)

[2026-03-11 14:31:38] Inserting new record with full carry forward - Array
(
    [item_code] => SCMKS0026878
    [month] => 2021-04
    [opening_balance] => 50
)

[2026-03-11 14:31:39] Inserting new record with full carry forward - Array
(
    [item_code] => SCMPL0009775
    [month] => 2021-04
    [opening_balance] => 500
)

[2026-03-11 14:31:39] Updating existing record with full carry forward - Array
(
    [item_code] => SCMPL0010676
    [month] => 2021-04
    [opening_balance] => 30
)

[2026-03-11 14:31:39] Month 2021-03 is outside financial year, returning false
[2026-03-11 14:31:39] Updating existing record with full carry forward - Array
(
    [item_code] => SCMPL0010677
    [month] => 2021-04
    [opening_balance] => 10
)

[2026-03-11 14:31:39] Month 2021-03 is outside financial year, returning false
[2026-03-11 14:31:39] Inserting new record with full carry forward - Array
(
    [item_code] => SCMPL0010678
    [month] => 2021-04
    [opening_balance] => 1500
)

[2026-03-11 14:31:39] Updating existing record with full carry forward - Array
(
    [item_code] => SCMPL0010679
    [month] => 2021-04
    [opening_balance] => 1000
)

[2026-03-11 14:31:39] Month 2021-03 is outside financial year, returning false
[2026-03-11 14:31:39] Inserting new record with full carry forward - Array
(
    [item_code] => SCMBR0018137
    [month] => 2021-04
    [opening_balance] => 300
)

[2026-03-11 14:31:39] Inserting new record with full carry forward - Array
(
    [item_code] => SCMKB0031391
    [month] => 2021-04
    [opening_balance] => 500
)

[2026-03-11 14:31:39] Updating existing record with full carry forward - Array
(
    [item_code] => SCMBR0018142
    [month] => 2021-04
    [opening_balance] => 300
)

[2026-03-11 14:31:39] Month 2021-03 is outside financial year, returning false
[2026-03-11 14:31:39] Inserting new record with full carry forward - Array
(
    [item_code] => SCMBR0027089
    [month] => 2021-04
    [opening_balance] => 300
)

[2026-03-11 14:31:39] Inserting new record with full carry forward - Array
(
    [item_code] => SCMBR0018132
    [month] => 2021-04
    [opening_balance] => 121
)

[2026-03-11 14:31:39] Inserting new record with full carry forward - Array
(
    [item_code] => SCMBR0018158
    [month] => 2021-04
    [opening_balance] => 500
)

[2026-03-11 14:31:39] Inserting new record with full carry forward - Array
(
    [item_code] => SCMBR0023258
    [month] => 2021-04
    [opening_balance] => 500
)

[2026-03-11 14:31:39] Updating existing record with full carry forward - Array
(
    [item_code] => SCMPL0010445
    [month] => 2021-04
    [opening_balance] => 500
)

[2026-03-11 14:31:39] Month 2021-03 is outside financial year, returning false
[2026-03-11 14:31:39] Updating existing record with full carry forward - Array
(
    [item_code] => SCMPL0010447
    [month] => 2021-04
    [opening_balance] => 20
)

[2026-03-11 14:31:39] Month 2021-03 is outside financial year, returning false
[2026-03-11 14:31:39] Updating existing record with full carry forward - Array
(
    [item_code] => SCMPL0010612
    [month] => 2021-04
    [opening_balance] => 1000
)

[2026-03-11 14:31:39] Month 2021-03 is outside financial year, returning false
[2026-03-11 14:31:39] Updating existing record with full carry forward - Array
(
    [item_code] => SCMPL0009770
    [month] => 2021-04
    [opening_balance] => 500
)

[2026-03-11 14:31:39] Month 2021-03 is outside financial year, returning false
[2026-03-11 14:31:39] Inserting new record with full carry forward - Array
(
    [item_code] => SCMPL0018648
    [month] => 2021-04
    [opening_balance] => 200
)

[2026-03-11 14:31:39] Inserting new record with full carry forward - Array
(
    [item_code] => SCMPL0033624
    [month] => 2021-04
    [opening_balance] => 500
)

[2026-03-11 14:31:39] Updating existing record with full carry forward - Array
(
    [item_code] => SCMPL0012499
    [month] => 2021-04
    [opening_balance] => 15
)

[2026-03-11 14:31:39] Month 2021-03 is outside financial year, returning false
[2026-03-11 14:31:39] Inserting new record with full carry forward - Array
(
    [item_code] => SCMPL0011438
    [month] => 2021-04
    [opening_balance] => 96
)

[2026-03-11 14:31:39] Inserting new record with full carry forward - Array
(
    [item_code] => SCMPL0011418
    [month] => 2021-04
    [opening_balance] => 240
)

[2026-03-11 14:31:39] Updating existing record with full carry forward - Array
(
    [item_code] => SCMPL0010234
    [month] => 2021-04
    [opening_balance] => 240
)

[2026-03-11 14:31:39] Month 2021-03 is outside financial year, returning false
[2026-03-11 14:31:39] Inserting new record with full carry forward - Array
(
    [item_code] => SCMBR0018635
    [month] => 2021-04
    [opening_balance] => 200
)

[2026-03-11 14:31:39] Updating existing record with full carry forward - Array
(
    [item_code] => SCMBR0009847
    [month] => 2021-04
    [opening_balance] => 500
)

[2026-03-11 14:31:39] Month 2021-03 is outside financial year, returning false
[2026-03-11 14:31:39] Inserting new record with full carry forward - Array
(
    [item_code] => SCMBR0029429
    [month] => 2021-04
    [opening_balance] => 500
)

[2026-03-11 14:31:39] Inserting new record with full carry forward - Array
(
    [item_code] => SCMBR0029431
    [month] => 2021-04
    [opening_balance] => 130
)

[2026-03-11 14:31:39] Inserting new record with full carry forward - Array
(
    [item_code] => SCMPL0010541
    [month] => 2021-04
    [opening_balance] => 400
)

[2026-03-11 14:31:39] Updating existing record with full carry forward - Array
(
    [item_code] => SCMPL0010198
    [month] => 2021-04
    [opening_balance] => 384
)

[2026-03-11 14:31:39] Month 2021-03 is outside financial year, returning false
[2026-03-11 14:31:39] Updating existing record with full carry forward - Array
(
    [item_code] => SCMPL0010450
    [month] => 2021-04
    [opening_balance] => 200
)

[2026-03-11 14:31:39] Month 2021-03 is outside financial year, returning false
[2026-03-11 14:31:39] Updating existing record with full carry forward - Array
(
    [item_code] => SCMPL0010451
    [month] => 2021-04
    [opening_balance] => 500
)

[2026-03-11 14:31:39] Month 2021-03 is outside financial year, returning false
[2026-03-11 14:31:39] Updating existing record with full carry forward - Array
(
    [item_code] => SCMPL0010453
    [month] => 2021-04
    [opening_balance] => 30
)

[2026-03-11 14:31:39] Month 2021-03 is outside financial year, returning false
[2026-03-11 14:31:39] Updating existing record with full carry forward - Array
(
    [item_code] => SCMPL0010056
    [month] => 2021-04
    [opening_balance] => 500
)

[2026-03-11 14:31:39] Month 2021-03 is outside financial year, returning false
[2026-03-11 14:31:39] Inserting new record with full carry forward - Array
(
    [item_code] => SCMPL0040482
    [month] => 2021-04
    [opening_balance] => 300
)

[2026-03-11 14:31:39] Updating existing record with full carry forward - Array
(
    [item_code] => SCMPL0009894
    [month] => 2021-04
    [opening_balance] => 100
)

[2026-03-11 14:31:39] Month 2021-03 is outside financial year, returning false
[2026-03-11 14:31:39] Inserting new record with full carry forward - Array
(
    [item_code] => SCMPL0009899
    [month] => 2021-04
    [opening_balance] => 500
)

[2026-03-11 14:31:39] Inserting new record with full carry forward - Array
(
    [item_code] => SCMPL0009902
    [month] => 2021-04
    [opening_balance] => 10
)

[2026-03-11 14:31:39] Inserting new record with full carry forward - Array
(
    [item_code] => SCMPL0009903
    [month] => 2021-04
    [opening_balance] => 20
)

[2026-03-11 14:31:39] Inserting new record with full carry forward - Array
(
    [item_code] => SCMPL0011581
    [month] => 2021-04
    [opening_balance] => 15
)

[2026-03-11 14:31:39] Updating existing record with full carry forward - Array
(
    [item_code] => SCMPL0009936
    [month] => 2021-04
    [opening_balance] => 500
)

[2026-03-11 14:31:39] Month 2021-03 is outside financial year, returning false
[2026-03-11 14:31:39] Inserting new record with full carry forward - Array
(
    [item_code] => SCMPL0035367
    [month] => 2021-04
    [opening_balance] => 500
)

[2026-03-11 14:31:39] Updating existing record with full carry forward - Array
(
    [item_code] => SCMPL0010434
    [month] => 2021-04
    [opening_balance] => 500
)

[2026-03-11 14:31:39] Month 2021-03 is outside financial year, returning false
[2026-03-11 14:31:39] Updating existing record with full carry forward - Array
(
    [item_code] => SCMPL0009942
    [month] => 2021-04
    [opening_balance] => 500
)

[2026-03-11 14:31:39] Month 2021-03 is outside financial year, returning false
[2026-03-11 14:31:39] Inserting new record with full carry forward - Array
(
    [item_code] => SCMPL0036711
    [month] => 2021-04
    [opening_balance] => 500
)

[2026-03-11 14:31:39] Updating existing record with full carry forward - Array
(
    [item_code] => SCMPL0010701
    [month] => 2021-04
    [opening_balance] => 700
)

[2026-03-11 14:31:39] Month 2021-03 is outside financial year, returning false
[2026-03-11 14:31:39] Inserting new record with full carry forward - Array
(
    [item_code] => SCMPL0010702
    [month] => 2021-04
    [opening_balance] => 100
)

[2026-03-11 14:31:39] Updating existing record with full carry forward - Array
(
    [item_code] => SCMPL0010076
    [month] => 2021-04
    [opening_balance] => 700
)

[2026-03-11 14:31:39] Month 2021-03 is outside financial year, returning false
[2026-03-11 14:31:39] Updating existing record with full carry forward - Array
(
    [item_code] => SCMPL0010088
    [month] => 2021-04
    [opening_balance] => 264
)

[2026-03-11 14:31:39] Month 2021-03 is outside financial year, returning false
[2026-03-11 14:31:39] Updating existing record with full carry forward - Array
(
    [item_code] => SCMPL0010075
    [month] => 2021-04
    [opening_balance] => 700
)

[2026-03-11 14:31:39] Month 2021-03 is outside financial year, returning false
[2026-03-11 14:31:39] Updating existing record with full carry forward - Array
(
    [item_code] => SCMPL0010087
    [month] => 2021-04
    [opening_balance] => 1200
)

[2026-03-11 14:31:39] Month 2021-03 is outside financial year, returning false
[2026-03-11 14:31:39] Updating existing record with full carry forward - Array
(
    [item_code] => SCMPL0010108
    [month] => 2021-04
    [opening_balance] => 10
)

[2026-03-11 14:31:39] Month 2021-03 is outside financial year, returning false
[2026-03-11 14:31:39] Inserting new record with full carry forward - Array
(
    [item_code] => SCMPL0029933
    [month] => 2021-04
    [opening_balance] => 6
)

[2026-03-11 14:31:39] Inserting new record with full carry forward - Array
(
    [item_code] => SCMPL0029928
    [month] => 2021-04
    [opening_balance] => 12
)

[2026-03-11 14:31:39] Inserting new record with full carry forward - Array
(
    [item_code] => SCMPL0010360
    [month] => 2021-04
    [opening_balance] => 24
)

[2026-03-11 14:31:39] Inserting new record with full carry forward - Array
(
    [item_code] => SCMPL0009968
    [month] => 2021-04
    [opening_balance] => 530
)

[2026-03-11 14:31:39] Inserting new record with full carry forward - Array
(
    [item_code] => SCMPL0009977
    [month] => 2021-04
    [opening_balance] => 542
)

[2026-03-11 14:31:39] Updating existing record with full carry forward - Array
(
    [item_code] => SCMWN0019724
    [month] => 2021-04
    [opening_balance] => 130
)

[2026-03-11 14:31:39] Month 2021-03 is outside financial year, returning false
[2026-03-11 14:31:39] Inserting new record with full carry forward - Array
(
    [item_code] => SCMKS0018253
    [month] => 2021-04
    [opening_balance] => 6
)

[2026-03-11 14:31:39] Inserting new record with full carry forward - Array
(
    [item_code] => SCMBR0037366
    [month] => 2021-04
    [opening_balance] => 48
)

[2026-03-11 14:31:39] Updating existing record with full carry forward - Array
(
    [item_code] => SCMBR0023264
    [month] => 2021-04
    [opening_balance] => 200
)

[2026-03-11 14:31:39] Month 2021-03 is outside financial year, returning false
[2026-03-11 14:31:39] Inserting new record with full carry forward - Array
(
    [item_code] => SCMBR0018161
    [month] => 2021-04
    [opening_balance] => 130
)

[2026-03-11 14:31:39] Updating existing record with full carry forward - Array
(
    [item_code] => SCMKS0026879
    [month] => 2021-04
    [opening_balance] => 21
)

[2026-03-11 14:31:39] Month 2021-03 is outside financial year, returning false
[2026-03-11 14:31:39] Inserting new record with full carry forward - Array
(
    [item_code] => SCMPL0010020
    [month] => 2021-04
    [opening_balance] => 1225
)

[2026-03-11 14:31:39] Processing month with carry forward - Array
(
    [month] => 2021-05
    [start_month] => 2021-04
    [start_day] => 01
    [days_in_month] => Array
        (
            [0] => 01
            [1] => 02
            [2] => 03
            [3] => 04
            [4] => 05
            [5] => 06
            [6] => 07
            [7] => 08
            [8] => 09
            [9] => 10
            [10] => 11
            [11] => 12
            [12] => 13
            [13] => 14
            [14] => 15
            [15] => 16
            [16] => 17
            [17] => 18
            [18] => 19
            [19] => 20
            [20] => 21
            [21] => 22
            [22] => 23
            [23] => 24
            [24] => 25
            [25] => 26
            [26] => 27
            [27] => 28
            [28] => 29
            [29] => 30
            [30] => 31
        )

)

[2026-03-11 14:31:39] Updating existing record with full carry forward - Array
(
    [item_code] => SCMPL0028274
    [month] => 2021-05
    [opening_balance] => 500
)

[2026-03-11 14:31:39] Inserting new record with full carry forward - Array
(
    [item_code] => SCMPL0028275
    [month] => 2021-05
    [opening_balance] => 500
)

[2026-03-11 14:31:39] Updating existing record with full carry forward - Array
(
    [item_code] => SCMPL0028356
    [month] => 2021-05
    [opening_balance] => 50
)

[2026-03-11 14:31:39] Inserting new record with full carry forward - Array
(
    [item_code] => SCMBR0021532
    [month] => 2021-05
    [opening_balance] => 300
)

[2026-03-11 14:31:39] Inserting new record with full carry forward - Array
(
    [item_code] => SCMPL0009668
    [month] => 2021-05
    [opening_balance] => 60
)

[2026-03-11 14:31:39] Inserting new record with full carry forward - Array
(
    [item_code] => SCMPL0009688
    [month] => 2021-05
    [opening_balance] => 50
)

[2026-03-11 14:31:39] Inserting new record with full carry forward - Array
(
    [item_code] => SCMPL0022277
    [month] => 2021-05
    [opening_balance] => 500
)

[2026-03-11 14:31:39] Updating existing record with full carry forward - Array
(
    [item_code] => SCMPL0022280
    [month] => 2021-05
    [opening_balance] => 32
)

[2026-03-11 14:31:39] Inserting new record with full carry forward - Array
(
    [item_code] => SCMPL0018737
    [month] => 2021-05
    [opening_balance] => 500
)

[2026-03-11 14:31:39] Inserting new record with full carry forward - Array
(
    [item_code] => SCMKS0026878
    [month] => 2021-05
    [opening_balance] => 50
)

[2026-03-11 14:31:39] Inserting new record with full carry forward - Array
(
    [item_code] => SCMPL0009775
    [month] => 2021-05
    [opening_balance] => 500
)

[2026-03-11 14:31:39] Updating existing record with full carry forward - Array
(
    [item_code] => SCMPL0010676
    [month] => 2021-05
    [opening_balance] => 30
)

[2026-03-11 14:31:39] Updating existing record with full carry forward - Array
(
    [item_code] => SCMPL0010677
    [month] => 2021-05
    [opening_balance] => 10
)

[2026-03-11 14:31:39] Inserting new record with full carry forward - Array
(
    [item_code] => SCMPL0010678
    [month] => 2021-05
    [opening_balance] => 1500
)

[2026-03-11 14:31:39] Updating existing record with full carry forward - Array
(
    [item_code] => SCMPL0010679
    [month] => 2021-05
    [opening_balance] => 1000
)

[2026-03-11 14:31:39] Inserting new record with full carry forward - Array
(
    [item_code] => SCMBR0018137
    [month] => 2021-05
    [opening_balance] => 300
)

[2026-03-11 14:31:39] Inserting new record with full carry forward - Array
(
    [item_code] => SCMKB0031391
    [month] => 2021-05
    [opening_balance] => 500
)

[2026-03-11 14:31:39] Updating existing record with full carry forward - Array
(
    [item_code] => SCMBR0018142
    [month] => 2021-05
    [opening_balance] => 300
)

[2026-03-11 14:31:39] Inserting new record with full carry forward - Array
(
    [item_code] => SCMBR0027089
    [month] => 2021-05
    [opening_balance] => 300
)

[2026-03-11 14:31:39] Inserting new record with full carry forward - Array
(
    [item_code] => SCMBR0018132
    [month] => 2021-05
    [opening_balance] => 121
)

[2026-03-11 14:31:39] Inserting new record with full carry forward - Array
(
    [item_code] => SCMBR0018158
    [month] => 2021-05
    [opening_balance] => 500
)

[2026-03-11 14:31:39] Inserting new record with full carry forward - Array
(
    [item_code] => SCMBR0023258
    [month] => 2021-05
    [opening_balance] => 500
)

[2026-03-11 14:31:39] Updating existing record with full carry forward - Array
(
    [item_code] => SCMPL0010445
    [month] => 2021-05
    [opening_balance] => 500
)

[2026-03-11 14:31:40] Updating existing record with full carry forward - Array
(
    [item_code] => SCMPL0010447
    [month] => 2021-05
    [opening_balance] => 20
)

[2026-03-11 14:31:40] Updating existing record with full carry forward - Array
(
    [item_code] => SCMPL0010612
    [month] => 2021-05
    [opening_balance] => 1000
)

[2026-03-11 14:31:40] Updating existing record with full carry forward - Array
(
    [item_code] => SCMPL0009770
    [month] => 2021-05
    [opening_balance] => 500
)

[2026-03-11 14:31:40] Inserting new record with full carry forward - Array
(
    [item_code] => SCMPL0018648
    [month] => 2021-05
    [opening_balance] => 200
)

[2026-03-11 14:31:40] Inserting new record with full carry forward - Array
(
    [item_code] => SCMPL0033624
    [month] => 2021-05
    [opening_balance] => 500
)

[2026-03-11 14:31:40] Updating existing record with full carry forward - Array
(
    [item_code] => SCMPL0012499
    [month] => 2021-05
    [opening_balance] => 15
)

[2026-03-11 14:31:40] Inserting new record with full carry forward - Array
(
    [item_code] => SCMPL0011438
    [month] => 2021-05
    [opening_balance] => 96
)

[2026-03-11 14:31:40] Inserting new record with full carry forward - Array
(
    [item_code] => SCMPL0011418
    [month] => 2021-05
    [opening_balance] => 240
)

[2026-03-11 14:31:40] Updating existing record with full carry forward - Array
(
    [item_code] => SCMPL0010234
    [month] => 2021-05
    [opening_balance] => 240
)

[2026-03-11 14:31:40] Inserting new record with full carry forward - Array
(
    [item_code] => SCMBR0018635
    [month] => 2021-05
    [opening_balance] => 200
)

[2026-03-11 14:31:40] Updating existing record with full carry forward - Array
(
    [item_code] => SCMBR0009847
    [month] => 2021-05
    [opening_balance] => 500
)

[2026-03-11 14:31:40] Inserting new record with full carry forward - Array
(
    [item_code] => SCMBR0029429
    [month] => 2021-05
    [opening_balance] => 500
)

[2026-03-11 14:31:40] Inserting new record with full carry forward - Array
(
    [item_code] => SCMBR0029431
    [month] => 2021-05
    [opening_balance] => 130
)

[2026-03-11 14:31:40] Inserting new record with full carry forward - Array
(
    [item_code] => SCMPL0010541
    [month] => 2021-05
    [opening_balance] => 400
)

[2026-03-11 14:31:40] Updating existing record with full carry forward - Array
(
    [item_code] => SCMPL0010198
    [month] => 2021-05
    [opening_balance] => 384
)

[2026-03-11 14:31:40] Updating existing record with full carry forward - Array
(
    [item_code] => SCMPL0010450
    [month] => 2021-05
    [opening_balance] => 200
)

[2026-03-11 14:31:40] Updating existing record with full carry forward - Array
(
    [item_code] => SCMPL0010451
    [month] => 2021-05
    [opening_balance] => 500
)

[2026-03-11 14:31:40] Updating existing record with full carry forward - Array
(
    [item_code] => SCMPL0010453
    [month] => 2021-05
    [opening_balance] => 30
)

[2026-03-11 14:31:40] Updating existing record with full carry forward - Array
(
    [item_code] => SCMPL0010056
    [month] => 2021-05
    [opening_balance] => 500
)

[2026-03-11 14:31:40] Inserting new record with full carry forward - Array
(
    [item_code] => SCMPL0040482
    [month] => 2021-05
    [opening_balance] => 300
)

[2026-03-11 14:31:40] Updating existing record with full carry forward - Array
(
    [item_code] => SCMPL0009894
    [month] => 2021-05
    [opening_balance] => 100
)

[2026-03-11 14:31:40] Inserting new record with full carry forward - Array
(
    [item_code] => SCMPL0009899
    [month] => 2021-05
    [opening_balance] => 500
)

[2026-03-11 14:31:40] Inserting new record with full carry forward - Array
(
    [item_code] => SCMPL0009902
    [month] => 2021-05
    [opening_balance] => 10
)

[2026-03-11 14:31:40] Inserting new record with full carry forward - Array
(
    [item_code] => SCMPL0009903
    [month] => 2021-05
    [opening_balance] => 20
)

[2026-03-11 14:31:40] Inserting new record with full carry forward - Array
(
    [item_code] => SCMPL0011581
    [month] => 2021-05
    [opening_balance] => 15
)

[2026-03-11 14:31:40] Updating existing record with full carry forward - Array
(
    [item_code] => SCMPL0009936
    [month] => 2021-05
    [opening_balance] => 500
)

[2026-03-11 14:31:40] Inserting new record with full carry forward - Array
(
    [item_code] => SCMPL0035367
    [month] => 2021-05
    [opening_balance] => 500
)

[2026-03-11 14:31:40] Updating existing record with full carry forward - Array
(
    [item_code] => SCMPL0010434
    [month] => 2021-05
    [opening_balance] => 500
)

[2026-03-11 14:31:40] Updating existing record with full carry forward - Array
(
    [item_code] => SCMPL0009942
    [month] => 2021-05
    [opening_balance] => 500
)

[2026-03-11 14:31:40] Inserting new record with full carry forward - Array
(
    [item_code] => SCMPL0036711
    [month] => 2021-05
    [opening_balance] => 500
)

[2026-03-11 14:31:40] Updating existing record with full carry forward - Array
(
    [item_code] => SCMPL0010701
    [month] => 2021-05
    [opening_balance] => 700
)

[2026-03-11 14:31:40] Inserting new record with full carry forward - Array
(
    [item_code] => SCMPL0010702
    [month] => 2021-05
    [opening_balance] => 100
)

[2026-03-11 14:31:40] Updating existing record with full carry forward - Array
(
    [item_code] => SCMPL0010076
    [month] => 2021-05
    [opening_balance] => 700
)

[2026-03-11 14:31:40] Updating existing record with full carry forward - Array
(
    [item_code] => SCMPL0010088
    [month] => 2021-05
    [opening_balance] => 264
)

[2026-03-11 14:31:40] Updating existing record with full carry forward - Array
(
    [item_code] => SCMPL0010075
    [month] => 2021-05
    [opening_balance] => 700
)

[2026-03-11 14:31:40] Updating existing record with full carry forward - Array
(
    [item_code] => SCMPL0010087
    [month] => 2021-05
    [opening_balance] => 1200
)

[2026-03-11 14:31:40] Updating existing record with full carry forward - Array
(
    [item_code] => SCMPL0010108
    [month] => 2021-05
    [opening_balance] => 10
)

[2026-03-11 14:31:40] Inserting new record with full carry forward - Array
(
    [item_code] => SCMPL0029933
    [month] => 2021-05
    [opening_balance] => 6
)

[2026-03-11 14:31:40] Inserting new record with full carry forward - Array
(
    [item_code] => SCMPL0029928
    [month] => 2021-05
    [opening_balance] => 12
)

[2026-03-11 14:31:40] Inserting new record with full carry forward - Array
(
    [item_code] => SCMPL0010360
    [month] => 2021-05
    [opening_balance] => 24
)

[2026-03-11 14:31:40] Inserting new record with full carry forward - Array
(
    [item_code] => SCMPL0009968
    [month] => 2021-05
    [opening_balance] => 530
)

[2026-03-11 14:31:40] Inserting new record with full carry forward - Array
(
    [item_code] => SCMPL0009977
    [month] => 2021-05
    [opening_balance] => 542
)

[2026-03-11 14:31:40] Updating existing record with full carry forward - Array
(
    [item_code] => SCMWN0019724
    [month] => 2021-05
    [opening_balance] => 130
)

[2026-03-11 14:31:40] Inserting new record with full carry forward - Array
(
    [item_code] => SCMKS0018253
    [month] => 2021-05
    [opening_balance] => 6
)

[2026-03-11 14:31:40] Inserting new record with full carry forward - Array
(
    [item_code] => SCMBR0037366
    [month] => 2021-05
    [opening_balance] => 48
)

[2026-03-11 14:31:40] Updating existing record with full carry forward - Array
(
    [item_code] => SCMBR0023264
    [month] => 2021-05
    [opening_balance] => 200
)

[2026-03-11 14:31:40] Inserting new record with full carry forward - Array
(
    [item_code] => SCMBR0018161
    [month] => 2021-05
    [opening_balance] => 130
)

[2026-03-11 14:31:40] Updating existing record with full carry forward - Array
(
    [item_code] => SCMKS0026879
    [month] => 2021-05
    [opening_balance] => 21
)

[2026-03-11 14:31:40] Inserting new record with full carry forward - Array
(
    [item_code] => SCMPL0010020
    [month] => 2021-05
    [opening_balance] => 1225
)

[2026-03-11 14:31:40] Processing month with carry forward - Array
(
    [month] => 2021-06
    [start_month] => 2021-04
    [start_day] => 01
    [days_in_month] => Array
        (
            [0] => 01
            [1] => 02
            [2] => 03
            [3] => 04
            [4] => 05
            [5] => 06
            [6] => 07
            [7] => 08
            [8] => 09
            [9] => 10
            [10] => 11
            [11] => 12
            [12] => 13
            [13] => 14
            [14] => 15
            [15] => 16
            [16] => 17
            [17] => 18
            [18] => 19
            [19] => 20
            [20] => 21
            [21] => 22
            [22] => 23
            [23] => 24
            [24] => 25
            [25] => 26
            [26] => 27
            [27] => 28
            [28] => 29
            [29] => 30
        )

)

[2026-03-11 14:31:40] Updating existing record with full carry forward - Array
(
    [item_code] => SCMPL0028274
    [month] => 2021-06
    [opening_balance] => 500
)

[2026-03-11 14:31:40] Inserting new record with full carry forward - Array
(
    [item_code] => SCMPL0028275
    [month] => 2021-06
    [opening_balance] => 500
)

[2026-03-11 14:31:40] Updating existing record with full carry forward - Array
(
    [item_code] => SCMPL0028356
    [month] => 2021-06
    [opening_balance] => 50
)

[2026-03-11 14:31:40] Inserting new record with full carry forward - Array
(
    [item_code] => SCMBR0021532
    [month] => 2021-06
    [opening_balance] => 300
)

[2026-03-11 14:31:40] Inserting new record with full carry forward - Array
(
    [item_code] => SCMPL0009668
    [month] => 2021-06
    [opening_balance] => 60
)

[2026-03-11 14:31:40] Inserting new record with full carry forward - Array
(
    [item_code] => SCMPL0009688
    [month] => 2021-06
    [opening_balance] => 50
)

[2026-03-11 14:31:40] Updating existing record with full carry forward - Array
(
    [item_code] => SCMPL0022277
    [month] => 2021-06
    [opening_balance] => 500
)

[2026-03-11 14:31:40] Updating existing record with full carry forward - Array
(
    [item_code] => SCMPL0022280
    [month] => 2021-06
    [opening_balance] => 32
)

[2026-03-11 14:31:40] Inserting new record with full carry forward - Array
(
    [item_code] => SCMPL0018737
    [month] => 2021-06
    [opening_balance] => 500
)

[2026-03-11 14:31:40] Inserting new record with full carry forward - Array
(
    [item_code] => SCMKS0026878
    [month] => 2021-06
    [opening_balance] => 50
)

[2026-03-11 14:31:40] Inserting new record with full carry forward - Array
(
    [item_code] => SCMPL0009775
    [month] => 2021-06
    [opening_balance] => 500
)

[2026-03-11 14:31:40] Updating existing record with full carry forward - Array
(
    [item_code] => SCMPL0010676
    [month] => 2021-06
    [opening_balance] => 30
)

[2026-03-11 14:31:40] Updating existing record with full carry forward - Array
(
    [item_code] => SCMPL0010677
    [month] => 2021-06
    [opening_balance] => 10
)

[2026-03-11 14:31:40] Updating existing record with full carry forward - Array
(
    [item_code] => SCMPL0010678
    [month] => 2021-06
    [opening_balance] => 1500
)

[2026-03-11 14:31:40] Updating existing record with full carry forward - Array
(
    [item_code] => SCMPL0010679
    [month] => 2021-06
    [opening_balance] => 1000
)

[2026-03-11 14:31:40] Inserting new record with full carry forward - Array
(
    [item_code] => SCMBR0018137
    [month] => 2021-06
    [opening_balance] => 300
)

[2026-03-11 14:31:41] Inserting new record with full carry forward - Array
(
    [item_code] => SCMKB0031391
    [month] => 2021-06
    [opening_balance] => 500
)

[2026-03-11 14:31:41] Updating existing record with full carry forward - Array
(
    [item_code] => SCMBR0018142
    [month] => 2021-06
    [opening_balance] => 300
)

[2026-03-11 14:31:41] Inserting new record with full carry forward - Array
(
    [item_code] => SCMBR0027089
    [month] => 2021-06
    [opening_balance] => 300
)

[2026-03-11 14:31:41] Inserting new record with full carry forward - Array
(
    [item_code] => SCMBR0018132
    [month] => 2021-06
    [opening_balance] => 121
)

[2026-03-11 14:31:41] Inserting new record with full carry forward - Array
(
    [item_code] => SCMBR0018158
    [month] => 2021-06
    [opening_balance] => 500
)

[2026-03-11 14:31:41] Updating existing record with full carry forward - Array
(
    [item_code] => SCMBR0023258
    [month] => 2021-06
    [opening_balance] => 500
)

[2026-03-11 14:31:41] Updating existing record with full carry forward - Array
(
    [item_code] => SCMPL0010445
    [month] => 2021-06
    [opening_balance] => 500
)

[2026-03-11 14:31:41] Updating existing record with full carry forward - Array
(
    [item_code] => SCMPL0010447
    [month] => 2021-06
    [opening_balance] => 20
)

[2026-03-11 14:31:41] Updating existing record with full carry forward - Array
(
    [item_code] => SCMPL0010612
    [month] => 2021-06
    [opening_balance] => 1000
)

[2026-03-11 14:31:41] Updating existing record with full carry forward - Array
(
    [item_code] => SCMPL0009770
    [month] => 2021-06
    [opening_balance] => 500
)

[2026-03-11 14:31:41] Inserting new record with full carry forward - Array
(
    [item_code] => SCMPL0018648
    [month] => 2021-06
    [opening_balance] => 200
)

[2026-03-11 14:31:41] Inserting new record with full carry forward - Array
(
    [item_code] => SCMPL0033624
    [month] => 2021-06
    [opening_balance] => 500
)

[2026-03-11 14:31:41] Updating existing record with full carry forward - Array
(
    [item_code] => SCMPL0012499
    [month] => 2021-06
    [opening_balance] => 15
)

[2026-03-11 14:31:41] Inserting new record with full carry forward - Array
(
    [item_code] => SCMPL0011438
    [month] => 2021-06
    [opening_balance] => 96
)

[2026-03-11 14:31:41] Inserting new record with full carry forward - Array
(
    [item_code] => SCMPL0011418
    [month] => 2021-06
    [opening_balance] => 240
)

[2026-03-11 14:31:41] Updating existing record with full carry forward - Array
(
    [item_code] => SCMPL0010234
    [month] => 2021-06
    [opening_balance] => 240
)

[2026-03-11 14:31:41] Inserting new record with full carry forward - Array
(
    [item_code] => SCMBR0018635
    [month] => 2021-06
    [opening_balance] => 200
)

[2026-03-11 14:31:41] Updating existing record with full carry forward - Array
(
    [item_code] => SCMBR0009847
    [month] => 2021-06
    [opening_balance] => 500
)

[2026-03-11 14:31:41] Inserting new record with full carry forward - Array
(
    [item_code] => SCMBR0029429
    [month] => 2021-06
    [opening_balance] => 500
)

[2026-03-11 14:31:41] Inserting new record with full carry forward - Array
(
    [item_code] => SCMBR0029431
    [month] => 2021-06
    [opening_balance] => 130
)

[2026-03-11 14:31:41] Inserting new record with full carry forward - Array
(
    [item_code] => SCMPL0010541
    [month] => 2021-06
    [opening_balance] => 400
)

[2026-03-11 14:31:41] Updating existing record with full carry forward - Array
(
    [item_code] => SCMPL0010198
    [month] => 2021-06
    [opening_balance] => 384
)

[2026-03-11 14:31:41] Updating existing record with full carry forward - Array
(
    [item_code] => SCMPL0010450
    [month] => 2021-06
    [opening_balance] => 200
)

[2026-03-11 14:31:41] Updating existing record with full carry forward - Array
(
    [item_code] => SCMPL0010451
    [month] => 2021-06
    [opening_balance] => 500
)

[2026-03-11 14:31:41] Updating existing record with full carry forward - Array
(
    [item_code] => SCMPL0010453
    [month] => 2021-06
    [opening_balance] => 30
)

[2026-03-11 14:31:41] Updating existing record with full carry forward - Array
(
    [item_code] => SCMPL0010056
    [month] => 2021-06
    [opening_balance] => 500
)

[2026-03-11 14:31:41] Inserting new record with full carry forward - Array
(
    [item_code] => SCMPL0040482
    [month] => 2021-06
    [opening_balance] => 300
)

[2026-03-11 14:31:41] Updating existing record with full carry forward - Array
(
    [item_code] => SCMPL0009894
    [month] => 2021-06
    [opening_balance] => 100
)

[2026-03-11 14:31:41] Inserting new record with full carry forward - Array
(
    [item_code] => SCMPL0009899
    [month] => 2021-06
    [opening_balance] => 500
)

[2026-03-11 14:31:41] Inserting new record with full carry forward - Array
(
    [item_code] => SCMPL0009902
    [month] => 2021-06
    [opening_balance] => 10
)

[2026-03-11 14:31:41] Inserting new record with full carry forward - Array
(
    [item_code] => SCMPL0009903
    [month] => 2021-06
    [opening_balance] => 20
)

[2026-03-11 14:31:41] Inserting new record with full carry forward - Array
(
    [item_code] => SCMPL0011581
    [month] => 2021-06
    [opening_balance] => 15
)

[2026-03-11 14:31:41] Updating existing record with full carry forward - Array
(
    [item_code] => SCMPL0009936
    [month] => 2021-06
    [opening_balance] => 500
)

[2026-03-11 14:31:41] Inserting new record with full carry forward - Array
(
    [item_code] => SCMPL0035367
    [month] => 2021-06
    [opening_balance] => 500
)

[2026-03-11 14:31:41] Updating existing record with full carry forward - Array
(
    [item_code] => SCMPL0010434
    [month] => 2021-06
    [opening_balance] => 500
)

[2026-03-11 14:31:41] Updating existing record with full carry forward - Array
(
    [item_code] => SCMPL0009942
    [month] => 2021-06
    [opening_balance] => 500
)

[2026-03-11 14:31:41] Inserting new record with full carry forward - Array
(
    [item_code] => SCMPL0036711
    [month] => 2021-06
    [opening_balance] => 500
)

[2026-03-11 14:31:41] Updating existing record with full carry forward - Array
(
    [item_code] => SCMPL0010701
    [month] => 2021-06
    [opening_balance] => 700
)

[2026-03-11 14:31:41] Inserting new record with full carry forward - Array
(
    [item_code] => SCMPL0010702
    [month] => 2021-06
    [opening_balance] => 100
)

[2026-03-11 14:31:41] Updating existing record with full carry forward - Array
(
    [item_code] => SCMPL0010076
    [month] => 2021-06
    [opening_balance] => 700
)

[2026-03-11 14:31:41] Updating existing record with full carry forward - Array
(
    [item_code] => SCMPL0010088
    [month] => 2021-06
    [opening_balance] => 264
)

[2026-03-11 14:31:41] Updating existing record with full carry forward - Array
(
    [item_code] => SCMPL0010075
    [month] => 2021-06
    [opening_balance] => 700
)

[2026-03-11 14:31:41] Updating existing record with full carry forward - Array
(
    [item_code] => SCMPL0010087
    [month] => 2021-06
    [opening_balance] => 1200
)

[2026-03-11 14:31:41] Updating existing record with full carry forward - Array
(
    [item_code] => SCMPL0010108
    [month] => 2021-06
    [opening_balance] => 10
)

[2026-03-11 14:31:41] Inserting new record with full carry forward - Array
(
    [item_code] => SCMPL0029933
    [month] => 2021-06
    [opening_balance] => 6
)

[2026-03-11 14:31:41] Inserting new record with full carry forward - Array
(
    [item_code] => SCMPL0029928
    [month] => 2021-06
    [opening_balance] => 12
)

[2026-03-11 14:31:41] Inserting new record with full carry forward - Array
(
    [item_code] => SCMPL0010360
    [month] => 2021-06
    [opening_balance] => 24
)

[2026-03-11 14:31:41] Inserting new record with full carry forward - Array
(
    [item_code] => SCMPL0009968
    [month] => 2021-06
    [opening_balance] => 530
)

[2026-03-11 14:31:41] Inserting new record with full carry forward - Array
(
    [item_code] => SCMPL0009977
    [month] => 2021-06
    [opening_balance] => 542
)

[2026-03-11 14:31:41] Updating existing record with full carry forward - Array
(
    [item_code] => SCMWN0019724
    [month] => 2021-06
    [opening_balance] => 130
)

[2026-03-11 14:31:41] Inserting new record with full carry forward - Array
(
    [item_code] => SCMKS0018253
    [month] => 2021-06
    [opening_balance] => 6
)

[2026-03-11 14:31:41] Inserting new record with full carry forward - Array
(
    [item_code] => SCMBR0037366
    [month] => 2021-06
    [opening_balance] => 48
)

[2026-03-11 14:31:41] Updating existing record with full carry forward - Array
(
    [item_code] => SCMBR0023264
    [month] => 2021-06
    [opening_balance] => 200
)

[2026-03-11 14:31:41] Inserting new record with full carry forward - Array
(
    [item_code] => SCMBR0018161
    [month] => 2021-06
    [opening_balance] => 130
)

[2026-03-11 14:31:41] Updating existing record with full carry forward - Array
(
    [item_code] => SCMKS0026879
    [month] => 2021-06
    [opening_balance] => 21
)

[2026-03-11 14:31:41] Updating existing record with full carry forward - Array
(
    [item_code] => SCMPL0010020
    [month] => 2021-06
    [opening_balance] => 1225
)

[2026-03-11 14:31:41] Processing month with carry forward - Array
(
    [month] => 2021-07
    [start_month] => 2021-04
    [start_day] => 01
    [days_in_month] => Array
        (
            [0] => 01
            [1] => 02
            [2] => 03
            [3] => 04
            [4] => 05
            [5] => 06
            [6] => 07
            [7] => 08
            [8] => 09
            [9] => 10
            [10] => 11
            [11] => 12
            [12] => 13
            [13] => 14
            [14] => 15
            [15] => 16
            [16] => 17
            [17] => 18
            [18] => 19
            [19] => 20
            [20] => 21
            [21] => 22
            [22] => 23
            [23] => 24
            [24] => 25
            [25] => 26
            [26] => 27
            [27] => 28
            [28] => 29
            [29] => 30
            [30] => 31
        )

)

[2026-03-11 14:31:41] Updating existing record with full carry forward - Array
(
    [item_code] => SCMPL0028274
    [month] => 2021-07
    [opening_balance] => 500
)

[2026-03-11 14:31:41] Inserting new record with full carry forward - Array
(
    [item_code] => SCMPL0028275
    [month] => 2021-07
    [opening_balance] => 500
)

[2026-03-11 14:31:41] Updating existing record with full carry forward - Array
(
    [item_code] => SCMPL0028356
    [month] => 2021-07
    [opening_balance] => 50
)

[2026-03-11 14:31:41] Inserting new record with full carry forward - Array
(
    [item_code] => SCMBR0021532
    [month] => 2021-07
    [opening_balance] => 300
)

[2026-03-11 14:31:41] Updating existing record with full carry forward - Array
(
    [item_code] => SCMPL0009668
    [month] => 2021-07
    [opening_balance] => 60
)

[2026-03-11 14:31:41] Inserting new record with full carry forward - Array
(
    [item_code] => SCMPL0009688
    [month] => 2021-07
    [opening_balance] => 50
)

[2026-03-11 14:31:41] Updating existing record with full carry forward - Array
(
    [item_code] => SCMPL0022277
    [month] => 2021-07
    [opening_balance] => 500
)

[2026-03-11 14:31:42] Updating existing record with full carry forward - Array
(
    [item_code] => SCMPL0022280
    [month] => 2021-07
    [opening_balance] => 32
)

[2026-03-11 14:31:42] Inserting new record with full carry forward - Array
(
    [item_code] => SCMPL0018737
    [month] => 2021-07
    [opening_balance] => 500
)

[2026-03-11 14:31:42] Inserting new record with full carry forward - Array
(
    [item_code] => SCMKS0026878
    [month] => 2021-07
    [opening_balance] => 50
)

[2026-03-11 14:31:42] Inserting new record with full carry forward - Array
(
    [item_code] => SCMPL0009775
    [month] => 2021-07
    [opening_balance] => 500
)

[2026-03-11 14:31:42] Updating existing record with full carry forward - Array
(
    [item_code] => SCMPL0010676
    [month] => 2021-07
    [opening_balance] => 30
)

[2026-03-11 14:31:42] Updating existing record with full carry forward - Array
(
    [item_code] => SCMPL0010677
    [month] => 2021-07
    [opening_balance] => 10
)

[2026-03-11 14:31:42] Updating existing record with full carry forward - Array
(
    [item_code] => SCMPL0010678
    [month] => 2021-07
    [opening_balance] => 1500
)

[2026-03-11 14:31:42] Updating existing record with full carry forward - Array
(
    [item_code] => SCMPL0010679
    [month] => 2021-07
    [opening_balance] => 1000
)

[2026-03-11 14:31:42] Inserting new record with full carry forward - Array
(
    [item_code] => SCMBR0018137
    [month] => 2021-07
    [opening_balance] => 300
)

[2026-03-11 14:31:42] Inserting new record with full carry forward - Array
(
    [item_code] => SCMKB0031391
    [month] => 2021-07
    [opening_balance] => 500
)

[2026-03-11 14:31:42] Updating existing record with full carry forward - Array
(
    [item_code] => SCMBR0018142
    [month] => 2021-07
    [opening_balance] => 300
)

[2026-03-11 14:31:42] Inserting new record with full carry forward - Array
(
    [item_code] => SCMBR0027089
    [month] => 2021-07
    [opening_balance] => 300
)

[2026-03-11 14:31:42] Inserting new record with full carry forward - Array
(
    [item_code] => SCMBR0018132
    [month] => 2021-07
    [opening_balance] => 121
)

[2026-03-11 14:31:42] Inserting new record with full carry forward - Array
(
    [item_code] => SCMBR0018158
    [month] => 2021-07
    [opening_balance] => 500
)

[2026-03-11 14:31:42] Updating existing record with full carry forward - Array
(
    [item_code] => SCMBR0023258
    [month] => 2021-07
    [opening_balance] => 500
)

[2026-03-11 14:31:42] Updating existing record with full carry forward - Array
(
    [item_code] => SCMPL0010445
    [month] => 2021-07
    [opening_balance] => 500
)

[2026-03-11 14:31:42] Updating existing record with full carry forward - Array
(
    [item_code] => SCMPL0010447
    [month] => 2021-07
    [opening_balance] => 20
)

[2026-03-11 14:31:42] Updating existing record with full carry forward - Array
(
    [item_code] => SCMPL0010612
    [month] => 2021-07
    [opening_balance] => 1000
)

[2026-03-11 14:31:42] Updating existing record with full carry forward - Array
(
    [item_code] => SCMPL0009770
    [month] => 2021-07
    [opening_balance] => 500
)

[2026-03-11 14:31:42] Inserting new record with full carry forward - Array
(
    [item_code] => SCMPL0018648
    [month] => 2021-07
    [opening_balance] => 200
)

[2026-03-11 14:31:42] Inserting new record with full carry forward - Array
(
    [item_code] => SCMPL0033624
    [month] => 2021-07
    [opening_balance] => 500
)

[2026-03-11 14:31:42] Updating existing record with full carry forward - Array
(
    [item_code] => SCMPL0012499
    [month] => 2021-07
    [opening_balance] => 15
)

[2026-03-11 14:31:42] Inserting new record with full carry forward - Array
(
    [item_code] => SCMPL0011438
    [month] => 2021-07
    [opening_balance] => 96
)

[2026-03-11 14:31:42] Inserting new record with full carry forward - Array
(
    [item_code] => SCMPL0011418
    [month] => 2021-07
    [opening_balance] => 240
)

[2026-03-11 14:31:42] Updating existing record with full carry forward - Array
(
    [item_code] => SCMPL0010234
    [month] => 2021-07
    [opening_balance] => 240
)

[2026-03-11 14:31:42] Inserting new record with full carry forward - Array
(
    [item_code] => SCMBR0018635
    [month] => 2021-07
    [opening_balance] => 200
)

[2026-03-11 14:31:42] Updating existing record with full carry forward - Array
(
    [item_code] => SCMBR0009847
    [month] => 2021-07
    [opening_balance] => 500
)

[2026-03-11 14:31:42] Inserting new record with full carry forward - Array
(
    [item_code] => SCMBR0029429
    [month] => 2021-07
    [opening_balance] => 500
)

[2026-03-11 14:31:42] Inserting new record with full carry forward - Array
(
    [item_code] => SCMBR0029431
    [month] => 2021-07
    [opening_balance] => 130
)

[2026-03-11 14:31:42] Inserting new record with full carry forward - Array
(
    [item_code] => SCMPL0010541
    [month] => 2021-07
    [opening_balance] => 400
)

[2026-03-11 14:31:42] Updating existing record with full carry forward - Array
(
    [item_code] => SCMPL0010198
    [month] => 2021-07
    [opening_balance] => 384
)

[2026-03-11 14:31:42] Updating existing record with full carry forward - Array
(
    [item_code] => SCMPL0010450
    [month] => 2021-07
    [opening_balance] => 200
)

[2026-03-11 14:31:42] Updating existing record with full carry forward - Array
(
    [item_code] => SCMPL0010451
    [month] => 2021-07
    [opening_balance] => 500
)

[2026-03-11 14:31:42] Updating existing record with full carry forward - Array
(
    [item_code] => SCMPL0010453
    [month] => 2021-07
    [opening_balance] => 30
)

[2026-03-11 14:31:42] Updating existing record with full carry forward - Array
(
    [item_code] => SCMPL0010056
    [month] => 2021-07
    [opening_balance] => 500
)

[2026-03-11 14:31:42] Inserting new record with full carry forward - Array
(
    [item_code] => SCMPL0040482
    [month] => 2021-07
    [opening_balance] => 300
)

[2026-03-11 14:31:42] Updating existing record with full carry forward - Array
(
    [item_code] => SCMPL0009894
    [month] => 2021-07
    [opening_balance] => 100
)

[2026-03-11 14:31:42] Inserting new record with full carry forward - Array
(
    [item_code] => SCMPL0009899
    [month] => 2021-07
    [opening_balance] => 500
)

[2026-03-11 14:31:42] Inserting new record with full carry forward - Array
(
    [item_code] => SCMPL0009902
    [month] => 2021-07
    [opening_balance] => 10
)

[2026-03-11 14:31:42] Inserting new record with full carry forward - Array
(
    [item_code] => SCMPL0009903
    [month] => 2021-07
    [opening_balance] => 20
)

[2026-03-11 14:31:42] Inserting new record with full carry forward - Array
(
    [item_code] => SCMPL0011581
    [month] => 2021-07
    [opening_balance] => 15
)

[2026-03-11 14:31:42] Updating existing record with full carry forward - Array
(
    [item_code] => SCMPL0009936
    [month] => 2021-07
    [opening_balance] => 500
)

[2026-03-11 14:31:42] Inserting new record with full carry forward - Array
(
    [item_code] => SCMPL0035367
    [month] => 2021-07
    [opening_balance] => 500
)

[2026-03-11 14:31:42] Updating existing record with full carry forward - Array
(
    [item_code] => SCMPL0010434
    [month] => 2021-07
    [opening_balance] => 500
)

[2026-03-11 14:31:42] Updating existing record with full carry forward - Array
(
    [item_code] => SCMPL0009942
    [month] => 2021-07
    [opening_balance] => 500
)

[2026-03-11 14:31:42] Inserting new record with full carry forward - Array
(
    [item_code] => SCMPL0036711
    [month] => 2021-07
    [opening_balance] => 500
)

[2026-03-11 14:31:42] Updating existing record with full carry forward - Array
(
    [item_code] => SCMPL0010701
    [month] => 2021-07
    [opening_balance] => 700
)

[2026-03-11 14:31:42] Updating existing record with full carry forward - Array
(
    [item_code] => SCMPL0010702
    [month] => 2021-07
    [opening_balance] => 100
)

[2026-03-11 14:31:42] Updating existing record with full carry forward - Array
(
    [item_code] => SCMPL0010076
    [month] => 2021-07
    [opening_balance] => 700
)

[2026-03-11 14:31:42] Updating existing record with full carry forward - Array
(
    [item_code] => SCMPL0010088
    [month] => 2021-07
    [opening_balance] => 264
)

[2026-03-11 14:31:42] Updating existing record with full carry forward - Array
(
    [item_code] => SCMPL0010075
    [month] => 2021-07
    [opening_balance] => 700
)

[2026-03-11 14:31:42] Updating existing record with full carry forward - Array
(
    [item_code] => SCMPL0010087
    [month] => 2021-07
    [opening_balance] => 1200
)

[2026-03-11 14:31:42] Updating existing record with full carry forward - Array
(
    [item_code] => SCMPL0010108
    [month] => 2021-07
    [opening_balance] => 10
)

[2026-03-11 14:31:42] Inserting new record with full carry forward - Array
(
    [item_code] => SCMPL0029933
    [month] => 2021-07
    [opening_balance] => 6
)

[2026-03-11 14:31:42] Inserting new record with full carry forward - Array
(
    [item_code] => SCMPL0029928
    [month] => 2021-07
    [opening_balance] => 12
)

[2026-03-11 14:31:42] Inserting new record with full carry forward - Array
(
    [item_code] => SCMPL0010360
    [month] => 2021-07
    [opening_balance] => 24
)

[2026-03-11 14:31:42] Inserting new record with full carry forward - Array
(
    [item_code] => SCMPL0009968
    [month] => 2021-07
    [opening_balance] => 530
)

[2026-03-11 14:31:42] Inserting new record with full carry forward - Array
(
    [item_code] => SCMPL0009977
    [month] => 2021-07
    [opening_balance] => 542
)

[2026-03-11 14:31:42] Updating existing record with full carry forward - Array
(
    [item_code] => SCMWN0019724
    [month] => 2021-07
    [opening_balance] => 130
)

[2026-03-11 14:31:42] Inserting new record with full carry forward - Array
(
    [item_code] => SCMKS0018253
    [month] => 2021-07
    [opening_balance] => 6
)

[2026-03-11 14:31:42] Inserting new record with full carry forward - Array
(
    [item_code] => SCMBR0037366
    [month] => 2021-07
    [opening_balance] => 48
)

[2026-03-11 14:31:42] Updating existing record with full carry forward - Array
(
    [item_code] => SCMBR0023264
    [month] => 2021-07
    [opening_balance] => 200
)

[2026-03-11 14:31:42] Updating existing record with full carry forward - Array
(
    [item_code] => SCMBR0018161
    [month] => 2021-07
    [opening_balance] => 130
)

[2026-03-11 14:31:42] Updating existing record with full carry forward - Array
(
    [item_code] => SCMKS0026879
    [month] => 2021-07
    [opening_balance] => 21
)

[2026-03-11 14:31:42] Updating existing record with full carry forward - Array
(
    [item_code] => SCMPL0010020
    [month] => 2021-07
    [opening_balance] => 1225
)

[2026-03-11 14:31:43] Processing month with carry forward - Array
(
    [month] => 2021-08
    [start_month] => 2021-04
    [start_day] => 01
    [days_in_month] => Array
        (
            [0] => 01
            [1] => 02
            [2] => 03
            [3] => 04
            [4] => 05
            [5] => 06
            [6] => 07
            [7] => 08
            [8] => 09
            [9] => 10
            [10] => 11
            [11] => 12
            [12] => 13
            [13] => 14
            [14] => 15
            [15] => 16
            [16] => 17
            [17] => 18
            [18] => 19
            [19] => 20
            [20] => 21
            [21] => 22
            [22] => 23
            [23] => 24
            [24] => 25
            [25] => 26
            [26] => 27
            [27] => 28
            [28] => 29
            [29] => 30
            [30] => 31
        )

)

[2026-03-11 14:31:43] Updating existing record with full carry forward - Array
(
    [item_code] => SCMPL0028274
    [month] => 2021-08
    [opening_balance] => 500
)

[2026-03-11 14:31:43] Updating existing record with full carry forward - Array
(
    [item_code] => SCMPL0028275
    [month] => 2021-08
    [opening_balance] => 500
)

[2026-03-11 14:31:43] Updating existing record with full carry forward - Array
(
    [item_code] => SCMPL0028356
    [month] => 2021-08
    [opening_balance] => 50
)

[2026-03-11 14:31:43] Updating existing record with full carry forward - Array
(
    [item_code] => SCMBR0021532
    [month] => 2021-08
    [opening_balance] => 300
)

[2026-03-11 14:31:43] Updating existing record with full carry forward - Array
(
    [item_code] => SCMPL0009668
    [month] => 2021-08
    [opening_balance] => 60
)

[2026-03-11 14:31:43] Inserting new record with full carry forward - Array
(
    [item_code] => SCMPL0009688
    [month] => 2021-08
    [opening_balance] => 50
)

[2026-03-11 14:31:43] Updating existing record with full carry forward - Array
(
    [item_code] => SCMPL0022277
    [month] => 2021-08
    [opening_balance] => 500
)

[2026-03-11 14:31:43] Updating existing record with full carry forward - Array
(
    [item_code] => SCMPL0022280
    [month] => 2021-08
    [opening_balance] => 32
)

[2026-03-11 14:31:43] Inserting new record with full carry forward - Array
(
    [item_code] => SCMPL0018737
    [month] => 2021-08
    [opening_balance] => 500
)

[2026-03-11 14:31:43] Updating existing record with full carry forward - Array
(
    [item_code] => SCMKS0026878
    [month] => 2021-08
    [opening_balance] => 50
)

[2026-03-11 14:31:43] Updating existing record with full carry forward - Array
(
    [item_code] => SCMPL0009775
    [month] => 2021-08
    [opening_balance] => 500
)

[2026-03-11 14:31:43] Updating existing record with full carry forward - Array
(
    [item_code] => SCMPL0010676
    [month] => 2021-08
    [opening_balance] => 30
)

[2026-03-11 14:31:43] Updating existing record with full carry forward - Array
(
    [item_code] => SCMPL0010677
    [month] => 2021-08
    [opening_balance] => 10
)

[2026-03-11 14:31:43] Updating existing record with full carry forward - Array
(
    [item_code] => SCMPL0010678
    [month] => 2021-08
    [opening_balance] => 1500
)

[2026-03-11 14:31:43] Updating existing record with full carry forward - Array
(
    [item_code] => SCMPL0010679
    [month] => 2021-08
    [opening_balance] => 1000
)

[2026-03-11 14:31:43] Inserting new record with full carry forward - Array
(
    [item_code] => SCMBR0018137
    [month] => 2021-08
    [opening_balance] => 300
)

[2026-03-11 14:31:43] Inserting new record with full carry forward - Array
(
    [item_code] => SCMKB0031391
    [month] => 2021-08
    [opening_balance] => 500
)

[2026-03-11 14:31:43] Updating existing record with full carry forward - Array
(
    [item_code] => SCMBR0018142
    [month] => 2021-08
    [opening_balance] => 300
)

[2026-03-11 14:31:43] Updating existing record with full carry forward - Array
(
    [item_code] => SCMBR0027089
    [month] => 2021-08
    [opening_balance] => 300
)

[2026-03-11 14:31:43] Inserting new record with full carry forward - Array
(
    [item_code] => SCMBR0018132
    [month] => 2021-08
    [opening_balance] => 121
)

[2026-03-11 14:31:43] Inserting new record with full carry forward - Array
(
    [item_code] => SCMBR0018158
    [month] => 2021-08
    [opening_balance] => 500
)

[2026-03-11 14:31:43] Updating existing record with full carry forward - Array
(
    [item_code] => SCMBR0023258
    [month] => 2021-08
    [opening_balance] => 500
)

[2026-03-11 14:31:43] Updating existing record with full carry forward - Array
(
    [item_code] => SCMPL0010445
    [month] => 2021-08
    [opening_balance] => 500
)

[2026-03-11 14:31:43] Updating existing record with full carry forward - Array
(
    [item_code] => SCMPL0010447
    [month] => 2021-08
    [opening_balance] => 20
)

[2026-03-11 14:31:43] Updating existing record with full carry forward - Array
(
    [item_code] => SCMPL0010612
    [month] => 2021-08
    [opening_balance] => 1000
)

[2026-03-11 14:31:43] Updating existing record with full carry forward - Array
(
    [item_code] => SCMPL0009770
    [month] => 2021-08
    [opening_balance] => 500
)

[2026-03-11 14:31:43] Updating existing record with full carry forward - Array
(
    [item_code] => SCMPL0018648
    [month] => 2021-08
    [opening_balance] => 200
)

[2026-03-11 14:31:43] Inserting new record with full carry forward - Array
(
    [item_code] => SCMPL0033624
    [month] => 2021-08
    [opening_balance] => 500
)

[2026-03-11 14:31:43] Updating existing record with full carry forward - Array
(
    [item_code] => SCMPL0012499
    [month] => 2021-08
    [opening_balance] => 15
)

[2026-03-11 14:31:43] Inserting new record with full carry forward - Array
(
    [item_code] => SCMPL0011438
    [month] => 2021-08
    [opening_balance] => 96
)

[2026-03-11 14:31:43] Updating existing record with full carry forward - Array
(
    [item_code] => SCMPL0011418
    [month] => 2021-08
    [opening_balance] => 240
)

[2026-03-11 14:31:43] Updating existing record with full carry forward - Array
(
    [item_code] => SCMPL0010234
    [month] => 2021-08
    [opening_balance] => 240
)

[2026-03-11 14:31:43] Updating existing record with full carry forward - Array
(
    [item_code] => SCMBR0018635
    [month] => 2021-08
    [opening_balance] => 200
)

[2026-03-11 14:31:43] Updating existing record with full carry forward - Array
(
    [item_code] => SCMBR0009847
    [month] => 2021-08
    [opening_balance] => 500
)

[2026-03-11 14:31:43] Inserting new record with full carry forward - Array
(
    [item_code] => SCMBR0029429
    [month] => 2021-08
    [opening_balance] => 500
)

[2026-03-11 14:31:43] Updating existing record with full carry forward - Array
(
    [item_code] => SCMBR0029431
    [month] => 2021-08
    [opening_balance] => 130
)

[2026-03-11 14:31:43] Updating existing record with full carry forward - Array
(
    [item_code] => SCMPL0010541
    [month] => 2021-08
    [opening_balance] => 400
)

[2026-03-11 14:31:43] Updating existing record with full carry forward - Array
(
    [item_code] => SCMPL0010198
    [month] => 2021-08
    [opening_balance] => 384
)

[2026-03-11 14:31:43] Updating existing record with full carry forward - Array
(
    [item_code] => SCMPL0010450
    [month] => 2021-08
    [opening_balance] => 200
)

[2026-03-11 14:31:43] Updating existing record with full carry forward - Array
(
    [item_code] => SCMPL0010451
    [month] => 2021-08
    [opening_balance] => 500
)

[2026-03-11 14:31:43] Updating existing record with full carry forward - Array
(
    [item_code] => SCMPL0010453
    [month] => 2021-08
    [opening_balance] => 30
)

[2026-03-11 14:31:43] Updating existing record with full carry forward - Array
(
    [item_code] => SCMPL0010056
    [month] => 2021-08
    [opening_balance] => 500
)

[2026-03-11 14:31:43] Inserting new record with full carry forward - Array
(
    [item_code] => SCMPL0040482
    [month] => 2021-08
    [opening_balance] => 300
)

[2026-03-11 14:31:43] Updating existing record with full carry forward - Array
(
    [item_code] => SCMPL0009894
    [month] => 2021-08
    [opening_balance] => 100
)

[2026-03-11 14:31:43] Inserting new record with full carry forward - Array
(
    [item_code] => SCMPL0009899
    [month] => 2021-08
    [opening_balance] => 500
)

[2026-03-11 14:31:43] Inserting new record with full carry forward - Array
(
    [item_code] => SCMPL0009902
    [month] => 2021-08
    [opening_balance] => 10
)

[2026-03-11 14:31:43] Inserting new record with full carry forward - Array
(
    [item_code] => SCMPL0009903
    [month] => 2021-08
    [opening_balance] => 20
)

[2026-03-11 14:31:43] Inserting new record with full carry forward - Array
(
    [item_code] => SCMPL0011581
    [month] => 2021-08
    [opening_balance] => 15
)

[2026-03-11 14:31:43] Updating existing record with full carry forward - Array
(
    [item_code] => SCMPL0009936
    [month] => 2021-08
    [opening_balance] => 500
)

[2026-03-11 14:31:43] Inserting new record with full carry forward - Array
(
    [item_code] => SCMPL0035367
    [month] => 2021-08
    [opening_balance] => 500
)

[2026-03-11 14:31:43] Updating existing record with full carry forward - Array
(
    [item_code] => SCMPL0010434
    [month] => 2021-08
    [opening_balance] => 500
)

[2026-03-11 14:31:43] Updating existing record with full carry forward - Array
(
    [item_code] => SCMPL0009942
    [month] => 2021-08
    [opening_balance] => 500
)

[2026-03-11 14:31:43] Inserting new record with full carry forward - Array
(
    [item_code] => SCMPL0036711
    [month] => 2021-08
    [opening_balance] => 500
)

[2026-03-11 14:31:43] Updating existing record with full carry forward - Array
(
    [item_code] => SCMPL0010701
    [month] => 2021-08
    [opening_balance] => 700
)

[2026-03-11 14:31:43] Updating existing record with full carry forward - Array
(
    [item_code] => SCMPL0010702
    [month] => 2021-08
    [opening_balance] => 100
)

[2026-03-11 14:31:43] Updating existing record with full carry forward - Array
(
    [item_code] => SCMPL0010076
    [month] => 2021-08
    [opening_balance] => 700
)

[2026-03-11 14:31:44] Updating existing record with full carry forward - Array
(
    [item_code] => SCMPL0010088
    [month] => 2021-08
    [opening_balance] => 264
)

[2026-03-11 14:31:44] Updating existing record with full carry forward - Array
(
    [item_code] => SCMPL0010075
    [month] => 2021-08
    [opening_balance] => 700
)

[2026-03-11 14:31:44] Updating existing record with full carry forward - Array
(
    [item_code] => SCMPL0010087
    [month] => 2021-08
    [opening_balance] => 1200
)

[2026-03-11 14:31:44] Updating existing record with full carry forward - Array
(
    [item_code] => SCMPL0010108
    [month] => 2021-08
    [opening_balance] => 10
)

[2026-03-11 14:31:44] Inserting new record with full carry forward - Array
(
    [item_code] => SCMPL0029933
    [month] => 2021-08
    [opening_balance] => 6
)

[2026-03-11 14:31:44] Inserting new record with full carry forward - Array
(
    [item_code] => SCMPL0029928
    [month] => 2021-08
    [opening_balance] => 12
)

[2026-03-11 14:31:44] Inserting new record with full carry forward - Array
(
    [item_code] => SCMPL0010360
    [month] => 2021-08
    [opening_balance] => 24
)

[2026-03-11 14:31:44] Updating existing record with full carry forward - Array
(
    [item_code] => SCMPL0009968
    [month] => 2021-08
    [opening_balance] => 530
)

[2026-03-11 14:31:44] Updating existing record with full carry forward - Array
(
    [item_code] => SCMPL0009977
    [month] => 2021-08
    [opening_balance] => 542
)

[2026-03-11 14:31:44] Updating existing record with full carry forward - Array
(
    [item_code] => SCMWN0019724
    [month] => 2021-08
    [opening_balance] => 130
)

[2026-03-11 14:31:44] Updating existing record with full carry forward - Array
(
    [item_code] => SCMKS0018253
    [month] => 2021-08
    [opening_balance] => 6
)

[2026-03-11 14:31:44] Inserting new record with full carry forward - Array
(
    [item_code] => SCMBR0037366
    [month] => 2021-08
    [opening_balance] => 48
)

[2026-03-11 14:31:44] Updating existing record with full carry forward - Array
(
    [item_code] => SCMBR0023264
    [month] => 2021-08
    [opening_balance] => 200
)

[2026-03-11 14:31:44] Updating existing record with full carry forward - Array
(
    [item_code] => SCMBR0018161
    [month] => 2021-08
    [opening_balance] => 130
)

[2026-03-11 14:31:44] Updating existing record with full carry forward - Array
(
    [item_code] => SCMKS0026879
    [month] => 2021-08
    [opening_balance] => 21
)

[2026-03-11 14:31:44] Updating existing record with full carry forward - Array
(
    [item_code] => SCMPL0010020
    [month] => 2021-08
    [opening_balance] => 1225
)

[2026-03-11 14:31:44] Processing month with carry forward - Array
(
    [month] => 2021-09
    [start_month] => 2021-04
    [start_day] => 01
    [days_in_month] => Array
        (
            [0] => 01
            [1] => 02
            [2] => 03
            [3] => 04
            [4] => 05
            [5] => 06
            [6] => 07
            [7] => 08
            [8] => 09
            [9] => 10
            [10] => 11
            [11] => 12
            [12] => 13
            [13] => 14
            [14] => 15
            [15] => 16
            [16] => 17
            [17] => 18
            [18] => 19
            [19] => 20
            [20] => 21
            [21] => 22
            [22] => 23
            [23] => 24
            [24] => 25
            [25] => 26
            [26] => 27
            [27] => 28
            [28] => 29
            [29] => 30
        )

)

[2026-03-11 14:31:44] Updating existing record with full carry forward - Array
(
    [item_code] => SCMPL0028274
    [month] => 2021-09
    [opening_balance] => 500
)

[2026-03-11 14:31:44] Updating existing record with full carry forward - Array
(
    [item_code] => SCMPL0028275
    [month] => 2021-09
    [opening_balance] => 500
)

[2026-03-11 14:31:44] Updating existing record with full carry forward - Array
(
    [item_code] => SCMPL0028356
    [month] => 2021-09
    [opening_balance] => 50
)

[2026-03-11 14:31:44] Updating existing record with full carry forward - Array
(
    [item_code] => SCMBR0021532
    [month] => 2021-09
    [opening_balance] => 300
)

[2026-03-11 14:31:44] Updating existing record with full carry forward - Array
(
    [item_code] => SCMPL0009668
    [month] => 2021-09
    [opening_balance] => 60
)

[2026-03-11 14:31:44] Inserting new record with full carry forward - Array
(
    [item_code] => SCMPL0009688
    [month] => 2021-09
    [opening_balance] => 50
)

[2026-03-11 14:31:44] Updating existing record with full carry forward - Array
(
    [item_code] => SCMPL0022277
    [month] => 2021-09
    [opening_balance] => 500
)

[2026-03-11 14:31:44] Updating existing record with full carry forward - Array
(
    [item_code] => SCMPL0022280
    [month] => 2021-09
    [opening_balance] => 32
)

[2026-03-11 14:31:44] Inserting new record with full carry forward - Array
(
    [item_code] => SCMPL0018737
    [month] => 2021-09
    [opening_balance] => 500
)

[2026-03-11 14:31:44] Updating existing record with full carry forward - Array
(
    [item_code] => SCMKS0026878
    [month] => 2021-09
    [opening_balance] => 50
)

[2026-03-11 14:31:44] Updating existing record with full carry forward - Array
(
    [item_code] => SCMPL0009775
    [month] => 2021-09
    [opening_balance] => 500
)

[2026-03-11 14:31:44] Updating existing record with full carry forward - Array
(
    [item_code] => SCMPL0010676
    [month] => 2021-09
    [opening_balance] => 30
)

[2026-03-11 14:31:44] Updating existing record with full carry forward - Array
(
    [item_code] => SCMPL0010677
    [month] => 2021-09
    [opening_balance] => 10
)

[2026-03-11 14:31:44] Updating existing record with full carry forward - Array
(
    [item_code] => SCMPL0010678
    [month] => 2021-09
    [opening_balance] => 1500
)

[2026-03-11 14:31:44] Updating existing record with full carry forward - Array
(
    [item_code] => SCMPL0010679
    [month] => 2021-09
    [opening_balance] => 1000
)

[2026-03-11 14:31:44] Inserting new record with full carry forward - Array
(
    [item_code] => SCMBR0018137
    [month] => 2021-09
    [opening_balance] => 300
)

[2026-03-11 14:31:44] Inserting new record with full carry forward - Array
(
    [item_code] => SCMKB0031391
    [month] => 2021-09
    [opening_balance] => 500
)

[2026-03-11 14:31:44] Updating existing record with full carry forward - Array
(
    [item_code] => SCMBR0018142
    [month] => 2021-09
    [opening_balance] => 300
)

[2026-03-11 14:31:44] Updating existing record with full carry forward - Array
(
    [item_code] => SCMBR0027089
    [month] => 2021-09
    [opening_balance] => 300
)

[2026-03-11 14:31:44] Inserting new record with full carry forward - Array
(
    [item_code] => SCMBR0018132
    [month] => 2021-09
    [opening_balance] => 121
)

[2026-03-11 14:31:44] Inserting new record with full carry forward - Array
(
    [item_code] => SCMBR0018158
    [month] => 2021-09
    [opening_balance] => 500
)

[2026-03-11 14:31:44] Updating existing record with full carry forward - Array
(
    [item_code] => SCMBR0023258
    [month] => 2021-09
    [opening_balance] => 500
)

[2026-03-11 14:31:44] Updating existing record with full carry forward - Array
(
    [item_code] => SCMPL0010445
    [month] => 2021-09
    [opening_balance] => 500
)

[2026-03-11 14:31:44] Updating existing record with full carry forward - Array
(
    [item_code] => SCMPL0010447
    [month] => 2021-09
    [opening_balance] => 20
)

[2026-03-11 14:31:44] Updating existing record with full carry forward - Array
(
    [item_code] => SCMPL0010612
    [month] => 2021-09
    [opening_balance] => 1000
)

[2026-03-11 14:31:44] Updating existing record with full carry forward - Array
(
    [item_code] => SCMPL0009770
    [month] => 2021-09
    [opening_balance] => 500
)

[2026-03-11 14:31:44] Updating existing record with full carry forward - Array
(
    [item_code] => SCMPL0018648
    [month] => 2021-09
    [opening_balance] => 200
)

[2026-03-11 14:31:44] Inserting new record with full carry forward - Array
(
    [item_code] => SCMPL0033624
    [month] => 2021-09
    [opening_balance] => 500
)

[2026-03-11 14:31:44] Updating existing record with full carry forward - Array
(
    [item_code] => SCMPL0012499
    [month] => 2021-09
    [opening_balance] => 15
)

[2026-03-11 14:31:44] Updating existing record with full carry forward - Array
(
    [item_code] => SCMPL0011438
    [month] => 2021-09
    [opening_balance] => 96
)

[2026-03-11 14:31:44] Updating existing record with full carry forward - Array
(
    [item_code] => SCMPL0011418
    [month] => 2021-09
    [opening_balance] => 240
)

[2026-03-11 14:31:44] Updating existing record with full carry forward - Array
(
    [item_code] => SCMPL0010234
    [month] => 2021-09
    [opening_balance] => 240
)

[2026-03-11 14:31:44] Updating existing record with full carry forward - Array
(
    [item_code] => SCMBR0018635
    [month] => 2021-09
    [opening_balance] => 200
)

[2026-03-11 14:31:44] Updating existing record with full carry forward - Array
(
    [item_code] => SCMBR0009847
    [month] => 2021-09
    [opening_balance] => 500
)

[2026-03-11 14:31:44] Inserting new record with full carry forward - Array
(
    [item_code] => SCMBR0029429
    [month] => 2021-09
    [opening_balance] => 500
)

[2026-03-11 14:31:44] Updating existing record with full carry forward - Array
(
    [item_code] => SCMBR0029431
    [month] => 2021-09
    [opening_balance] => 130
)

[2026-03-11 14:31:44] Updating existing record with full carry forward - Array
(
    [item_code] => SCMPL0010541
    [month] => 2021-09
    [opening_balance] => 400
)

[2026-03-11 14:31:44] Updating existing record with full carry forward - Array
(
    [item_code] => SCMPL0010198
    [month] => 2021-09
    [opening_balance] => 384
)

[2026-03-11 14:31:44] Updating existing record with full carry forward - Array
(
    [item_code] => SCMPL0010450
    [month] => 2021-09
    [opening_balance] => 200
)

[2026-03-11 14:31:44] Updating existing record with full carry forward - Array
(
    [item_code] => SCMPL0010451
    [month] => 2021-09
    [opening_balance] => 500
)

[2026-03-11 14:31:44] Updating existing record with full carry forward - Array
(
    [item_code] => SCMPL0010453
    [month] => 2021-09
    [opening_balance] => 30
)

[2026-03-11 14:31:45] Updating existing record with full carry forward - Array
(
    [item_code] => SCMPL0010056
    [month] => 2021-09
    [opening_balance] => 500
)

[2026-03-11 14:31:45] Inserting new record with full carry forward - Array
(
    [item_code] => SCMPL0040482
    [month] => 2021-09
    [opening_balance] => 300
)

[2026-03-11 14:31:45] Updating existing record with full carry forward - Array
(
    [item_code] => SCMPL0009894
    [month] => 2021-09
    [opening_balance] => 100
)

[2026-03-11 14:31:45] Inserting new record with full carry forward - Array
(
    [item_code] => SCMPL0009899
    [month] => 2021-09
    [opening_balance] => 500
)

[2026-03-11 14:31:45] Updating existing record with full carry forward - Array
(
    [item_code] => SCMPL0009902
    [month] => 2021-09
    [opening_balance] => 10
)

[2026-03-11 14:31:45] Inserting new record with full carry forward - Array
(
    [item_code] => SCMPL0009903
    [month] => 2021-09
    [opening_balance] => 20
)

[2026-03-11 14:31:45] Inserting new record with full carry forward - Array
(
    [item_code] => SCMPL0011581
    [month] => 2021-09
    [opening_balance] => 15
)

[2026-03-11 14:31:45] Updating existing record with full carry forward - Array
(
    [item_code] => SCMPL0009936
    [month] => 2021-09
    [opening_balance] => 500
)

[2026-03-11 14:31:45] Inserting new record with full carry forward - Array
(
    [item_code] => SCMPL0035367
    [month] => 2021-09
    [opening_balance] => 500
)

[2026-03-11 14:31:45] Updating existing record with full carry forward - Array
(
    [item_code] => SCMPL0010434
    [month] => 2021-09
    [opening_balance] => 500
)

[2026-03-11 14:31:45] Updating existing record with full carry forward - Array
(
    [item_code] => SCMPL0009942
    [month] => 2021-09
    [opening_balance] => 500
)

[2026-03-11 14:31:45] Inserting new record with full carry forward - Array
(
    [item_code] => SCMPL0036711
    [month] => 2021-09
    [opening_balance] => 500
)

[2026-03-11 14:31:45] Updating existing record with full carry forward - Array
(
    [item_code] => SCMPL0010701
    [month] => 2021-09
    [opening_balance] => 700
)

[2026-03-11 14:31:45] Updating existing record with full carry forward - Array
(
    [item_code] => SCMPL0010702
    [month] => 2021-09
    [opening_balance] => 100
)

[2026-03-11 14:31:45] Updating existing record with full carry forward - Array
(
    [item_code] => SCMPL0010076
    [month] => 2021-09
    [opening_balance] => 700
)

[2026-03-11 14:31:45] Updating existing record with full carry forward - Array
(
    [item_code] => SCMPL0010088
    [month] => 2021-09
    [opening_balance] => 264
)

[2026-03-11 14:31:45] Updating existing record with full carry forward - Array
(
    [item_code] => SCMPL0010075
    [month] => 2021-09
    [opening_balance] => 700
)

[2026-03-11 14:31:45] Updating existing record with full carry forward - Array
(
    [item_code] => SCMPL0010087
    [month] => 2021-09
    [opening_balance] => 1200
)

[2026-03-11 14:31:45] Updating existing record with full carry forward - Array
(
    [item_code] => SCMPL0010108
    [month] => 2021-09
    [opening_balance] => 10
)

[2026-03-11 14:31:45] Inserting new record with full carry forward - Array
(
    [item_code] => SCMPL0029933
    [month] => 2021-09
    [opening_balance] => 6
)

[2026-03-11 14:31:45] Inserting new record with full carry forward - Array
(
    [item_code] => SCMPL0029928
    [month] => 2021-09
    [opening_balance] => 12
)

[2026-03-11 14:31:45] Inserting new record with full carry forward - Array
(
    [item_code] => SCMPL0010360
    [month] => 2021-09
    [opening_balance] => 24
)

[2026-03-11 14:31:45] Updating existing record with full carry forward - Array
(
    [item_code] => SCMPL0009968
    [month] => 2021-09
    [opening_balance] => 530
)

[2026-03-11 14:31:45] Updating existing record with full carry forward - Array
(
    [item_code] => SCMPL0009977
    [month] => 2021-09
    [opening_balance] => 542
)

[2026-03-11 14:31:45] Updating existing record with full carry forward - Array
(
    [item_code] => SCMWN0019724
    [month] => 2021-09
    [opening_balance] => 130
)

[2026-03-11 14:31:45] Updating existing record with full carry forward - Array
(
    [item_code] => SCMKS0018253
    [month] => 2021-09
    [opening_balance] => 6
)

[2026-03-11 14:31:45] Inserting new record with full carry forward - Array
(
    [item_code] => SCMBR0037366
    [month] => 2021-09
    [opening_balance] => 48
)

[2026-03-11 14:31:45] Updating existing record with full carry forward - Array
(
    [item_code] => SCMBR0023264
    [month] => 2021-09
    [opening_balance] => 200
)

[2026-03-11 14:31:45] Updating existing record with full carry forward - Array
(
    [item_code] => SCMBR0018161
    [month] => 2021-09
    [opening_balance] => 130
)

[2026-03-11 14:31:45] Updating existing record with full carry forward - Array
(
    [item_code] => SCMKS0026879
    [month] => 2021-09
    [opening_balance] => 21
)

[2026-03-11 14:31:45] Updating existing record with full carry forward - Array
(
    [item_code] => SCMPL0010020
    [month] => 2021-09
    [opening_balance] => 1225
)

[2026-03-11 14:31:45] Processing month with carry forward - Array
(
    [month] => 2021-10
    [start_month] => 2021-04
    [start_day] => 01
    [days_in_month] => Array
        (
            [0] => 01
            [1] => 02
            [2] => 03
            [3] => 04
            [4] => 05
            [5] => 06
            [6] => 07
            [7] => 08
            [8] => 09
            [9] => 10
            [10] => 11
            [11] => 12
            [12] => 13
            [13] => 14
            [14] => 15
            [15] => 16
            [16] => 17
            [17] => 18
            [18] => 19
            [19] => 20
            [20] => 21
            [21] => 22
            [22] => 23
            [23] => 24
            [24] => 25
            [25] => 26
            [26] => 27
            [27] => 28
            [28] => 29
            [29] => 30
            [30] => 31
        )

)

[2026-03-11 14:31:45] Updating existing record with full carry forward - Array
(
    [item_code] => SCMPL0028274
    [month] => 2021-10
    [opening_balance] => 500
)

[2026-03-11 14:31:45] Updating existing record with full carry forward - Array
(
    [item_code] => SCMPL0028275
    [month] => 2021-10
    [opening_balance] => 500
)

[2026-03-11 14:31:45] Updating existing record with full carry forward - Array
(
    [item_code] => SCMPL0028356
    [month] => 2021-10
    [opening_balance] => 50
)

[2026-03-11 14:31:45] Updating existing record with full carry forward - Array
(
    [item_code] => SCMBR0021532
    [month] => 2021-10
    [opening_balance] => 300
)

[2026-03-11 14:31:45] Updating existing record with full carry forward - Array
(
    [item_code] => SCMPL0009668
    [month] => 2021-10
    [opening_balance] => 60
)

[2026-03-11 14:31:45] Inserting new record with full carry forward - Array
(
    [item_code] => SCMPL0009688
    [month] => 2021-10
    [opening_balance] => 50
)

[2026-03-11 14:31:45] Updating existing record with full carry forward - Array
(
    [item_code] => SCMPL0022277
    [month] => 2021-10
    [opening_balance] => 500
)

[2026-03-11 14:31:45] Updating existing record with full carry forward - Array
(
    [item_code] => SCMPL0022280
    [month] => 2021-10
    [opening_balance] => 32
)

[2026-03-11 14:31:45] Inserting new record with full carry forward - Array
(
    [item_code] => SCMPL0018737
    [month] => 2021-10
    [opening_balance] => 500
)

[2026-03-11 14:31:45] Updating existing record with full carry forward - Array
(
    [item_code] => SCMKS0026878
    [month] => 2021-10
    [opening_balance] => 50
)

[2026-03-11 14:31:45] Updating existing record with full carry forward - Array
(
    [item_code] => SCMPL0009775
    [month] => 2021-10
    [opening_balance] => 500
)

[2026-03-11 14:31:45] Updating existing record with full carry forward - Array
(
    [item_code] => SCMPL0010676
    [month] => 2021-10
    [opening_balance] => 30
)

[2026-03-11 14:31:45] Updating existing record with full carry forward - Array
(
    [item_code] => SCMPL0010677
    [month] => 2021-10
    [opening_balance] => 10
)

[2026-03-11 14:31:45] Updating existing record with full carry forward - Array
(
    [item_code] => SCMPL0010678
    [month] => 2021-10
    [opening_balance] => 1500
)

[2026-03-11 14:31:45] Updating existing record with full carry forward - Array
(
    [item_code] => SCMPL0010679
    [month] => 2021-10
    [opening_balance] => 1000
)

[2026-03-11 14:31:45] Inserting new record with full carry forward - Array
(
    [item_code] => SCMBR0018137
    [month] => 2021-10
    [opening_balance] => 300
)

[2026-03-11 14:31:45] Inserting new record with full carry forward - Array
(
    [item_code] => SCMKB0031391
    [month] => 2021-10
    [opening_balance] => 500
)

[2026-03-11 14:31:45] Updating existing record with full carry forward - Array
(
    [item_code] => SCMBR0018142
    [month] => 2021-10
    [opening_balance] => 300
)

[2026-03-11 14:31:45] Updating existing record with full carry forward - Array
(
    [item_code] => SCMBR0027089
    [month] => 2021-10
    [opening_balance] => 300
)

[2026-03-11 14:31:45] Inserting new record with full carry forward - Array
(
    [item_code] => SCMBR0018132
    [month] => 2021-10
    [opening_balance] => 121
)

[2026-03-11 14:31:45] Inserting new record with full carry forward - Array
(
    [item_code] => SCMBR0018158
    [month] => 2021-10
    [opening_balance] => 500
)

[2026-03-11 14:31:45] Updating existing record with full carry forward - Array
(
    [item_code] => SCMBR0023258
    [month] => 2021-10
    [opening_balance] => 500
)

[2026-03-11 14:31:45] Updating existing record with full carry forward - Array
(
    [item_code] => SCMPL0010445
    [month] => 2021-10
    [opening_balance] => 500
)

[2026-03-11 14:31:45] Updating existing record with full carry forward - Array
(
    [item_code] => SCMPL0010447
    [month] => 2021-10
    [opening_balance] => 20
)

[2026-03-11 14:31:45] Updating existing record with full carry forward - Array
(
    [item_code] => SCMPL0010612
    [month] => 2021-10
    [opening_balance] => 1000
)

[2026-03-11 14:31:45] Updating existing record with full carry forward - Array
(
    [item_code] => SCMPL0009770
    [month] => 2021-10
    [opening_balance] => 500
)

[2026-03-11 14:31:45] Updating existing record with full carry forward - Array
(
    [item_code] => SCMPL0018648
    [month] => 2021-10
    [opening_balance] => 200
)

[2026-03-11 14:31:46] Inserting new record with full carry forward - Array
(
    [item_code] => SCMPL0033624
    [month] => 2021-10
    [opening_balance] => 500
)

[2026-03-11 14:31:46] Updating existing record with full carry forward - Array
(
    [item_code] => SCMPL0012499
    [month] => 2021-10
    [opening_balance] => 15
)

[2026-03-11 14:31:46] Updating existing record with full carry forward - Array
(
    [item_code] => SCMPL0011438
    [month] => 2021-10
    [opening_balance] => 96
)

[2026-03-11 14:31:46] Updating existing record with full carry forward - Array
(
    [item_code] => SCMPL0011418
    [month] => 2021-10
    [opening_balance] => 240
)

[2026-03-11 14:31:46] Updating existing record with full carry forward - Array
(
    [item_code] => SCMPL0010234
    [month] => 2021-10
    [opening_balance] => 240
)

[2026-03-11 14:31:46] Updating existing record with full carry forward - Array
(
    [item_code] => SCMBR0018635
    [month] => 2021-10
    [opening_balance] => 200
)

[2026-03-11 14:31:46] Updating existing record with full carry forward - Array
(
    [item_code] => SCMBR0009847
    [month] => 2021-10
    [opening_balance] => 500
)

[2026-03-11 14:31:46] Inserting new record with full carry forward - Array
(
    [item_code] => SCMBR0029429
    [month] => 2021-10
    [opening_balance] => 500
)

[2026-03-11 14:31:46] Updating existing record with full carry forward - Array
(
    [item_code] => SCMBR0029431
    [month] => 2021-10
    [opening_balance] => 130
)

[2026-03-11 14:31:46] Updating existing record with full carry forward - Array
(
    [item_code] => SCMPL0010541
    [month] => 2021-10
    [opening_balance] => 400
)

[2026-03-11 14:31:46] Updating existing record with full carry forward - Array
(
    [item_code] => SCMPL0010198
    [month] => 2021-10
    [opening_balance] => 384
)

[2026-03-11 14:31:46] Updating existing record with full carry forward - Array
(
    [item_code] => SCMPL0010450
    [month] => 2021-10
    [opening_balance] => 200
)

[2026-03-11 14:31:46] Updating existing record with full carry forward - Array
(
    [item_code] => SCMPL0010451
    [month] => 2021-10
    [opening_balance] => 500
)

[2026-03-11 14:31:46] Updating existing record with full carry forward - Array
(
    [item_code] => SCMPL0010453
    [month] => 2021-10
    [opening_balance] => 30
)

[2026-03-11 14:31:46] Updating existing record with full carry forward - Array
(
    [item_code] => SCMPL0010056
    [month] => 2021-10
    [opening_balance] => 500
)

[2026-03-11 14:31:46] Inserting new record with full carry forward - Array
(
    [item_code] => SCMPL0040482
    [month] => 2021-10
    [opening_balance] => 300
)

[2026-03-11 14:31:46] Updating existing record with full carry forward - Array
(
    [item_code] => SCMPL0009894
    [month] => 2021-10
    [opening_balance] => 100
)

[2026-03-11 14:31:46] Inserting new record with full carry forward - Array
(
    [item_code] => SCMPL0009899
    [month] => 2021-10
    [opening_balance] => 500
)

[2026-03-11 14:31:46] Updating existing record with full carry forward - Array
(
    [item_code] => SCMPL0009902
    [month] => 2021-10
    [opening_balance] => 10
)

[2026-03-11 14:31:46] Inserting new record with full carry forward - Array
(
    [item_code] => SCMPL0009903
    [month] => 2021-10
    [opening_balance] => 20
)

[2026-03-11 14:31:46] Inserting new record with full carry forward - Array
(
    [item_code] => SCMPL0011581
    [month] => 2021-10
    [opening_balance] => 15
)

[2026-03-11 14:31:46] Updating existing record with full carry forward - Array
(
    [item_code] => SCMPL0009936
    [month] => 2021-10
    [opening_balance] => 500
)

[2026-03-11 14:31:46] Inserting new record with full carry forward - Array
(
    [item_code] => SCMPL0035367
    [month] => 2021-10
    [opening_balance] => 500
)

[2026-03-11 14:31:46] Updating existing record with full carry forward - Array
(
    [item_code] => SCMPL0010434
    [month] => 2021-10
    [opening_balance] => 500
)

[2026-03-11 14:31:46] Updating existing record with full carry forward - Array
(
    [item_code] => SCMPL0009942
    [month] => 2021-10
    [opening_balance] => 500
)

[2026-03-11 14:31:46] Inserting new record with full carry forward - Array
(
    [item_code] => SCMPL0036711
    [month] => 2021-10
    [opening_balance] => 500
)

[2026-03-11 14:31:46] Updating existing record with full carry forward - Array
(
    [item_code] => SCMPL0010701
    [month] => 2021-10
    [opening_balance] => 700
)

[2026-03-11 14:31:46] Updating existing record with full carry forward - Array
(
    [item_code] => SCMPL0010702
    [month] => 2021-10
    [opening_balance] => 100
)

[2026-03-11 14:31:46] Updating existing record with full carry forward - Array
(
    [item_code] => SCMPL0010076
    [month] => 2021-10
    [opening_balance] => 700
)

[2026-03-11 14:31:46] Updating existing record with full carry forward - Array
(
    [item_code] => SCMPL0010088
    [month] => 2021-10
    [opening_balance] => 264
)

[2026-03-11 14:31:46] Updating existing record with full carry forward - Array
(
    [item_code] => SCMPL0010075
    [month] => 2021-10
    [opening_balance] => 700
)

[2026-03-11 14:31:46] Updating existing record with full carry forward - Array
(
    [item_code] => SCMPL0010087
    [month] => 2021-10
    [opening_balance] => 1200
)

[2026-03-11 14:31:46] Updating existing record with full carry forward - Array
(
    [item_code] => SCMPL0010108
    [month] => 2021-10
    [opening_balance] => 10
)

[2026-03-11 14:31:46] Inserting new record with full carry forward - Array
(
    [item_code] => SCMPL0029933
    [month] => 2021-10
    [opening_balance] => 6
)

[2026-03-11 14:31:46] Inserting new record with full carry forward - Array
(
    [item_code] => SCMPL0029928
    [month] => 2021-10
    [opening_balance] => 12
)

[2026-03-11 14:31:46] Updating existing record with full carry forward - Array
(
    [item_code] => SCMPL0010360
    [month] => 2021-10
    [opening_balance] => 24
)

[2026-03-11 14:31:46] Updating existing record with full carry forward - Array
(
    [item_code] => SCMPL0009968
    [month] => 2021-10
    [opening_balance] => 530
)

[2026-03-11 14:31:46] Updating existing record with full carry forward - Array
(
    [item_code] => SCMPL0009977
    [month] => 2021-10
    [opening_balance] => 542
)

[2026-03-11 14:31:46] Updating existing record with full carry forward - Array
(
    [item_code] => SCMWN0019724
    [month] => 2021-10
    [opening_balance] => 130
)

[2026-03-11 14:31:46] Updating existing record with full carry forward - Array
(
    [item_code] => SCMKS0018253
    [month] => 2021-10
    [opening_balance] => 6
)

[2026-03-11 14:31:46] Inserting new record with full carry forward - Array
(
    [item_code] => SCMBR0037366
    [month] => 2021-10
    [opening_balance] => 48
)

[2026-03-11 14:31:46] Updating existing record with full carry forward - Array
(
    [item_code] => SCMBR0023264
    [month] => 2021-10
    [opening_balance] => 200
)

[2026-03-11 14:31:46] Updating existing record with full carry forward - Array
(
    [item_code] => SCMBR0018161
    [month] => 2021-10
    [opening_balance] => 130
)

[2026-03-11 14:31:46] Updating existing record with full carry forward - Array
(
    [item_code] => SCMKS0026879
    [month] => 2021-10
    [opening_balance] => 21
)

[2026-03-11 14:31:46] Updating existing record with full carry forward - Array
(
    [item_code] => SCMPL0010020
    [month] => 2021-10
    [opening_balance] => 1225
)

[2026-03-11 14:31:46] Processing month with carry forward - Array
(
    [month] => 2021-11
    [start_month] => 2021-04
    [start_day] => 01
    [days_in_month] => Array
        (
            [0] => 01
            [1] => 02
            [2] => 03
            [3] => 04
            [4] => 05
            [5] => 06
            [6] => 07
            [7] => 08
            [8] => 09
            [9] => 10
            [10] => 11
            [11] => 12
            [12] => 13
            [13] => 14
            [14] => 15
            [15] => 16
            [16] => 17
            [17] => 18
            [18] => 19
            [19] => 20
            [20] => 21
            [21] => 22
            [22] => 23
            [23] => 24
            [24] => 25
            [25] => 26
            [26] => 27
            [27] => 28
            [28] => 29
            [29] => 30
        )

)

[2026-03-11 14:31:46] Updating existing record with full carry forward - Array
(
    [item_code] => SCMPL0028274
    [month] => 2021-11
    [opening_balance] => 500
)

[2026-03-11 14:31:46] Updating existing record with full carry forward - Array
(
    [item_code] => SCMPL0028275
    [month] => 2021-11
    [opening_balance] => 500
)

[2026-03-11 14:31:47] Updating existing record with full carry forward - Array
(
    [item_code] => SCMPL0028356
    [month] => 2021-11
    [opening_balance] => 50
)

[2026-03-11 14:31:47] Updating existing record with full carry forward - Array
(
    [item_code] => SCMBR0021532
    [month] => 2021-11
    [opening_balance] => 300
)

[2026-03-11 14:31:47] Updating existing record with full carry forward - Array
(
    [item_code] => SCMPL0009668
    [month] => 2021-11
    [opening_balance] => 60
)

[2026-03-11 14:31:47] Inserting new record with full carry forward - Array
(
    [item_code] => SCMPL0009688
    [month] => 2021-11
    [opening_balance] => 50
)

[2026-03-11 14:31:47] Updating existing record with full carry forward - Array
(
    [item_code] => SCMPL0022277
    [month] => 2021-11
    [opening_balance] => 500
)

[2026-03-11 14:31:47] Updating existing record with full carry forward - Array
(
    [item_code] => SCMPL0022280
    [month] => 2021-11
    [opening_balance] => 32
)

[2026-03-11 14:31:47] Inserting new record with full carry forward - Array
(
    [item_code] => SCMPL0018737
    [month] => 2021-11
    [opening_balance] => 500
)

[2026-03-11 14:31:47] Updating existing record with full carry forward - Array
(
    [item_code] => SCMKS0026878
    [month] => 2021-11
    [opening_balance] => 50
)

[2026-03-11 14:31:47] Updating existing record with full carry forward - Array
(
    [item_code] => SCMPL0009775
    [month] => 2021-11
    [opening_balance] => 500
)

[2026-03-11 14:31:47] Updating existing record with full carry forward - Array
(
    [item_code] => SCMPL0010676
    [month] => 2021-11
    [opening_balance] => 30
)

[2026-03-11 14:31:47] Updating existing record with full carry forward - Array
(
    [item_code] => SCMPL0010677
    [month] => 2021-11
    [opening_balance] => 10
)

[2026-03-11 14:31:47] Updating existing record with full carry forward - Array
(
    [item_code] => SCMPL0010678
    [month] => 2021-11
    [opening_balance] => 1500
)

[2026-03-11 14:31:47] Updating existing record with full carry forward - Array
(
    [item_code] => SCMPL0010679
    [month] => 2021-11
    [opening_balance] => 1000
)

[2026-03-11 14:31:47] Inserting new record with full carry forward - Array
(
    [item_code] => SCMBR0018137
    [month] => 2021-11
    [opening_balance] => 300
)

[2026-03-11 14:31:47] Inserting new record with full carry forward - Array
(
    [item_code] => SCMKB0031391
    [month] => 2021-11
    [opening_balance] => 500
)

[2026-03-11 14:31:47] Updating existing record with full carry forward - Array
(
    [item_code] => SCMBR0018142
    [month] => 2021-11
    [opening_balance] => 300
)

[2026-03-11 14:31:47] Updating existing record with full carry forward - Array
(
    [item_code] => SCMBR0027089
    [month] => 2021-11
    [opening_balance] => 300
)

[2026-03-11 14:31:47] Inserting new record with full carry forward - Array
(
    [item_code] => SCMBR0018132
    [month] => 2021-11
    [opening_balance] => 121
)

[2026-03-11 14:31:47] Inserting new record with full carry forward - Array
(
    [item_code] => SCMBR0018158
    [month] => 2021-11
    [opening_balance] => 500
)

[2026-03-11 14:31:47] Updating existing record with full carry forward - Array
(
    [item_code] => SCMBR0023258
    [month] => 2021-11
    [opening_balance] => 500
)

[2026-03-11 14:31:47] Updating existing record with full carry forward - Array
(
    [item_code] => SCMPL0010445
    [month] => 2021-11
    [opening_balance] => 500
)

[2026-03-11 14:31:47] Updating existing record with full carry forward - Array
(
    [item_code] => SCMPL0010447
    [month] => 2021-11
    [opening_balance] => 20
)

[2026-03-11 14:31:47] Updating existing record with full carry forward - Array
(
    [item_code] => SCMPL0010612
    [month] => 2021-11
    [opening_balance] => 1000
)

[2026-03-11 14:31:47] Updating existing record with full carry forward - Array
(
    [item_code] => SCMPL0009770
    [month] => 2021-11
    [opening_balance] => 500
)

[2026-03-11 14:31:47] Updating existing record with full carry forward - Array
(
    [item_code] => SCMPL0018648
    [month] => 2021-11
    [opening_balance] => 200
)

[2026-03-11 14:31:47] Inserting new record with full carry forward - Array
(
    [item_code] => SCMPL0033624
    [month] => 2021-11
    [opening_balance] => 500
)

[2026-03-11 14:31:47] Updating existing record with full carry forward - Array
(
    [item_code] => SCMPL0012499
    [month] => 2021-11
    [opening_balance] => 15
)

[2026-03-11 14:31:47] Updating existing record with full carry forward - Array
(
    [item_code] => SCMPL0011438
    [month] => 2021-11
    [opening_balance] => 96
)

[2026-03-11 14:31:47] Updating existing record with full carry forward - Array
(
    [item_code] => SCMPL0011418
    [month] => 2021-11
    [opening_balance] => 240
)

[2026-03-11 14:31:47] Updating existing record with full carry forward - Array
(
    [item_code] => SCMPL0010234
    [month] => 2021-11
    [opening_balance] => 240
)

[2026-03-11 14:31:47] Updating existing record with full carry forward - Array
(
    [item_code] => SCMBR0018635
    [month] => 2021-11
    [opening_balance] => 200
)

[2026-03-11 14:31:47] Updating existing record with full carry forward - Array
(
    [item_code] => SCMBR0009847
    [month] => 2021-11
    [opening_balance] => 500
)

[2026-03-11 14:31:47] Inserting new record with full carry forward - Array
(
    [item_code] => SCMBR0029429
    [month] => 2021-11
    [opening_balance] => 500
)

[2026-03-11 14:31:47] Updating existing record with full carry forward - Array
(
    [item_code] => SCMBR0029431
    [month] => 2021-11
    [opening_balance] => 130
)

[2026-03-11 14:31:47] Updating existing record with full carry forward - Array
(
    [item_code] => SCMPL0010541
    [month] => 2021-11
    [opening_balance] => 400
)

[2026-03-11 14:31:47] Updating existing record with full carry forward - Array
(
    [item_code] => SCMPL0010198
    [month] => 2021-11
    [opening_balance] => 384
)

[2026-03-11 14:31:47] Updating existing record with full carry forward - Array
(
    [item_code] => SCMPL0010450
    [month] => 2021-11
    [opening_balance] => 200
)

[2026-03-11 14:31:47] Updating existing record with full carry forward - Array
(
    [item_code] => SCMPL0010451
    [month] => 2021-11
    [opening_balance] => 500
)

[2026-03-11 14:31:47] Updating existing record with full carry forward - Array
(
    [item_code] => SCMPL0010453
    [month] => 2021-11
    [opening_balance] => 30
)

[2026-03-11 14:31:47] Updating existing record with full carry forward - Array
(
    [item_code] => SCMPL0010056
    [month] => 2021-11
    [opening_balance] => 500
)

[2026-03-11 14:31:47] Inserting new record with full carry forward - Array
(
    [item_code] => SCMPL0040482
    [month] => 2021-11
    [opening_balance] => 300
)

[2026-03-11 14:31:47] Updating existing record with full carry forward - Array
(
    [item_code] => SCMPL0009894
    [month] => 2021-11
    [opening_balance] => 100
)

[2026-03-11 14:31:47] Inserting new record with full carry forward - Array
(
    [item_code] => SCMPL0009899
    [month] => 2021-11
    [opening_balance] => 500
)

[2026-03-11 14:31:47] Updating existing record with full carry forward - Array
(
    [item_code] => SCMPL0009902
    [month] => 2021-11
    [opening_balance] => 10
)

[2026-03-11 14:31:47] Updating existing record with full carry forward - Array
(
    [item_code] => SCMPL0009903
    [month] => 2021-11
    [opening_balance] => 20
)

[2026-03-11 14:31:47] Inserting new record with full carry forward - Array
(
    [item_code] => SCMPL0011581
    [month] => 2021-11
    [opening_balance] => 15
)

[2026-03-11 14:31:47] Updating existing record with full carry forward - Array
(
    [item_code] => SCMPL0009936
    [month] => 2021-11
    [opening_balance] => 500
)

[2026-03-11 14:31:47] Inserting new record with full carry forward - Array
(
    [item_code] => SCMPL0035367
    [month] => 2021-11
    [opening_balance] => 500
)

[2026-03-11 14:31:47] Updating existing record with full carry forward - Array
(
    [item_code] => SCMPL0010434
    [month] => 2021-11
    [opening_balance] => 500
)

[2026-03-11 14:31:47] Updating existing record with full carry forward - Array
(
    [item_code] => SCMPL0009942
    [month] => 2021-11
    [opening_balance] => 500
)

[2026-03-11 14:31:47] Inserting new record with full carry forward - Array
(
    [item_code] => SCMPL0036711
    [month] => 2021-11
    [opening_balance] => 500
)

[2026-03-11 14:31:47] Updating existing record with full carry forward - Array
(
    [item_code] => SCMPL0010701
    [month] => 2021-11
    [opening_balance] => 700
)

[2026-03-11 14:31:47] Updating existing record with full carry forward - Array
(
    [item_code] => SCMPL0010702
    [month] => 2021-11
    [opening_balance] => 100
)

[2026-03-11 14:31:47] Updating existing record with full carry forward - Array
(
    [item_code] => SCMPL0010076
    [month] => 2021-11
    [opening_balance] => 700
)

[2026-03-11 14:31:47] Updating existing record with full carry forward - Array
(
    [item_code] => SCMPL0010088
    [month] => 2021-11
    [opening_balance] => 264
)

[2026-03-11 14:31:47] Updating existing record with full carry forward - Array
(
    [item_code] => SCMPL0010075
    [month] => 2021-11
    [opening_balance] => 700
)

[2026-03-11 14:31:47] Updating existing record with full carry forward - Array
(
    [item_code] => SCMPL0010087
    [month] => 2021-11
    [opening_balance] => 1200
)

[2026-03-11 14:31:48] Updating existing record with full carry forward - Array
(
    [item_code] => SCMPL0010108
    [month] => 2021-11
    [opening_balance] => 10
)

[2026-03-11 14:31:48] Inserting new record with full carry forward - Array
(
    [item_code] => SCMPL0029933
    [month] => 2021-11
    [opening_balance] => 6
)

[2026-03-11 14:31:48] Inserting new record with full carry forward - Array
(
    [item_code] => SCMPL0029928
    [month] => 2021-11
    [opening_balance] => 12
)

[2026-03-11 14:31:48] Updating existing record with full carry forward - Array
(
    [item_code] => SCMPL0010360
    [month] => 2021-11
    [opening_balance] => 24
)

[2026-03-11 14:31:48] Updating existing record with full carry forward - Array
(
    [item_code] => SCMPL0009968
    [month] => 2021-11
    [opening_balance] => 530
)

[2026-03-11 14:31:48] Updating existing record with full carry forward - Array
(
    [item_code] => SCMPL0009977
    [month] => 2021-11
    [opening_balance] => 542
)

[2026-03-11 14:31:48] Updating existing record with full carry forward - Array
(
    [item_code] => SCMWN0019724
    [month] => 2021-11
    [opening_balance] => 130
)

[2026-03-11 14:31:48] Updating existing record with full carry forward - Array
(
    [item_code] => SCMKS0018253
    [month] => 2021-11
    [opening_balance] => 6
)

[2026-03-11 14:31:48] Inserting new record with full carry forward - Array
(
    [item_code] => SCMBR0037366
    [month] => 2021-11
    [opening_balance] => 48
)

[2026-03-11 14:31:48] Updating existing record with full carry forward - Array
(
    [item_code] => SCMBR0023264
    [month] => 2021-11
    [opening_balance] => 200
)

[2026-03-11 14:31:48] Updating existing record with full carry forward - Array
(
    [item_code] => SCMBR0018161
    [month] => 2021-11
    [opening_balance] => 130
)

[2026-03-11 14:31:48] Updating existing record with full carry forward - Array
(
    [item_code] => SCMKS0026879
    [month] => 2021-11
    [opening_balance] => 21
)

[2026-03-11 14:31:48] Updating existing record with full carry forward - Array
(
    [item_code] => SCMPL0010020
    [month] => 2021-11
    [opening_balance] => 1225
)

[2026-03-11 14:31:48] Processing month with carry forward - Array
(
    [month] => 2021-12
    [start_month] => 2021-04
    [start_day] => 01
    [days_in_month] => Array
        (
            [0] => 01
            [1] => 02
            [2] => 03
            [3] => 04
            [4] => 05
            [5] => 06
            [6] => 07
            [7] => 08
            [8] => 09
            [9] => 10
            [10] => 11
            [11] => 12
            [12] => 13
            [13] => 14
            [14] => 15
            [15] => 16
            [16] => 17
            [17] => 18
            [18] => 19
            [19] => 20
            [20] => 21
            [21] => 22
            [22] => 23
            [23] => 24
            [24] => 25
            [25] => 26
            [26] => 27
            [27] => 28
            [28] => 29
            [29] => 30
            [30] => 31
        )

)

[2026-03-11 14:31:48] Updating existing record with full carry forward - Array
(
    [item_code] => SCMPL0028274
    [month] => 2021-12
    [opening_balance] => 500
)

[2026-03-11 14:31:48] Updating existing record with full carry forward - Array
(
    [item_code] => SCMPL0028275
    [month] => 2021-12
    [opening_balance] => 500
)

[2026-03-11 14:31:48] Updating existing record with full carry forward - Array
(
    [item_code] => SCMPL0028356
    [month] => 2021-12
    [opening_balance] => 50
)

[2026-03-11 14:31:48] Updating existing record with full carry forward - Array
(
    [item_code] => SCMBR0021532
    [month] => 2021-12
    [opening_balance] => 300
)

[2026-03-11 14:31:48] Updating existing record with full carry forward - Array
(
    [item_code] => SCMPL0009668
    [month] => 2021-12
    [opening_balance] => 60
)

[2026-03-11 14:31:48] Inserting new record with full carry forward - Array
(
    [item_code] => SCMPL0009688
    [month] => 2021-12
    [opening_balance] => 50
)

[2026-03-11 14:31:48] Updating existing record with full carry forward - Array
(
    [item_code] => SCMPL0022277
    [month] => 2021-12
    [opening_balance] => 500
)

[2026-03-11 14:31:48] Updating existing record with full carry forward - Array
(
    [item_code] => SCMPL0022280
    [month] => 2021-12
    [opening_balance] => 32
)

[2026-03-11 14:31:48] Inserting new record with full carry forward - Array
(
    [item_code] => SCMPL0018737
    [month] => 2021-12
    [opening_balance] => 500
)

[2026-03-11 14:31:48] Updating existing record with full carry forward - Array
(
    [item_code] => SCMKS0026878
    [month] => 2021-12
    [opening_balance] => 50
)

[2026-03-11 14:31:48] Updating existing record with full carry forward - Array
(
    [item_code] => SCMPL0009775
    [month] => 2021-12
    [opening_balance] => 500
)

[2026-03-11 14:31:48] Updating existing record with full carry forward - Array
(
    [item_code] => SCMPL0010676
    [month] => 2021-12
    [opening_balance] => 30
)

[2026-03-11 14:31:48] Updating existing record with full carry forward - Array
(
    [item_code] => SCMPL0010677
    [month] => 2021-12
    [opening_balance] => 10
)

[2026-03-11 14:31:48] Updating existing record with full carry forward - Array
(
    [item_code] => SCMPL0010678
    [month] => 2021-12
    [opening_balance] => 1500
)

[2026-03-11 14:31:48] Updating existing record with full carry forward - Array
(
    [item_code] => SCMPL0010679
    [month] => 2021-12
    [opening_balance] => 1000
)

[2026-03-11 14:31:48] Inserting new record with full carry forward - Array
(
    [item_code] => SCMBR0018137
    [month] => 2021-12
    [opening_balance] => 300
)

[2026-03-11 14:31:48] Inserting new record with full carry forward - Array
(
    [item_code] => SCMKB0031391
    [month] => 2021-12
    [opening_balance] => 500
)

[2026-03-11 14:31:48] Updating existing record with full carry forward - Array
(
    [item_code] => SCMBR0018142
    [month] => 2021-12
    [opening_balance] => 300
)

[2026-03-11 14:31:48] Updating existing record with full carry forward - Array
(
    [item_code] => SCMBR0027089
    [month] => 2021-12
    [opening_balance] => 300
)

[2026-03-11 14:31:48] Inserting new record with full carry forward - Array
(
    [item_code] => SCMBR0018132
    [month] => 2021-12
    [opening_balance] => 121
)

[2026-03-11 14:31:48] Inserting new record with full carry forward - Array
(
    [item_code] => SCMBR0018158
    [month] => 2021-12
    [opening_balance] => 500
)

[2026-03-11 14:31:48] Updating existing record with full carry forward - Array
(
    [item_code] => SCMBR0023258
    [month] => 2021-12
    [opening_balance] => 500
)

[2026-03-11 14:31:48] Updating existing record with full carry forward - Array
(
    [item_code] => SCMPL0010445
    [month] => 2021-12
    [opening_balance] => 500
)

[2026-03-11 14:31:48] Updating existing record with full carry forward - Array
(
    [item_code] => SCMPL0010447
    [month] => 2021-12
    [opening_balance] => 20
)

[2026-03-11 14:31:48] Updating existing record with full carry forward - Array
(
    [item_code] => SCMPL0010612
    [month] => 2021-12
    [opening_balance] => 1000
)

[2026-03-11 14:31:48] Updating existing record with full carry forward - Array
(
    [item_code] => SCMPL0009770
    [month] => 2021-12
    [opening_balance] => 500
)

[2026-03-11 14:31:48] Updating existing record with full carry forward - Array
(
    [item_code] => SCMPL0018648
    [month] => 2021-12
    [opening_balance] => 200
)

[2026-03-11 14:31:48] Inserting new record with full carry forward - Array
(
    [item_code] => SCMPL0033624
    [month] => 2021-12
    [opening_balance] => 500
)

[2026-03-11 14:31:49] Updating existing record with full carry forward - Array
(
    [item_code] => SCMPL0012499
    [month] => 2021-12
    [opening_balance] => 15
)

[2026-03-11 14:31:49] Updating existing record with full carry forward - Array
(
    [item_code] => SCMPL0011438
    [month] => 2021-12
    [opening_balance] => 96
)

[2026-03-11 14:31:49] Updating existing record with full carry forward - Array
(
    [item_code] => SCMPL0011418
    [month] => 2021-12
    [opening_balance] => 240
)

[2026-03-11 14:31:49] Updating existing record with full carry forward - Array
(
    [item_code] => SCMPL0010234
    [month] => 2021-12
    [opening_balance] => 240
)

[2026-03-11 14:31:49] Updating existing record with full carry forward - Array
(
    [item_code] => SCMBR0018635
    [month] => 2021-12
    [opening_balance] => 200
)

[2026-03-11 14:31:49] Updating existing record with full carry forward - Array
(
    [item_code] => SCMBR0009847
    [month] => 2021-12
    [opening_balance] => 500
)

[2026-03-11 14:31:49] Inserting new record with full carry forward - Array
(
    [item_code] => SCMBR0029429
    [month] => 2021-12
    [opening_balance] => 500
)

[2026-03-11 14:31:49] Updating existing record with full carry forward - Array
(
    [item_code] => SCMBR0029431
    [month] => 2021-12
    [opening_balance] => 130
)

[2026-03-11 14:31:49] Updating existing record with full carry forward - Array
(
    [item_code] => SCMPL0010541
    [month] => 2021-12
    [opening_balance] => 400
)

[2026-03-11 14:31:49] Updating existing record with full carry forward - Array
(
    [item_code] => SCMPL0010198
    [month] => 2021-12
    [opening_balance] => 384
)

[2026-03-11 14:31:49] Updating existing record with full carry forward - Array
(
    [item_code] => SCMPL0010450
    [month] => 2021-12
    [opening_balance] => 200
)

[2026-03-11 14:31:49] Updating existing record with full carry forward - Array
(
    [item_code] => SCMPL0010451
    [month] => 2021-12
    [opening_balance] => 500
)

[2026-03-11 14:31:49] Updating existing record with full carry forward - Array
(
    [item_code] => SCMPL0010453
    [month] => 2021-12
    [opening_balance] => 30
)

[2026-03-11 14:31:49] Updating existing record with full carry forward - Array
(
    [item_code] => SCMPL0010056
    [month] => 2021-12
    [opening_balance] => 500
)

[2026-03-11 14:31:49] Inserting new record with full carry forward - Array
(
    [item_code] => SCMPL0040482
    [month] => 2021-12
    [opening_balance] => 300
)

[2026-03-11 14:31:49] Updating existing record with full carry forward - Array
(
    [item_code] => SCMPL0009894
    [month] => 2021-12
    [opening_balance] => 100
)

[2026-03-11 14:31:49] Inserting new record with full carry forward - Array
(
    [item_code] => SCMPL0009899
    [month] => 2021-12
    [opening_balance] => 500
)

[2026-03-11 14:31:49] Updating existing record with full carry forward - Array
(
    [item_code] => SCMPL0009902
    [month] => 2021-12
    [opening_balance] => 10
)

[2026-03-11 14:31:49] Updating existing record with full carry forward - Array
(
    [item_code] => SCMPL0009903
    [month] => 2021-12
    [opening_balance] => 20
)

[2026-03-11 14:31:49] Inserting new record with full carry forward - Array
(
    [item_code] => SCMPL0011581
    [month] => 2021-12
    [opening_balance] => 15
)

[2026-03-11 14:31:49] Updating existing record with full carry forward - Array
(
    [item_code] => SCMPL0009936
    [month] => 2021-12
    [opening_balance] => 500
)

[2026-03-11 14:31:49] Inserting new record with full carry forward - Array
(
    [item_code] => SCMPL0035367
    [month] => 2021-12
    [opening_balance] => 500
)

[2026-03-11 14:31:49] Updating existing record with full carry forward - Array
(
    [item_code] => SCMPL0010434
    [month] => 2021-12
    [opening_balance] => 500
)

[2026-03-11 14:31:49] Updating existing record with full carry forward - Array
(
    [item_code] => SCMPL0009942
    [month] => 2021-12
    [opening_balance] => 500
)

[2026-03-11 14:31:49] Inserting new record with full carry forward - Array
(
    [item_code] => SCMPL0036711
    [month] => 2021-12
    [opening_balance] => 500
)

[2026-03-11 14:31:49] Updating existing record with full carry forward - Array
(
    [item_code] => SCMPL0010701
    [month] => 2021-12
    [opening_balance] => 700
)

[2026-03-11 14:31:49] Updating existing record with full carry forward - Array
(
    [item_code] => SCMPL0010702
    [month] => 2021-12
    [opening_balance] => 100
)

[2026-03-11 14:31:49] Updating existing record with full carry forward - Array
(
    [item_code] => SCMPL0010076
    [month] => 2021-12
    [opening_balance] => 700
)

[2026-03-11 14:31:49] Updating existing record with full carry forward - Array
(
    [item_code] => SCMPL0010088
    [month] => 2021-12
    [opening_balance] => 264
)

[2026-03-11 14:31:49] Updating existing record with full carry forward - Array
(
    [item_code] => SCMPL0010075
    [month] => 2021-12
    [opening_balance] => 700
)

[2026-03-11 14:31:49] Updating existing record with full carry forward - Array
(
    [item_code] => SCMPL0010087
    [month] => 2021-12
    [opening_balance] => 1200
)

[2026-03-11 14:31:49] Updating existing record with full carry forward - Array
(
    [item_code] => SCMPL0010108
    [month] => 2021-12
    [opening_balance] => 10
)

[2026-03-11 14:31:49] Inserting new record with full carry forward - Array
(
    [item_code] => SCMPL0029933
    [month] => 2021-12
    [opening_balance] => 6
)

[2026-03-11 14:31:49] Updating existing record with full carry forward - Array
(
    [item_code] => SCMPL0029928
    [month] => 2021-12
    [opening_balance] => 12
)

[2026-03-11 14:31:49] Updating existing record with full carry forward - Array
(
    [item_code] => SCMPL0010360
    [month] => 2021-12
    [opening_balance] => 24
)

[2026-03-11 14:31:49] Updating existing record with full carry forward - Array
(
    [item_code] => SCMPL0009968
    [month] => 2021-12
    [opening_balance] => 530
)

[2026-03-11 14:31:49] Updating existing record with full carry forward - Array
(
    [item_code] => SCMPL0009977
    [month] => 2021-12
    [opening_balance] => 542
)

[2026-03-11 14:31:49] Updating existing record with full carry forward - Array
(
    [item_code] => SCMWN0019724
    [month] => 2021-12
    [opening_balance] => 130
)

[2026-03-11 14:31:49] Updating existing record with full carry forward - Array
(
    [item_code] => SCMKS0018253
    [month] => 2021-12
    [opening_balance] => 6
)

[2026-03-11 14:31:49] Inserting new record with full carry forward - Array
(
    [item_code] => SCMBR0037366
    [month] => 2021-12
    [opening_balance] => 48
)

[2026-03-11 14:31:49] Updating existing record with full carry forward - Array
(
    [item_code] => SCMBR0023264
    [month] => 2021-12
    [opening_balance] => 200
)

[2026-03-11 14:31:49] Updating existing record with full carry forward - Array
(
    [item_code] => SCMBR0018161
    [month] => 2021-12
    [opening_balance] => 130
)

[2026-03-11 14:31:49] Updating existing record with full carry forward - Array
(
    [item_code] => SCMKS0026879
    [month] => 2021-12
    [opening_balance] => 21
)

[2026-03-11 14:31:49] Updating existing record with full carry forward - Array
(
    [item_code] => SCMPL0010020
    [month] => 2021-12
    [opening_balance] => 1225
)

[2026-03-11 14:31:49] Processing month with carry forward - Array
(
    [month] => 2022-01
    [start_month] => 2021-04
    [start_day] => 01
    [days_in_month] => Array
        (
            [0] => 01
            [1] => 02
            [2] => 03
            [3] => 04
            [4] => 05
            [5] => 06
            [6] => 07
            [7] => 08
            [8] => 09
            [9] => 10
            [10] => 11
            [11] => 12
            [12] => 13
            [13] => 14
            [14] => 15
            [15] => 16
            [16] => 17
            [17] => 18
            [18] => 19
            [19] => 20
            [20] => 21
            [21] => 22
            [22] => 23
            [23] => 24
            [24] => 25
            [25] => 26
            [26] => 27
            [27] => 28
            [28] => 29
            [29] => 30
            [30] => 31
        )

)

[2026-03-11 14:31:49] Updating existing record with full carry forward - Array
(
    [item_code] => SCMPL0028274
    [month] => 2022-01
    [opening_balance] => 500
)

[2026-03-11 14:31:49] Updating existing record with full carry forward - Array
(
    [item_code] => SCMPL0028275
    [month] => 2022-01
    [opening_balance] => 500
)

[2026-03-11 14:31:49] Updating existing record with full carry forward - Array
(
    [item_code] => SCMPL0028356
    [month] => 2022-01
    [opening_balance] => 50
)

[2026-03-11 14:31:49] Updating existing record with full carry forward - Array
(
    [item_code] => SCMBR0021532
    [month] => 2022-01
    [opening_balance] => 300
)

[2026-03-11 14:31:49] Updating existing record with full carry forward - Array
(
    [item_code] => SCMPL0009668
    [month] => 2022-01
    [opening_balance] => 60
)

[2026-03-11 14:31:49] Inserting new record with full carry forward - Array
(
    [item_code] => SCMPL0009688
    [month] => 2022-01
    [opening_balance] => 50
)

[2026-03-11 14:31:49] Updating existing record with full carry forward - Array
(
    [item_code] => SCMPL0022277
    [month] => 2022-01
    [opening_balance] => 500
)

[2026-03-11 14:31:50] Updating existing record with full carry forward - Array
(
    [item_code] => SCMPL0022280
    [month] => 2022-01
    [opening_balance] => 32
)

[2026-03-11 14:31:50] Inserting new record with full carry forward - Array
(
    [item_code] => SCMPL0018737
    [month] => 2022-01
    [opening_balance] => 500
)

[2026-03-11 14:31:50] Updating existing record with full carry forward - Array
(
    [item_code] => SCMKS0026878
    [month] => 2022-01
    [opening_balance] => 50
)

[2026-03-11 14:31:50] Updating existing record with full carry forward - Array
(
    [item_code] => SCMPL0009775
    [month] => 2022-01
    [opening_balance] => 500
)

[2026-03-11 14:31:50] Updating existing record with full carry forward - Array
(
    [item_code] => SCMPL0010676
    [month] => 2022-01
    [opening_balance] => 30
)

[2026-03-11 14:31:50] Updating existing record with full carry forward - Array
(
    [item_code] => SCMPL0010677
    [month] => 2022-01
    [opening_balance] => 10
)

[2026-03-11 14:31:50] Updating existing record with full carry forward - Array
(
    [item_code] => SCMPL0010678
    [month] => 2022-01
    [opening_balance] => 1500
)

[2026-03-11 14:31:50] Updating existing record with full carry forward - Array
(
    [item_code] => SCMPL0010679
    [month] => 2022-01
    [opening_balance] => 1000
)

[2026-03-11 14:31:50] Inserting new record with full carry forward - Array
(
    [item_code] => SCMBR0018137
    [month] => 2022-01
    [opening_balance] => 300
)

[2026-03-11 14:31:50] Inserting new record with full carry forward - Array
(
    [item_code] => SCMKB0031391
    [month] => 2022-01
    [opening_balance] => 500
)

[2026-03-11 14:31:50] Updating existing record with full carry forward - Array
(
    [item_code] => SCMBR0018142
    [month] => 2022-01
    [opening_balance] => 300
)

[2026-03-11 14:31:50] Updating existing record with full carry forward - Array
(
    [item_code] => SCMBR0027089
    [month] => 2022-01
    [opening_balance] => 300
)

[2026-03-11 14:31:50] Inserting new record with full carry forward - Array
(
    [item_code] => SCMBR0018132
    [month] => 2022-01
    [opening_balance] => 121
)

[2026-03-11 14:31:50] Inserting new record with full carry forward - Array
(
    [item_code] => SCMBR0018158
    [month] => 2022-01
    [opening_balance] => 500
)

[2026-03-11 14:31:50] Updating existing record with full carry forward - Array
(
    [item_code] => SCMBR0023258
    [month] => 2022-01
    [opening_balance] => 500
)

[2026-03-11 14:31:50] Updating existing record with full carry forward - Array
(
    [item_code] => SCMPL0010445
    [month] => 2022-01
    [opening_balance] => 500
)

[2026-03-11 14:31:50] Updating existing record with full carry forward - Array
(
    [item_code] => SCMPL0010447
    [month] => 2022-01
    [opening_balance] => 20
)

[2026-03-11 14:31:50] Updating existing record with full carry forward - Array
(
    [item_code] => SCMPL0010612
    [month] => 2022-01
    [opening_balance] => 1000
)

[2026-03-11 14:31:50] Updating existing record with full carry forward - Array
(
    [item_code] => SCMPL0009770
    [month] => 2022-01
    [opening_balance] => 500
)

[2026-03-11 14:31:50] Updating existing record with full carry forward - Array
(
    [item_code] => SCMPL0018648
    [month] => 2022-01
    [opening_balance] => 200
)

[2026-03-11 14:31:50] Inserting new record with full carry forward - Array
(
    [item_code] => SCMPL0033624
    [month] => 2022-01
    [opening_balance] => 500
)

[2026-03-11 14:31:50] Updating existing record with full carry forward - Array
(
    [item_code] => SCMPL0012499
    [month] => 2022-01
    [opening_balance] => 15
)

[2026-03-11 14:31:50] Updating existing record with full carry forward - Array
(
    [item_code] => SCMPL0011438
    [month] => 2022-01
    [opening_balance] => 96
)

[2026-03-11 14:31:50] Updating existing record with full carry forward - Array
(
    [item_code] => SCMPL0011418
    [month] => 2022-01
    [opening_balance] => 240
)

[2026-03-11 14:31:50] Updating existing record with full carry forward - Array
(
    [item_code] => SCMPL0010234
    [month] => 2022-01
    [opening_balance] => 240
)

[2026-03-11 14:31:50] Updating existing record with full carry forward - Array
(
    [item_code] => SCMBR0018635
    [month] => 2022-01
    [opening_balance] => 200
)

[2026-03-11 14:31:50] Updating existing record with full carry forward - Array
(
    [item_code] => SCMBR0009847
    [month] => 2022-01
    [opening_balance] => 500
)

[2026-03-11 14:31:50] Inserting new record with full carry forward - Array
(
    [item_code] => SCMBR0029429
    [month] => 2022-01
    [opening_balance] => 500
)

[2026-03-11 14:31:50] Updating existing record with full carry forward - Array
(
    [item_code] => SCMBR0029431
    [month] => 2022-01
    [opening_balance] => 130
)

[2026-03-11 14:31:50] Updating existing record with full carry forward - Array
(
    [item_code] => SCMPL0010541
    [month] => 2022-01
    [opening_balance] => 400
)

[2026-03-11 14:31:50] Updating existing record with full carry forward - Array
(
    [item_code] => SCMPL0010198
    [month] => 2022-01
    [opening_balance] => 384
)

[2026-03-11 14:31:50] Updating existing record with full carry forward - Array
(
    [item_code] => SCMPL0010450
    [month] => 2022-01
    [opening_balance] => 200
)

[2026-03-11 14:31:50] Updating existing record with full carry forward - Array
(
    [item_code] => SCMPL0010451
    [month] => 2022-01
    [opening_balance] => 500
)

[2026-03-11 14:31:50] Updating existing record with full carry forward - Array
(
    [item_code] => SCMPL0010453
    [month] => 2022-01
    [opening_balance] => 30
)

[2026-03-11 14:31:50] Updating existing record with full carry forward - Array
(
    [item_code] => SCMPL0010056
    [month] => 2022-01
    [opening_balance] => 500
)

[2026-03-11 14:31:50] Inserting new record with full carry forward - Array
(
    [item_code] => SCMPL0040482
    [month] => 2022-01
    [opening_balance] => 300
)

[2026-03-11 14:31:50] Updating existing record with full carry forward - Array
(
    [item_code] => SCMPL0009894
    [month] => 2022-01
    [opening_balance] => 100
)

[2026-03-11 14:31:50] Inserting new record with full carry forward - Array
(
    [item_code] => SCMPL0009899
    [month] => 2022-01
    [opening_balance] => 500
)

[2026-03-11 14:31:50] Updating existing record with full carry forward - Array
(
    [item_code] => SCMPL0009902
    [month] => 2022-01
    [opening_balance] => 10
)

[2026-03-11 14:31:50] Updating existing record with full carry forward - Array
(
    [item_code] => SCMPL0009903
    [month] => 2022-01
    [opening_balance] => 20
)

[2026-03-11 14:31:50] Inserting new record with full carry forward - Array
(
    [item_code] => SCMPL0011581
    [month] => 2022-01
    [opening_balance] => 15
)

[2026-03-11 14:31:50] Updating existing record with full carry forward - Array
(
    [item_code] => SCMPL0009936
    [month] => 2022-01
    [opening_balance] => 500
)

[2026-03-11 14:31:50] Inserting new record with full carry forward - Array
(
    [item_code] => SCMPL0035367
    [month] => 2022-01
    [opening_balance] => 500
)

[2026-03-11 14:31:50] Updating existing record with full carry forward - Array
(
    [item_code] => SCMPL0010434
    [month] => 2022-01
    [opening_balance] => 500
)

[2026-03-11 14:31:50] Updating existing record with full carry forward - Array
(
    [item_code] => SCMPL0009942
    [month] => 2022-01
    [opening_balance] => 500
)

[2026-03-11 14:31:50] Inserting new record with full carry forward - Array
(
    [item_code] => SCMPL0036711
    [month] => 2022-01
    [opening_balance] => 500
)

[2026-03-11 14:31:50] Updating existing record with full carry forward - Array
(
    [item_code] => SCMPL0010701
    [month] => 2022-01
    [opening_balance] => 700
)

[2026-03-11 14:31:50] Updating existing record with full carry forward - Array
(
    [item_code] => SCMPL0010702
    [month] => 2022-01
    [opening_balance] => 100
)

[2026-03-11 14:31:50] Updating existing record with full carry forward - Array
(
    [item_code] => SCMPL0010076
    [month] => 2022-01
    [opening_balance] => 700
)

[2026-03-11 14:31:50] Updating existing record with full carry forward - Array
(
    [item_code] => SCMPL0010088
    [month] => 2022-01
    [opening_balance] => 264
)

[2026-03-11 14:31:50] Updating existing record with full carry forward - Array
(
    [item_code] => SCMPL0010075
    [month] => 2022-01
    [opening_balance] => 700
)

[2026-03-11 14:31:51] Updating existing record with full carry forward - Array
(
    [item_code] => SCMPL0010087
    [month] => 2022-01
    [opening_balance] => 1200
)

[2026-03-11 14:31:51] Updating existing record with full carry forward - Array
(
    [item_code] => SCMPL0010108
    [month] => 2022-01
    [opening_balance] => 10
)

[2026-03-11 14:31:51] Inserting new record with full carry forward - Array
(
    [item_code] => SCMPL0029933
    [month] => 2022-01
    [opening_balance] => 6
)

[2026-03-11 14:31:51] Updating existing record with full carry forward - Array
(
    [item_code] => SCMPL0029928
    [month] => 2022-01
    [opening_balance] => 12
)

[2026-03-11 14:31:51] Updating existing record with full carry forward - Array
(
    [item_code] => SCMPL0010360
    [month] => 2022-01
    [opening_balance] => 24
)

[2026-03-11 14:31:51] Updating existing record with full carry forward - Array
(
    [item_code] => SCMPL0009968
    [month] => 2022-01
    [opening_balance] => 530
)

[2026-03-11 14:31:51] Updating existing record with full carry forward - Array
(
    [item_code] => SCMPL0009977
    [month] => 2022-01
    [opening_balance] => 542
)

[2026-03-11 14:31:51] Updating existing record with full carry forward - Array
(
    [item_code] => SCMWN0019724
    [month] => 2022-01
    [opening_balance] => 130
)

[2026-03-11 14:31:51] Updating existing record with full carry forward - Array
(
    [item_code] => SCMKS0018253
    [month] => 2022-01
    [opening_balance] => 6
)

[2026-03-11 14:31:51] Inserting new record with full carry forward - Array
(
    [item_code] => SCMBR0037366
    [month] => 2022-01
    [opening_balance] => 48
)

[2026-03-11 14:31:51] Updating existing record with full carry forward - Array
(
    [item_code] => SCMBR0023264
    [month] => 2022-01
    [opening_balance] => 200
)

[2026-03-11 14:31:51] Updating existing record with full carry forward - Array
(
    [item_code] => SCMBR0018161
    [month] => 2022-01
    [opening_balance] => 130
)

[2026-03-11 14:31:51] Updating existing record with full carry forward - Array
(
    [item_code] => SCMKS0026879
    [month] => 2022-01
    [opening_balance] => 21
)

[2026-03-11 14:31:51] Updating existing record with full carry forward - Array
(
    [item_code] => SCMPL0010020
    [month] => 2022-01
    [opening_balance] => 1225
)

[2026-03-11 14:31:51] Processing month with carry forward - Array
(
    [month] => 2022-02
    [start_month] => 2021-04
    [start_day] => 01
    [days_in_month] => Array
        (
            [0] => 01
            [1] => 02
            [2] => 03
            [3] => 04
            [4] => 05
            [5] => 06
            [6] => 07
            [7] => 08
            [8] => 09
            [9] => 10
            [10] => 11
            [11] => 12
            [12] => 13
            [13] => 14
            [14] => 15
            [15] => 16
            [16] => 17
            [17] => 18
            [18] => 19
            [19] => 20
            [20] => 21
            [21] => 22
            [22] => 23
            [23] => 24
            [24] => 25
            [25] => 26
            [26] => 27
            [27] => 28
        )

)

[2026-03-11 14:31:51] Updating existing record with full carry forward - Array
(
    [item_code] => SCMPL0028274
    [month] => 2022-02
    [opening_balance] => 500
)

[2026-03-11 14:31:51] Updating existing record with full carry forward - Array
(
    [item_code] => SCMPL0028275
    [month] => 2022-02
    [opening_balance] => 500
)

[2026-03-11 14:31:51] Updating existing record with full carry forward - Array
(
    [item_code] => SCMPL0028356
    [month] => 2022-02
    [opening_balance] => 50
)

[2026-03-11 14:31:51] Updating existing record with full carry forward - Array
(
    [item_code] => SCMBR0021532
    [month] => 2022-02
    [opening_balance] => 300
)

[2026-03-11 14:31:51] Updating existing record with full carry forward - Array
(
    [item_code] => SCMPL0009668
    [month] => 2022-02
    [opening_balance] => 60
)

[2026-03-11 14:31:51] Inserting new record with full carry forward - Array
(
    [item_code] => SCMPL0009688
    [month] => 2022-02
    [opening_balance] => 50
)

[2026-03-11 14:31:51] Updating existing record with full carry forward - Array
(
    [item_code] => SCMPL0022277
    [month] => 2022-02
    [opening_balance] => 500
)

[2026-03-11 14:31:51] Updating existing record with full carry forward - Array
(
    [item_code] => SCMPL0022280
    [month] => 2022-02
    [opening_balance] => 32
)

[2026-03-11 14:31:51] Inserting new record with full carry forward - Array
(
    [item_code] => SCMPL0018737
    [month] => 2022-02
    [opening_balance] => 500
)

[2026-03-11 14:31:51] Updating existing record with full carry forward - Array
(
    [item_code] => SCMKS0026878
    [month] => 2022-02
    [opening_balance] => 50
)

[2026-03-11 14:31:51] Updating existing record with full carry forward - Array
(
    [item_code] => SCMPL0009775
    [month] => 2022-02
    [opening_balance] => 500
)

[2026-03-11 14:31:51] Updating existing record with full carry forward - Array
(
    [item_code] => SCMPL0010676
    [month] => 2022-02
    [opening_balance] => 30
)

[2026-03-11 14:31:51] Updating existing record with full carry forward - Array
(
    [item_code] => SCMPL0010677
    [month] => 2022-02
    [opening_balance] => 10
)

[2026-03-11 14:31:51] Updating existing record with full carry forward - Array
(
    [item_code] => SCMPL0010678
    [month] => 2022-02
    [opening_balance] => 1500
)

[2026-03-11 14:31:51] Updating existing record with full carry forward - Array
(
    [item_code] => SCMPL0010679
    [month] => 2022-02
    [opening_balance] => 1000
)

[2026-03-11 14:31:51] Inserting new record with full carry forward - Array
(
    [item_code] => SCMBR0018137
    [month] => 2022-02
    [opening_balance] => 300
)

[2026-03-11 14:31:51] Inserting new record with full carry forward - Array
(
    [item_code] => SCMKB0031391
    [month] => 2022-02
    [opening_balance] => 500
)

[2026-03-11 14:31:51] Updating existing record with full carry forward - Array
(
    [item_code] => SCMBR0018142
    [month] => 2022-02
    [opening_balance] => 300
)

[2026-03-11 14:31:51] Updating existing record with full carry forward - Array
(
    [item_code] => SCMBR0027089
    [month] => 2022-02
    [opening_balance] => 300
)

[2026-03-11 14:31:51] Updating existing record with full carry forward - Array
(
    [item_code] => SCMBR0018132
    [month] => 2022-02
    [opening_balance] => 121
)

[2026-03-11 14:31:51] Inserting new record with full carry forward - Array
(
    [item_code] => SCMBR0018158
    [month] => 2022-02
    [opening_balance] => 500
)

[2026-03-11 14:31:51] Updating existing record with full carry forward - Array
(
    [item_code] => SCMBR0023258
    [month] => 2022-02
    [opening_balance] => 500
)

[2026-03-11 14:31:51] Updating existing record with full carry forward - Array
(
    [item_code] => SCMPL0010445
    [month] => 2022-02
    [opening_balance] => 500
)

[2026-03-11 14:31:52] Updating existing record with full carry forward - Array
(
    [item_code] => SCMPL0010447
    [month] => 2022-02
    [opening_balance] => 20
)

[2026-03-11 14:31:52] Updating existing record with full carry forward - Array
(
    [item_code] => SCMPL0010612
    [month] => 2022-02
    [opening_balance] => 1000
)

[2026-03-11 14:31:52] Updating existing record with full carry forward - Array
(
    [item_code] => SCMPL0009770
    [month] => 2022-02
    [opening_balance] => 500
)

[2026-03-11 14:31:52] Updating existing record with full carry forward - Array
(
    [item_code] => SCMPL0018648
    [month] => 2022-02
    [opening_balance] => 200
)

[2026-03-11 14:31:52] Inserting new record with full carry forward - Array
(
    [item_code] => SCMPL0033624
    [month] => 2022-02
    [opening_balance] => 500
)

[2026-03-11 14:31:52] Updating existing record with full carry forward - Array
(
    [item_code] => SCMPL0012499
    [month] => 2022-02
    [opening_balance] => 15
)

[2026-03-11 14:31:52] Updating existing record with full carry forward - Array
(
    [item_code] => SCMPL0011438
    [month] => 2022-02
    [opening_balance] => 96
)

[2026-03-11 14:31:52] Updating existing record with full carry forward - Array
(
    [item_code] => SCMPL0011418
    [month] => 2022-02
    [opening_balance] => 240
)

[2026-03-11 14:31:52] Updating existing record with full carry forward - Array
(
    [item_code] => SCMPL0010234
    [month] => 2022-02
    [opening_balance] => 240
)

[2026-03-11 14:31:52] Updating existing record with full carry forward - Array
(
    [item_code] => SCMBR0018635
    [month] => 2022-02
    [opening_balance] => 200
)

[2026-03-11 14:31:52] Updating existing record with full carry forward - Array
(
    [item_code] => SCMBR0009847
    [month] => 2022-02
    [opening_balance] => 500
)

[2026-03-11 14:31:52] Inserting new record with full carry forward - Array
(
    [item_code] => SCMBR0029429
    [month] => 2022-02
    [opening_balance] => 500
)

[2026-03-11 14:31:52] Updating existing record with full carry forward - Array
(
    [item_code] => SCMBR0029431
    [month] => 2022-02
    [opening_balance] => 130
)

[2026-03-11 14:31:52] Updating existing record with full carry forward - Array
(
    [item_code] => SCMPL0010541
    [month] => 2022-02
    [opening_balance] => 400
)

[2026-03-11 14:31:52] Updating existing record with full carry forward - Array
(
    [item_code] => SCMPL0010198
    [month] => 2022-02
    [opening_balance] => 384
)

[2026-03-11 14:31:52] Updating existing record with full carry forward - Array
(
    [item_code] => SCMPL0010450
    [month] => 2022-02
    [opening_balance] => 200
)

[2026-03-11 14:31:52] Updating existing record with full carry forward - Array
(
    [item_code] => SCMPL0010451
    [month] => 2022-02
    [opening_balance] => 500
)

[2026-03-11 14:31:52] Updating existing record with full carry forward - Array
(
    [item_code] => SCMPL0010453
    [month] => 2022-02
    [opening_balance] => 30
)

[2026-03-11 14:31:52] Updating existing record with full carry forward - Array
(
    [item_code] => SCMPL0010056
    [month] => 2022-02
    [opening_balance] => 500
)

[2026-03-11 14:31:52] Inserting new record with full carry forward - Array
(
    [item_code] => SCMPL0040482
    [month] => 2022-02
    [opening_balance] => 300
)

[2026-03-11 14:31:52] Updating existing record with full carry forward - Array
(
    [item_code] => SCMPL0009894
    [month] => 2022-02
    [opening_balance] => 100
)

[2026-03-11 14:31:52] Inserting new record with full carry forward - Array
(
    [item_code] => SCMPL0009899
    [month] => 2022-02
    [opening_balance] => 500
)

[2026-03-11 14:31:52] Updating existing record with full carry forward - Array
(
    [item_code] => SCMPL0009902
    [month] => 2022-02
    [opening_balance] => 10
)

[2026-03-11 14:31:52] Updating existing record with full carry forward - Array
(
    [item_code] => SCMPL0009903
    [month] => 2022-02
    [opening_balance] => 20
)

[2026-03-11 14:31:52] Inserting new record with full carry forward - Array
(
    [item_code] => SCMPL0011581
    [month] => 2022-02
    [opening_balance] => 15
)

[2026-03-11 14:31:52] Updating existing record with full carry forward - Array
(
    [item_code] => SCMPL0009936
    [month] => 2022-02
    [opening_balance] => 500
)

[2026-03-11 14:31:52] Inserting new record with full carry forward - Array
(
    [item_code] => SCMPL0035367
    [month] => 2022-02
    [opening_balance] => 500
)

[2026-03-11 14:31:52] Updating existing record with full carry forward - Array
(
    [item_code] => SCMPL0010434
    [month] => 2022-02
    [opening_balance] => 500
)

[2026-03-11 14:31:52] Updating existing record with full carry forward - Array
(
    [item_code] => SCMPL0009942
    [month] => 2022-02
    [opening_balance] => 500
)

[2026-03-11 14:31:52] Inserting new record with full carry forward - Array
(
    [item_code] => SCMPL0036711
    [month] => 2022-02
    [opening_balance] => 500
)

[2026-03-11 14:31:52] Updating existing record with full carry forward - Array
(
    [item_code] => SCMPL0010701
    [month] => 2022-02
    [opening_balance] => 700
)

[2026-03-11 14:31:52] Updating existing record with full carry forward - Array
(
    [item_code] => SCMPL0010702
    [month] => 2022-02
    [opening_balance] => 100
)

[2026-03-11 14:31:52] Updating existing record with full carry forward - Array
(
    [item_code] => SCMPL0010076
    [month] => 2022-02
    [opening_balance] => 700
)

[2026-03-11 14:31:52] Updating existing record with full carry forward - Array
(
    [item_code] => SCMPL0010088
    [month] => 2022-02
    [opening_balance] => 264
)

[2026-03-11 14:31:52] Updating existing record with full carry forward - Array
(
    [item_code] => SCMPL0010075
    [month] => 2022-02
    [opening_balance] => 700
)

[2026-03-11 14:31:52] Updating existing record with full carry forward - Array
(
    [item_code] => SCMPL0010087
    [month] => 2022-02
    [opening_balance] => 1200
)

[2026-03-11 14:31:52] Updating existing record with full carry forward - Array
(
    [item_code] => SCMPL0010108
    [month] => 2022-02
    [opening_balance] => 10
)

[2026-03-11 14:31:52] Inserting new record with full carry forward - Array
(
    [item_code] => SCMPL0029933
    [month] => 2022-02
    [opening_balance] => 6
)

[2026-03-11 14:31:52] Updating existing record with full carry forward - Array
(
    [item_code] => SCMPL0029928
    [month] => 2022-02
    [opening_balance] => 12
)

[2026-03-11 14:31:52] Updating existing record with full carry forward - Array
(
    [item_code] => SCMPL0010360
    [month] => 2022-02
    [opening_balance] => 24
)

[2026-03-11 14:31:52] Updating existing record with full carry forward - Array
(
    [item_code] => SCMPL0009968
    [month] => 2022-02
    [opening_balance] => 530
)

[2026-03-11 14:31:52] Updating existing record with full carry forward - Array
(
    [item_code] => SCMPL0009977
    [month] => 2022-02
    [opening_balance] => 542
)

[2026-03-11 14:31:52] Updating existing record with full carry forward - Array
(
    [item_code] => SCMWN0019724
    [month] => 2022-02
    [opening_balance] => 130
)

[2026-03-11 14:31:52] Updating existing record with full carry forward - Array
(
    [item_code] => SCMKS0018253
    [month] => 2022-02
    [opening_balance] => 6
)

[2026-03-11 14:31:52] Inserting new record with full carry forward - Array
(
    [item_code] => SCMBR0037366
    [month] => 2022-02
    [opening_balance] => 48
)

[2026-03-11 14:31:52] Updating existing record with full carry forward - Array
(
    [item_code] => SCMBR0023264
    [month] => 2022-02
    [opening_balance] => 200
)

[2026-03-11 14:31:52] Updating existing record with full carry forward - Array
(
    [item_code] => SCMBR0018161
    [month] => 2022-02
    [opening_balance] => 130
)

[2026-03-11 14:31:52] Updating existing record with full carry forward - Array
(
    [item_code] => SCMKS0026879
    [month] => 2022-02
    [opening_balance] => 21
)

[2026-03-11 14:31:52] Updating existing record with full carry forward - Array
(
    [item_code] => SCMPL0010020
    [month] => 2022-02
    [opening_balance] => 1225
)

[2026-03-11 14:31:52] Processing month with carry forward - Array
(
    [month] => 2022-03
    [start_month] => 2021-04
    [start_day] => 01
    [days_in_month] => Array
        (
            [0] => 01
            [1] => 02
            [2] => 03
            [3] => 04
            [4] => 05
            [5] => 06
            [6] => 07
            [7] => 08
            [8] => 09
            [9] => 10
            [10] => 11
            [11] => 12
            [12] => 13
            [13] => 14
            [14] => 15
            [15] => 16
            [16] => 17
            [17] => 18
            [18] => 19
            [19] => 20
            [20] => 21
            [21] => 22
            [22] => 23
            [23] => 24
            [24] => 25
            [25] => 26
            [26] => 27
            [27] => 28
            [28] => 29
            [29] => 30
            [30] => 31
        )

)

[2026-03-11 14:31:52] Updating existing record with full carry forward - Array
(
    [item_code] => SCMPL0028274
    [month] => 2022-03
    [opening_balance] => 500
)

[2026-03-11 14:31:52] Updating existing record with full carry forward - Array
(
    [item_code] => SCMPL0028275
    [month] => 2022-03
    [opening_balance] => 500
)

[2026-03-11 14:31:52] Updating existing record with full carry forward - Array
(
    [item_code] => SCMPL0028356
    [month] => 2022-03
    [opening_balance] => 50
)

[2026-03-11 14:31:52] Updating existing record with full carry forward - Array
(
    [item_code] => SCMBR0021532
    [month] => 2022-03
    [opening_balance] => 300
)

[2026-03-11 14:31:52] Updating existing record with full carry forward - Array
(
    [item_code] => SCMPL0009668
    [month] => 2022-03
    [opening_balance] => 60
)

[2026-03-11 14:31:52] Inserting new record with full carry forward - Array
(
    [item_code] => SCMPL0009688
    [month] => 2022-03
    [opening_balance] => 50
)

[2026-03-11 14:31:52] Updating existing record with full carry forward - Array
(
    [item_code] => SCMPL0022277
    [month] => 2022-03
    [opening_balance] => 500
)

[2026-03-11 14:31:52] Updating existing record with full carry forward - Array
(
    [item_code] => SCMPL0022280
    [month] => 2022-03
    [opening_balance] => 32
)

[2026-03-11 14:31:52] Inserting new record with full carry forward - Array
(
    [item_code] => SCMPL0018737
    [month] => 2022-03
    [opening_balance] => 500
)

[2026-03-11 14:31:52] Updating existing record with full carry forward - Array
(
    [item_code] => SCMKS0026878
    [month] => 2022-03
    [opening_balance] => 50
)

[2026-03-11 14:31:52] Updating existing record with full carry forward - Array
(
    [item_code] => SCMPL0009775
    [month] => 2022-03
    [opening_balance] => 500
)

[2026-03-11 14:31:52] Updating existing record with full carry forward - Array
(
    [item_code] => SCMPL0010676
    [month] => 2022-03
    [opening_balance] => 30
)

[2026-03-11 14:31:52] Updating existing record with full carry forward - Array
(
    [item_code] => SCMPL0010677
    [month] => 2022-03
    [opening_balance] => 10
)

[2026-03-11 14:31:53] Updating existing record with full carry forward - Array
(
    [item_code] => SCMPL0010678
    [month] => 2022-03
    [opening_balance] => 1500
)

[2026-03-11 14:31:53] Updating existing record with full carry forward - Array
(
    [item_code] => SCMPL0010679
    [month] => 2022-03
    [opening_balance] => 1000
)

[2026-03-11 14:31:53] Inserting new record with full carry forward - Array
(
    [item_code] => SCMBR0018137
    [month] => 2022-03
    [opening_balance] => 300
)

[2026-03-11 14:31:53] Inserting new record with full carry forward - Array
(
    [item_code] => SCMKB0031391
    [month] => 2022-03
    [opening_balance] => 500
)

[2026-03-11 14:31:53] Updating existing record with full carry forward - Array
(
    [item_code] => SCMBR0018142
    [month] => 2022-03
    [opening_balance] => 300
)

[2026-03-11 14:31:53] Updating existing record with full carry forward - Array
(
    [item_code] => SCMBR0027089
    [month] => 2022-03
    [opening_balance] => 300
)

[2026-03-11 14:31:53] Updating existing record with full carry forward - Array
(
    [item_code] => SCMBR0018132
    [month] => 2022-03
    [opening_balance] => 121
)

[2026-03-11 14:31:53] Inserting new record with full carry forward - Array
(
    [item_code] => SCMBR0018158
    [month] => 2022-03
    [opening_balance] => 500
)

[2026-03-11 14:31:53] Updating existing record with full carry forward - Array
(
    [item_code] => SCMBR0023258
    [month] => 2022-03
    [opening_balance] => 500
)

[2026-03-11 14:31:53] Updating existing record with full carry forward - Array
(
    [item_code] => SCMPL0010445
    [month] => 2022-03
    [opening_balance] => 500
)

[2026-03-11 14:31:53] Updating existing record with full carry forward - Array
(
    [item_code] => SCMPL0010447
    [month] => 2022-03
    [opening_balance] => 20
)

[2026-03-11 14:31:53] Updating existing record with full carry forward - Array
(
    [item_code] => SCMPL0010612
    [month] => 2022-03
    [opening_balance] => 1000
)

[2026-03-11 14:31:53] Updating existing record with full carry forward - Array
(
    [item_code] => SCMPL0009770
    [month] => 2022-03
    [opening_balance] => 500
)

[2026-03-11 14:31:53] Updating existing record with full carry forward - Array
(
    [item_code] => SCMPL0018648
    [month] => 2022-03
    [opening_balance] => 200
)

[2026-03-11 14:31:53] Inserting new record with full carry forward - Array
(
    [item_code] => SCMPL0033624
    [month] => 2022-03
    [opening_balance] => 500
)

[2026-03-11 14:31:53] Updating existing record with full carry forward - Array
(
    [item_code] => SCMPL0012499
    [month] => 2022-03
    [opening_balance] => 15
)

[2026-03-11 14:31:53] Updating existing record with full carry forward - Array
(
    [item_code] => SCMPL0011438
    [month] => 2022-03
    [opening_balance] => 96
)

[2026-03-11 14:31:53] Updating existing record with full carry forward - Array
(
    [item_code] => SCMPL0011418
    [month] => 2022-03
    [opening_balance] => 240
)

[2026-03-11 14:31:53] Updating existing record with full carry forward - Array
(
    [item_code] => SCMPL0010234
    [month] => 2022-03
    [opening_balance] => 240
)

[2026-03-11 14:31:53] Updating existing record with full carry forward - Array
(
    [item_code] => SCMBR0018635
    [month] => 2022-03
    [opening_balance] => 200
)

[2026-03-11 14:31:53] Updating existing record with full carry forward - Array
(
    [item_code] => SCMBR0009847
    [month] => 2022-03
    [opening_balance] => 500
)

[2026-03-11 14:31:53] Inserting new record with full carry forward - Array
(
    [item_code] => SCMBR0029429
    [month] => 2022-03
    [opening_balance] => 500
)

[2026-03-11 14:31:53] Updating existing record with full carry forward - Array
(
    [item_code] => SCMBR0029431
    [month] => 2022-03
    [opening_balance] => 130
)

[2026-03-11 14:31:53] Updating existing record with full carry forward - Array
(
    [item_code] => SCMPL0010541
    [month] => 2022-03
    [opening_balance] => 400
)

[2026-03-11 14:31:53] Updating existing record with full carry forward - Array
(
    [item_code] => SCMPL0010198
    [month] => 2022-03
    [opening_balance] => 384
)

[2026-03-11 14:31:53] Updating existing record with full carry forward - Array
(
    [item_code] => SCMPL0010450
    [month] => 2022-03
    [opening_balance] => 200
)

[2026-03-11 14:31:53] Updating existing record with full carry forward - Array
(
    [item_code] => SCMPL0010451
    [month] => 2022-03
    [opening_balance] => 500
)

[2026-03-11 14:31:53] Updating existing record with full carry forward - Array
(
    [item_code] => SCMPL0010453
    [month] => 2022-03
    [opening_balance] => 30
)

[2026-03-11 14:31:53] Updating existing record with full carry forward - Array
(
    [item_code] => SCMPL0010056
    [month] => 2022-03
    [opening_balance] => 500
)

[2026-03-11 14:31:53] Inserting new record with full carry forward - Array
(
    [item_code] => SCMPL0040482
    [month] => 2022-03
    [opening_balance] => 300
)

[2026-03-11 14:31:53] Updating existing record with full carry forward - Array
(
    [item_code] => SCMPL0009894
    [month] => 2022-03
    [opening_balance] => 100
)

[2026-03-11 14:31:53] Inserting new record with full carry forward - Array
(
    [item_code] => SCMPL0009899
    [month] => 2022-03
    [opening_balance] => 500
)

[2026-03-11 14:31:53] Updating existing record with full carry forward - Array
(
    [item_code] => SCMPL0009902
    [month] => 2022-03
    [opening_balance] => 10
)

[2026-03-11 14:31:53] Updating existing record with full carry forward - Array
(
    [item_code] => SCMPL0009903
    [month] => 2022-03
    [opening_balance] => 20
)

[2026-03-11 14:31:53] Inserting new record with full carry forward - Array
(
    [item_code] => SCMPL0011581
    [month] => 2022-03
    [opening_balance] => 15
)

[2026-03-11 14:31:53] Updating existing record with full carry forward - Array
(
    [item_code] => SCMPL0009936
    [month] => 2022-03
    [opening_balance] => 500
)

[2026-03-11 14:31:53] Inserting new record with full carry forward - Array
(
    [item_code] => SCMPL0035367
    [month] => 2022-03
    [opening_balance] => 500
)

[2026-03-11 14:31:53] Updating existing record with full carry forward - Array
(
    [item_code] => SCMPL0010434
    [month] => 2022-03
    [opening_balance] => 500
)

[2026-03-11 14:31:53] Updating existing record with full carry forward - Array
(
    [item_code] => SCMPL0009942
    [month] => 2022-03
    [opening_balance] => 500
)

[2026-03-11 14:31:53] Inserting new record with full carry forward - Array
(
    [item_code] => SCMPL0036711
    [month] => 2022-03
    [opening_balance] => 500
)

[2026-03-11 14:31:53] Updating existing record with full carry forward - Array
(
    [item_code] => SCMPL0010701
    [month] => 2022-03
    [opening_balance] => 700
)

[2026-03-11 14:31:53] Updating existing record with full carry forward - Array
(
    [item_code] => SCMPL0010702
    [month] => 2022-03
    [opening_balance] => 100
)

[2026-03-11 14:31:53] Updating existing record with full carry forward - Array
(
    [item_code] => SCMPL0010076
    [month] => 2022-03
    [opening_balance] => 700
)

[2026-03-11 14:31:53] Updating existing record with full carry forward - Array
(
    [item_code] => SCMPL0010088
    [month] => 2022-03
    [opening_balance] => 264
)

[2026-03-11 14:31:53] Updating existing record with full carry forward - Array
(
    [item_code] => SCMPL0010075
    [month] => 2022-03
    [opening_balance] => 700
)

[2026-03-11 14:31:53] Updating existing record with full carry forward - Array
(
    [item_code] => SCMPL0010087
    [month] => 2022-03
    [opening_balance] => 1200
)

[2026-03-11 14:31:53] Updating existing record with full carry forward - Array
(
    [item_code] => SCMPL0010108
    [month] => 2022-03
    [opening_balance] => 10
)

[2026-03-11 14:31:53] Updating existing record with full carry forward - Array
(
    [item_code] => SCMPL0029933
    [month] => 2022-03
    [opening_balance] => 6
)

[2026-03-11 14:31:53] Updating existing record with full carry forward - Array
(
    [item_code] => SCMPL0029928
    [month] => 2022-03
    [opening_balance] => 12
)

[2026-03-11 14:31:53] Updating existing record with full carry forward - Array
(
    [item_code] => SCMPL0010360
    [month] => 2022-03
    [opening_balance] => 24
)

[2026-03-11 14:31:53] Updating existing record with full carry forward - Array
(
    [item_code] => SCMPL0009968
    [month] => 2022-03
    [opening_balance] => 530
)

[2026-03-11 14:31:53] Updating existing record with full carry forward - Array
(
    [item_code] => SCMPL0009977
    [month] => 2022-03
    [opening_balance] => 542
)

[2026-03-11 14:31:53] Updating existing record with full carry forward - Array
(
    [item_code] => SCMWN0019724
    [month] => 2022-03
    [opening_balance] => 130
)

[2026-03-11 14:31:53] Updating existing record with full carry forward - Array
(
    [item_code] => SCMKS0018253
    [month] => 2022-03
    [opening_balance] => 6
)

[2026-03-11 14:31:53] Inserting new record with full carry forward - Array
(
    [item_code] => SCMBR0037366
    [month] => 2022-03
    [opening_balance] => 48
)

[2026-03-11 14:31:53] Updating existing record with full carry forward - Array
(
    [item_code] => SCMBR0023264
    [month] => 2022-03
    [opening_balance] => 200
)

[2026-03-11 14:31:53] Updating existing record with full carry forward - Array
(
    [item_code] => SCMBR0018161
    [month] => 2022-03
    [opening_balance] => 130
)

[2026-03-11 14:31:53] Updating existing record with full carry forward - Array
(
    [item_code] => SCMKS0026879
    [month] => 2022-03
    [opening_balance] => 21
)

[2026-03-11 14:31:53] Updating existing record with full carry forward - Array
(
    [item_code] => SCMPL0010020
    [month] => 2022-03
    [opening_balance] => 1225
)

[2026-03-11 14:31:53] Completed updateDailyStockRange
[2026-03-11 14:31:53] ========== UPDATE DAILY STOCK RANGE END ==========
[2026-03-11 14:31:53] ========== DAILY STOCK AFTER UPDATE ==========
[2026-03-11 14:31:53] Checking daily stock for months: - Array
(
    [months] => Array
        (
            [0] => 2021-04
            [1] => 2021-05
            [2] => 2021-06
            [3] => 2021-07
            [4] => 2021-08
            [5] => 2021-09
            [6] => 2021-10
            [7] => 2021-11
            [8] => 2021-12
            [9] => 2022-01
            [10] => 2022-02
            [11] => 2022-03
            [12] => 2022-04
            [13] => 2022-05
            [14] => 2022-06
            [15] => 2022-07
            [16] => 2022-08
            [17] => 2022-09
            [18] => 2022-10
            [19] => 2022-11
            [20] => 2022-12
            [21] => 2023-01
            [22] => 2023-02
            [23] => 2023-03
            [24] => 2023-04
            [25] => 2023-05
            [26] => 2023-06
            [27] => 2023-07
            [28] => 2023-08
            [29] => 2023-09
            [30] => 2023-10
            [31] => 2023-11
            [32] => 2023-12
            [33] => 2024-01
            [34] => 2024-02
            [35] => 2024-03
            [36] => 2024-04
            [37] => 2024-05
            [38] => 2024-06
            [39] => 2024-07
            [40] => 2024-08
            [41] => 2024-09
            [42] => 2024-10
            [43] => 2024-11
            [44] => 2024-12
            [45] => 2025-01
            [46] => 2025-02
            [47] => 2025-03
            [48] => 2025-04
            [49] => 2025-05
            [50] => 2025-06
            [51] => 2025-07
            [52] => 2025-08
            [53] => 2025-09
            [54] => 2025-10
            [55] => 2025-11
            [56] => 2025-12
            [57] => 2026-01
            [58] => 2026-02
            [59] => 2026-03
        )

)

[2026-03-11 14:31:53] Sample from tbldailystock_5_04_21: - Array
(
    [count] => 5
    [items] => Array
        (
            [0] => Array
                (
                    [ITEM_CODE] => SCMPL0009770
                    [STK_MONTH] => 2021-04
                )

            [1] => Array
                (
                    [ITEM_CODE] => SCMPL0009773
                    [STK_MONTH] => 2021-04
                )

            [2] => Array
                (
                    [ITEM_CODE] => SCMPL0009938
                    [STK_MONTH] => 2021-04
                )

            [3] => Array
                (
                    [ITEM_CODE] => SCMPL0010022
                    [STK_MONTH] => 2021-04
                )

            [4] => Array
                (
                    [ITEM_CODE] => SCMPL0010434
                    [STK_MONTH] => 2021-04
                )

        )

)

[2026-03-11 14:31:53] Detailed data for item SCMPL0009770 in 2021-04: - Array
(
    [DAY_01_OPEN] => 500
    [DAY_01_CLOSING] => 500
    [DAY_02_OPEN] => 500
    [DAY_02_CLOSING] => 500
    [DAY_03_OPEN] => 500
    [DAY_03_CLOSING] => 500
    [DAY_04_OPEN] => 500
    [DAY_04_CLOSING] => 500
    [DAY_05_OPEN] => 500
    [DAY_05_CLOSING] => 500
    [DAY_06_OPEN] => 500
    [DAY_06_CLOSING] => 500
    [DAY_07_OPEN] => 500
    [DAY_07_PURCHASE] => 72
    [DAY_07_CLOSING] => 572
    [DAY_08_OPEN] => 572
    [DAY_08_CLOSING] => 572
    [DAY_09_OPEN] => 572
    [DAY_09_CLOSING] => 572
    [DAY_10_OPEN] => 572
    [DAY_10_CLOSING] => 572
    [DAY_11_OPEN] => 572
    [DAY_11_CLOSING] => 572
    [DAY_12_OPEN] => 572
    [DAY_12_CLOSING] => 572
    [DAY_13_OPEN] => 572
    [DAY_13_CLOSING] => 572
    [DAY_14_OPEN] => 572
    [DAY_14_CLOSING] => 572
    [DAY_15_OPEN] => 572
    [DAY_15_CLOSING] => 572
    [DAY_16_OPEN] => 572
    [DAY_16_CLOSING] => 572
    [DAY_17_OPEN] => 572
    [DAY_17_CLOSING] => 572
    [DAY_18_OPEN] => 572
    [DAY_18_CLOSING] => 572
    [DAY_19_OPEN] => 572
    [DAY_19_CLOSING] => 572
    [DAY_20_OPEN] => 572
    [DAY_20_CLOSING] => 572
    [DAY_21_OPEN] => 572
    [DAY_21_CLOSING] => 572
    [DAY_22_OPEN] => 572
    [DAY_22_CLOSING] => 572
    [DAY_23_OPEN] => 572
    [DAY_23_CLOSING] => 572
    [DAY_24_OPEN] => 572
    [DAY_24_CLOSING] => 572
    [DAY_25_OPEN] => 572
    [DAY_25_CLOSING] => 572
    [DAY_26_OPEN] => 572
    [DAY_26_CLOSING] => 572
    [DAY_27_OPEN] => 572
    [DAY_27_CLOSING] => 572
    [DAY_28_OPEN] => 572
    [DAY_28_CLOSING] => 572
    [DAY_29_OPEN] => 572
    [DAY_29_CLOSING] => 572
    [DAY_30_OPEN] => 572
    [DAY_30_CLOSING] => 572
)

[2026-03-11 14:31:53] Sample from tbldailystock_5_05_21: - Array
(
    [count] => 5
    [items] => Array
        (
            [0] => Array
                (
                    [ITEM_CODE] => SCMPL0009770
                    [STK_MONTH] => 2021-05
                )

            [1] => Array
                (
                    [ITEM_CODE] => SCMPL0009773
                    [STK_MONTH] => 2021-05
                )

            [2] => Array
                (
                    [ITEM_CODE] => SCMPL0009938
                    [STK_MONTH] => 2021-05
                )

            [3] => Array
                (
                    [ITEM_CODE] => SCMPL0010022
                    [STK_MONTH] => 2021-05
                )

            [4] => Array
                (
                    [ITEM_CODE] => SCMPL0010434
                    [STK_MONTH] => 2021-05
                )

        )

)

[2026-03-11 14:31:53] Detailed data for item SCMPL0009770 in 2021-05: - Array
(
    [DAY_01_OPEN] => 572
    [DAY_01_CLOSING] => 572
    [DAY_02_OPEN] => 572
    [DAY_02_CLOSING] => 572
    [DAY_03_OPEN] => 572
    [DAY_03_CLOSING] => 572
    [DAY_04_OPEN] => 572
    [DAY_04_CLOSING] => 572
    [DAY_05_OPEN] => 572
    [DAY_05_CLOSING] => 572
    [DAY_06_OPEN] => 572
    [DAY_06_CLOSING] => 572
    [DAY_07_OPEN] => 572
    [DAY_07_CLOSING] => 572
    [DAY_08_OPEN] => 572
    [DAY_08_CLOSING] => 572
    [DAY_09_OPEN] => 572
    [DAY_09_CLOSING] => 572
    [DAY_10_OPEN] => 572
    [DAY_10_CLOSING] => 572
    [DAY_11_OPEN] => 572
    [DAY_11_CLOSING] => 572
    [DAY_12_OPEN] => 572
    [DAY_12_CLOSING] => 572
    [DAY_13_OPEN] => 572
    [DAY_13_CLOSING] => 572
    [DAY_14_OPEN] => 572
    [DAY_14_CLOSING] => 572
    [DAY_15_OPEN] => 572
    [DAY_15_CLOSING] => 572
    [DAY_16_OPEN] => 572
    [DAY_16_CLOSING] => 572
    [DAY_17_OPEN] => 572
    [DAY_17_CLOSING] => 572
    [DAY_18_OPEN] => 572
    [DAY_18_CLOSING] => 572
    [DAY_19_OPEN] => 572
    [DAY_19_CLOSING] => 572
    [DAY_20_OPEN] => 572
    [DAY_20_CLOSING] => 572
    [DAY_21_OPEN] => 572
    [DAY_21_CLOSING] => 572
    [DAY_22_OPEN] => 572
    [DAY_22_CLOSING] => 572
    [DAY_23_OPEN] => 572
    [DAY_23_CLOSING] => 572
    [DAY_24_OPEN] => 572
    [DAY_24_CLOSING] => 572
    [DAY_25_OPEN] => 572
    [DAY_25_CLOSING] => 572
    [DAY_26_OPEN] => 572
    [DAY_26_CLOSING] => 572
    [DAY_27_OPEN] => 572
    [DAY_27_CLOSING] => 572
    [DAY_28_OPEN] => 572
    [DAY_28_CLOSING] => 572
    [DAY_29_OPEN] => 572
    [DAY_29_CLOSING] => 572
    [DAY_30_OPEN] => 572
    [DAY_30_CLOSING] => 572
    [DAY_31_OPEN] => 572
    [DAY_31_CLOSING] => 572
)

[2026-03-11 14:31:53] Sample from tbldailystock_5_06_21: - Array
(
    [count] => 5
    [items] => Array
        (
            [0] => Array
                (
                    [ITEM_CODE] => SCMPL0009770
                    [STK_MONTH] => 2021-06
                )

            [1] => Array
                (
                    [ITEM_CODE] => SCMPL0009773
                    [STK_MONTH] => 2021-06
                )

            [2] => Array
                (
                    [ITEM_CODE] => SCMPL0009938
                    [STK_MONTH] => 2021-06
                )

            [3] => Array
                (
                    [ITEM_CODE] => SCMPL0010022
                    [STK_MONTH] => 2021-06
                )

            [4] => Array
                (
                    [ITEM_CODE] => SCMPL0010434
                    [STK_MONTH] => 2021-06
                )

        )

)

[2026-03-11 14:31:53] Detailed data for item SCMPL0009770 in 2021-06: - Array
(
    [DAY_01_OPEN] => 572
    [DAY_01_CLOSING] => 572
    [DAY_02_OPEN] => 572
    [DAY_02_PURCHASE] => 48
    [DAY_02_CLOSING] => 620
    [DAY_03_OPEN] => 620
    [DAY_03_CLOSING] => 620
    [DAY_04_OPEN] => 620
    [DAY_04_CLOSING] => 620
    [DAY_05_OPEN] => 620
    [DAY_05_CLOSING] => 620
    [DAY_06_OPEN] => 620
    [DAY_06_CLOSING] => 620
    [DAY_07_OPEN] => 620
    [DAY_07_CLOSING] => 620
    [DAY_08_OPEN] => 620
    [DAY_08_CLOSING] => 620
    [DAY_09_OPEN] => 620
    [DAY_09_CLOSING] => 620
    [DAY_10_OPEN] => 620
    [DAY_10_CLOSING] => 620
    [DAY_11_OPEN] => 620
    [DAY_11_CLOSING] => 620
    [DAY_12_OPEN] => 620
    [DAY_12_CLOSING] => 620
    [DAY_13_OPEN] => 620
    [DAY_13_CLOSING] => 620
    [DAY_14_OPEN] => 620
    [DAY_14_CLOSING] => 620
    [DAY_15_OPEN] => 620
    [DAY_15_CLOSING] => 620
    [DAY_16_OPEN] => 620
    [DAY_16_CLOSING] => 620
    [DAY_17_OPEN] => 620
    [DAY_17_CLOSING] => 620
    [DAY_18_OPEN] => 620
    [DAY_18_CLOSING] => 620
    [DAY_19_OPEN] => 620
    [DAY_19_CLOSING] => 620
    [DAY_20_OPEN] => 620
    [DAY_20_CLOSING] => 620
    [DAY_21_OPEN] => 620
    [DAY_21_CLOSING] => 620
    [DAY_22_OPEN] => 620
    [DAY_22_CLOSING] => 620
    [DAY_23_OPEN] => 620
    [DAY_23_CLOSING] => 620
    [DAY_24_OPEN] => 620
    [DAY_24_CLOSING] => 620
    [DAY_25_OPEN] => 620
    [DAY_25_CLOSING] => 620
    [DAY_26_OPEN] => 620
    [DAY_26_CLOSING] => 620
    [DAY_27_OPEN] => 620
    [DAY_27_CLOSING] => 620
    [DAY_28_OPEN] => 620
    [DAY_28_CLOSING] => 620
    [DAY_29_OPEN] => 620
    [DAY_29_CLOSING] => 620
    [DAY_30_OPEN] => 620
    [DAY_30_CLOSING] => 620
)

[2026-03-11 14:31:53] Transaction committed
[2026-03-11 14:31:53] ========== IMPORT COMPLETE - FINAL SUMMARY ==========
[2026-03-11 14:31:53] Total CSV rows processed: - Array
(
    [count] => 72
)

[2026-03-11 14:31:53] Total items imported to tblitem_stock: - Array
(
    [count] => 72
)

[2026-03-11 14:31:53] Total items skipped: - Array
(
    [count] => 0
)

[2026-03-11 14:31:53] Total items sent to daily stock update: - Array
(
    [count] => 72
)

[2026-03-11 14:31:53] Financial Year: - Array
(
    [start] => 2021-04-01
    [end] => 2022-03-31
)

[2026-03-11 14:31:53] Final count in tbldailystock_5: - Array
(
    [total_records] => 5
)

[2026-03-11 14:31:53] ========== DEBUG COMPLETE ==========
[2026-03-11 14:31:53] Script started
[2026-03-11 14:31:53] Financial Year - Array
(
    [start] => 2021-04-01
    [end] => 2022-03-31
    [fin_year_id] => 3
)

[2026-03-11 14:31:53] Allowed classes - Array
(
    [0] => W
    [1] => V
    [2] => M
    [3] => F
    [4] => D
    [5] => K
    [6] => G
    [7] => R
)

[2026-03-11 14:31:53] Calling findFirstOpeningBatchDate with - Array
(
    [comp_id] => 5
    [mode] => F
    [fy_start] => 2021-04-01
    [fy_end] => 2022-03-31
    [allowed_classes] => Array
        (
            [0] => W
            [1] => V
            [2] => M
            [3] => F
            [4] => D
            [5] => K
            [6] => G
            [7] => R
        )

)

[2026-03-11 14:31:53] findFirstOpeningBatchDate called - Array
(
    [comp_id] => 5
    [mode] => F
    [fy_start] => 2021-04-01
    [fy_end] => 2022-03-31
    [allowed_classes] => Array
        (
            [0] => W
            [1] => V
            [2] => M
            [3] => F
            [4] => D
            [5] => K
            [6] => G
            [7] => R
        )

)

[2026-03-11 14:31:53] generateMonthsInRange: Date range - Array
(
    [start] => 2021-04-01
    [end] => 2022-03-01
)

[2026-03-11 14:31:53] generateMonthsInRange: Generated months - Array
(
    [count] => 12
    [months] => Array
        (
            [0] => 2021-04
            [1] => 2021-05
            [2] => 2021-06
            [3] => 2021-07
            [4] => 2021-08
            [5] => 2021-09
            [6] => 2021-10
            [7] => 2021-11
            [8] => 2021-12
            [9] => 2022-01
            [10] => 2022-02
            [11] => 2022-03
        )

)

[2026-03-11 14:31:53] Generated months - Array
(
    [months] => Array
        (
            [0] => 2021-04
            [1] => 2021-05
            [2] => 2021-06
            [3] => 2021-07
            [4] => 2021-08
            [5] => 2021-09
            [6] => 2021-10
            [7] => 2021-11
            [8] => 2021-12
            [9] => 2022-01
            [10] => 2022-02
            [11] => 2022-03
        )

)

[2026-03-11 14:31:53] Found opening balance in month - Array
(
    [month] => 2021-04
    [item_code] => SCMPL0009770
)

[2026-03-11 14:31:53] Found first batch date - Array
(
    [date] => 2021-04-01
    [month] => 2021-04
    [day] => 01
)

[2026-03-11 14:31:53] First batch data result - Array
(
    [date] => 2021-04-01
    [month] => 2021-04
    [day] => 01
    [day_num] => 1
)

[2026-03-11 14:31:53] First batch data - Array
(
    [date] => 2021-04-01
    [month] => 2021-04
    [day] => 01
    [day_num] => 1
)

[2026-03-11 14:31:54] generateMonthsInRange: Date range - Array
(
    [start] => 2021-04-01
    [end] => 2021-04-01
)

[2026-03-11 14:31:54] generateMonthsInRange: Generated months - Array
(
    [count] => 1
    [months] => Array
        (
            [0] => 2021-04
        )

)

[2026-03-11 14:31:54] Initial counts (first batch) - Array
(
    [total] => 82
    [with_stock] => 82
)

[2026-03-11 14:31:54] Script completed, rendering page
[2026-03-11 14:31:54] Script started
[2026-03-11 14:31:54] Financial Year - Array
(
    [start] => 2021-04-01
    [end] => 2022-03-31
    [fin_year_id] => 3
)

[2026-03-11 14:31:54] Allowed classes - Array
(
    [0] => W
    [1] => V
    [2] => M
    [3] => F
    [4] => D
    [5] => K
    [6] => G
    [7] => R
)

[2026-03-11 14:31:54] Calling findFirstOpeningBatchDate with - Array
(
    [comp_id] => 5
    [mode] => F
    [fy_start] => 2021-04-01
    [fy_end] => 2022-03-31
    [allowed_classes] => Array
        (
            [0] => W
            [1] => V
            [2] => M
            [3] => F
            [4] => D
            [5] => K
            [6] => G
            [7] => R
        )

)

[2026-03-11 14:31:54] findFirstOpeningBatchDate called - Array
(
    [comp_id] => 5
    [mode] => F
    [fy_start] => 2021-04-01
    [fy_end] => 2022-03-31
    [allowed_classes] => Array
        (
            [0] => W
            [1] => V
            [2] => M
            [3] => F
            [4] => D
            [5] => K
            [6] => G
            [7] => R
        )

)

[2026-03-11 14:31:54] generateMonthsInRange: Date range - Array
(
    [start] => 2021-04-01
    [end] => 2022-03-01
)

[2026-03-11 14:31:54] generateMonthsInRange: Generated months - Array
(
    [count] => 12
    [months] => Array
        (
            [0] => 2021-04
            [1] => 2021-05
            [2] => 2021-06
            [3] => 2021-07
            [4] => 2021-08
            [5] => 2021-09
            [6] => 2021-10
            [7] => 2021-11
            [8] => 2021-12
            [9] => 2022-01
            [10] => 2022-02
            [11] => 2022-03
        )

)

[2026-03-11 14:31:54] Generated months - Array
(
    [months] => Array
        (
            [0] => 2021-04
            [1] => 2021-05
            [2] => 2021-06
            [3] => 2021-07
            [4] => 2021-08
            [5] => 2021-09
            [6] => 2021-10
            [7] => 2021-11
            [8] => 2021-12
            [9] => 2022-01
            [10] => 2022-02
            [11] => 2022-03
        )

)

[2026-03-11 14:31:54] Found opening balance in month - Array
(
    [month] => 2021-04
    [item_code] => SCMPL0009770
)

[2026-03-11 14:31:54] Found first batch date - Array
(
    [date] => 2021-04-01
    [month] => 2021-04
    [day] => 01
)

[2026-03-11 14:31:54] First batch data result - Array
(
    [date] => 2021-04-01
    [month] => 2021-04
    [day] => 01
    [day_num] => 1
)

[2026-03-11 14:31:54] First batch data - Array
(
    [date] => 2021-04-01
    [month] => 2021-04
    [day] => 01
    [day_num] => 1
)

[2026-03-11 14:31:54] AJAX get_items called - Array
(
    [page] => 1
    [view] => with_stock
    [mode] => F
    [search] => 
    [first_batch_data] => Array
        (
            [date] => 2021-04-01
            [month] => 2021-04
            [day] => 01
            [day_num] => 1
        )

)

[2026-03-11 14:31:54] generateMonthsInRange: Date range - Array
(
    [start] => 2021-04-01
    [end] => 2021-04-01
)

[2026-03-11 14:31:54] generateMonthsInRange: Generated months - Array
(
    [count] => 1
    [months] => Array
        (
            [0] => 2021-04
        )

)

[2026-03-11 14:31:54] AJAX get_items count query result - Array
(
    [total] => 72
    [batch_month] => 2021-04
    [batch_day] => 01
)

[2026-03-11 14:31:54] AJAX get_items returning - Array
(
    [items_count] => 72
    [total] => 72
    [has_more] => 
)

[2026-03-11 14:32:00] Script started
[2026-03-11 14:32:00] Financial Year - Array
(
    [start] => 2021-04-01
    [end] => 2022-03-31
    [fin_year_id] => 3
)

[2026-03-11 14:32:00] Allowed classes - Array
(
    [0] => W
    [1] => V
    [2] => M
    [3] => F
    [4] => D
    [5] => K
    [6] => G
    [7] => R
)

[2026-03-11 14:32:00] Calling findFirstOpeningBatchDate with - Array
(
    [comp_id] => 5
    [mode] => F
    [fy_start] => 2021-04-01
    [fy_end] => 2022-03-31
    [allowed_classes] => Array
        (
            [0] => W
            [1] => V
            [2] => M
            [3] => F
            [4] => D
            [5] => K
            [6] => G
            [7] => R
        )

)

[2026-03-11 14:32:00] findFirstOpeningBatchDate called - Array
(
    [comp_id] => 5
    [mode] => F
    [fy_start] => 2021-04-01
    [fy_end] => 2022-03-31
    [allowed_classes] => Array
        (
            [0] => W
            [1] => V
            [2] => M
            [3] => F
            [4] => D
            [5] => K
            [6] => G
            [7] => R
        )

)

[2026-03-11 14:32:00] generateMonthsInRange: Date range - Array
(
    [start] => 2021-04-01
    [end] => 2022-03-01
)

[2026-03-11 14:32:00] generateMonthsInRange: Generated months - Array
(
    [count] => 12
    [months] => Array
        (
            [0] => 2021-04
            [1] => 2021-05
            [2] => 2021-06
            [3] => 2021-07
            [4] => 2021-08
            [5] => 2021-09
            [6] => 2021-10
            [7] => 2021-11
            [8] => 2021-12
            [9] => 2022-01
            [10] => 2022-02
            [11] => 2022-03
        )

)

[2026-03-11 14:32:00] Generated months - Array
(
    [months] => Array
        (
            [0] => 2021-04
            [1] => 2021-05
            [2] => 2021-06
            [3] => 2021-07
            [4] => 2021-08
            [5] => 2021-09
            [6] => 2021-10
            [7] => 2021-11
            [8] => 2021-12
            [9] => 2022-01
            [10] => 2022-02
            [11] => 2022-03
        )

)

[2026-03-11 14:32:00] Found opening balance in month - Array
(
    [month] => 2021-04
    [item_code] => SCMPL0009770
)

[2026-03-11 14:32:00] Found first batch date - Array
(
    [date] => 2021-04-01
    [month] => 2021-04
    [day] => 01
)

[2026-03-11 14:32:00] First batch data result - Array
(
    [date] => 2021-04-01
    [month] => 2021-04
    [day] => 01
    [day_num] => 1
)

[2026-03-11 14:32:00] First batch data - Array
(
    [date] => 2021-04-01
    [month] => 2021-04
    [day] => 01
    [day_num] => 1
)

[2026-03-11 14:32:00] AJAX volume_summary called - Array
(
    [ajax] => volume_summary
    [mode] => F
    [t] => 1773235920282
)

[2026-03-11 14:32:00] Volume summary - checking table - Array
(
    [batch_table] => tbldailystock_5_04_21
    [batch_month] => 2021-04
)

[2026-03-11 14:32:00] getOpeningBalanceVolumeSummary called - Array
(
    [mode] => F
    [comp_id] => 5
    [allowed_classes] => Array
        (
            [0] => W
            [1] => V
            [2] => M
            [3] => F
            [4] => D
            [5] => K
            [6] => G
            [7] => R
        )

    [first_batch_data] => Array
        (
            [date] => 2021-04-01
            [month] => 2021-04
            [day] => 01
            [day_num] => 1
        )

)

[2026-03-11 14:32:00] Processing volume summary - Array
(
    [batch_month] => 2021-04
    [batch_day] => 01
    [batch_date] => 2021-04-01
    [batch_table] => tbldailystock_5_04_21
)

[2026-03-11 14:32:00] generateMonthsInRange: Date range - Array
(
    [start] => 2021-04-01
    [end] => 2021-04-01
)

[2026-03-11 14:32:00] generateMonthsInRange: Generated months - Array
(
    [count] => 1
    [months] => Array
        (
            [0] => 2021-04
        )

)

[2026-03-11 14:32:00] Volume summary query returned rows - Array
(
    [count] => 72
)

[2026-03-11 14:32:00] Processing item - Array
(
    [code] => SCMPL0009770
    [current_stock] => 500
    [class_code_new] => CLS001
    [class] => W
)

[2026-03-11 14:32:00] Item hierarchy - Array
(
    [display_category] => SPIRITS
    [ml_volume] => 180
)

[2026-03-11 14:32:00] Added to volume summary - Array
(
    [category] => SPIRITS
    [volume] => 180 ML
    [new_total] => 500
)

[2026-03-11 14:32:00] Processing item - Array
(
    [code] => SCMPL0010434
    [current_stock] => 500
    [class_code_new] => CLS001
    [class] => K
)

[2026-03-11 14:32:00] Item hierarchy - Array
(
    [display_category] => SPIRITS
    [ml_volume] => 180
)

[2026-03-11 14:32:00] Added to volume summary - Array
(
    [category] => SPIRITS
    [volume] => 180 ML
    [new_total] => 1000
)

[2026-03-11 14:32:00] Processing item - Array
(
    [code] => SCMPL0010447
    [current_stock] => 20
    [class_code_new] => CLS001
    [class] => W
)

[2026-03-11 14:32:00] Item hierarchy - Array
(
    [display_category] => SPIRITS
    [ml_volume] => 750
)

[2026-03-11 14:32:00] Added to volume summary - Array
(
    [category] => SPIRITS
    [volume] => 750 ML
    [new_total] => 20
)

[2026-03-11 14:32:00] Processing item - Array
(
    [code] => SCMPL0010612
    [current_stock] => 1000
    [class_code_new] => CLS001
    [class] => W
)

[2026-03-11 14:32:00] Item hierarchy - Array
(
    [display_category] => SPIRITS
    [ml_volume] => 90
)

[2026-03-11 14:32:00] Added to volume summary - Array
(
    [category] => SPIRITS
    [volume] => 90 ML
    [new_total] => 1000
)

[2026-03-11 14:32:00] Processing item - Array
(
    [code] => SCMPL0009942
    [current_stock] => 500
    [class_code_new] => CLS001
    [class] => W
)

[2026-03-11 14:32:00] Item hierarchy - Array
(
    [display_category] => SPIRITS
    [ml_volume] => 180
)

[2026-03-11 14:32:00] Added to volume summary - Array
(
    [category] => SPIRITS
    [volume] => 180 ML
    [new_total] => 1500
)

[2026-03-11 14:32:00] Processing item - Array
(
    [code] => SCMPL0010451
    [current_stock] => 500
    [class_code_new] => CLS001
    [class] => W
)

[2026-03-11 14:32:00] Item hierarchy - Array
(
    [display_category] => SPIRITS
    [ml_volume] => 180
)

[2026-03-11 14:32:00] Added to volume summary - Array
(
    [category] => SPIRITS
    [volume] => 180 ML
    [new_total] => 2000
)

[2026-03-11 14:32:00] Processing item - Array
(
    [code] => SCMBR0023264
    [current_stock] => 200
    [class_code_new] => CLS007
    [class] => F
)

[2026-03-11 14:32:00] Item hierarchy - Array
(
    [display_category] => FERMENTED BEER
    [ml_volume] => 650
)

[2026-03-11 14:32:00] Added to volume summary - Array
(
    [category] => FERMENTED BEER
    [volume] => 650 ML
    [new_total] => 200
)

[2026-03-11 14:32:00] Processing item - Array
(
    [code] => SCMKS0026879
    [current_stock] => 21
    [class_code_new] => CLS001
    [class] => W
)

[2026-03-11 14:32:00] Item hierarchy - Array
(
    [display_category] => SPIRITS
    [ml_volume] => 180
)

[2026-03-11 14:32:00] Added to volume summary - Array
(
    [category] => SPIRITS
    [volume] => 180 ML
    [new_total] => 2021
)

[2026-03-11 14:32:00] Processing item - Array
(
    [code] => SCMPL0010108
    [current_stock] => 10
    [class_code_new] => CLS001
    [class] => W
)

[2026-03-11 14:32:00] Item hierarchy - Array
(
    [display_category] => SPIRITS
    [ml_volume] => 750
)

[2026-03-11 14:32:00] Added to volume summary - Array
(
    [category] => SPIRITS
    [volume] => 750 ML
    [new_total] => 30
)

[2026-03-11 14:32:00] Processing item - Array
(
    [code] => SCMPL0010075
    [current_stock] => 700
    [class_code_new] => CLS001
    [class] => W
)

[2026-03-11 14:32:00] Item hierarchy - Array
(
    [display_category] => SPIRITS
    [ml_volume] => 90
)

[2026-03-11 14:32:00] Added to volume summary - Array
(
    [category] => SPIRITS
    [volume] => 90 ML
    [new_total] => 1700
)

[2026-03-11 14:32:00] Processing item - Array
(
    [code] => SCMPL0010076
    [current_stock] => 700
    [class_code_new] => CLS001
    [class] => W
)

[2026-03-11 14:32:00] Item hierarchy - Array
(
    [display_category] => SPIRITS
    [ml_volume] => 90
)

[2026-03-11 14:32:00] Added to volume summary - Array
(
    [category] => SPIRITS
    [volume] => 90 ML
    [new_total] => 2400
)

[2026-03-11 14:32:00] Processing item - Array
(
    [code] => SCMPL0010088
    [current_stock] => 264
    [class_code_new] => CLS001
    [class] => W
)

[2026-03-11 14:32:00] Item hierarchy - Array
(
    [display_category] => SPIRITS
    [ml_volume] => 180
)

[2026-03-11 14:32:00] Added to volume summary - Array
(
    [category] => SPIRITS
    [volume] => 180 ML
    [new_total] => 2285
)

[2026-03-11 14:32:00] Processing item - Array
(
    [code] => SCMPL0010701
    [current_stock] => 700
    [class_code_new] => CLS001
    [class] => W
)

[2026-03-11 14:32:00] Item hierarchy - Array
(
    [display_category] => SPIRITS
    [ml_volume] => 90
)

[2026-03-11 14:32:00] Added to volume summary - Array
(
    [category] => SPIRITS
    [volume] => 90 ML
    [new_total] => 3100
)

[2026-03-11 14:32:00] Processing item - Array
(
    [code] => SCMBR0018142
    [current_stock] => 300
    [class_code_new] => CLS007
    [class] => F
)

[2026-03-11 14:32:00] Item hierarchy - Array
(
    [display_category] => FERMENTED BEER
    [ml_volume] => 650
)

[2026-03-11 14:32:00] Added to volume summary - Array
(
    [category] => FERMENTED BEER
    [volume] => 650 ML
    [new_total] => 500
)

[2026-03-11 14:32:00] Processing item - Array
(
    [code] => SCMWN0019724
    [current_stock] => 130
    [class_code_new] => CLS004
    [class] => V
)

[2026-03-11 14:32:00] Item hierarchy - Array
(
    [display_category] => WINE
    [ml_volume] => 375
)

[2026-03-11 14:32:00] Added to volume summary - Array
(
    [category] => WINE
    [volume] => 375 ML
    [new_total] => 130
)

[2026-03-11 14:32:00] Processing item - Array
(
    [code] => SCMPL0010198
    [current_stock] => 384
    [class_code_new] => CLS001
    [class] => D
)

[2026-03-11 14:32:00] Item hierarchy - Array
(
    [display_category] => SPIRITS
    [ml_volume] => 180
)

[2026-03-11 14:32:00] Added to volume summary - Array
(
    [category] => SPIRITS
    [volume] => 180 ML
    [new_total] => 2669
)

[2026-03-11 14:32:00] Processing item - Array
(
    [code] => SCMPL0010445
    [current_stock] => 500
    [class_code_new] => CLS001
    [class] => W
)

[2026-03-11 14:32:00] Item hierarchy - Array
(
    [display_category] => SPIRITS
    [ml_volume] => 180
)

[2026-03-11 14:32:00] Added to volume summary - Array
(
    [category] => SPIRITS
    [volume] => 180 ML
    [new_total] => 3169
)

[2026-03-11 14:32:00] Processing item - Array
(
    [code] => SCMPL0010676
    [current_stock] => 30
    [class_code_new] => CLS001
    [class] => G
)

[2026-03-11 14:32:00] Item hierarchy - Array
(
    [display_category] => SPIRITS
    [ml_volume] => 375
)

[2026-03-11 14:32:00] Added to volume summary - Array
(
    [category] => SPIRITS
    [volume] => 375 ML
    [new_total] => 30
)

[2026-03-11 14:32:00] Processing item - Array
(
    [code] => SCMPL0010679
    [current_stock] => 1000
    [class_code_new] => CLS001
    [class] => G
)

[2026-03-11 14:32:00] Item hierarchy - Array
(
    [display_category] => SPIRITS
    [ml_volume] => 180
)

[2026-03-11 14:32:00] Added to volume summary - Array
(
    [category] => SPIRITS
    [volume] => 180 ML
    [new_total] => 4169
)

[2026-03-11 14:32:00] Processing item - Array
(
    [code] => SCMPL0028274
    [current_stock] => 500
    [class_code_new] => CLS001
    [class] => W
)

[2026-03-11 14:32:00] Item hierarchy - Array
(
    [display_category] => SPIRITS
    [ml_volume] => 90
)

[2026-03-11 14:32:00] Added to volume summary - Array
(
    [category] => SPIRITS
    [volume] => 90 ML
    [new_total] => 3600
)

[2026-03-11 14:32:00] Processing item - Array
(
    [code] => SCMPL0010087
    [current_stock] => 1200
    [class_code_new] => CLS001
    [class] => W
)

[2026-03-11 14:32:00] Item hierarchy - Array
(
    [display_category] => SPIRITS
    [ml_volume] => 180
)

[2026-03-11 14:32:00] Added to volume summary - Array
(
    [category] => SPIRITS
    [volume] => 180 ML
    [new_total] => 5369
)

[2026-03-11 14:32:00] Processing item - Array
(
    [code] => SCMPL0012499
    [current_stock] => 15
    [class_code_new] => CLS001
    [class] => W
)

[2026-03-11 14:32:00] Item hierarchy - Array
(
    [display_category] => SPIRITS
    [ml_volume] => 1000
)

[2026-03-11 14:32:00] Added to volume summary - Array
(
    [category] => SPIRITS
    [volume] => 1000 ML
    [new_total] => 15
)

[2026-03-11 14:32:00] Processing item - Array
(
    [code] => SCMPL0009936
    [current_stock] => 500
    [class_code_new] => CLS001
    [class] => K
)

[2026-03-11 14:32:00] Item hierarchy - Array
(
    [display_category] => SPIRITS
    [ml_volume] => 180
)

[2026-03-11 14:32:00] Added to volume summary - Array
(
    [category] => SPIRITS
    [volume] => 180 ML
    [new_total] => 5869
)

[2026-03-11 14:32:00] Processing item - Array
(
    [code] => SCMPL0010056
    [current_stock] => 500
    [class_code_new] => CLS001
    [class] => W
)

[2026-03-11 14:32:00] Item hierarchy - Array
(
    [display_category] => SPIRITS
    [ml_volume] => 180
)

[2026-03-11 14:32:00] Added to volume summary - Array
(
    [category] => SPIRITS
    [volume] => 180 ML
    [new_total] => 6369
)

[2026-03-11 14:32:00] Processing item - Array
(
    [code] => SCMPL0022280
    [current_stock] => 32
    [class_code_new] => CLS001
    [class] => W
)

[2026-03-11 14:32:00] Item hierarchy - Array
(
    [display_category] => SPIRITS
    [ml_volume] => 1000
)

[2026-03-11 14:32:00] Added to volume summary - Array
(
    [category] => SPIRITS
    [volume] => 1000 ML
    [new_total] => 47
)

[2026-03-11 14:32:00] Processing item - Array
(
    [code] => SCMPL0028356
    [current_stock] => 50
    [class_code_new] => CLS001
    [class] => W
)

[2026-03-11 14:32:00] Item hierarchy - Array
(
    [display_category] => SPIRITS
    [ml_volume] => 375
)

[2026-03-11 14:32:00] Added to volume summary - Array
(
    [category] => SPIRITS
    [volume] => 375 ML
    [new_total] => 80
)

[2026-03-11 14:32:00] Processing item - Array
(
    [code] => SCMPL0010677
    [current_stock] => 10
    [class_code_new] => CLS001
    [class] => G
)

[2026-03-11 14:32:00] Item hierarchy - Array
(
    [display_category] => SPIRITS
    [ml_volume] => 750
)

[2026-03-11 14:32:00] Added to volume summary - Array
(
    [category] => SPIRITS
    [volume] => 750 ML
    [new_total] => 40
)

[2026-03-11 14:32:00] Processing item - Array
(
    [code] => SCMPL0010234
    [current_stock] => 240
    [class_code_new] => CLS001
    [class] => R
)

[2026-03-11 14:32:00] Item hierarchy - Array
(
    [display_category] => SPIRITS
    [ml_volume] => 180
)

[2026-03-11 14:32:00] Added to volume summary - Array
(
    [category] => SPIRITS
    [volume] => 180 ML
    [new_total] => 6609
)

[2026-03-11 14:32:00] Processing item - Array
(
    [code] => SCMBR0009847
    [current_stock] => 500
    [class_code_new] => CLS007
    [class] => F
)

[2026-03-11 14:32:00] Item hierarchy - Array
(
    [display_category] => FERMENTED BEER
    [ml_volume] => 330
)

[2026-03-11 14:32:00] Added to volume summary - Array
(
    [category] => FERMENTED BEER
    [volume] => 330 ML
    [new_total] => 500
)

[2026-03-11 14:32:00] Processing item - Array
(
    [code] => SCMPL0010453
    [current_stock] => 30
    [class_code_new] => CLS001
    [class] => W
)

[2026-03-11 14:32:00] Item hierarchy - Array
(
    [display_category] => SPIRITS
    [ml_volume] => 750
)

[2026-03-11 14:32:00] Added to volume summary - Array
(
    [category] => SPIRITS
    [volume] => 750 ML
    [new_total] => 70
)

[2026-03-11 14:32:00] Processing item - Array
(
    [code] => SCMPL0010450
    [current_stock] => 200
    [class_code_new] => CLS001
    [class] => W
)

[2026-03-11 14:32:00] Item hierarchy - Array
(
    [display_category] => SPIRITS
    [ml_volume] => 90
)

[2026-03-11 14:32:00] Added to volume summary - Array
(
    [category] => SPIRITS
    [volume] => 90 ML
    [new_total] => 3800
)

[2026-03-11 14:32:00] Processing item - Array
(
    [code] => SCMPL0009894
    [current_stock] => 100
    [class_code_new] => CLS001
    [class] => W
)

[2026-03-11 14:32:00] Item hierarchy - Array
(
    [display_category] => SPIRITS
    [ml_volume] => 180
)

[2026-03-11 14:32:00] Added to volume summary - Array
(
    [category] => SPIRITS
    [volume] => 180 ML
    [new_total] => 6709
)

[2026-03-11 14:32:00] Processing item - Array
(
    [code] => SCMPL0028275
    [current_stock] => 500
    [class_code_new] => CLS001
    [class] => W
)

[2026-03-11 14:32:00] Item hierarchy - Array
(
    [display_category] => SPIRITS
    [ml_volume] => 180
)

[2026-03-11 14:32:00] Added to volume summary - Array
(
    [category] => SPIRITS
    [volume] => 180 ML
    [new_total] => 7209
)

[2026-03-11 14:32:00] Processing item - Array
(
    [code] => SCMBR0021532
    [current_stock] => 300
    [class_code_new] => CLS007
    [class] => F
)

[2026-03-11 14:32:00] Item hierarchy - Array
(
    [display_category] => FERMENTED BEER
    [ml_volume] => 650
)

[2026-03-11 14:32:00] Added to volume summary - Array
(
    [category] => FERMENTED BEER
    [volume] => 650 ML
    [new_total] => 800
)

[2026-03-11 14:32:00] Processing item - Array
(
    [code] => SCMPL0009668
    [current_stock] => 60
    [class_code_new] => CLS001
    [class] => W
)

[2026-03-11 14:32:00] Item hierarchy - Array
(
    [display_category] => SPIRITS
    [ml_volume] => 180
)

[2026-03-11 14:32:00] Added to volume summary - Array
(
    [category] => SPIRITS
    [volume] => 180 ML
    [new_total] => 7269
)

[2026-03-11 14:32:00] Processing item - Array
(
    [code] => SCMPL0009688
    [current_stock] => 50
    [class_code_new] => CLS001
    [class] => W
)

[2026-03-11 14:32:00] Item hierarchy - Array
(
    [display_category] => SPIRITS
    [ml_volume] => 375
)

[2026-03-11 14:32:00] Added to volume summary - Array
(
    [category] => SPIRITS
    [volume] => 375 ML
    [new_total] => 130
)

[2026-03-11 14:32:00] Processing item - Array
(
    [code] => SCMPL0022277
    [current_stock] => 500
    [class_code_new] => CLS001
    [class] => W
)

[2026-03-11 14:32:00] Item hierarchy - Array
(
    [display_category] => SPIRITS
    [ml_volume] => 180
)

[2026-03-11 14:32:00] Added to volume summary - Array
(
    [category] => SPIRITS
    [volume] => 180 ML
    [new_total] => 7769
)

[2026-03-11 14:32:00] Processing item - Array
(
    [code] => SCMPL0018737
    [current_stock] => 500
    [class_code_new] => CLS001
    [class] => W
)

[2026-03-11 14:32:00] Item hierarchy - Array
(
    [display_category] => SPIRITS
    [ml_volume] => 90
)

[2026-03-11 14:32:00] Added to volume summary - Array
(
    [category] => SPIRITS
    [volume] => 90 ML
    [new_total] => 4300
)

[2026-03-11 14:32:00] Processing item - Array
(
    [code] => SCMKS0026878
    [current_stock] => 50
    [class_code_new] => CLS001
    [class] => W
)

[2026-03-11 14:32:00] Item hierarchy - Array
(
    [display_category] => SPIRITS
    [ml_volume] => 180
)

[2026-03-11 14:32:00] Added to volume summary - Array
(
    [category] => SPIRITS
    [volume] => 180 ML
    [new_total] => 7819
)

[2026-03-11 14:32:00] Processing item - Array
(
    [code] => SCMPL0009775
    [current_stock] => 500
    [class_code_new] => CLS001
    [class] => D
)

[2026-03-11 14:32:00] Item hierarchy - Array
(
    [display_category] => SPIRITS
    [ml_volume] => 180
)

[2026-03-11 14:32:00] Added to volume summary - Array
(
    [category] => SPIRITS
    [volume] => 180 ML
    [new_total] => 8319
)

[2026-03-11 14:32:00] Processing item - Array
(
    [code] => SCMPL0010678
    [current_stock] => 1500
    [class_code_new] => CLS001
    [class] => W
)

[2026-03-11 14:32:00] Item hierarchy - Array
(
    [display_category] => SPIRITS
    [ml_volume] => 90
)

[2026-03-11 14:32:00] Added to volume summary - Array
(
    [category] => SPIRITS
    [volume] => 90 ML
    [new_total] => 5800
)

[2026-03-11 14:32:00] Processing item - Array
(
    [code] => SCMBR0018137
    [current_stock] => 300
    [class_code_new] => CLS007
    [class] => F
)

[2026-03-11 14:32:00] Item hierarchy - Array
(
    [display_category] => FERMENTED BEER
    [ml_volume] => 330
)

[2026-03-11 14:32:00] Added to volume summary - Array
(
    [category] => FERMENTED BEER
    [volume] => 330 ML
    [new_total] => 800
)

[2026-03-11 14:32:00] Processing item - Array
(
    [code] => SCMKB0031391
    [current_stock] => 500
    [class_code_new] => CLS008
    [class] => M
)

[2026-03-11 14:32:00] Item hierarchy - Array
(
    [display_category] => MILD BEER
    [ml_volume] => 330
)

[2026-03-11 14:32:00] Added to volume summary - Array
(
    [category] => MILD BEER
    [volume] => 330 ML
    [new_total] => 500
)

[2026-03-11 14:32:00] Processing item - Array
(
    [code] => SCMBR0027089
    [current_stock] => 300
    [class_code_new] => CLS008
    [class] => M
)

[2026-03-11 14:32:00] Item hierarchy - Array
(
    [display_category] => MILD BEER
    [ml_volume] => 650
)

[2026-03-11 14:32:00] Added to volume summary - Array
(
    [category] => MILD BEER
    [volume] => 650 ML
    [new_total] => 300
)

[2026-03-11 14:32:00] Processing item - Array
(
    [code] => SCMBR0018132
    [current_stock] => 121
    [class_code_new] => CLS008
    [class] => M
)

[2026-03-11 14:32:00] Item hierarchy - Array
(
    [display_category] => MILD BEER
    [ml_volume] => 650
)

[2026-03-11 14:32:00] Added to volume summary - Array
(
    [category] => MILD BEER
    [volume] => 650 ML
    [new_total] => 421
)

[2026-03-11 14:32:00] Processing item - Array
(
    [code] => SCMBR0018158
    [current_stock] => 500
    [class_code_new] => CLS007
    [class] => F
)

[2026-03-11 14:32:00] Item hierarchy - Array
(
    [display_category] => FERMENTED BEER
    [ml_volume] => 330
)

[2026-03-11 14:32:00] Added to volume summary - Array
(
    [category] => FERMENTED BEER
    [volume] => 330 ML
    [new_total] => 1300
)

[2026-03-11 14:32:00] Processing item - Array
(
    [code] => SCMBR0023258
    [current_stock] => 500
    [class_code_new] => CLS007
    [class] => F
)

[2026-03-11 14:32:00] Item hierarchy - Array
(
    [display_category] => FERMENTED BEER
    [ml_volume] => 650
)

[2026-03-11 14:32:00] Added to volume summary - Array
(
    [category] => FERMENTED BEER
    [volume] => 650 ML
    [new_total] => 1300
)

[2026-03-11 14:32:00] Processing item - Array
(
    [code] => SCMPL0018648
    [current_stock] => 200
    [class_code_new] => CLS001
    [class] => K
)

[2026-03-11 14:32:00] Item hierarchy - Array
(
    [display_category] => SPIRITS
    [ml_volume] => 180
)

[2026-03-11 14:32:00] Added to volume summary - Array
(
    [category] => SPIRITS
    [volume] => 180 ML
    [new_total] => 8519
)

[2026-03-11 14:32:00] Processing item - Array
(
    [code] => SCMPL0033624
    [current_stock] => 500
    [class_code_new] => CLS001
    [class] => K
)

[2026-03-11 14:32:00] Item hierarchy - Array
(
    [display_category] => SPIRITS
    [ml_volume] => 90
)

[2026-03-11 14:32:00] Added to volume summary - Array
(
    [category] => SPIRITS
    [volume] => 90 ML
    [new_total] => 6300
)

[2026-03-11 14:32:00] Processing item - Array
(
    [code] => SCMPL0011438
    [current_stock] => 96
    [class_code_new] => CLS001
    [class] => K
)

[2026-03-11 14:32:00] Item hierarchy - Array
(
    [display_category] => SPIRITS
    [ml_volume] => 180
)

[2026-03-11 14:32:00] Added to volume summary - Array
(
    [category] => SPIRITS
    [volume] => 180 ML
    [new_total] => 8615
)

[2026-03-11 14:32:00] Processing item - Array
(
    [code] => SCMPL0011418
    [current_stock] => 240
    [class_code_new] => CLS001
    [class] => K
)

[2026-03-11 14:32:00] Item hierarchy - Array
(
    [display_category] => SPIRITS
    [ml_volume] => 180
)

[2026-03-11 14:32:00] Added to volume summary - Array
(
    [category] => SPIRITS
    [volume] => 180 ML
    [new_total] => 8855
)

[2026-03-11 14:32:00] Processing item - Array
(
    [code] => SCMBR0018635
    [current_stock] => 200
    [class_code_new] => CLS007
    [class] => F
)

[2026-03-11 14:32:00] Item hierarchy - Array
(
    [display_category] => FERMENTED BEER
    [ml_volume] => 650
)

[2026-03-11 14:32:00] Added to volume summary - Array
(
    [category] => FERMENTED BEER
    [volume] => 650 ML
    [new_total] => 1500
)

[2026-03-11 14:32:00] Processing item - Array
(
    [code] => SCMBR0029429
    [current_stock] => 500
    [class_code_new] => CLS007
    [class] => F
)

[2026-03-11 14:32:00] Item hierarchy - Array
(
    [display_category] => FERMENTED BEER
    [ml_volume] => 330
)

[2026-03-11 14:32:00] Added to volume summary - Array
(
    [category] => FERMENTED BEER
    [volume] => 330 ML
    [new_total] => 1800
)

[2026-03-11 14:32:00] Processing item - Array
(
    [code] => SCMBR0029431
    [current_stock] => 130
    [class_code_new] => CLS007
    [class] => F
)

[2026-03-11 14:32:00] Item hierarchy - Array
(
    [display_category] => FERMENTED BEER
    [ml_volume] => 650
)

[2026-03-11 14:32:00] Added to volume summary - Array
(
    [category] => FERMENTED BEER
    [volume] => 650 ML
    [new_total] => 1630
)

[2026-03-11 14:32:00] Processing item - Array
(
    [code] => SCMPL0010541
    [current_stock] => 400
    [class_code_new] => CLS001
    [class] => D
)

[2026-03-11 14:32:00] Item hierarchy - Array
(
    [display_category] => SPIRITS
    [ml_volume] => 180
)

[2026-03-11 14:32:00] Added to volume summary - Array
(
    [category] => SPIRITS
    [volume] => 180 ML
    [new_total] => 9255
)

[2026-03-11 14:32:00] Processing item - Array
(
    [code] => SCMPL0040482
    [current_stock] => 300
    [class_code_new] => CLS001
    [class] => W
)

[2026-03-11 14:32:00] Item hierarchy - Array
(
    [display_category] => SPIRITS
    [ml_volume] => 90
)

[2026-03-11 14:32:00] Added to volume summary - Array
(
    [category] => SPIRITS
    [volume] => 90 ML
    [new_total] => 6600
)

[2026-03-11 14:32:00] Processing item - Array
(
    [code] => SCMPL0009899
    [current_stock] => 500
    [class_code_new] => CLS001
    [class] => R
)

[2026-03-11 14:32:00] Item hierarchy - Array
(
    [display_category] => SPIRITS
    [ml_volume] => 90
)

[2026-03-11 14:32:00] Added to volume summary - Array
(
    [category] => SPIRITS
    [volume] => 90 ML
    [new_total] => 7100
)

[2026-03-11 14:32:00] Processing item - Array
(
    [code] => SCMPL0009902
    [current_stock] => 10
    [class_code_new] => CLS001
    [class] => R
)

[2026-03-11 14:32:00] Item hierarchy - Array
(
    [display_category] => SPIRITS
    [ml_volume] => 750
)

[2026-03-11 14:32:00] Added to volume summary - Array
(
    [category] => SPIRITS
    [volume] => 750 ML
    [new_total] => 80
)

[2026-03-11 14:32:00] Processing item - Array
(
    [code] => SCMPL0009903
    [current_stock] => 20
    [class_code_new] => CLS001
    [class] => R
)

[2026-03-11 14:32:00] Item hierarchy - Array
(
    [display_category] => SPIRITS
    [ml_volume] => 1000
)

[2026-03-11 14:32:00] Added to volume summary - Array
(
    [category] => SPIRITS
    [volume] => 1000 ML
    [new_total] => 67
)

[2026-03-11 14:32:00] Processing item - Array
(
    [code] => SCMPL0011581
    [current_stock] => 15
    [class_code_new] => CLS001
    [class] => W
)

[2026-03-11 14:32:00] Item hierarchy - Array
(
    [display_category] => SPIRITS
    [ml_volume] => 1000
)

[2026-03-11 14:32:00] Added to volume summary - Array
(
    [category] => SPIRITS
    [volume] => 1000 ML
    [new_total] => 82
)

[2026-03-11 14:32:00] Processing item - Array
(
    [code] => SCMPL0035367
    [current_stock] => 500
    [class_code_new] => CLS001
    [class] => K
)

[2026-03-11 14:32:00] Item hierarchy - Array
(
    [display_category] => SPIRITS
    [ml_volume] => 90
)

[2026-03-11 14:32:00] Added to volume summary - Array
(
    [category] => SPIRITS
    [volume] => 90 ML
    [new_total] => 7600
)

[2026-03-11 14:32:00] Processing item - Array
(
    [code] => SCMPL0036711
    [current_stock] => 500
    [class_code_new] => CLS001
    [class] => W
)

[2026-03-11 14:32:00] Item hierarchy - Array
(
    [display_category] => SPIRITS
    [ml_volume] => 90
)

[2026-03-11 14:32:00] Added to volume summary - Array
(
    [category] => SPIRITS
    [volume] => 90 ML
    [new_total] => 8100
)

[2026-03-11 14:32:00] Processing item - Array
(
    [code] => SCMPL0010702
    [current_stock] => 100
    [class_code_new] => CLS001
    [class] => W
)

[2026-03-11 14:32:00] Item hierarchy - Array
(
    [display_category] => SPIRITS
    [ml_volume] => 180
)

[2026-03-11 14:32:00] Added to volume summary - Array
(
    [category] => SPIRITS
    [volume] => 180 ML
    [new_total] => 9355
)

[2026-03-11 14:32:00] Processing item - Array
(
    [code] => SCMPL0029933
    [current_stock] => 6
    [class_code_new] => CLS001
    [class] => W
)

[2026-03-11 14:32:00] Item hierarchy - Array
(
    [display_category] => SPIRITS
    [ml_volume] => 180
)

[2026-03-11 14:32:00] Added to volume summary - Array
(
    [category] => SPIRITS
    [volume] => 180 ML
    [new_total] => 9361
)

[2026-03-11 14:32:00] Processing item - Array
(
    [code] => SCMPL0029928
    [current_stock] => 12
    [class_code_new] => CLS001
    [class] => W
)

[2026-03-11 14:32:00] Item hierarchy - Array
(
    [display_category] => SPIRITS
    [ml_volume] => 180
)

[2026-03-11 14:32:00] Added to volume summary - Array
(
    [category] => SPIRITS
    [volume] => 180 ML
    [new_total] => 9373
)

[2026-03-11 14:32:00] Processing item - Array
(
    [code] => SCMPL0010360
    [current_stock] => 24
    [class_code_new] => CLS001
    [class] => K
)

[2026-03-11 14:32:00] Item hierarchy - Array
(
    [display_category] => SPIRITS
    [ml_volume] => 180
)

[2026-03-11 14:32:00] Added to volume summary - Array
(
    [category] => SPIRITS
    [volume] => 180 ML
    [new_total] => 9397
)

[2026-03-11 14:32:00] Processing item - Array
(
    [code] => SCMPL0009968
    [current_stock] => 530
    [class_code_new] => CLS001
    [class] => K
)

[2026-03-11 14:32:00] Item hierarchy - Array
(
    [display_category] => SPIRITS
    [ml_volume] => 180
)

[2026-03-11 14:32:00] Added to volume summary - Array
(
    [category] => SPIRITS
    [volume] => 180 ML
    [new_total] => 9927
)

[2026-03-11 14:32:00] Processing item - Array
(
    [code] => SCMPL0009977
    [current_stock] => 542
    [class_code_new] => CLS001
    [class] => K
)

[2026-03-11 14:32:00] Item hierarchy - Array
(
    [display_category] => SPIRITS
    [ml_volume] => 180
)

[2026-03-11 14:32:00] Added to volume summary - Array
(
    [category] => SPIRITS
    [volume] => 180 ML
    [new_total] => 10469
)

[2026-03-11 14:32:00] Processing item - Array
(
    [code] => SCMKS0018253
    [current_stock] => 6
    [class_code_new] => CLS001
    [class] => W
)

[2026-03-11 14:32:00] Item hierarchy - Array
(
    [display_category] => SPIRITS
    [ml_volume] => 180
)

[2026-03-11 14:32:00] Added to volume summary - Array
(
    [category] => SPIRITS
    [volume] => 180 ML
    [new_total] => 10475
)

[2026-03-11 14:32:00] Processing item - Array
(
    [code] => SCMBR0037366
    [current_stock] => 48
    [class_code_new] => CLS008
    [class] => M
)

[2026-03-11 14:32:00] Item hierarchy - Array
(
    [display_category] => MILD BEER
    [ml_volume] => 330
)

[2026-03-11 14:32:00] Added to volume summary - Array
(
    [category] => MILD BEER
    [volume] => 330 ML
    [new_total] => 548
)

[2026-03-11 14:32:00] Processing item - Array
(
    [code] => SCMBR0018161
    [current_stock] => 130
    [class_code_new] => CLS007
    [class] => F
)

[2026-03-11 14:32:00] Item hierarchy - Array
(
    [display_category] => FERMENTED BEER
    [ml_volume] => 330
)

[2026-03-11 14:32:00] Added to volume summary - Array
(
    [category] => FERMENTED BEER
    [volume] => 330 ML
    [new_total] => 1930
)

[2026-03-11 14:32:00] Processing item - Array
(
    [code] => SCMPL0010020
    [current_stock] => 1225
    [class_code_new] => CLS001
    [class] => K
)

[2026-03-11 14:32:00] Item hierarchy - Array
(
    [display_category] => SPIRITS
    [ml_volume] => 180
)

[2026-03-11 14:32:00] Added to volume summary - Array
(
    [category] => SPIRITS
    [volume] => 180 ML
    [new_total] => 11700
)

[2026-03-11 14:32:00] Final volume summary - Array
(
    [SPIRITS] => Array
        (
            [50L] => 0
            [30L] => 0
            [20L] => 0
            [15L] => 0
            [4.5L] => 0
            [3L] => 0
            [2L] => 0
            [1.75L] => 0
            [1.5L] => 0
            [1000 ML] => 82
            [750 ML] => 80
            [700 ML] => 0
            [650 ML] => 0
            [500 ML] => 0
            [375 ML] => 130
            [355 ML] => 0
            [330 ML] => 0
            [275 ML] => 0
            [250 ML] => 0
            [200 ML] => 0
            [180 ML] => 11700
            [170 ML] => 0
            [90 ML] => 8100
            [60 ML] => 0
            [50 ML] => 0
        )

    [WINE] => Array
        (
            [50L] => 0
            [30L] => 0
            [20L] => 0
            [15L] => 0
            [4.5L] => 0
            [3L] => 0
            [2L] => 0
            [1.75L] => 0
            [1.5L] => 0
            [1000 ML] => 0
            [750 ML] => 0
            [700 ML] => 0
            [650 ML] => 0
            [500 ML] => 0
            [375 ML] => 130
            [355 ML] => 0
            [330 ML] => 0
            [275 ML] => 0
            [250 ML] => 0
            [200 ML] => 0
            [180 ML] => 0
            [170 ML] => 0
            [90 ML] => 0
            [60 ML] => 0
            [50 ML] => 0
        )

    [FERMENTED BEER] => Array
        (
            [50L] => 0
            [30L] => 0
            [20L] => 0
            [15L] => 0
            [4.5L] => 0
            [3L] => 0
            [2L] => 0
            [1.75L] => 0
            [1.5L] => 0
            [1000 ML] => 0
            [750 ML] => 0
            [700 ML] => 0
            [650 ML] => 1630
            [500 ML] => 0
            [375 ML] => 0
            [355 ML] => 0
            [330 ML] => 1930
            [275 ML] => 0
            [250 ML] => 0
            [200 ML] => 0
            [180 ML] => 0
            [170 ML] => 0
            [90 ML] => 0
            [60 ML] => 0
            [50 ML] => 0
        )

    [MILD BEER] => Array
        (
            [50L] => 0
            [30L] => 0
            [20L] => 0
            [15L] => 0
            [4.5L] => 0
            [3L] => 0
            [2L] => 0
            [1.75L] => 0
            [1.5L] => 0
            [1000 ML] => 0
            [750 ML] => 0
            [700 ML] => 0
            [650 ML] => 421
            [500 ML] => 0
            [375 ML] => 0
            [355 ML] => 0
            [330 ML] => 548
            [275 ML] => 0
            [250 ML] => 0
            [200 ML] => 0
            [180 ML] => 0
            [170 ML] => 0
            [90 ML] => 0
            [60 ML] => 0
            [50 ML] => 0
        )

    [COUNTRY LIQUOR] => Array
        (
            [50L] => 0
            [30L] => 0
            [20L] => 0
            [15L] => 0
            [4.5L] => 0
            [3L] => 0
            [2L] => 0
            [1.75L] => 0
            [1.5L] => 0
            [1000 ML] => 0
            [750 ML] => 0
            [700 ML] => 0
            [650 ML] => 0
            [500 ML] => 0
            [375 ML] => 0
            [355 ML] => 0
            [330 ML] => 0
            [275 ML] => 0
            [250 ML] => 0
            [200 ML] => 0
            [180 ML] => 0
            [170 ML] => 0
            [90 ML] => 0
            [60 ML] => 0
            [50 ML] => 0
        )

    [OTHER] => Array
        (
            [50L] => 0
            [30L] => 0
            [20L] => 0
            [15L] => 0
            [4.5L] => 0
            [3L] => 0
            [2L] => 0
            [1.75L] => 0
            [1.5L] => 0
            [1000 ML] => 0
            [750 ML] => 0
            [700 ML] => 0
            [650 ML] => 0
            [500 ML] => 0
            [375 ML] => 0
            [355 ML] => 0
            [330 ML] => 0
            [275 ML] => 0
            [250 ML] => 0
            [200 ML] => 0
            [180 ML] => 0
            [170 ML] => 0
            [90 ML] => 0
            [60 ML] => 0
            [50 ML] => 0
        )

)

[2026-03-11 14:32:00] AJAX volume_summary returning with categories count: 6
