[2026-03-16 08:01:34.368] [DIST-SAVED_JSON] Item: SCMPL0022280 | [2,2,1,0,3,2,4,0,4,0,2,1,2,2,3,2,1,1,5,5,3,2,5,1,4,4,3,0,2,2]
[2026-03-16 08:01:34.369] [DIST-BILL_GEN] Item: SCMPL0022280 | {"qty":68,"dist":[2,2,1,0,3,2,4,0,4,0,2,1,2,2,3,2,1,1,5,5,3,2,5,1,4,4,3,0,2,2],"sum":68}
[2026-03-16 08:13:58.103] [DIST-SAVED_JSON] Item: SCMPL0028356 | [8,2,8,10,6,5,6,5,2,4,6,7,6,11,5,4,5,4,3,7,7,6,4,11,11,7,7,10,5,8]
[2026-03-16 08:13:58.104] [DIST-BILL_GEN] Item: SCMPL0028356 | {"qty":190,"dist":[8,2,8,10,6,5,6,5,2,4,6,7,6,11,5,4,5,4,3,7,7,6,4,11,11,7,7,10,5,8],"sum":190}
[2026-03-16 08:13:58.106] [DIST-SAVED_JSON] Item: SCMPL0028275 | [0,7,5,5,2,2,3,3,3,3,4,2,6,4,5,3,6,1,2,8,1,3,3,1,6,4,1,2,4,1]
[2026-03-16 08:13:58.107] [DIST-BILL_GEN] Item: SCMPL0028275 | {"qty":100,"dist":[0,7,5,5,2,2,3,3,3,3,4,2,6,4,5,3,6,1,2,8,1,3,3,1,6,4,1,2,4,1],"sum":100}
[2026-03-16 08:13:58.109] [DIST-SAVED_JSON] Item: SCMPL0028357 | [2,3,1,0,1,0,1,1,0,2,1,1,1,0,0,1,1,1,0,1,0,0,1,2,1,0,0,0,0,0]
[2026-03-16 08:13:58.113] [DIST-BILL_GEN] Item: SCMPL0028357 | {"qty":22,"dist":[2,3,1,0,1,0,1,1,0,2,1,1,1,0,0,1,1,1,0,1,0,0,1,2,1,0,0,0,0,0],"sum":22}
[2026-03-16 08:13:58.116] [DIST-SAVED_JSON] Item: SCMPL0028274 | [5,5,5,6,8,8,11,4,13,7,13,10,11,9,9,4,3,6,5,13,7,7,10,8,9,9,9,6,10,3]
[2026-03-16 08:13:58.117] [DIST-BILL_GEN] Item: SCMPL0028274 | {"qty":233,"dist":[5,5,5,6,8,8,11,4,13,7,13,10,11,9,9,4,3,6,5,13,7,7,10,8,9,9,9,6,10,3],"sum":233}
[2026-03-16 08:13:58.119] [DIST-SAVED_JSON] Item: SCMPL0028276 | [2,0,0,0,1,1,2,0,0,2,0,1,0,0,0,0,1,0,0,1,1,2,0,1,1,0,2,2,0,0]
[2026-03-16 08:13:58.119] [DIST-BILL_GEN] Item: SCMPL0028276 | {"qty":20,"dist":[2,0,0,0,1,1,2,0,0,2,0,1,0,0,0,0,1,0,0,1,1,2,0,1,1,0,2,2,0,0],"sum":20}
[2026-03-16 08:13:58.121] [DIST-SAVED_JSON] Item: SCMBR0021532 | [0,0,0,1,0,0,0,0,0,0,0,0,0,0,0,1,1,1,1,1,1,1,0,0,0,0,1,1,0,0]
[2026-03-16 08:13:58.122] [DIST-BILL_GEN] Item: SCMBR0021532 | {"qty":10,"dist":[0,0,0,1,0,0,0,0,0,0,0,0,0,0,0,1,1,1,1,1,1,1,0,0,0,0,1,1,0,0],"sum":10}
[2026-03-16 08:13:58.123] [DIST-SAVED_JSON] Item: SCMPL0009668 | [0,0,3,0,1,1,2,0,2,0,2,1,0,2,0,1,1,1,1,2,0,0,1,0,0,0,1,0,0,4]
[2026-03-16 08:13:58.124] [DIST-BILL_GEN] Item: SCMPL0009668 | {"qty":26,"dist":[0,0,3,0,1,1,2,0,2,0,2,1,0,2,0,1,1,1,1,2,0,0,1,0,0,0,1,0,0,4],"sum":26}
[2026-03-16 08:13:58.129] [DIST-SAVED_JSON] Item: SCMPL0009688 | [0,0,2,2,3,0,2,1,2,2,0,1,2,2,2,3,1,2,2,1,2,1,3,3,1,0,3,2,0,0]
[2026-03-16 08:13:58.131] [DIST-BILL_GEN] Item: SCMPL0009688 | {"qty":45,"dist":[0,0,2,2,3,0,2,1,2,2,0,1,2,2,2,3,1,2,2,1,2,1,3,3,1,0,3,2,0,0],"sum":45}
[2026-03-16 08:13:58.134] [DIST-SAVED_JSON] Item: SCMPL0022280 | [1,2,0,1,0,2,0,1,0,0,1,0,0,2,1,0,0,1,2,0,1,0,1,1,0,1,1,2,0,2]
[2026-03-16 08:13:58.134] [DIST-BILL_GEN] Item: SCMPL0022280 | {"qty":23,"dist":[1,2,0,1,0,2,0,1,0,0,1,0,0,2,1,0,0,1,2,0,1,0,1,1,0,1,1,2,0,2],"sum":23}
[2026-03-16 08:13:58.136] [DIST-SAVED_JSON] Item: SCMPL0022276 | [26,30,25,31,31,20,36,19,28,22,38,29,27,35,33,26,26,20,31,26,28,25,24,34,20,17,30,34,28,31]
[2026-03-16 08:13:58.137] [DIST-BILL_GEN] Item: SCMPL0022276 | {"qty":830,"dist":[26,30,25,31,31,20,36,19,28,22,38,29,27,35,33,26,26,20,31,26,28,25,24,34,20,17,30,34,28,31],"sum":830}
[2026-03-16 08:13:58.138] [DIST-SAVED_JSON] Item: SCMPL0010677 | [1,1,1,1,1,1,3,1,0,0,0,1,0,2,0,3,2,2,1,3,2,0,2,2,0,0,6,2,2,0]
[2026-03-16 08:13:58.139] [DIST-BILL_GEN] Item: SCMPL0010677 | {"qty":40,"dist":[1,1,1,1,1,1,3,1,0,0,0,1,0,2,0,3,2,2,1,3,2,0,2,2,0,0,6,2,2,0],"sum":40}
[2026-03-16 08:13:58.141] [DIST-SAVED_JSON] Item: SCMPL0010676 | [0,0,0,0,2,0,0,0,1,0,0,0,0,0,0,0,0,0,0,1,0,0,0,0,0,0,0,0,0,0]
[2026-03-16 08:13:58.141] [DIST-BILL_GEN] Item: SCMPL0010676 | {"qty":4,"dist":[0,0,0,0,2,0,0,0,1,0,0,0,0,0,0,0,0,0,0,1,0,0,0,0,0,0,0,0,0,0],"sum":4}
[2026-03-16 08:13:58.148] [DIST-SAVED_JSON] Item: SCMPL0010678 | [27,15,20,17,14,20,17,18,16,15,16,17,8,14,15,10,22,14,16,18,18,13,9,12,19,10,20,17,20,11]
[2026-03-16 08:13:58.149] [DIST-BILL_GEN] Item: SCMPL0010678 | {"qty":478,"dist":[27,15,20,17,14,20,17,18,16,15,16,17,8,14,15,10,22,14,16,18,18,13,9,12,19,10,20,17,20,11],"sum":478}
[2026-03-16 08:51:58.862] [DIST-SAVED_JSON] Item: SCMPL0012499 | [13,7,6,5,9,10,6,8,10,8,7,8,4,6,11,12,8,12,9,9,6,12,7,11,7,12,12,12,7,6]
[2026-03-16 08:51:58.868] [DIST-BILL_GEN] Item: SCMPL0012499 | {"qty":260,"dist":[13,7,6,5,9,10,6,8,10,8,7,8,4,6,11,12,8,12,9,9,6,12,7,11,7,12,12,12,7,6],"sum":260}
[2026-03-16 08:51:58.870] [DIST-SAVED_JSON] Item: SCMPL0022277 | [12,14,12,12,13,21,13,20,8,12,9,9,15,11,3,17,21,9,12,20,15,11,9,13,12,19,12,16,14,16]
[2026-03-16 08:51:58.874] [DIST-BILL_GEN] Item: SCMPL0022277 | {"qty":400,"dist":[12,14,12,12,13,21,13,20,8,12,9,9,15,11,3,17,21,9,12,20,15,11,9,13,12,19,12,16,14,16],"sum":400}
[2026-03-16 08:51:58.880] [DIST-SAVED_JSON] Item: SCMPL0009775 | [14,7,14,23,11,13,14,7,15,10,17,19,17,11,20,8,13,12,9,8,14,20,10,16,14,12,10,16,11,15]
[2026-03-16 08:51:58.881] [DIST-BILL_GEN] Item: SCMPL0009775 | {"qty":400,"dist":[14,7,14,23,11,13,14,7,15,10,17,19,17,11,20,8,13,12,9,8,14,20,10,16,14,12,10,16,11,15],"sum":400}
[2026-03-16 08:51:58.885] [DIST-SAVED_JSON] Item: SCMPL0010679 | [50,49,59,55,59,51,52,48,56,57,40,46,44,48,59,54,66,45,49,47,48,46,49,48,56,44,56,45,56,54]
[2026-03-16 08:51:58.886] [DIST-BILL_GEN] Item: SCMPL0010679 | {"qty":1536,"dist":[50,49,59,55,59,51,52,48,56,57,40,46,44,48,59,54,66,45,49,47,48,46,49,48,56,44,56,45,56,54],"sum":1536}
[2026-03-16 08:51:58.894] [DIST-SAVED_JSON] Item: SCMPL0009770 | [9,19,15,10,19,11,13,22,16,7,13,17,10,11,9,19,18,8,20,12,9,7,12,10,14,16,16,9,16,13]
[2026-03-16 08:51:58.897] [DIST-BILL_GEN] Item: SCMPL0009770 | {"qty":400,"dist":[9,19,15,10,19,11,13,22,16,7,13,17,10,11,9,19,18,8,20,12,9,7,12,10,14,16,16,9,16,13],"sum":400}
[2026-03-16 08:51:58.901] [DIST-SAVED_JSON] Item: SCMPL0010445 | [2,0,1,0,0,1,1,2,0,2,1,0,1,1,0,2,1,2,2,3,1,0,2,0,1,2,1,0,3,0]
[2026-03-16 08:51:58.902] [DIST-BILL_GEN] Item: SCMPL0010445 | {"qty":32,"dist":[2,0,1,0,0,1,1,2,0,2,1,0,1,1,0,2,1,2,2,3,1,0,2,0,1,2,1,0,3,0],"sum":32}
[2026-03-16 08:51:58.910] [DIST-SAVED_JSON] Item: SCMPL0012496 | [76,66,76,69,84,79,79,72,93,74,67,83,78,78,83,83,71,93,73,78,70,89,86,75,77,79,87,83,86,73]
[2026-03-16 08:51:58.912] [DIST-BILL_GEN] Item: SCMPL0012496 | {"qty":2360,"dist":[76,66,76,69,84,79,79,72,93,74,67,83,78,78,83,83,71,93,73,78,70,89,86,75,77,79,87,83,86,73],"sum":2360}
[2026-03-16 08:51:58.916] [DIST-SAVED_JSON] Item: SCMPL0011418 | [3,6,8,8,11,6,13,8,5,9,6,8,4,10,2,4,8,9,6,7,6,10,7,6,2,4,5,10,7,10]
[2026-03-16 08:51:58.917] [DIST-BILL_GEN] Item: SCMPL0011418 | {"qty":208,"dist":[3,6,8,8,11,6,13,8,5,9,6,8,4,10,2,4,8,9,6,7,6,10,7,6,2,4,5,10,7,10],"sum":208}
[2026-03-16 08:51:58.924] [DIST-SAVED_JSON] Item: SCMPL0010234 | [17,10,12,9,9,12,10,13,11,13,14,8,14,12,15,16,13,15,11,22,9,10,16,11,15,13,12,11,18,9]
[2026-03-16 08:51:58.925] [DIST-BILL_GEN] Item: SCMPL0010234 | {"qty":380,"dist":[17,10,12,9,9,12,10,13,11,13,14,8,14,12,15,16,13,15,11,22,9,10,16,11,15,13,12,11,18,9],"sum":380}
[2026-03-16 08:51:58.931] [DIST-SAVED_JSON] Item: SCMPL0010451 | [96,105,90,104,97,94,95,83,97,105,86,80,90,101,86,103,92,93,105,89,98,97,105,92,91,91,87,95,117,96]
[2026-03-16 08:51:58.933] [DIST-BILL_GEN] Item: SCMPL0010451 | {"qty":2860,"dist":[96,105,90,104,97,94,95,83,97,105,86,80,90,101,86,103,92,93,105,89,98,97,105,92,91,91,87,95,117,96],"sum":2860}
[2026-03-16 08:51:58.935] [DIST-GENERATED_NEW] Item: SCMPL0010087 | {"total_qty":920,"available_dates":30}
[2026-03-16 08:51:58.938] [DIST-BILL_GEN] Item: SCMPL0010087 | {"qty":920,"dist":[30,28,25,23,37,38,23,27,23,36,24,29,25,33,34,20,35,33,28,34,39,29,28,43,34,27,45,26,35,29],"sum":920}
[2026-03-16 08:51:58.942] [DIST-GENERATED_NEW] Item: SCMPL0010020 | {"total_qty":925,"available_dates":30}
[2026-03-16 08:51:58.944] [DIST-BILL_GEN] Item: SCMPL0010020 | {"qty":925,"dist":[28,27,34,26,33,30,34,41,31,27,21,27,37,36,33,24,29,30,32,39,29,20,27,27,29,36,28,37,40,33],"sum":925}
[2026-03-16 08:51:58.949] [DIST-SAVED_JSON] Item: SCMKB0031391 | [9,16,17,16,16,11,13,14,13,17,8,10,19,18,19,7,9,11,13,8,4,15,8,11,16,14,14,19,23,12]
[2026-03-16 08:51:58.950] [DIST-BILL_GEN] Item: SCMKB0031391 | {"qty":400,"dist":[9,16,17,16,16,11,13,14,13,17,8,10,19,18,19,7,9,11,13,8,4,15,8,11,16,14,14,19,23,12],"sum":400}
[2026-03-16 08:51:58.955] [DIST-SAVED_JSON] Item: SCMBR0018158 | [18,6,8,13,11,17,11,16,15,12,14,11,14,17,15,14,10,9,18,18,8,19,15,12,12,12,12,12,18,13]
[2026-03-16 08:51:58.957] [DIST-BILL_GEN] Item: SCMBR0018158 | {"qty":400,"dist":[18,6,8,13,11,17,11,16,15,12,14,11,14,17,15,14,10,9,18,18,8,19,15,12,12,12,12,12,18,13],"sum":400}
[2026-03-16 08:51:58.961] [DIST-SAVED_JSON] Item: SCMBR0009847 | [11,10,16,8,10,11,10,11,7,6,12,12,8,9,13,14,9,17,15,12,12,6,7,12,9,15,10,14,10,9]
[2026-03-16 08:51:58.962] [DIST-BILL_GEN] Item: SCMBR0009847 | {"qty":325,"dist":[11,10,16,8,10,11,10,11,7,6,12,12,8,9,13,14,9,17,15,12,12,6,7,12,9,15,10,14,10,9],"sum":325}
[2026-03-16 08:51:58.965] [DIST-SAVED_JSON] Item: SCMBR0029429 | [9,15,11,12,12,11,13,10,9,11,13,12,16,15,13,13,15,14,14,10,16,16,18,19,7,12,15,16,11,22]
[2026-03-16 08:51:58.966] [DIST-BILL_GEN] Item: SCMBR0029429 | {"qty":400,"dist":[9,15,11,12,12,11,13,10,9,11,13,12,16,15,13,13,15,14,14,10,16,16,18,19,7,12,15,16,11,22],"sum":400}
[2026-03-16 08:51:58.969] [DIST-GENERATED_NEW] Item: SCMBR0037366 | {"total_qty":43,"available_dates":30}
[2026-03-16 08:51:58.972] [DIST-BILL_GEN] Item: SCMBR0037366 | {"qty":43,"dist":[1,0,0,0,3,1,3,3,4,0,0,2,3,3,1,2,1,1,1,1,0,1,1,1,0,1,3,1,3,2],"sum":43}
[2026-03-16 08:51:58.978] [DIST-GENERATED_NEW] Item: SCMWN0019724 | {"total_qty":70,"available_dates":30}
[2026-03-16 08:51:58.980] [DIST-BILL_GEN] Item: SCMWN0019724 | {"qty":70,"dist":[3,3,4,4,3,0,4,2,1,1,4,2,4,4,2,0,1,2,3,2,1,4,3,2,1,3,0,1,3,3],"sum":70}
[2026-03-16 08:51:58.984] [DIST-SAVED_JSON] Item: SCMBR0021532 | [7,9,7,6,8,5,4,6,8,9,6,12,6,6,8,5,10,7,5,8,7,4,6,4,7,6,4,7,10,3]
[2026-03-16 08:51:58.985] [DIST-BILL_GEN] Item: SCMBR0021532 | {"qty":200,"dist":[7,9,7,6,8,5,4,6,8,9,6,12,6,6,8,5,10,7,5,8,7,4,6,4,7,6,4,7,10,3],"sum":200}
[2026-03-16 08:51:58.998] [DIST-SAVED_JSON] Item: SCMBR0018142 | [7,3,7,6,9,2,7,9,9,8,7,9,6,9,9,3,10,7,9,6,6,12,7,8,3,8,3,10,3,7]
[2026-03-16 08:51:59.000] [DIST-BILL_GEN] Item: SCMBR0018142 | {"qty":209,"dist":[7,3,7,6,9,2,7,9,9,8,7,9,6,9,9,3,10,7,9,6,6,12,7,8,3,8,3,10,3,7],"sum":209}
[2026-03-16 08:51:59.006] [DIST-SAVED_JSON] Item: SCMBR0018132 | [2,2,4,2,2,4,1,4,4,2,3,3,4,1,8,7,3,1,3,4,2,3,2,3,6,4,1,4,3,4]
[2026-03-16 08:51:59.008] [DIST-BILL_GEN] Item: SCMBR0018132 | {"qty":96,"dist":[2,2,4,2,2,4,1,4,4,2,3,3,4,1,8,7,3,1,3,4,2,3,2,3,6,4,1,4,3,4],"sum":96}
[2026-03-16 08:51:59.012] [DIST-SAVED_JSON] Item: SCMBR0023258 | [18,11,11,13,18,18,16,10,5,11,7,12,17,15,12,13,9,11,15,18,14,11,13,15,12,22,13,16,14,10]
[2026-03-16 08:51:59.014] [DIST-BILL_GEN] Item: SCMBR0023258 | {"qty":400,"dist":[18,11,11,13,18,18,16,10,5,11,7,12,17,15,12,13,9,11,15,18,14,11,13,15,12,22,13,16,14,10],"sum":400}
[2026-03-16 08:51:59.019] [DIST-SAVED_JSON] Item: SCMPL0010677 | [6,5,7,6,1,0,3,6,2,2,1,2,1,3,5,5,0,3,4,6,4,8,2,4,2,2,0,1,5,4]
[2026-03-16 08:51:59.025] [DIST-BILL_GEN] Item: SCMPL0010677 | {"qty":100,"dist":[6,5,7,6,1,0,3,6,2,2,1,2,1,3,5,5,0,3,4,6,4,8,2,4,2,2,0,1,5,4],"sum":100}
[2026-03-16 08:51:59.032] [DIST-SAVED_JSON] Item: SCMPL0010453 | [2,6,5,10,11,7,6,6,3,8,6,6,5,7,1,2,11,8,6,8,12,6,4,5,3,7,3,9,4,3]
[2026-03-16 08:51:59.034] [DIST-BILL_GEN] Item: SCMPL0010453 | {"qty":180,"dist":[2,6,5,10,11,7,6,6,3,8,6,6,5,7,1,2,11,8,6,8,12,6,4,5,3,7,3,9,4,3],"sum":180}
[2026-03-16 08:51:59.043] [DIST-GENERATED_NEW] Item: SCMPL0009902 | {"total_qty":9,"available_dates":30}
[2026-03-16 08:51:59.046] [DIST-BILL_GEN] Item: SCMPL0009902 | {"qty":9,"dist":[0,0,0,0,1,0,0,0,0,1,0,0,0,0,0,0,0,0,1,1,0,3,0,2,0,0,0,0,0,0],"sum":9}
[2026-03-16 08:51:59.052] [DIST-SAVED_JSON] Item: SCMPL0022276 | [29,28,29,19,28,25,28,24,24,33,23,23,21,28,25,31,23,23,30,36,22,27,28,27,31,27,26,23,30,29]
[2026-03-16 08:51:59.060] [DIST-BILL_GEN] Item: SCMPL0022276 | {"qty":800,"dist":[29,28,29,19,28,25,28,24,24,33,23,23,21,28,25,31,23,23,30,36,22,27,28,27,31,27,26,23,30,29],"sum":800}
[2026-03-16 08:51:59.068] [DIST-SAVED_JSON] Item: SCMPL0010055 | [35,33,42,38,44,38,29,36,29,36,26,45,46,37,32,46,37,44,48,39,45,40,38,32,29,36,35,31,47,47]
[2026-03-16 08:51:59.070] [DIST-BILL_GEN] Item: SCMPL0010055 | {"qty":1140,"dist":[35,33,42,38,44,38,29,36,29,36,26,45,46,37,32,46,37,44,48,39,45,40,38,32,29,36,35,31,47,47],"sum":1140}
[2026-03-16 08:51:59.081] [DIST-SAVED_JSON] Item: SCMPL0010678 | [25,25,20,26,22,32,31,23,24,18,23,23,17,20,27,26,28,23,23,23,22,20,21,23,27,21,22,19,17,29]
[2026-03-16 08:51:59.083] [DIST-BILL_GEN] Item: SCMPL0010678 | {"qty":700,"dist":[25,25,20,26,22,32,31,23,24,18,23,23,17,20,27,26,28,23,23,23,22,20,21,23,27,21,22,19,17,29],"sum":700}
[2026-03-16 08:52:08.120] [DIST-SAVED_JSON] Item: SCMPL0012499 | [13,7,6,5,9,10,6,8,10,8,7,8,4,6,11,12,8,12,9,9,6,12,7,11,7,12,12,12,7,6]
[2026-03-16 08:52:08.125] [DIST-BILL_GEN] Item: SCMPL0012499 | {"qty":260,"dist":[13,7,6,5,9,10,6,8,10,8,7,8,4,6,11,12,8,12,9,9,6,12,7,11,7,12,12,12,7,6],"sum":260}
[2026-03-16 08:52:08.129] [DIST-SAVED_JSON] Item: SCMPL0022277 | [12,14,12,12,13,21,13,20,8,12,9,9,15,11,3,17,21,9,12,20,15,11,9,13,12,19,12,16,14,16]
[2026-03-16 08:52:08.129] [DIST-BILL_GEN] Item: SCMPL0022277 | {"qty":400,"dist":[12,14,12,12,13,21,13,20,8,12,9,9,15,11,3,17,21,9,12,20,15,11,9,13,12,19,12,16,14,16],"sum":400}
[2026-03-16 08:52:08.132] [DIST-SAVED_JSON] Item: SCMPL0009775 | [14,7,14,23,11,13,14,7,15,10,17,19,17,11,20,8,13,12,9,8,14,20,10,16,14,12,10,16,11,15]
[2026-03-16 08:52:08.132] [DIST-BILL_GEN] Item: SCMPL0009775 | {"qty":400,"dist":[14,7,14,23,11,13,14,7,15,10,17,19,17,11,20,8,13,12,9,8,14,20,10,16,14,12,10,16,11,15],"sum":400}
[2026-03-16 08:52:08.134] [DIST-SAVED_JSON] Item: SCMPL0010679 | [50,49,59,55,59,51,52,48,56,57,40,46,44,48,59,54,66,45,49,47,48,46,49,48,56,44,56,45,56,54]
[2026-03-16 08:52:08.135] [DIST-BILL_GEN] Item: SCMPL0010679 | {"qty":1536,"dist":[50,49,59,55,59,51,52,48,56,57,40,46,44,48,59,54,66,45,49,47,48,46,49,48,56,44,56,45,56,54],"sum":1536}
[2026-03-16 08:52:08.136] [DIST-SAVED_JSON] Item: SCMPL0009770 | [9,19,15,10,19,11,13,22,16,7,13,17,10,11,9,19,18,8,20,12,9,7,12,10,14,16,16,9,16,13]
[2026-03-16 08:52:08.143] [DIST-BILL_GEN] Item: SCMPL0009770 | {"qty":400,"dist":[9,19,15,10,19,11,13,22,16,7,13,17,10,11,9,19,18,8,20,12,9,7,12,10,14,16,16,9,16,13],"sum":400}
[2026-03-16 08:52:08.146] [DIST-SAVED_JSON] Item: SCMPL0010445 | [2,0,1,0,0,1,1,2,0,2,1,0,1,1,0,2,1,2,2,3,1,0,2,0,1,2,1,0,3,0]
[2026-03-16 08:52:08.146] [DIST-BILL_GEN] Item: SCMPL0010445 | {"qty":32,"dist":[2,0,1,0,0,1,1,2,0,2,1,0,1,1,0,2,1,2,2,3,1,0,2,0,1,2,1,0,3,0],"sum":32}
[2026-03-16 08:52:08.148] [DIST-SAVED_JSON] Item: SCMPL0012496 | [76,66,76,69,84,79,79,72,93,74,67,83,78,78,83,83,71,93,73,78,70,89,86,75,77,79,87,83,86,73]
[2026-03-16 08:52:08.148] [DIST-BILL_GEN] Item: SCMPL0012496 | {"qty":2360,"dist":[76,66,76,69,84,79,79,72,93,74,67,83,78,78,83,83,71,93,73,78,70,89,86,75,77,79,87,83,86,73],"sum":2360}
[2026-03-16 08:52:08.150] [DIST-SAVED_JSON] Item: SCMPL0011418 | [3,6,8,8,11,6,13,8,5,9,6,8,4,10,2,4,8,9,6,7,6,10,7,6,2,4,5,10,7,10]
[2026-03-16 08:52:08.151] [DIST-BILL_GEN] Item: SCMPL0011418 | {"qty":208,"dist":[3,6,8,8,11,6,13,8,5,9,6,8,4,10,2,4,8,9,6,7,6,10,7,6,2,4,5,10,7,10],"sum":208}
[2026-03-16 08:52:08.153] [DIST-SAVED_JSON] Item: SCMPL0010234 | [17,10,12,9,9,12,10,13,11,13,14,8,14,12,15,16,13,15,11,22,9,10,16,11,15,13,12,11,18,9]
[2026-03-16 08:52:08.153] [DIST-BILL_GEN] Item: SCMPL0010234 | {"qty":380,"dist":[17,10,12,9,9,12,10,13,11,13,14,8,14,12,15,16,13,15,11,22,9,10,16,11,15,13,12,11,18,9],"sum":380}
[2026-03-16 08:52:08.161] [DIST-SAVED_JSON] Item: SCMPL0010451 | [96,105,90,104,97,94,95,83,97,105,86,80,90,101,86,103,92,93,105,89,98,97,105,92,91,91,87,95,117,96]
[2026-03-16 08:52:08.161] [DIST-BILL_GEN] Item: SCMPL0010451 | {"qty":2860,"dist":[96,105,90,104,97,94,95,83,97,105,86,80,90,101,86,103,92,93,105,89,98,97,105,92,91,91,87,95,117,96],"sum":2860}
[2026-03-16 08:52:08.163] [DIST-GENERATED_NEW] Item: SCMPL0010087 | {"total_qty":920,"available_dates":30}
[2026-03-16 08:52:08.163] [DIST-BILL_GEN] Item: SCMPL0010087 | {"qty":920,"dist":[31,25,37,35,36,38,34,34,34,25,27,25,37,22,27,28,33,40,37,25,27,26,29,26,36,31,36,21,29,29],"sum":920}
[2026-03-16 08:52:08.165] [DIST-GENERATED_NEW] Item: SCMPL0010020 | {"total_qty":925,"available_dates":30}
[2026-03-16 08:52:08.166] [DIST-BILL_GEN] Item: SCMPL0010020 | {"qty":925,"dist":[26,36,43,33,24,31,34,41,31,36,46,32,39,25,34,35,27,27,25,29,30,28,30,23,34,28,32,23,16,27],"sum":925}
[2026-03-16 08:52:08.167] [DIST-SAVED_JSON] Item: SCMKB0031391 | [9,16,17,16,16,11,13,14,13,17,8,10,19,18,19,7,9,11,13,8,4,15,8,11,16,14,14,19,23,12]
[2026-03-16 08:52:08.168] [DIST-BILL_GEN] Item: SCMKB0031391 | {"qty":400,"dist":[9,16,17,16,16,11,13,14,13,17,8,10,19,18,19,7,9,11,13,8,4,15,8,11,16,14,14,19,23,12],"sum":400}
[2026-03-16 08:52:08.171] [DIST-SAVED_JSON] Item: SCMBR0018158 | [18,6,8,13,11,17,11,16,15,12,14,11,14,17,15,14,10,9,18,18,8,19,15,12,12,12,12,12,18,13]
[2026-03-16 08:52:08.176] [DIST-BILL_GEN] Item: SCMBR0018158 | {"qty":400,"dist":[18,6,8,13,11,17,11,16,15,12,14,11,14,17,15,14,10,9,18,18,8,19,15,12,12,12,12,12,18,13],"sum":400}
[2026-03-16 08:52:08.180] [DIST-SAVED_JSON] Item: SCMBR0009847 | [11,10,16,8,10,11,10,11,7,6,12,12,8,9,13,14,9,17,15,12,12,6,7,12,9,15,10,14,10,9]
[2026-03-16 08:52:08.181] [DIST-BILL_GEN] Item: SCMBR0009847 | {"qty":325,"dist":[11,10,16,8,10,11,10,11,7,6,12,12,8,9,13,14,9,17,15,12,12,6,7,12,9,15,10,14,10,9],"sum":325}
[2026-03-16 08:52:08.188] [DIST-SAVED_JSON] Item: SCMBR0029429 | [9,15,11,12,12,11,13,10,9,11,13,12,16,15,13,13,15,14,14,10,16,16,18,19,7,12,15,16,11,22]
[2026-03-16 08:52:08.193] [DIST-BILL_GEN] Item: SCMBR0029429 | {"qty":400,"dist":[9,15,11,12,12,11,13,10,9,11,13,12,16,15,13,13,15,14,14,10,16,16,18,19,7,12,15,16,11,22],"sum":400}
[2026-03-16 08:52:08.197] [DIST-GENERATED_NEW] Item: SCMBR0037366 | {"total_qty":43,"available_dates":30}
[2026-03-16 08:52:08.199] [DIST-BILL_GEN] Item: SCMBR0037366 | {"qty":43,"dist":[2,3,1,1,4,0,1,1,1,1,1,1,3,2,1,2,0,4,0,2,2,2,2,0,2,2,1,0,1,0],"sum":43}
[2026-03-16 08:52:08.202] [DIST-GENERATED_NEW] Item: SCMWN0019724 | {"total_qty":70,"available_dates":30}
[2026-03-16 08:52:08.203] [DIST-BILL_GEN] Item: SCMWN0019724 | {"qty":70,"dist":[5,3,2,0,2,1,4,1,1,3,4,2,3,4,0,1,2,0,1,2,2,3,2,3,3,4,2,4,2,4],"sum":70}
[2026-03-16 08:52:08.211] [DIST-SAVED_JSON] Item: SCMBR0021532 | [7,9,7,6,8,5,4,6,8,9,6,12,6,6,8,5,10,7,5,8,7,4,6,4,7,6,4,7,10,3]
[2026-03-16 08:52:08.213] [DIST-BILL_GEN] Item: SCMBR0021532 | {"qty":200,"dist":[7,9,7,6,8,5,4,6,8,9,6,12,6,6,8,5,10,7,5,8,7,4,6,4,7,6,4,7,10,3],"sum":200}
[2026-03-16 08:52:08.217] [DIST-SAVED_JSON] Item: SCMBR0018142 | [7,3,7,6,9,2,7,9,9,8,7,9,6,9,9,3,10,7,9,6,6,12,7,8,3,8,3,10,3,7]
[2026-03-16 08:52:08.218] [DIST-BILL_GEN] Item: SCMBR0018142 | {"qty":209,"dist":[7,3,7,6,9,2,7,9,9,8,7,9,6,9,9,3,10,7,9,6,6,12,7,8,3,8,3,10,3,7],"sum":209}
[2026-03-16 08:52:08.227] [DIST-SAVED_JSON] Item: SCMBR0018132 | [2,2,4,2,2,4,1,4,4,2,3,3,4,1,8,7,3,1,3,4,2,3,2,3,6,4,1,4,3,4]
[2026-03-16 08:52:08.229] [DIST-BILL_GEN] Item: SCMBR0018132 | {"qty":96,"dist":[2,2,4,2,2,4,1,4,4,2,3,3,4,1,8,7,3,1,3,4,2,3,2,3,6,4,1,4,3,4],"sum":96}
[2026-03-16 08:52:08.233] [DIST-SAVED_JSON] Item: SCMBR0023258 | [18,11,11,13,18,18,16,10,5,11,7,12,17,15,12,13,9,11,15,18,14,11,13,15,12,22,13,16,14,10]
[2026-03-16 08:52:08.234] [DIST-BILL_GEN] Item: SCMBR0023258 | {"qty":400,"dist":[18,11,11,13,18,18,16,10,5,11,7,12,17,15,12,13,9,11,15,18,14,11,13,15,12,22,13,16,14,10],"sum":400}
[2026-03-16 08:52:08.242] [DIST-SAVED_JSON] Item: SCMPL0010677 | [6,5,7,6,1,0,3,6,2,2,1,2,1,3,5,5,0,3,4,6,4,8,2,4,2,2,0,1,5,4]
[2026-03-16 08:52:08.244] [DIST-BILL_GEN] Item: SCMPL0010677 | {"qty":100,"dist":[6,5,7,6,1,0,3,6,2,2,1,2,1,3,5,5,0,3,4,6,4,8,2,4,2,2,0,1,5,4],"sum":100}
[2026-03-16 08:52:08.250] [DIST-SAVED_JSON] Item: SCMPL0010453 | [2,6,5,10,11,7,6,6,3,8,6,6,5,7,1,2,11,8,6,8,12,6,4,5,3,7,3,9,4,3]
[2026-03-16 08:52:08.251] [DIST-BILL_GEN] Item: SCMPL0010453 | {"qty":180,"dist":[2,6,5,10,11,7,6,6,3,8,6,6,5,7,1,2,11,8,6,8,12,6,4,5,3,7,3,9,4,3],"sum":180}
[2026-03-16 08:52:08.253] [DIST-GENERATED_NEW] Item: SCMPL0009902 | {"total_qty":9,"available_dates":30}
[2026-03-16 08:52:08.260] [DIST-BILL_GEN] Item: SCMPL0009902 | {"qty":9,"dist":[0,1,1,1,0,0,0,0,1,0,0,0,1,0,0,0,0,0,0,0,1,0,1,0,0,1,0,0,1,0],"sum":9}
[2026-03-16 08:52:08.266] [DIST-SAVED_JSON] Item: SCMPL0022276 | [29,28,29,19,28,25,28,24,24,33,23,23,21,28,25,31,23,23,30,36,22,27,28,27,31,27,26,23,30,29]
[2026-03-16 08:52:08.267] [DIST-BILL_GEN] Item: SCMPL0022276 | {"qty":800,"dist":[29,28,29,19,28,25,28,24,24,33,23,23,21,28,25,31,23,23,30,36,22,27,28,27,31,27,26,23,30,29],"sum":800}
[2026-03-16 08:52:08.273] [DIST-SAVED_JSON] Item: SCMPL0010055 | [35,33,42,38,44,38,29,36,29,36,26,45,46,37,32,46,37,44,48,39,45,40,38,32,29,36,35,31,47,47]
[2026-03-16 08:52:08.277] [DIST-BILL_GEN] Item: SCMPL0010055 | {"qty":1140,"dist":[35,33,42,38,44,38,29,36,29,36,26,45,46,37,32,46,37,44,48,39,45,40,38,32,29,36,35,31,47,47],"sum":1140}
[2026-03-16 08:52:08.283] [DIST-SAVED_JSON] Item: SCMPL0010678 | [25,25,20,26,22,32,31,23,24,18,23,23,17,20,27,26,28,23,23,23,22,20,21,23,27,21,22,19,17,29]
[2026-03-16 08:52:08.284] [DIST-BILL_GEN] Item: SCMPL0010678 | {"qty":700,"dist":[25,25,20,26,22,32,31,23,24,18,23,23,17,20,27,26,28,23,23,23,22,20,21,23,27,21,22,19,17,29],"sum":700}
[2026-03-16 08:57:48.100] [DIST-SAVED_JSON] Item: SCMPL0012499 | [10,5,5,6,9,6,11,8,12,3,9,11,8,13,5,8,9,12,9,4,6,9,9,6,13,11,8,12,13,10]
[2026-03-16 08:57:48.101] [DIST-BILL_GEN] Item: SCMPL0012499 | {"qty":260,"dist":[10,5,5,6,9,6,11,8,12,3,9,11,8,13,5,8,9,12,9,4,6,9,9,6,13,11,8,12,13,10],"sum":260}
[2026-03-16 08:57:48.103] [DIST-SAVED_JSON] Item: SCMPL0022277 | [12,11,19,15,16,16,9,11,5,12,18,11,15,20,13,9,16,13,14,11,11,12,13,18,15,13,12,10,16,14]
[2026-03-16 08:57:48.104] [DIST-BILL_GEN] Item: SCMPL0022277 | {"qty":400,"dist":[12,11,19,15,16,16,9,11,5,12,18,11,15,20,13,9,16,13,14,11,11,12,13,18,15,13,12,10,16,14],"sum":400}
[2026-03-16 08:57:48.106] [DIST-SAVED_JSON] Item: SCMPL0009775 | [11,19,16,14,12,10,17,13,17,8,14,14,16,11,15,13,14,10,16,10,9,15,13,14,16,11,14,10,16,12]
[2026-03-16 08:57:48.106] [DIST-BILL_GEN] Item: SCMPL0009775 | {"qty":400,"dist":[11,19,16,14,12,10,17,13,17,8,14,14,16,11,15,13,14,10,16,10,9,15,13,14,16,11,14,10,16,12],"sum":400}
[2026-03-16 08:57:48.108] [DIST-SAVED_JSON] Item: SCMPL0010679 | [52,54,53,50,47,46,45,45,67,66,50,66,43,48,47,62,45,43,53,46,58,53,54,56,35,54,48,47,49,54]
[2026-03-16 08:57:48.109] [DIST-BILL_GEN] Item: SCMPL0010679 | {"qty":1536,"dist":[52,54,53,50,47,46,45,45,67,66,50,66,43,48,47,62,45,43,53,46,58,53,54,56,35,54,48,47,49,54],"sum":1536}
[2026-03-16 08:57:48.112] [DIST-SAVED_JSON] Item: SCMPL0009770 | [17,10,8,21,10,20,11,15,17,9,14,12,15,14,15,24,12,11,17,7,14,6,14,13,16,5,12,11,14,16]
[2026-03-16 08:57:48.115] [DIST-BILL_GEN] Item: SCMPL0009770 | {"qty":400,"dist":[17,10,8,21,10,20,11,15,17,9,14,12,15,14,15,24,12,11,17,7,14,6,14,13,16,5,12,11,14,16],"sum":400}
[2026-03-16 08:57:48.117] [DIST-SAVED_JSON] Item: SCMPL0010445 | [0,1,0,2,0,0,0,1,0,3,0,1,0,0,2,1,3,1,1,3,0,2,1,1,2,1,0,2,1,3]
[2026-03-16 08:57:48.118] [DIST-BILL_GEN] Item: SCMPL0010445 | {"qty":32,"dist":[0,1,0,2,0,0,0,1,0,3,0,1,0,0,2,1,3,1,1,3,0,2,1,1,2,1,0,2,1,3],"sum":32}
[2026-03-16 08:57:48.119] [DIST-SAVED_JSON] Item: SCMPL0012496 | [83,107,87,88,84,85,77,79,68,73,67,91,66,81,75,78,62,84,73,67,83,84,74,81,70,72,79,88,79,75]
[2026-03-16 08:57:48.120] [DIST-BILL_GEN] Item: SCMPL0012496 | {"qty":2360,"dist":[83,107,87,88,84,85,77,79,68,73,67,91,66,81,75,78,62,84,73,67,83,84,74,81,70,72,79,88,79,75],"sum":2360}
[2026-03-16 08:57:48.122] [DIST-SAVED_JSON] Item: SCMPL0011418 | [9,10,6,8,9,2,7,16,11,6,6,7,4,11,7,4,7,4,12,4,1,8,6,6,8,5,4,7,6,7]
[2026-03-16 08:57:48.123] [DIST-BILL_GEN] Item: SCMPL0011418 | {"qty":208,"dist":[9,10,6,8,9,2,7,16,11,6,6,7,4,11,7,4,7,4,12,4,1,8,6,6,8,5,4,7,6,7],"sum":208}
[2026-03-16 08:57:48.125] [DIST-SAVED_JSON] Item: SCMPL0010234 | [13,11,15,13,11,17,9,16,12,17,10,11,9,10,13,7,8,10,12,14,15,18,13,14,11,17,13,15,9,17]
[2026-03-16 08:57:48.126] [DIST-BILL_GEN] Item: SCMPL0010234 | {"qty":380,"dist":[13,11,15,13,11,17,9,16,12,17,10,11,9,10,13,7,8,10,12,14,15,18,13,14,11,17,13,15,9,17],"sum":380}
[2026-03-16 08:57:48.132] [DIST-SAVED_JSON] Item: SCMPL0010451 | [109,98,87,81,110,96,104,100,90,78,72,97,91,94,80,123,81,102,91,108,94,73,83,103,116,101,100,94,107,97]
[2026-03-16 08:57:48.133] [DIST-BILL_GEN] Item: SCMPL0010451 | {"qty":2860,"dist":[109,98,87,81,110,96,104,100,90,78,72,97,91,94,80,123,81,102,91,108,94,73,83,103,116,101,100,94,107,97],"sum":2860}
[2026-03-16 08:57:48.135] [DIST-SAVED_JSON] Item: SCMPL0010087 | [34,23,40,34,22,23,29,20,30,29,32,30,26,34,39,30,30,34,24,29,29,43,23,28,35,24,31,45,37,33]
[2026-03-16 08:57:48.136] [DIST-BILL_GEN] Item: SCMPL0010087 | {"qty":920,"dist":[34,23,40,34,22,23,29,20,30,29,32,30,26,34,39,30,30,34,24,29,29,43,23,28,35,24,31,45,37,33],"sum":920}
[2026-03-16 08:57:48.138] [DIST-SAVED_JSON] Item: SCMPL0010020 | [41,27,30,29,23,32,38,31,26,38,28,31,29,31,27,29,28,37,32,38,30,24,33,20,27,34,43,25,30,34]
[2026-03-16 08:57:48.139] [DIST-BILL_GEN] Item: SCMPL0010020 | {"qty":925,"dist":[41,27,30,29,23,32,38,31,26,38,28,31,29,31,27,29,28,37,32,38,30,24,33,20,27,34,43,25,30,34],"sum":925}
[2026-03-16 08:57:48.140] [DIST-SAVED_JSON] Item: SCMKB0031391 | [15,8,13,11,14,10,11,20,13,11,14,15,10,15,14,14,13,20,17,15,15,9,21,8,12,12,10,15,10,15]
[2026-03-16 08:57:48.141] [DIST-BILL_GEN] Item: SCMKB0031391 | {"qty":400,"dist":[15,8,13,11,14,10,11,20,13,11,14,15,10,15,14,14,13,20,17,15,15,9,21,8,12,12,10,15,10,15],"sum":400}
[2026-03-16 08:57:48.142] [DIST-SAVED_JSON] Item: SCMBR0018158 | [14,9,15,8,12,18,19,16,13,10,15,23,18,16,6,11,14,10,16,12,11,14,10,11,11,15,12,10,12,19]
[2026-03-16 08:57:48.143] [DIST-BILL_GEN] Item: SCMBR0018158 | {"qty":400,"dist":[14,9,15,8,12,18,19,16,13,10,15,23,18,16,6,11,14,10,16,12,11,14,10,11,11,15,12,10,12,19],"sum":400}
[2026-03-16 08:57:48.149] [DIST-SAVED_JSON] Item: SCMBR0009847 | [7,11,11,11,6,11,6,13,12,10,11,11,18,8,15,12,13,12,11,8,14,13,16,7,13,8,6,11,8,12]
[2026-03-16 08:57:48.150] [DIST-BILL_GEN] Item: SCMBR0009847 | {"qty":325,"dist":[7,11,11,11,6,11,6,13,12,10,11,11,18,8,15,12,13,12,11,8,14,13,16,7,13,8,6,11,8,12],"sum":325}
[2026-03-16 08:57:48.155] [DIST-SAVED_JSON] Item: SCMBR0029429 | [19,7,19,21,14,17,8,13,15,6,12,8,9,19,13,14,19,19,6,13,11,9,21,9,10,14,16,13,14,12]
[2026-03-16 08:57:48.155] [DIST-BILL_GEN] Item: SCMBR0029429 | {"qty":400,"dist":[19,7,19,21,14,17,8,13,15,6,12,8,9,19,13,14,19,19,6,13,11,9,21,9,10,14,16,13,14,12],"sum":400}
[2026-03-16 08:57:48.158] [DIST-SAVED_JSON] Item: SCMBR0037366 | [2,1,1,1,0,4,2,3,2,0,0,1,1,2,1,4,2,1,1,1,2,2,2,2,1,0,1,1,1,1]
[2026-03-16 08:57:48.158] [DIST-BILL_GEN] Item: SCMBR0037366 | {"qty":43,"dist":[2,1,1,1,0,4,2,3,2,0,0,1,1,2,1,4,2,1,1,1,2,2,2,2,1,0,1,1,1,1],"sum":43}
[2026-03-16 08:57:48.160] [DIST-GENERATED_NEW] Item: SCMWN0019724 | {"total_qty":70,"available_dates":30}
[2026-03-16 08:57:48.164] [DIST-BILL_GEN] Item: SCMWN0019724 | {"qty":70,"dist":[2,2,2,4,2,4,1,2,0,6,3,2,3,4,2,3,4,1,2,2,0,4,2,3,2,0,2,1,4,1],"sum":70}
[2026-03-16 08:57:48.170] [DIST-GENERATED_NEW] Item: SCMBR0021532 | {"total_qty":200,"available_dates":30}
[2026-03-16 08:57:48.171] [DIST-BILL_GEN] Item: SCMBR0021532 | {"qty":200,"dist":[6,10,6,5,4,5,14,6,7,6,8,4,3,8,7,7,8,12,7,7,7,8,6,8,8,3,3,6,6,5],"sum":200}
[2026-03-16 08:57:48.173] [DIST-GENERATED_NEW] Item: SCMBR0018142 | {"total_qty":209,"available_dates":30}
[2026-03-16 08:57:48.174] [DIST-BILL_GEN] Item: SCMBR0018142 | {"qty":209,"dist":[13,4,12,4,9,12,8,8,4,7,7,4,5,4,11,5,9,9,8,6,7,6,6,7,8,5,4,6,3,8],"sum":209}
[2026-03-16 08:57:48.176] [DIST-GENERATED_NEW] Item: SCMBR0018132 | {"total_qty":96,"available_dates":30}
[2026-03-16 08:57:48.179] [DIST-BILL_GEN] Item: SCMBR0018132 | {"qty":96,"dist":[1,4,5,2,2,2,1,3,7,2,3,5,3,3,2,4,2,4,3,1,3,1,7,3,5,3,6,0,4,5],"sum":96}
[2026-03-16 08:57:48.186] [DIST-GENERATED_NEW] Item: SCMBR0023258 | {"total_qty":400,"available_dates":30}
[2026-03-16 08:57:48.187] [DIST-BILL_GEN] Item: SCMBR0023258 | {"qty":400,"dist":[14,21,15,8,22,13,9,12,17,7,9,13,16,11,9,15,12,14,12,14,10,16,16,16,14,11,13,14,21,6],"sum":400}
[2026-03-16 08:57:48.189] [DIST-GENERATED_NEW] Item: SCMPL0010677 | {"total_qty":100,"available_dates":30}
[2026-03-16 08:57:48.191] [DIST-BILL_GEN] Item: SCMPL0010677 | {"qty":100,"dist":[5,2,3,6,8,4,7,4,2,1,0,5,1,5,3,4,3,7,2,1,2,1,1,1,6,1,5,7,2,1],"sum":100}
[2026-03-16 08:57:48.193] [DIST-GENERATED_NEW] Item: SCMPL0010453 | {"total_qty":180,"available_dates":30}
[2026-03-16 08:57:48.196] [DIST-BILL_GEN] Item: SCMPL0010453 | {"qty":180,"dist":[3,6,8,4,8,9,5,5,5,4,9,4,3,5,11,7,2,7,8,9,5,7,4,9,7,3,5,4,7,7],"sum":180}
[2026-03-16 08:57:48.203] [DIST-GENERATED_NEW] Item: SCMPL0009902 | {"total_qty":9,"available_dates":30}
[2026-03-16 08:57:48.204] [DIST-BILL_GEN] Item: SCMPL0009902 | {"qty":9,"dist":[1,1,0,0,0,0,0,0,0,0,0,1,0,0,0,0,1,1,0,1,0,0,1,1,0,0,0,1,0,0],"sum":9}
[2026-03-16 08:57:48.206] [DIST-GENERATED_NEW] Item: SCMPL0022276 | {"total_qty":800,"available_dates":30}
[2026-03-16 08:57:48.208] [DIST-BILL_GEN] Item: SCMPL0022276 | {"qty":800,"dist":[30,28,25,40,28,28,21,28,19,25,18,30,37,18,19,24,19,28,17,33,16,32,39,25,23,34,28,28,32,28],"sum":800}
[2026-03-16 08:57:48.210] [DIST-GENERATED_NEW] Item: SCMPL0010055 | {"total_qty":1140,"available_dates":30}
[2026-03-16 08:57:48.215] [DIST-BILL_GEN] Item: SCMPL0010055 | {"qty":1140,"dist":[50,46,37,33,37,29,33,34,30,38,44,39,35,36,35,36,47,42,40,32,37,36,40,40,44,42,37,35,37,39],"sum":1140}
[2026-03-16 08:57:48.221] [DIST-SAVED_JSON] Item: SCMPL0010678 | [20,21,24,23,15,29,19,17,28,26,19,32,19,25,20,22,20,28,28,25,18,26,23,32,24,14,26,28,29,20]
[2026-03-16 08:57:48.222] [DIST-BILL_GEN] Item: SCMPL0010678 | {"qty":700,"dist":[20,21,24,23,15,29,19,17,28,26,19,32,19,25,20,22,20,28,28,25,18,26,23,32,24,14,26,28,29,20],"sum":700}
[2026-03-16 08:58:25.779] [DIST-SAVED_JSON] Item: SCMPL0012499 | [260]
[2026-03-16 08:58:25.784] [DIST-BILL_GEN] Item: SCMPL0012499 | {"qty":260,"dist":[260],"sum":260}
[2026-03-16 08:58:25.789] [DIST-SAVED_JSON] Item: SCMPL0022277 | [400]
[2026-03-16 08:58:25.790] [DIST-BILL_GEN] Item: SCMPL0022277 | {"qty":400,"dist":[400],"sum":400}
[2026-03-16 08:58:25.794] [DIST-SAVED_JSON] Item: SCMPL0009775 | [400]
[2026-03-16 08:58:25.799] [DIST-BILL_GEN] Item: SCMPL0009775 | {"qty":400,"dist":[400],"sum":400}
[2026-03-16 08:58:25.803] [DIST-SAVED_JSON] Item: SCMPL0010679 | [1536]
[2026-03-16 08:58:25.804] [DIST-BILL_GEN] Item: SCMPL0010679 | {"qty":1536,"dist":[1536],"sum":1536}
[2026-03-16 08:58:25.807] [DIST-SAVED_JSON] Item: SCMPL0009770 | [400]
[2026-03-16 08:58:25.809] [DIST-BILL_GEN] Item: SCMPL0009770 | {"qty":400,"dist":[400],"sum":400}
[2026-03-16 08:58:25.817] [DIST-SAVED_JSON] Item: SCMPL0010445 | [32]
[2026-03-16 08:58:25.819] [DIST-BILL_GEN] Item: SCMPL0010445 | {"qty":32,"dist":[32],"sum":32}
[2026-03-16 08:58:25.821] [DIST-GENERATED_NEW] Item: SCMPL0012496 | {"total_qty":2360,"available_dates":1}
[2026-03-16 08:58:25.823] [DIST-BILL_GEN] Item: SCMPL0012496 | {"qty":2360,"dist":[2360],"sum":2360}
[2026-03-16 08:58:25.827] [DIST-SAVED_JSON] Item: SCMPL0011418 | [208]
[2026-03-16 08:58:25.832] [DIST-BILL_GEN] Item: SCMPL0011418 | {"qty":208,"dist":[208],"sum":208}
[2026-03-16 08:58:25.837] [DIST-SAVED_JSON] Item: SCMPL0010234 | [380]
[2026-03-16 08:58:25.838] [DIST-BILL_GEN] Item: SCMPL0010234 | {"qty":380,"dist":[380],"sum":380}
[2026-03-16 08:58:25.842] [DIST-SAVED_JSON] Item: SCMPL0010451 | [2860]
[2026-03-16 08:58:25.843] [DIST-BILL_GEN] Item: SCMPL0010451 | {"qty":2860,"dist":[2860],"sum":2860}
[2026-03-16 08:58:25.852] [DIST-GENERATED_NEW] Item: SCMPL0010087 | {"total_qty":920,"available_dates":1}
[2026-03-16 08:58:25.853] [DIST-BILL_GEN] Item: SCMPL0010087 | {"qty":920,"dist":[920],"sum":920}
[2026-03-16 08:58:25.856] [DIST-GENERATED_NEW] Item: SCMPL0010020 | {"total_qty":925,"available_dates":1}
[2026-03-16 08:58:25.857] [DIST-BILL_GEN] Item: SCMPL0010020 | {"qty":925,"dist":[925],"sum":925}
[2026-03-16 08:58:25.864] [DIST-SAVED_JSON] Item: SCMKB0031391 | [400]
[2026-03-16 08:58:25.867] [DIST-BILL_GEN] Item: SCMKB0031391 | {"qty":400,"dist":[400],"sum":400}
[2026-03-16 08:58:25.872] [DIST-SAVED_JSON] Item: SCMBR0018158 | [400]
[2026-03-16 08:58:25.873] [DIST-BILL_GEN] Item: SCMBR0018158 | {"qty":400,"dist":[400],"sum":400}
[2026-03-16 08:58:25.877] [DIST-SAVED_JSON] Item: SCMBR0009847 | [325]
[2026-03-16 08:58:25.880] [DIST-BILL_GEN] Item: SCMBR0009847 | {"qty":325,"dist":[325],"sum":325}
[2026-03-16 08:58:25.885] [DIST-SAVED_JSON] Item: SCMBR0029429 | [400]
[2026-03-16 08:58:25.886] [DIST-BILL_GEN] Item: SCMBR0029429 | {"qty":400,"dist":[400],"sum":400}
[2026-03-16 08:58:25.889] [DIST-GENERATED_NEW] Item: SCMBR0037366 | {"total_qty":43,"available_dates":1}
[2026-03-16 08:58:25.891] [DIST-BILL_GEN] Item: SCMBR0037366 | {"qty":43,"dist":[43],"sum":43}
[2026-03-16 08:58:25.897] [DIST-GENERATED_NEW] Item: SCMWN0019724 | {"total_qty":70,"available_dates":1}
[2026-03-16 08:58:25.900] [DIST-BILL_GEN] Item: SCMWN0019724 | {"qty":70,"dist":[70],"sum":70}
[2026-03-16 08:58:25.906] [DIST-SAVED_JSON] Item: SCMBR0021532 | [200]
[2026-03-16 08:58:25.907] [DIST-BILL_GEN] Item: SCMBR0021532 | {"qty":200,"dist":[200],"sum":200}
[2026-03-16 08:58:25.912] [DIST-SAVED_JSON] Item: SCMBR0018142 | [209]
[2026-03-16 08:58:25.919] [DIST-BILL_GEN] Item: SCMBR0018142 | {"qty":209,"dist":[209],"sum":209}
[2026-03-16 08:58:25.924] [DIST-SAVED_JSON] Item: SCMBR0018132 | [96]
[2026-03-16 08:58:25.925] [DIST-BILL_GEN] Item: SCMBR0018132 | {"qty":96,"dist":[96],"sum":96}
[2026-03-16 08:58:25.929] [DIST-SAVED_JSON] Item: SCMBR0023258 | [400]
[2026-03-16 08:58:25.934] [DIST-BILL_GEN] Item: SCMBR0023258 | {"qty":400,"dist":[400],"sum":400}
[2026-03-16 08:58:25.939] [DIST-SAVED_JSON] Item: SCMPL0010677 | [100]
[2026-03-16 08:58:25.940] [DIST-BILL_GEN] Item: SCMPL0010677 | {"qty":100,"dist":[100],"sum":100}
[2026-03-16 08:58:25.944] [DIST-SAVED_JSON] Item: SCMPL0010453 | [180]
[2026-03-16 08:58:25.950] [DIST-BILL_GEN] Item: SCMPL0010453 | {"qty":180,"dist":[180],"sum":180}
[2026-03-16 08:58:25.956] [DIST-SAVED_JSON] Item: SCMPL0009902 | [9]
[2026-03-16 08:58:25.957] [DIST-BILL_GEN] Item: SCMPL0009902 | {"qty":9,"dist":[9],"sum":9}
[2026-03-16 08:58:25.960] [DIST-GENERATED_NEW] Item: SCMPL0022276 | {"total_qty":800,"available_dates":1}
[2026-03-16 08:58:25.961] [DIST-BILL_GEN] Item: SCMPL0022276 | {"qty":800,"dist":[800],"sum":800}
[2026-03-16 08:58:25.969] [DIST-GENERATED_NEW] Item: SCMPL0010055 | {"total_qty":1140,"available_dates":1}
[2026-03-16 08:58:25.970] [DIST-BILL_GEN] Item: SCMPL0010055 | {"qty":1140,"dist":[1140],"sum":1140}
[2026-03-16 08:58:25.975] [DIST-SAVED_JSON] Item: SCMPL0010678 | [700]
[2026-03-16 08:58:25.976] [DIST-BILL_GEN] Item: SCMPL0010678 | {"qty":700,"dist":[700],"sum":700}
[2026-03-16 08:58:33.511] [DIST-SAVED_JSON] Item: SCMPL0012499 | [10,5,5,6,9,6,11,8,12,3,9,11,8,13,5,8,9,12,9,4,6,9,9,6,13,11,8,12,13,10]
[2026-03-16 08:58:33.515] [DIST-BILL_GEN] Item: SCMPL0012499 | {"qty":260,"dist":[10,5,5,6,9,6,11,8,12,3,9,11,8,13,5,8,9,12,9,4,6,9,9,6,13,11,8,12,13,10],"sum":260}
[2026-03-16 08:58:33.519] [DIST-SAVED_JSON] Item: SCMPL0022277 | [12,11,19,15,16,16,9,11,5,12,18,11,15,20,13,9,16,13,14,11,11,12,13,18,15,13,12,10,16,14]
[2026-03-16 08:58:33.520] [DIST-BILL_GEN] Item: SCMPL0022277 | {"qty":400,"dist":[12,11,19,15,16,16,9,11,5,12,18,11,15,20,13,9,16,13,14,11,11,12,13,18,15,13,12,10,16,14],"sum":400}
[2026-03-16 08:58:33.522] [DIST-SAVED_JSON] Item: SCMPL0009775 | [11,19,16,14,12,10,17,13,17,8,14,14,16,11,15,13,14,10,16,10,9,15,13,14,16,11,14,10,16,12]
[2026-03-16 08:58:33.523] [DIST-BILL_GEN] Item: SCMPL0009775 | {"qty":400,"dist":[11,19,16,14,12,10,17,13,17,8,14,14,16,11,15,13,14,10,16,10,9,15,13,14,16,11,14,10,16,12],"sum":400}
[2026-03-16 08:58:33.524] [DIST-SAVED_JSON] Item: SCMPL0010679 | [52,54,53,50,47,46,45,45,67,66,50,66,43,48,47,62,45,43,53,46,58,53,54,56,35,54,48,47,49,54]
[2026-03-16 08:58:33.525] [DIST-BILL_GEN] Item: SCMPL0010679 | {"qty":1536,"dist":[52,54,53,50,47,46,45,45,67,66,50,66,43,48,47,62,45,43,53,46,58,53,54,56,35,54,48,47,49,54],"sum":1536}
[2026-03-16 08:58:33.526] [DIST-SAVED_JSON] Item: SCMPL0009770 | [17,10,8,21,10,20,11,15,17,9,14,12,15,14,15,24,12,11,17,7,14,6,14,13,16,5,12,11,14,16]
[2026-03-16 08:58:33.527] [DIST-BILL_GEN] Item: SCMPL0009770 | {"qty":400,"dist":[17,10,8,21,10,20,11,15,17,9,14,12,15,14,15,24,12,11,17,7,14,6,14,13,16,5,12,11,14,16],"sum":400}
[2026-03-16 08:58:33.532] [DIST-SAVED_JSON] Item: SCMPL0010445 | [0,1,0,2,0,0,0,1,0,3,0,1,0,0,2,1,3,1,1,3,0,2,1,1,2,1,0,2,1,3]
[2026-03-16 08:58:33.534] [DIST-BILL_GEN] Item: SCMPL0010445 | {"qty":32,"dist":[0,1,0,2,0,0,0,1,0,3,0,1,0,0,2,1,3,1,1,3,0,2,1,1,2,1,0,2,1,3],"sum":32}
[2026-03-16 08:58:33.536] [DIST-SAVED_JSON] Item: SCMPL0012496 | [83,107,87,88,84,85,77,79,68,73,67,91,66,81,75,78,62,84,73,67,83,84,74,81,70,72,79,88,79,75]
[2026-03-16 08:58:33.536] [DIST-BILL_GEN] Item: SCMPL0012496 | {"qty":2360,"dist":[83,107,87,88,84,85,77,79,68,73,67,91,66,81,75,78,62,84,73,67,83,84,74,81,70,72,79,88,79,75],"sum":2360}
[2026-03-16 08:58:33.538] [DIST-SAVED_JSON] Item: SCMPL0011418 | [9,10,6,8,9,2,7,16,11,6,6,7,4,11,7,4,7,4,12,4,1,8,6,6,8,5,4,7,6,7]
[2026-03-16 08:58:33.538] [DIST-BILL_GEN] Item: SCMPL0011418 | {"qty":208,"dist":[9,10,6,8,9,2,7,16,11,6,6,7,4,11,7,4,7,4,12,4,1,8,6,6,8,5,4,7,6,7],"sum":208}
[2026-03-16 08:58:33.540] [DIST-SAVED_JSON] Item: SCMPL0010234 | [13,11,15,13,11,17,9,16,12,17,10,11,9,10,13,7,8,10,12,14,15,18,13,14,11,17,13,15,9,17]
[2026-03-16 08:58:33.541] [DIST-BILL_GEN] Item: SCMPL0010234 | {"qty":380,"dist":[13,11,15,13,11,17,9,16,12,17,10,11,9,10,13,7,8,10,12,14,15,18,13,14,11,17,13,15,9,17],"sum":380}
[2026-03-16 08:58:33.542] [DIST-SAVED_JSON] Item: SCMPL0010451 | [109,98,87,81,110,96,104,100,90,78,72,97,91,94,80,123,81,102,91,108,94,73,83,103,116,101,100,94,107,97]
[2026-03-16 08:58:33.543] [DIST-BILL_GEN] Item: SCMPL0010451 | {"qty":2860,"dist":[109,98,87,81,110,96,104,100,90,78,72,97,91,94,80,123,81,102,91,108,94,73,83,103,116,101,100,94,107,97],"sum":2860}
[2026-03-16 08:58:33.544] [DIST-SAVED_JSON] Item: SCMPL0010087 | [34,23,40,34,22,23,29,20,30,29,32,30,26,34,39,30,30,34,24,29,29,43,23,28,35,24,31,45,37,33]
[2026-03-16 08:58:33.549] [DIST-BILL_GEN] Item: SCMPL0010087 | {"qty":920,"dist":[34,23,40,34,22,23,29,20,30,29,32,30,26,34,39,30,30,34,24,29,29,43,23,28,35,24,31,45,37,33],"sum":920}
[2026-03-16 08:58:33.553] [DIST-SAVED_JSON] Item: SCMPL0010020 | [41,27,30,29,23,32,38,31,26,38,28,31,29,31,27,29,28,37,32,38,30,24,33,20,27,34,43,25,30,34]
[2026-03-16 08:58:33.554] [DIST-BILL_GEN] Item: SCMPL0010020 | {"qty":925,"dist":[41,27,30,29,23,32,38,31,26,38,28,31,29,31,27,29,28,37,32,38,30,24,33,20,27,34,43,25,30,34],"sum":925}
[2026-03-16 08:58:33.557] [DIST-SAVED_JSON] Item: SCMKB0031391 | [15,8,13,11,14,10,11,20,13,11,14,15,10,15,14,14,13,20,17,15,15,9,21,8,12,12,10,15,10,15]
[2026-03-16 08:58:33.558] [DIST-BILL_GEN] Item: SCMKB0031391 | {"qty":400,"dist":[15,8,13,11,14,10,11,20,13,11,14,15,10,15,14,14,13,20,17,15,15,9,21,8,12,12,10,15,10,15],"sum":400}
[2026-03-16 08:58:33.561] [DIST-SAVED_JSON] Item: SCMBR0018158 | [14,9,15,8,12,18,19,16,13,10,15,23,18,16,6,11,14,10,16,12,11,14,10,11,11,15,12,10,12,19]
[2026-03-16 08:58:33.566] [DIST-BILL_GEN] Item: SCMBR0018158 | {"qty":400,"dist":[14,9,15,8,12,18,19,16,13,10,15,23,18,16,6,11,14,10,16,12,11,14,10,11,11,15,12,10,12,19],"sum":400}
[2026-03-16 08:58:33.573] [DIST-SAVED_JSON] Item: SCMBR0009847 | [7,11,11,11,6,11,6,13,12,10,11,11,18,8,15,12,13,12,11,8,14,13,16,7,13,8,6,11,8,12]
[2026-03-16 08:58:33.575] [DIST-BILL_GEN] Item: SCMBR0009847 | {"qty":325,"dist":[7,11,11,11,6,11,6,13,12,10,11,11,18,8,15,12,13,12,11,8,14,13,16,7,13,8,6,11,8,12],"sum":325}
[2026-03-16 08:58:33.586] [DIST-SAVED_JSON] Item: SCMBR0029429 | [19,7,19,21,14,17,8,13,15,6,12,8,9,19,13,14,19,19,6,13,11,9,21,9,10,14,16,13,14,12]
[2026-03-16 08:58:33.591] [DIST-BILL_GEN] Item: SCMBR0029429 | {"qty":400,"dist":[19,7,19,21,14,17,8,13,15,6,12,8,9,19,13,14,19,19,6,13,11,9,21,9,10,14,16,13,14,12],"sum":400}
[2026-03-16 08:58:33.602] [DIST-SAVED_JSON] Item: SCMBR0037366 | [2,1,1,1,0,4,2,3,2,0,0,1,1,2,1,4,2,1,1,1,2,2,2,2,1,0,1,1,1,1]
[2026-03-16 08:58:33.605] [DIST-BILL_GEN] Item: SCMBR0037366 | {"qty":43,"dist":[2,1,1,1,0,4,2,3,2,0,0,1,1,2,1,4,2,1,1,1,2,2,2,2,1,0,1,1,1,1],"sum":43}
[2026-03-16 08:58:33.609] [DIST-GENERATED_NEW] Item: SCMWN0019724 | {"total_qty":70,"available_dates":30}
[2026-03-16 08:58:33.610] [DIST-BILL_GEN] Item: SCMWN0019724 | {"qty":70,"dist":[1,0,1,3,2,6,1,4,3,3,1,1,2,2,1,3,4,1,3,3,2,2,5,1,4,2,0,7,1,1],"sum":70}
[2026-03-16 08:58:33.618] [DIST-GENERATED_NEW] Item: SCMBR0021532 | {"total_qty":200,"available_dates":30}
[2026-03-16 08:58:33.621] [DIST-BILL_GEN] Item: SCMBR0021532 | {"qty":200,"dist":[4,7,9,10,10,5,8,9,6,2,6,5,5,8,10,8,7,9,10,4,7,4,8,10,7,2,6,6,4,4],"sum":200}
[2026-03-16 08:58:33.624] [DIST-GENERATED_NEW] Item: SCMBR0018142 | {"total_qty":209,"available_dates":30}
[2026-03-16 08:58:33.625] [DIST-BILL_GEN] Item: SCMBR0018142 | {"qty":209,"dist":[7,5,3,3,8,7,4,8,9,6,9,1,8,11,6,7,9,8,5,5,5,8,8,10,9,8,8,5,10,9],"sum":209}
[2026-03-16 08:58:33.628] [DIST-GENERATED_NEW] Item: SCMBR0018132 | {"total_qty":96,"available_dates":30}
[2026-03-16 08:58:33.634] [DIST-BILL_GEN] Item: SCMBR0018132 | {"qty":96,"dist":[4,3,3,1,2,2,3,1,3,5,4,4,3,1,2,1,2,1,1,9,2,5,4,7,4,2,3,1,5,8],"sum":96}
[2026-03-16 08:58:33.639] [DIST-GENERATED_NEW] Item: SCMBR0023258 | {"total_qty":400,"available_dates":30}
[2026-03-16 08:58:33.641] [DIST-BILL_GEN] Item: SCMBR0023258 | {"qty":400,"dist":[11,11,13,18,16,13,7,13,12,23,15,16,9,16,9,15,11,11,9,16,14,10,18,17,14,16,12,11,11,13],"sum":400}
[2026-03-16 08:58:33.644] [DIST-GENERATED_NEW] Item: SCMPL0010677 | {"total_qty":100,"available_dates":30}
[2026-03-16 08:58:33.646] [DIST-BILL_GEN] Item: SCMPL0010677 | {"qty":100,"dist":[5,0,3,4,3,5,4,2,2,3,4,2,0,2,3,3,2,6,1,4,3,10,6,5,0,6,6,3,2,1],"sum":100}
[2026-03-16 08:58:33.652] [DIST-GENERATED_NEW] Item: SCMPL0010453 | {"total_qty":180,"available_dates":30}
[2026-03-16 08:58:33.655] [DIST-BILL_GEN] Item: SCMPL0010453 | {"qty":180,"dist":[6,4,4,6,5,9,7,7,8,5,6,4,8,6,7,4,8,7,4,3,7,7,7,6,5,5,10,6,5,4],"sum":180}
[2026-03-16 08:58:33.657] [DIST-GENERATED_NEW] Item: SCMPL0009902 | {"total_qty":9,"available_dates":30}
[2026-03-16 08:58:33.659] [DIST-BILL_GEN] Item: SCMPL0009902 | {"qty":9,"dist":[0,0,0,1,0,0,1,0,1,0,0,0,0,0,0,0,0,1,0,2,0,0,0,0,0,0,1,1,0,1],"sum":9}
[2026-03-16 08:58:33.662] [DIST-GENERATED_NEW] Item: SCMPL0022276 | {"total_qty":800,"available_dates":30}
[2026-03-16 08:58:33.668] [DIST-BILL_GEN] Item: SCMPL0022276 | {"qty":800,"dist":[27,32,32,25,36,44,23,21,26,26,22,30,30,25,20,24,24,12,29,22,26,21,27,23,25,29,28,24,38,29],"sum":800}
[2026-03-16 08:58:33.671] [DIST-GENERATED_NEW] Item: SCMPL0010055 | {"total_qty":1140,"available_dates":30}
[2026-03-16 08:58:33.673] [DIST-BILL_GEN] Item: SCMPL0010055 | {"qty":1140,"dist":[28,38,47,35,38,42,36,33,43,27,40,48,41,41,27,40,35,46,37,29,38,36,35,40,39,36,30,45,49,41],"sum":1140}
[2026-03-16 08:58:33.678] [DIST-SAVED_JSON] Item: SCMPL0010678 | [20,21,24,23,15,29,19,17,28,26,19,32,19,25,20,22,20,28,28,25,18,26,23,32,24,14,26,28,29,20]
[2026-03-16 08:58:33.682] [DIST-BILL_GEN] Item: SCMPL0010678 | {"qty":700,"dist":[20,21,24,23,15,29,19,17,28,26,19,32,19,25,20,22,20,28,28,25,18,26,23,32,24,14,26,28,29,20],"sum":700}
[2026-03-16 08:58:51.692] [DIST-SAVED_JSON] Item: SCMPL0012499 | [260]
[2026-03-16 08:58:51.693] [DIST-BILL_GEN] Item: SCMPL0012499 | {"qty":260,"dist":[260],"sum":260}
[2026-03-16 08:58:51.695] [DIST-SAVED_JSON] Item: SCMPL0022277 | [400]
[2026-03-16 08:58:51.697] [DIST-BILL_GEN] Item: SCMPL0022277 | {"qty":400,"dist":[400],"sum":400}
[2026-03-16 08:58:51.701] [DIST-SAVED_JSON] Item: SCMPL0009775 | [400]
[2026-03-16 08:58:51.702] [DIST-BILL_GEN] Item: SCMPL0009775 | {"qty":400,"dist":[400],"sum":400}
[2026-03-16 08:58:51.704] [DIST-SAVED_JSON] Item: SCMPL0010679 | [1536]
[2026-03-16 08:58:51.704] [DIST-BILL_GEN] Item: SCMPL0010679 | {"qty":1536,"dist":[1536],"sum":1536}
[2026-03-16 08:58:51.706] [DIST-SAVED_JSON] Item: SCMPL0009770 | [400]
[2026-03-16 08:58:51.706] [DIST-BILL_GEN] Item: SCMPL0009770 | {"qty":400,"dist":[400],"sum":400}
[2026-03-16 08:58:51.708] [DIST-SAVED_JSON] Item: SCMPL0010445 | [32]
[2026-03-16 08:58:51.708] [DIST-BILL_GEN] Item: SCMPL0010445 | {"qty":32,"dist":[32],"sum":32}
[2026-03-16 08:58:51.709] [DIST-GENERATED_NEW] Item: SCMPL0012496 | {"total_qty":2360,"available_dates":1}
[2026-03-16 08:58:51.710] [DIST-BILL_GEN] Item: SCMPL0012496 | {"qty":2360,"dist":[2360],"sum":2360}
[2026-03-16 08:58:51.714] [DIST-SAVED_JSON] Item: SCMPL0011418 | [208]
[2026-03-16 08:58:51.717] [DIST-BILL_GEN] Item: SCMPL0011418 | {"qty":208,"dist":[208],"sum":208}
[2026-03-16 08:58:51.719] [DIST-SAVED_JSON] Item: SCMPL0010234 | [380]
[2026-03-16 08:58:51.719] [DIST-BILL_GEN] Item: SCMPL0010234 | {"qty":380,"dist":[380],"sum":380}
[2026-03-16 08:58:51.721] [DIST-SAVED_JSON] Item: SCMPL0010451 | [2860]
[2026-03-16 08:58:51.722] [DIST-BILL_GEN] Item: SCMPL0010451 | {"qty":2860,"dist":[2860],"sum":2860}
[2026-03-16 08:58:51.723] [DIST-GENERATED_NEW] Item: SCMPL0010087 | {"total_qty":920,"available_dates":1}
[2026-03-16 08:58:51.724] [DIST-BILL_GEN] Item: SCMPL0010087 | {"qty":920,"dist":[920],"sum":920}
[2026-03-16 08:58:51.726] [DIST-GENERATED_NEW] Item: SCMPL0010020 | {"total_qty":925,"available_dates":1}
[2026-03-16 08:58:51.726] [DIST-BILL_GEN] Item: SCMPL0010020 | {"qty":925,"dist":[925],"sum":925}
[2026-03-16 08:58:51.729] [DIST-SAVED_JSON] Item: SCMKB0031391 | [400]
[2026-03-16 08:58:51.732] [DIST-BILL_GEN] Item: SCMKB0031391 | {"qty":400,"dist":[400],"sum":400}
[2026-03-16 08:58:51.736] [DIST-SAVED_JSON] Item: SCMBR0018158 | [400]
[2026-03-16 08:58:51.737] [DIST-BILL_GEN] Item: SCMBR0018158 | {"qty":400,"dist":[400],"sum":400}
[2026-03-16 08:58:51.740] [DIST-SAVED_JSON] Item: SCMBR0009847 | [325]
[2026-03-16 08:58:51.741] [DIST-BILL_GEN] Item: SCMBR0009847 | {"qty":325,"dist":[325],"sum":325}
[2026-03-16 08:58:51.744] [DIST-SAVED_JSON] Item: SCMBR0029429 | [400]
[2026-03-16 08:58:51.745] [DIST-BILL_GEN] Item: SCMBR0029429 | {"qty":400,"dist":[400],"sum":400}
[2026-03-16 08:58:51.751] [DIST-GENERATED_NEW] Item: SCMBR0037366 | {"total_qty":43,"available_dates":1}
[2026-03-16 08:58:51.752] [DIST-BILL_GEN] Item: SCMBR0037366 | {"qty":43,"dist":[43],"sum":43}
[2026-03-16 08:58:51.754] [DIST-GENERATED_NEW] Item: SCMWN0019724 | {"total_qty":70,"available_dates":1}
[2026-03-16 08:58:51.755] [DIST-BILL_GEN] Item: SCMWN0019724 | {"qty":70,"dist":[70],"sum":70}
[2026-03-16 08:58:51.759] [DIST-SAVED_JSON] Item: SCMBR0021532 | [200]
[2026-03-16 08:58:51.760] [DIST-BILL_GEN] Item: SCMBR0021532 | {"qty":200,"dist":[200],"sum":200}
[2026-03-16 08:58:51.767] [DIST-SAVED_JSON] Item: SCMBR0018142 | [209]
[2026-03-16 08:58:51.769] [DIST-BILL_GEN] Item: SCMBR0018142 | {"qty":209,"dist":[209],"sum":209}
[2026-03-16 08:58:51.772] [DIST-SAVED_JSON] Item: SCMBR0018132 | [96]
[2026-03-16 08:58:51.773] [DIST-BILL_GEN] Item: SCMBR0018132 | {"qty":96,"dist":[96],"sum":96}
[2026-03-16 08:58:51.775] [DIST-SAVED_JSON] Item: SCMBR0023258 | [400]
[2026-03-16 08:58:51.776] [DIST-BILL_GEN] Item: SCMBR0023258 | {"qty":400,"dist":[400],"sum":400}
[2026-03-16 08:58:51.782] [DIST-SAVED_JSON] Item: SCMPL0010677 | [100]
[2026-03-16 08:58:51.784] [DIST-BILL_GEN] Item: SCMPL0010677 | {"qty":100,"dist":[100],"sum":100}
[2026-03-16 08:58:51.788] [DIST-SAVED_JSON] Item: SCMPL0010453 | [180]
[2026-03-16 08:58:51.789] [DIST-BILL_GEN] Item: SCMPL0010453 | {"qty":180,"dist":[180],"sum":180}
[2026-03-16 08:58:51.792] [DIST-SAVED_JSON] Item: SCMPL0009902 | [9]
[2026-03-16 08:58:51.793] [DIST-BILL_GEN] Item: SCMPL0009902 | {"qty":9,"dist":[9],"sum":9}
[2026-03-16 08:58:51.795] [DIST-GENERATED_NEW] Item: SCMPL0022276 | {"total_qty":800,"available_dates":1}
[2026-03-16 08:58:51.802] [DIST-BILL_GEN] Item: SCMPL0022276 | {"qty":800,"dist":[800],"sum":800}
[2026-03-16 08:58:51.809] [DIST-GENERATED_NEW] Item: SCMPL0010055 | {"total_qty":1140,"available_dates":1}
[2026-03-16 08:58:51.817] [DIST-BILL_GEN] Item: SCMPL0010055 | {"qty":1140,"dist":[1140],"sum":1140}
[2026-03-16 08:58:51.826] [DIST-SAVED_JSON] Item: SCMPL0010678 | [700]
[2026-03-16 08:58:51.827] [DIST-BILL_GEN] Item: SCMPL0010678 | {"qty":700,"dist":[700],"sum":700}
[2026-03-16 08:59:20.401] [DIST-SAVED_JSON] Item: SCMPL0012499 | [4,7,9,14,8,4,6,14,12,5,9,11,14,7,5,8,10,5,8,15,8,3,13,2,11,9,4,13,6,16]
[2026-03-16 08:59:20.403] [DIST-BILL_GEN] Item: SCMPL0012499 | {"qty":260,"dist":[4,7,9,14,8,4,6,14,12,5,9,11,14,7,5,8,10,5,8,15,8,3,13,2,11,9,4,13,6,16],"sum":260}
[2026-03-16 08:59:20.407] [DIST-SAVED_JSON] Item: SCMPL0022277 | [15,13,13,16,18,17,19,8,10,10,14,13,10,16,6,13,13,14,10,17,13,8,20,14,12,13,16,17,7,15]
[2026-03-16 08:59:20.408] [DIST-BILL_GEN] Item: SCMPL0022277 | {"qty":400,"dist":[15,13,13,16,18,17,19,8,10,10,14,13,10,16,6,13,13,14,10,17,13,8,20,14,12,13,16,17,7,15],"sum":400}
[2026-03-16 08:59:20.412] [DIST-SAVED_JSON] Item: SCMPL0009775 | [17,17,11,16,13,19,17,16,10,10,16,16,12,12,6,14,12,14,12,16,15,14,13,16,12,9,13,9,11,12]
[2026-03-16 08:59:20.418] [DIST-BILL_GEN] Item: SCMPL0009775 | {"qty":400,"dist":[17,17,11,16,13,19,17,16,10,10,16,16,12,12,6,14,12,14,12,16,15,14,13,16,12,9,13,9,11,12],"sum":400}
[2026-03-16 08:59:20.422] [DIST-SAVED_JSON] Item: SCMPL0010679 | [48,51,59,49,31,46,51,56,50,41,71,39,62,43,53,48,64,63,34,47,61,56,57,55,53,45,41,56,57,49]
[2026-03-16 08:59:20.423] [DIST-BILL_GEN] Item: SCMPL0010679 | {"qty":1536,"dist":[48,51,59,49,31,46,51,56,50,41,71,39,62,43,53,48,64,63,34,47,61,56,57,55,53,45,41,56,57,49],"sum":1536}
[2026-03-16 08:59:20.427] [DIST-SAVED_JSON] Item: SCMPL0009770 | [13,18,10,12,7,11,14,13,18,13,16,20,14,10,15,11,10,9,12,13,13,15,15,20,9,13,18,13,11,14]
[2026-03-16 08:59:20.428] [DIST-BILL_GEN] Item: SCMPL0009770 | {"qty":400,"dist":[13,18,10,12,7,11,14,13,18,13,16,20,14,10,15,11,10,9,12,13,13,15,15,20,9,13,18,13,11,14],"sum":400}
[2026-03-16 08:59:20.436] [DIST-SAVED_JSON] Item: SCMPL0010445 | [1,2,3,0,1,1,1,2,2,1,1,1,1,0,3,2,1,2,1,0,0,0,1,0,1,2,2,0,0,0]
[2026-03-16 08:59:20.437] [DIST-BILL_GEN] Item: SCMPL0010445 | {"qty":32,"dist":[1,2,3,0,1,1,1,2,2,1,1,1,1,0,3,2,1,2,1,0,0,0,1,0,1,2,2,0,0,0],"sum":32}
[2026-03-16 08:59:20.441] [DIST-SAVED_JSON] Item: SCMPL0012496 | [77,84,88,57,103,64,69,80,77,78,78,84,85,83,66,78,77,73,69,90,86,71,92,80,87,73,83,76,77,75]
[2026-03-16 08:59:20.442] [DIST-BILL_GEN] Item: SCMPL0012496 | {"qty":2360,"dist":[77,84,88,57,103,64,69,80,77,78,78,84,85,83,66,78,77,73,69,90,86,71,92,80,87,73,83,76,77,75],"sum":2360}
[2026-03-16 08:59:20.452] [DIST-SAVED_JSON] Item: SCMPL0011418 | [11,3,3,8,4,8,5,7,6,11,7,12,11,4,4,9,5,5,4,8,6,11,6,7,7,3,5,8,12,8]
[2026-03-16 08:59:20.453] [DIST-BILL_GEN] Item: SCMPL0011418 | {"qty":208,"dist":[11,3,3,8,4,8,5,7,6,11,7,12,11,4,4,9,5,5,4,8,6,11,6,7,7,3,5,8,12,8],"sum":208}
[2026-03-16 08:59:20.457] [DIST-SAVED_JSON] Item: SCMPL0010234 | [15,15,14,12,16,12,19,18,13,12,11,4,11,14,9,9,9,15,11,9,17,12,11,13,15,14,12,18,12,8]
[2026-03-16 08:59:20.458] [DIST-BILL_GEN] Item: SCMPL0010234 | {"qty":380,"dist":[15,15,14,12,16,12,19,18,13,12,11,4,11,14,9,9,9,15,11,9,17,12,11,13,15,14,12,18,12,8],"sum":380}
[2026-03-16 08:59:20.460] [DIST-SAVED_JSON] Item: SCMPL0010451 | [94,98,102,90,98,99,87,99,89,99,88,83,85,99,96,98,107,90,75,97,106,97,91,114,93,82,99,96,99,110]
[2026-03-16 08:59:20.461] [DIST-BILL_GEN] Item: SCMPL0010451 | {"qty":2860,"dist":[94,98,102,90,98,99,87,99,89,99,88,83,85,99,96,98,107,90,75,97,106,97,91,114,93,82,99,96,99,110],"sum":2860}
[2026-03-16 08:59:20.468] [DIST-GENERATED_NEW] Item: SCMPL0010087 | {"total_qty":920,"available_dates":30}
[2026-03-16 08:59:20.470] [DIST-BILL_GEN] Item: SCMPL0010087 | {"qty":920,"dist":[29,39,34,27,40,40,26,23,35,26,40,22,27,35,28,33,32,33,30,23,19,27,29,28,34,28,33,34,35,31],"sum":920}
[2026-03-16 08:59:20.472] [DIST-GENERATED_NEW] Item: SCMPL0010020 | {"total_qty":925,"available_dates":30}
[2026-03-16 08:59:20.473] [DIST-BILL_GEN] Item: SCMPL0010020 | {"qty":925,"dist":[36,31,39,27,26,26,30,28,41,19,22,39,32,25,30,33,31,37,23,21,27,38,30,33,28,39,33,30,38,33],"sum":925}
[2026-03-16 08:59:20.475] [DIST-SAVED_JSON] Item: SCMKB0031391 | [11,10,11,17,13,15,17,15,17,14,14,14,11,14,14,16,14,14,8,5,14,12,9,11,11,20,16,9,16,18]
[2026-03-16 08:59:20.476] [DIST-BILL_GEN] Item: SCMKB0031391 | {"qty":400,"dist":[11,10,11,17,13,15,17,15,17,14,14,14,11,14,14,16,14,14,8,5,14,12,9,11,11,20,16,9,16,18],"sum":400}
[2026-03-16 08:59:20.478] [DIST-SAVED_JSON] Item: SCMBR0018158 | [12,17,14,9,19,10,17,11,24,14,9,14,17,12,13,15,14,17,9,12,10,8,12,8,13,21,15,11,15,8]
[2026-03-16 08:59:20.481] [DIST-BILL_GEN] Item: SCMBR0018158 | {"qty":400,"dist":[12,17,14,9,19,10,17,11,24,14,9,14,17,12,13,15,14,17,9,12,10,8,12,8,13,21,15,11,15,8],"sum":400}
[2026-03-16 08:59:20.488] [DIST-SAVED_JSON] Item: SCMBR0009847 | [11,12,8,7,13,14,14,10,13,13,9,11,9,18,9,7,11,10,19,10,21,5,9,7,7,7,13,9,12,7]
[2026-03-16 08:59:20.489] [DIST-BILL_GEN] Item: SCMBR0009847 | {"qty":325,"dist":[11,12,8,7,13,14,14,10,13,13,9,11,9,18,9,7,11,10,19,10,21,5,9,7,7,7,13,9,12,7],"sum":325}
[2026-03-16 08:59:20.493] [DIST-SAVED_JSON] Item: SCMBR0029429 | [12,18,12,14,12,15,12,12,13,9,9,16,13,12,15,18,15,13,12,15,18,13,12,16,10,12,15,17,9,11]
[2026-03-16 08:59:20.494] [DIST-BILL_GEN] Item: SCMBR0029429 | {"qty":400,"dist":[12,18,12,14,12,15,12,12,13,9,9,16,13,12,15,18,15,13,12,15,18,13,12,16,10,12,15,17,9,11],"sum":400}
[2026-03-16 08:59:20.502] [DIST-GENERATED_NEW] Item: SCMBR0037366 | {"total_qty":43,"available_dates":30}
[2026-03-16 08:59:20.504] [DIST-BILL_GEN] Item: SCMBR0037366 | {"qty":43,"dist":[3,2,3,0,2,0,2,1,3,3,7,0,0,1,1,1,1,1,0,0,0,1,2,1,0,3,1,1,1,2],"sum":43}
[2026-03-16 08:59:20.508] [DIST-GENERATED_NEW] Item: SCMWN0019724 | {"total_qty":70,"available_dates":30}
[2026-03-16 08:59:20.510] [DIST-BILL_GEN] Item: SCMWN0019724 | {"qty":70,"dist":[1,2,1,2,4,3,2,3,2,0,1,5,6,5,0,1,1,3,4,2,2,2,3,1,0,3,2,2,3,4],"sum":70}
[2026-03-16 08:59:20.524] [DIST-SAVED_JSON] Item: SCMBR0021532 | [5,5,7,9,7,6,6,4,11,6,4,6,8,7,11,6,8,7,6,9,5,4,9,5,7,7,6,3,6,10]
[2026-03-16 08:59:20.526] [DIST-BILL_GEN] Item: SCMBR0021532 | {"qty":200,"dist":[5,5,7,9,7,6,6,4,11,6,4,6,8,7,11,6,8,7,6,9,5,4,9,5,7,7,6,3,6,10],"sum":200}
[2026-03-16 08:59:20.532] [DIST-SAVED_JSON] Item: SCMBR0018142 | [11,7,9,6,7,8,2,4,6,11,8,10,8,8,8,6,10,4,7,6,3,9,9,7,8,8,7,4,2,6]
[2026-03-16 08:59:20.533] [DIST-BILL_GEN] Item: SCMBR0018142 | {"qty":209,"dist":[11,7,9,6,7,8,2,4,6,11,8,10,8,8,8,6,10,4,7,6,3,9,9,7,8,8,7,4,2,6],"sum":209}
[2026-03-16 08:59:20.539] [DIST-SAVED_JSON] Item: SCMBR0018132 | [5,1,3,3,2,8,5,4,5,6,3,3,3,2,4,2,3,0,3,2,3,3,5,4,0,1,2,2,7,2]
[2026-03-16 08:59:20.548] [DIST-BILL_GEN] Item: SCMBR0018132 | {"qty":96,"dist":[5,1,3,3,2,8,5,4,5,6,3,3,3,2,4,2,3,0,3,2,3,3,5,4,0,1,2,2,7,2],"sum":96}
[2026-03-16 08:59:20.558] [DIST-SAVED_JSON] Item: SCMBR0023258 | [15,18,15,9,11,9,13,11,13,12,16,13,16,13,14,16,14,9,9,16,14,10,20,13,18,7,14,18,9,15]
[2026-03-16 08:59:20.560] [DIST-BILL_GEN] Item: SCMBR0023258 | {"qty":400,"dist":[15,18,15,9,11,9,13,11,13,12,16,13,16,13,14,16,14,9,9,16,14,10,20,13,18,7,14,18,9,15],"sum":400}
[2026-03-16 08:59:20.570] [DIST-SAVED_JSON] Item: SCMPL0010677 | [5,3,3,5,4,1,6,0,5,3,5,1,5,1,4,3,1,3,4,2,3,3,7,5,4,0,4,5,2,3]
[2026-03-16 08:59:20.576] [DIST-BILL_GEN] Item: SCMPL0010677 | {"qty":100,"dist":[5,3,3,5,4,1,6,0,5,3,5,1,5,1,4,3,1,3,4,2,3,3,7,5,4,0,4,5,2,3],"sum":100}
[2026-03-16 08:59:20.591] [DIST-SAVED_JSON] Item: SCMPL0010453 | [8,5,8,7,7,6,7,3,7,8,6,4,10,1,3,3,2,6,9,7,7,8,5,7,6,3,8,7,8,4]
[2026-03-16 08:59:20.602] [DIST-BILL_GEN] Item: SCMPL0010453 | {"qty":180,"dist":[8,5,8,7,7,6,7,3,7,8,6,4,10,1,3,3,2,6,9,7,7,8,5,7,6,3,8,7,8,4],"sum":180}
[2026-03-16 08:59:20.609] [DIST-GENERATED_NEW] Item: SCMPL0009902 | {"total_qty":9,"available_dates":30}
[2026-03-16 08:59:20.610] [DIST-BILL_GEN] Item: SCMPL0009902 | {"qty":9,"dist":[0,0,0,0,1,1,0,2,1,0,0,0,0,2,0,0,0,0,0,0,0,0,1,0,0,0,0,0,1,0],"sum":9}
[2026-03-16 08:59:20.625] [DIST-SAVED_JSON] Item: SCMPL0022276 | [34,26,26,25,28,23,25,22,31,32,28,23,28,25,30,34,19,20,18,28,29,17,34,22,22,38,31,27,26,29]
[2026-03-16 08:59:20.628] [DIST-BILL_GEN] Item: SCMPL0022276 | {"qty":800,"dist":[34,26,26,25,28,23,25,22,31,32,28,23,28,25,30,34,19,20,18,28,29,17,34,22,22,38,31,27,26,29],"sum":800}
[2026-03-16 08:59:20.640] [DIST-SAVED_JSON] Item: SCMPL0010055 | [41,40,35,39,30,45,38,37,43,34,28,43,34,42,36,34,40,36,35,39,42,37,44,37,44,32,34,44,43,34]
[2026-03-16 08:59:20.643] [DIST-BILL_GEN] Item: SCMPL0010055 | {"qty":1140,"dist":[41,40,35,39,30,45,38,37,43,34,28,43,34,42,36,34,40,36,35,39,42,37,44,37,44,32,34,44,43,34],"sum":1140}
[2026-03-16 08:59:20.658] [DIST-SAVED_JSON] Item: SCMPL0010678 | [24,27,20,25,28,32,27,18,30,19,27,12,29,26,25,19,23,27,20,19,25,26,15,28,28,23,18,15,22,23]
[2026-03-16 08:59:20.661] [DIST-BILL_GEN] Item: SCMPL0010678 | {"qty":700,"dist":[24,27,20,25,28,32,27,18,30,19,27,12,29,26,25,19,23,27,20,19,25,26,15,28,28,23,18,15,22,23],"sum":700}
[2026-03-16 09:09:26.297] [DIST-SAVED_JSON] Item: SCMPL0012499 | [21,17,10,18,16,23,15,17,18,8,19,18,17,26,17]
[2026-03-16 09:09:26.298] [DIST-BILL_GEN] Item: SCMPL0012499 | {"qty":260,"dist":[21,17,10,18,16,23,15,17,18,8,19,18,17,26,17],"sum":260}
[2026-03-16 09:09:26.299] [DIST-SAVED_JSON] Item: SCMPL0022277 | [19,34,22,31,21,21,26,29,28,27,29,31,22,26,34]
[2026-03-16 09:09:26.300] [DIST-BILL_GEN] Item: SCMPL0022277 | {"qty":400,"dist":[19,34,22,31,21,21,26,29,28,27,29,31,22,26,34],"sum":400}
[2026-03-16 09:09:26.302] [DIST-SAVED_JSON] Item: SCMPL0009775 | [36,28,22,31,29,27,29,31,20,29,25,17,26,24,26]
[2026-03-16 09:09:26.303] [DIST-BILL_GEN] Item: SCMPL0009775 | {"qty":400,"dist":[36,28,22,31,29,27,29,31,20,29,25,17,26,24,26],"sum":400}
[2026-03-16 09:09:26.305] [DIST-SAVED_JSON] Item: SCMPL0010679 | [104,118,111,102,112,81,106,90,100,104,86,127,110,88,97]
[2026-03-16 09:09:26.305] [DIST-BILL_GEN] Item: SCMPL0010679 | {"qty":1536,"dist":[104,118,111,102,112,81,106,90,100,104,86,127,110,88,97],"sum":1536}
[2026-03-16 09:09:26.310] [DIST-SAVED_JSON] Item: SCMPL0009770 | [30,25,25,24,34,23,34,20,30,30,21,23,25,31,25]
[2026-03-16 09:09:26.314] [DIST-BILL_GEN] Item: SCMPL0009770 | {"qty":400,"dist":[30,25,25,24,34,23,34,20,30,30,21,23,25,31,25],"sum":400}
[2026-03-16 09:09:26.317] [DIST-SAVED_JSON] Item: SCMPL0010445 | [2,4,4,1,1,2,3,3,1,4,1,1,1,3,1]
[2026-03-16 09:09:26.317] [DIST-BILL_GEN] Item: SCMPL0010445 | {"qty":32,"dist":[2,4,4,1,1,2,3,3,1,4,1,1,1,3,1],"sum":32}
[2026-03-16 09:09:26.319] [DIST-SAVED_JSON] Item: SCMPL0012496 | [176,161,164,169,142,160,159,162,143,157,131,154,179,164,139]
[2026-03-16 09:09:26.320] [DIST-BILL_GEN] Item: SCMPL0012496 | {"qty":2360,"dist":[176,161,164,169,142,160,159,162,143,157,131,154,179,164,139],"sum":2360}
[2026-03-16 09:09:26.323] [DIST-SAVED_JSON] Item: SCMPL0011418 | [16,15,16,15,10,14,14,11,10,13,19,12,16,11,16]
[2026-03-16 09:09:26.323] [DIST-BILL_GEN] Item: SCMPL0011418 | {"qty":208,"dist":[16,15,16,15,10,14,14,11,10,13,19,12,16,11,16],"sum":208}
[2026-03-16 09:09:26.331] [DIST-SAVED_JSON] Item: SCMPL0010234 | [21,24,16,29,28,28,25,27,21,27,26,24,31,32,21]
[2026-03-16 09:09:26.332] [DIST-BILL_GEN] Item: SCMPL0010234 | {"qty":380,"dist":[21,24,16,29,28,28,25,27,21,27,26,24,31,32,21],"sum":380}
[2026-03-16 09:09:26.334] [DIST-SAVED_JSON] Item: SCMPL0010451 | [192,201,197,208,178,198,162,156,189,205,203,194,216,191,170]
[2026-03-16 09:09:26.335] [DIST-BILL_GEN] Item: SCMPL0010451 | {"qty":2860,"dist":[192,201,197,208,178,198,162,156,189,205,203,194,216,191,170],"sum":2860}
[2026-03-16 09:09:26.337] [DIST-SAVED_JSON] Item: SCMPL0010087 | [65,55,58,51,56,58,64,71,57,60,66,70,59,66,64]
[2026-03-16 09:09:26.338] [DIST-BILL_GEN] Item: SCMPL0010087 | {"qty":920,"dist":[65,55,58,51,56,58,64,71,57,60,66,70,59,66,64],"sum":920}
[2026-03-16 09:09:26.341] [DIST-SAVED_JSON] Item: SCMPL0010020 | [60,58,61,65,60,69,65,46,71,64,65,55,66,52,68]
[2026-03-16 09:09:26.347] [DIST-BILL_GEN] Item: SCMPL0010020 | {"qty":925,"dist":[60,58,61,65,60,69,65,46,71,64,65,55,66,52,68],"sum":925}
[2026-03-16 09:09:26.352] [DIST-SAVED_JSON] Item: SCMKB0031391 | [24,26,28,21,32,30,27,32,27,23,29,28,22,26,25]
[2026-03-16 09:09:26.354] [DIST-BILL_GEN] Item: SCMKB0031391 | {"qty":400,"dist":[24,26,28,21,32,30,27,32,27,23,29,28,22,26,25],"sum":400}
[2026-03-16 09:09:26.361] [DIST-SAVED_JSON] Item: SCMBR0018158 | [29,19,25,36,18,25,35,28,21,33,25,27,31,22,26]
[2026-03-16 09:09:26.364] [DIST-BILL_GEN] Item: SCMBR0018158 | {"qty":400,"dist":[29,19,25,36,18,25,35,28,21,33,25,27,31,22,26],"sum":400}
[2026-03-16 09:09:26.371] [DIST-SAVED_JSON] Item: SCMBR0009847 | [11,17,28,20,21,20,20,24,20,23,21,26,27,23,24]
[2026-03-16 09:09:26.372] [DIST-BILL_GEN] Item: SCMBR0009847 | {"qty":325,"dist":[11,17,28,20,21,20,20,24,20,23,21,26,27,23,24],"sum":325}
[2026-03-16 09:09:26.381] [DIST-SAVED_JSON] Item: SCMBR0029429 | [27,18,22,27,30,27,23,45,32,26,28,22,15,37,21]
[2026-03-16 09:09:26.384] [DIST-BILL_GEN] Item: SCMBR0029429 | {"qty":400,"dist":[27,18,22,27,30,27,23,45,32,26,28,22,15,37,21],"sum":400}
[2026-03-16 09:09:26.389] [DIST-SAVED_JSON] Item: SCMBR0037366 | [3,4,3,2,2,4,3,2,3,0,4,2,4,3,4]
[2026-03-16 09:09:26.390] [DIST-BILL_GEN] Item: SCMBR0037366 | {"qty":43,"dist":[3,4,3,2,2,4,3,2,3,0,4,2,4,3,4],"sum":43}
[2026-03-16 09:09:26.400] [DIST-SAVED_JSON] Item: SCMWN0019724 | [4,5,4,4,9,4,3,7,3,6,5,5,5,2,4]
[2026-03-16 09:09:26.402] [DIST-BILL_GEN] Item: SCMWN0019724 | {"qty":70,"dist":[4,5,4,4,9,4,3,7,3,6,5,5,5,2,4],"sum":70}
[2026-03-16 09:09:26.406] [DIST-SAVED_JSON] Item: SCMBR0021532 | [20,14,13,17,18,12,6,9,12,14,11,8,17,16,13]
[2026-03-16 09:09:26.409] [DIST-BILL_GEN] Item: SCMBR0021532 | {"qty":200,"dist":[20,14,13,17,18,12,6,9,12,14,11,8,17,16,13],"sum":200}
[2026-03-16 09:09:26.418] [DIST-SAVED_JSON] Item: SCMBR0018142 | [9,11,12,18,20,22,7,11,13,21,23,7,5,13,17]
[2026-03-16 09:09:26.420] [DIST-BILL_GEN] Item: SCMBR0018142 | {"qty":209,"dist":[9,11,12,18,20,22,7,11,13,21,23,7,5,13,17],"sum":209}
[2026-03-16 09:09:26.423] [DIST-GENERATED_NEW] Item: SCMBR0018132 | {"total_qty":96,"available_dates":15}
[2026-03-16 09:09:26.429] [DIST-BILL_GEN] Item: SCMBR0018132 | {"qty":96,"dist":[4,5,8,10,5,6,4,9,4,7,8,5,6,5,10],"sum":96}
[2026-03-16 09:09:26.435] [DIST-GENERATED_NEW] Item: SCMBR0023258 | {"total_qty":400,"available_dates":15}
[2026-03-16 09:09:26.437] [DIST-BILL_GEN] Item: SCMBR0023258 | {"qty":400,"dist":[24,25,32,20,23,31,25,31,26,35,20,33,18,22,35],"sum":400}
[2026-03-16 09:09:26.439] [DIST-GENERATED_NEW] Item: SCMPL0010677 | {"total_qty":100,"available_dates":15}
[2026-03-16 09:09:26.444] [DIST-BILL_GEN] Item: SCMPL0010677 | {"qty":100,"dist":[9,8,4,5,6,7,6,6,7,7,7,9,10,1,8],"sum":100}
[2026-03-16 09:09:26.450] [DIST-GENERATED_NEW] Item: SCMPL0010453 | {"total_qty":180,"available_dates":15}
[2026-03-16 09:09:26.452] [DIST-BILL_GEN] Item: SCMPL0010453 | {"qty":180,"dist":[3,14,14,16,5,11,11,8,13,16,16,12,10,16,15],"sum":180}
[2026-03-16 09:09:26.454] [DIST-GENERATED_NEW] Item: SCMPL0009902 | {"total_qty":9,"available_dates":15}
[2026-03-16 09:09:26.455] [DIST-BILL_GEN] Item: SCMPL0009902 | {"qty":9,"dist":[1,0,1,0,3,0,0,1,0,0,1,0,1,1,0],"sum":9}
[2026-03-16 09:09:26.459] [DIST-GENERATED_NEW] Item: SCMPL0022276 | {"total_qty":800,"available_dates":15}
[2026-03-16 09:09:26.466] [DIST-BILL_GEN] Item: SCMPL0022276 | {"qty":800,"dist":[62,45,55,61,62,65,41,52,45,50,57,47,55,53,50],"sum":800}
[2026-03-16 09:09:26.470] [DIST-GENERATED_NEW] Item: SCMPL0010055 | {"total_qty":1140,"available_dates":15}
[2026-03-16 09:09:26.471] [DIST-BILL_GEN] Item: SCMPL0010055 | {"qty":1140,"dist":[86,79,74,80,81,76,65,75,72,70,79,73,81,74,75],"sum":1140}
[2026-03-16 09:09:26.481] [DIST-SAVED_JSON] Item: SCMPL0010678 | [29,60,58,50,33,59,51,54,44,49,38,54,32,36,53]
[2026-03-16 09:09:26.485] [DIST-BILL_GEN] Item: SCMPL0010678 | {"qty":700,"dist":[29,60,58,50,33,59,51,54,44,49,38,54,32,36,53],"sum":700}
[2026-03-16 09:10:14.005] [DIST-SAVED_JSON] Item: SCMPL0012499 | [21,17,10,18,16,23,15,17,18,8,19,18,17,26,17]
[2026-03-16 09:10:14.005] [DIST-BILL_GEN] Item: SCMPL0012499 | {"qty":260,"dist":[21,17,10,18,16,23,15,17,18,8,19,18,17,26,17],"sum":260}
[2026-03-16 09:10:14.007] [DIST-SAVED_JSON] Item: SCMPL0022277 | [19,34,22,31,21,21,26,29,28,27,29,31,22,26,34]
[2026-03-16 09:10:14.007] [DIST-BILL_GEN] Item: SCMPL0022277 | {"qty":400,"dist":[19,34,22,31,21,21,26,29,28,27,29,31,22,26,34],"sum":400}
[2026-03-16 09:10:14.014] [DIST-SAVED_JSON] Item: SCMPL0009775 | [36,28,22,31,29,27,29,31,20,29,25,17,26,24,26]
[2026-03-16 09:10:14.015] [DIST-BILL_GEN] Item: SCMPL0009775 | {"qty":400,"dist":[36,28,22,31,29,27,29,31,20,29,25,17,26,24,26],"sum":400}
[2026-03-16 09:10:14.018] [DIST-SAVED_JSON] Item: SCMPL0009770 | [30,25,25,24,34,23,34,20,30,30,21,23,25,31,25]
[2026-03-16 09:10:14.018] [DIST-BILL_GEN] Item: SCMPL0009770 | {"qty":400,"dist":[30,25,25,24,34,23,34,20,30,30,21,23,25,31,25],"sum":400}
[2026-03-16 09:10:14.020] [DIST-SAVED_JSON] Item: SCMPL0010445 | [2,4,4,1,1,2,3,3,1,4,1,1,1,3,1]
[2026-03-16 09:10:14.021] [DIST-BILL_GEN] Item: SCMPL0010445 | {"qty":32,"dist":[2,4,4,1,1,2,3,3,1,4,1,1,1,3,1],"sum":32}
[2026-03-16 09:10:14.024] [DIST-SAVED_JSON] Item: SCMPL0011418 | [16,15,16,15,10,14,14,11,10,13,19,12,16,11,16]
[2026-03-16 09:10:14.024] [DIST-BILL_GEN] Item: SCMPL0011418 | {"qty":208,"dist":[16,15,16,15,10,14,14,11,10,13,19,12,16,11,16],"sum":208}
[2026-03-16 09:10:14.033] [DIST-SAVED_JSON] Item: SCMPL0010451 | [192,201,197,208,178,198,162,156,189,205,203,194,216,191,170]
[2026-03-16 09:10:14.034] [DIST-BILL_GEN] Item: SCMPL0010451 | {"qty":2860,"dist":[192,201,197,208,178,198,162,156,189,205,203,194,216,191,170],"sum":2860}
[2026-03-16 09:10:14.038] [DIST-SAVED_JSON] Item: SCMPL0010020 | [60,58,61,65,60,69,65,46,71,64,65,55,66,52,68]
[2026-03-16 09:10:14.039] [DIST-BILL_GEN] Item: SCMPL0010020 | {"qty":925,"dist":[60,58,61,65,60,69,65,46,71,64,65,55,66,52,68],"sum":925}
[2026-03-16 09:10:14.041] [DIST-SAVED_JSON] Item: SCMKB0031391 | [24,26,28,21,32,30,27,32,27,23,29,28,22,26,25]
[2026-03-16 09:10:14.046] [DIST-BILL_GEN] Item: SCMKB0031391 | {"qty":400,"dist":[24,26,28,21,32,30,27,32,27,23,29,28,22,26,25],"sum":400}
[2026-03-16 09:10:14.051] [DIST-SAVED_JSON] Item: SCMBR0018158 | [29,19,25,36,18,25,35,28,21,33,25,27,31,22,26]
[2026-03-16 09:10:14.053] [DIST-BILL_GEN] Item: SCMBR0018158 | {"qty":400,"dist":[29,19,25,36,18,25,35,28,21,33,25,27,31,22,26],"sum":400}
[2026-03-16 09:10:14.057] [DIST-SAVED_JSON] Item: SCMBR0009847 | [11,17,28,20,21,20,20,24,20,23,21,26,27,23,24]
[2026-03-16 09:10:14.062] [DIST-BILL_GEN] Item: SCMBR0009847 | {"qty":325,"dist":[11,17,28,20,21,20,20,24,20,23,21,26,27,23,24],"sum":325}
[2026-03-16 09:10:14.070] [DIST-SAVED_JSON] Item: SCMBR0029429 | [27,18,22,27,30,27,23,45,32,26,28,22,15,37,21]
[2026-03-16 09:10:14.071] [DIST-BILL_GEN] Item: SCMBR0029429 | {"qty":400,"dist":[27,18,22,27,30,27,23,45,32,26,28,22,15,37,21],"sum":400}
[2026-03-16 09:10:14.082] [DIST-SAVED_JSON] Item: SCMBR0037366 | [3,4,3,2,2,4,3,2,3,0,4,2,4,3,4]
[2026-03-16 09:10:14.086] [DIST-BILL_GEN] Item: SCMBR0037366 | {"qty":43,"dist":[3,4,3,2,2,4,3,2,3,0,4,2,4,3,4],"sum":43}
[2026-03-16 09:10:14.090] [DIST-SAVED_JSON] Item: SCMWN0019724 | [4,5,4,4,9,4,3,7,3,6,5,5,5,2,4]
[2026-03-16 09:10:14.097] [DIST-BILL_GEN] Item: SCMWN0019724 | {"qty":70,"dist":[4,5,4,4,9,4,3,7,3,6,5,5,5,2,4],"sum":70}
[2026-03-16 09:10:14.104] [DIST-SAVED_JSON] Item: SCMBR0021532 | [20,14,13,17,18,12,6,9,12,14,11,8,17,16,13]
[2026-03-16 09:10:14.106] [DIST-BILL_GEN] Item: SCMBR0021532 | {"qty":200,"dist":[20,14,13,17,18,12,6,9,12,14,11,8,17,16,13],"sum":200}
[2026-03-16 09:10:14.115] [DIST-SAVED_JSON] Item: SCMBR0018142 | [9,11,12,18,20,22,7,11,13,21,23,7,5,13,17]
[2026-03-16 09:10:14.117] [DIST-BILL_GEN] Item: SCMBR0018142 | {"qty":209,"dist":[9,11,12,18,20,22,7,11,13,21,23,7,5,13,17],"sum":209}
[2026-03-16 09:10:14.121] [DIST-GENERATED_NEW] Item: SCMBR0018132 | {"total_qty":96,"available_dates":15}
[2026-03-16 09:10:14.123] [DIST-BILL_GEN] Item: SCMBR0018132 | {"qty":96,"dist":[6,7,4,6,7,8,5,6,9,2,3,7,10,4,12],"sum":96}
[2026-03-16 09:10:14.126] [DIST-GENERATED_NEW] Item: SCMBR0023258 | {"total_qty":400,"available_dates":15}
[2026-03-16 09:10:14.133] [DIST-BILL_GEN] Item: SCMBR0023258 | {"qty":400,"dist":[42,28,24,24,26,19,31,32,25,23,22,18,32,28,26],"sum":400}
[2026-03-16 09:10:14.137] [DIST-GENERATED_NEW] Item: SCMPL0010677 | {"total_qty":100,"available_dates":15}
[2026-03-16 09:10:14.138] [DIST-BILL_GEN] Item: SCMPL0010677 | {"qty":100,"dist":[8,4,9,6,9,2,9,4,8,2,9,6,8,10,6],"sum":100}
[2026-03-16 09:10:14.141] [DIST-GENERATED_NEW] Item: SCMPL0010453 | {"total_qty":180,"available_dates":15}
[2026-03-16 09:10:14.147] [DIST-BILL_GEN] Item: SCMPL0010453 | {"qty":180,"dist":[16,10,13,16,12,13,11,7,14,11,17,14,11,8,7],"sum":180}
[2026-03-16 09:10:14.152] [DIST-GENERATED_NEW] Item: SCMPL0009902 | {"total_qty":9,"available_dates":15}
[2026-03-16 09:10:14.154] [DIST-BILL_GEN] Item: SCMPL0009902 | {"qty":9,"dist":[0,1,0,1,0,0,1,1,0,1,0,2,0,1,1],"sum":9}
[2026-03-16 09:10:14.157] [DIST-GENERATED_NEW] Item: SCMPL0022276 | {"total_qty":800,"available_dates":15}
[2026-03-16 09:10:14.159] [DIST-BILL_GEN] Item: SCMPL0022276 | {"qty":800,"dist":[41,59,70,45,60,53,41,50,52,57,61,47,51,51,62],"sum":800}
[2026-03-16 09:10:14.170] [DIST-GENERATED_NEW] Item: SCMPL0010055 | {"total_qty":1140,"available_dates":15}
[2026-03-16 09:10:14.171] [DIST-BILL_GEN] Item: SCMPL0010055 | {"qty":1140,"dist":[58,71,68,82,98,70,74,95,75,79,69,84,72,64,81],"sum":1140}
[2026-03-16 09:10:32.340] [DIST-SAVED_JSON] Item: SCMPL0010678 | [106,126,114,125,104,108,109,110,100,113,114,131,123,108,109]
[2026-03-16 09:10:32.341] [DIST-BILL_GEN] Item: SCMPL0010678 | {"qty":1700,"dist":[106,126,114,125,104,108,109,110,100,113,114,131,123,108,109],"sum":1700}
[2026-03-16 09:13:38.011] [DIST-SAVED_JSON] Item: SCMPL0012499 | [4,7,9,14,8,4,6,14,12,5,9,11,14,7,5,8,10,5,8,15,8,3,13,2,11,9,4,13,6,16]
[2026-03-16 09:13:38.020] [DIST-BILL_GEN] Item: SCMPL0012499 | {"qty":260,"dist":[4,7,9,14,8,4,6,14,12,5,9,11,14,7,5,8,10,5,8,15,8,3,13,2,11,9,4,13,6,16],"sum":260}
[2026-03-16 09:13:38.033] [DIST-SAVED_JSON] Item: SCMPL0022277 | [15,13,13,16,18,17,19,8,10,10,14,13,10,16,6,13,13,14,10,17,13,8,20,14,12,13,16,17,7,15]
[2026-03-16 09:13:38.036] [DIST-BILL_GEN] Item: SCMPL0022277 | {"qty":400,"dist":[15,13,13,16,18,17,19,8,10,10,14,13,10,16,6,13,13,14,10,17,13,8,20,14,12,13,16,17,7,15],"sum":400}
[2026-03-16 09:13:38.052] [DIST-SAVED_JSON] Item: SCMPL0009775 | [17,17,11,16,13,19,17,16,10,10,16,16,12,12,6,14,12,14,12,16,15,14,13,16,12,9,13,9,11,12]
[2026-03-16 09:13:38.056] [DIST-BILL_GEN] Item: SCMPL0009775 | {"qty":400,"dist":[17,17,11,16,13,19,17,16,10,10,16,16,12,12,6,14,12,14,12,16,15,14,13,16,12,9,13,9,11,12],"sum":400}
[2026-03-16 09:13:38.061] [DIST-SAVED_JSON] Item: SCMPL0010679 | [48,51,59,49,31,46,51,56,50,41,71,39,62,43,53,48,64,63,34,47,61,56,57,55,53,45,41,56,57,49]
[2026-03-16 09:13:38.064] [DIST-BILL_GEN] Item: SCMPL0010679 | {"qty":1536,"dist":[48,51,59,49,31,46,51,56,50,41,71,39,62,43,53,48,64,63,34,47,61,56,57,55,53,45,41,56,57,49],"sum":1536}
[2026-03-16 09:13:38.073] [DIST-SAVED_JSON] Item: SCMPL0009770 | [13,18,10,12,7,11,14,13,18,13,16,20,14,10,15,11,10,9,12,13,13,15,15,20,9,13,18,13,11,14]
[2026-03-16 09:13:38.075] [DIST-BILL_GEN] Item: SCMPL0009770 | {"qty":400,"dist":[13,18,10,12,7,11,14,13,18,13,16,20,14,10,15,11,10,9,12,13,13,15,15,20,9,13,18,13,11,14],"sum":400}
[2026-03-16 09:13:38.081] [DIST-SAVED_JSON] Item: SCMPL0010445 | [1,2,3,0,1,1,1,2,2,1,1,1,1,0,3,2,1,2,1,0,0,0,1,0,1,2,2,0,0,0]
[2026-03-16 09:13:38.088] [DIST-BILL_GEN] Item: SCMPL0010445 | {"qty":32,"dist":[1,2,3,0,1,1,1,2,2,1,1,1,1,0,3,2,1,2,1,0,0,0,1,0,1,2,2,0,0,0],"sum":32}
[2026-03-16 09:13:38.094] [DIST-SAVED_JSON] Item: SCMPL0012496 | [77,84,88,57,103,64,69,80,77,78,78,84,85,83,66,78,77,73,69,90,86,71,92,80,87,73,83,76,77,75]
[2026-03-16 09:13:38.096] [DIST-BILL_GEN] Item: SCMPL0012496 | {"qty":2360,"dist":[77,84,88,57,103,64,69,80,77,78,78,84,85,83,66,78,77,73,69,90,86,71,92,80,87,73,83,76,77,75],"sum":2360}
[2026-03-16 09:13:38.107] [DIST-SAVED_JSON] Item: SCMPL0011418 | [11,3,3,8,4,8,5,7,6,11,7,12,11,4,4,9,5,5,4,8,6,11,6,7,7,3,5,8,12,8]
[2026-03-16 09:13:38.108] [DIST-BILL_GEN] Item: SCMPL0011418 | {"qty":208,"dist":[11,3,3,8,4,8,5,7,6,11,7,12,11,4,4,9,5,5,4,8,6,11,6,7,7,3,5,8,12,8],"sum":208}
[2026-03-16 09:13:38.112] [DIST-SAVED_JSON] Item: SCMPL0010234 | [15,15,14,12,16,12,19,18,13,12,11,4,11,14,9,9,9,15,11,9,17,12,11,13,15,14,12,18,12,8]
[2026-03-16 09:13:38.118] [DIST-BILL_GEN] Item: SCMPL0010234 | {"qty":380,"dist":[15,15,14,12,16,12,19,18,13,12,11,4,11,14,9,9,9,15,11,9,17,12,11,13,15,14,12,18,12,8],"sum":380}
[2026-03-16 09:13:38.123] [DIST-SAVED_JSON] Item: SCMPL0010451 | [94,98,102,90,98,99,87,99,89,99,88,83,85,99,96,98,107,90,75,97,106,97,91,114,93,82,99,96,99,110]
[2026-03-16 09:13:38.124] [DIST-BILL_GEN] Item: SCMPL0010451 | {"qty":2860,"dist":[94,98,102,90,98,99,87,99,89,99,88,83,85,99,96,98,107,90,75,97,106,97,91,114,93,82,99,96,99,110],"sum":2860}
[2026-03-16 09:13:38.127] [DIST-GENERATED_NEW] Item: SCMPL0010087 | {"total_qty":920,"available_dates":30}
[2026-03-16 09:13:38.132] [DIST-BILL_GEN] Item: SCMPL0010087 | {"qty":920,"dist":[25,36,28,37,29,30,34,25,20,23,23,35,33,33,27,24,31,38,29,37,30,38,30,30,43,26,37,28,31,30],"sum":920}
[2026-03-16 09:13:38.138] [DIST-GENERATED_NEW] Item: SCMPL0010020 | {"total_qty":925,"available_dates":30}
[2026-03-16 09:13:38.141] [DIST-BILL_GEN] Item: SCMPL0010020 | {"qty":925,"dist":[20,33,34,26,29,36,27,34,40,29,34,22,39,34,34,29,33,30,29,37,37,29,30,22,21,38,28,29,27,35],"sum":925}
[2026-03-16 09:13:38.146] [DIST-SAVED_JSON] Item: SCMKB0031391 | [11,10,11,17,13,15,17,15,17,14,14,14,11,14,14,16,14,14,8,5,14,12,9,11,11,20,16,9,16,18]
[2026-03-16 09:13:38.152] [DIST-BILL_GEN] Item: SCMKB0031391 | {"qty":400,"dist":[11,10,11,17,13,15,17,15,17,14,14,14,11,14,14,16,14,14,8,5,14,12,9,11,11,20,16,9,16,18],"sum":400}
[2026-03-16 09:13:38.158] [DIST-SAVED_JSON] Item: SCMBR0018158 | [12,17,14,9,19,10,17,11,24,14,9,14,17,12,13,15,14,17,9,12,10,8,12,8,13,21,15,11,15,8]
[2026-03-16 09:13:38.160] [DIST-BILL_GEN] Item: SCMBR0018158 | {"qty":400,"dist":[12,17,14,9,19,10,17,11,24,14,9,14,17,12,13,15,14,17,9,12,10,8,12,8,13,21,15,11,15,8],"sum":400}
[2026-03-16 09:13:38.171] [DIST-SAVED_JSON] Item: SCMBR0009847 | [11,12,8,7,13,14,14,10,13,13,9,11,9,18,9,7,11,10,19,10,21,5,9,7,7,7,13,9,12,7]
[2026-03-16 09:13:38.173] [DIST-BILL_GEN] Item: SCMBR0009847 | {"qty":325,"dist":[11,12,8,7,13,14,14,10,13,13,9,11,9,18,9,7,11,10,19,10,21,5,9,7,7,7,13,9,12,7],"sum":325}
[2026-03-16 09:13:38.177] [DIST-SAVED_JSON] Item: SCMBR0029429 | [12,18,12,14,12,15,12,12,13,9,9,16,13,12,15,18,15,13,12,15,18,13,12,16,10,12,15,17,9,11]
[2026-03-16 09:13:38.179] [DIST-BILL_GEN] Item: SCMBR0029429 | {"qty":400,"dist":[12,18,12,14,12,15,12,12,13,9,9,16,13,12,15,18,15,13,12,15,18,13,12,16,10,12,15,17,9,11],"sum":400}
[2026-03-16 09:13:38.192] [DIST-GENERATED_NEW] Item: SCMBR0037366 | {"total_qty":43,"available_dates":30}
[2026-03-16 09:13:38.201] [DIST-BILL_GEN] Item: SCMBR0037366 | {"qty":43,"dist":[0,4,3,3,2,2,0,1,2,1,0,2,2,0,2,0,3,3,0,0,1,5,0,2,1,0,1,1,0,2],"sum":43}
[2026-03-16 09:13:38.208] [DIST-GENERATED_NEW] Item: SCMWN0019724 | {"total_qty":70,"available_dates":30}
[2026-03-16 09:13:38.210] [DIST-BILL_GEN] Item: SCMWN0019724 | {"qty":70,"dist":[3,1,5,5,2,2,1,2,3,3,1,2,2,1,4,2,3,0,4,4,2,2,0,1,5,2,2,4,1,1],"sum":70}
[2026-03-16 09:13:38.234] [DIST-SAVED_JSON] Item: SCMBR0021532 | [5,5,7,9,7,6,6,4,11,6,4,6,8,7,11,6,8,7,6,9,5,4,9,5,7,7,6,3,6,10]
[2026-03-16 09:13:38.237] [DIST-BILL_GEN] Item: SCMBR0021532 | {"qty":200,"dist":[5,5,7,9,7,6,6,4,11,6,4,6,8,7,11,6,8,7,6,9,5,4,9,5,7,7,6,3,6,10],"sum":200}
[2026-03-16 09:13:38.247] [DIST-SAVED_JSON] Item: SCMBR0018142 | [11,7,9,6,7,8,2,4,6,11,8,10,8,8,8,6,10,4,7,6,3,9,9,7,8,8,7,4,2,6]
[2026-03-16 09:13:38.254] [DIST-BILL_GEN] Item: SCMBR0018142 | {"qty":209,"dist":[11,7,9,6,7,8,2,4,6,11,8,10,8,8,8,6,10,4,7,6,3,9,9,7,8,8,7,4,2,6],"sum":209}
[2026-03-16 09:13:38.261] [DIST-SAVED_JSON] Item: SCMBR0018132 | [5,1,3,3,2,8,5,4,5,6,3,3,3,2,4,2,3,0,3,2,3,3,5,4,0,1,2,2,7,2]
[2026-03-16 09:13:38.269] [DIST-BILL_GEN] Item: SCMBR0018132 | {"qty":96,"dist":[5,1,3,3,2,8,5,4,5,6,3,3,3,2,4,2,3,0,3,2,3,3,5,4,0,1,2,2,7,2],"sum":96}
[2026-03-16 09:13:38.276] [DIST-SAVED_JSON] Item: SCMBR0023258 | [15,18,15,9,11,9,13,11,13,12,16,13,16,13,14,16,14,9,9,16,14,10,20,13,18,7,14,18,9,15]
[2026-03-16 09:13:38.278] [DIST-BILL_GEN] Item: SCMBR0023258 | {"qty":400,"dist":[15,18,15,9,11,9,13,11,13,12,16,13,16,13,14,16,14,9,9,16,14,10,20,13,18,7,14,18,9,15],"sum":400}
[2026-03-16 09:13:38.295] [DIST-SAVED_JSON] Item: SCMPL0010677 | [5,3,3,5,4,1,6,0,5,3,5,1,5,1,4,3,1,3,4,2,3,3,7,5,4,0,4,5,2,3]
[2026-03-16 09:13:38.303] [DIST-BILL_GEN] Item: SCMPL0010677 | {"qty":100,"dist":[5,3,3,5,4,1,6,0,5,3,5,1,5,1,4,3,1,3,4,2,3,3,7,5,4,0,4,5,2,3],"sum":100}
[2026-03-16 09:13:38.309] [DIST-SAVED_JSON] Item: SCMPL0010453 | [8,5,8,7,7,6,7,3,7,8,6,4,10,1,3,3,2,6,9,7,7,8,5,7,6,3,8,7,8,4]
[2026-03-16 09:13:38.311] [DIST-BILL_GEN] Item: SCMPL0010453 | {"qty":180,"dist":[8,5,8,7,7,6,7,3,7,8,6,4,10,1,3,3,2,6,9,7,7,8,5,7,6,3,8,7,8,4],"sum":180}
[2026-03-16 09:13:38.321] [DIST-GENERATED_NEW] Item: SCMPL0009902 | {"total_qty":9,"available_dates":30}
[2026-03-16 09:13:38.322] [DIST-BILL_GEN] Item: SCMPL0009902 | {"qty":9,"dist":[0,0,0,0,0,0,1,0,0,0,0,0,0,0,1,0,0,0,0,0,0,0,0,1,0,2,1,1,0,2],"sum":9}
[2026-03-16 09:13:38.327] [DIST-SAVED_JSON] Item: SCMPL0022276 | [34,26,26,25,28,23,25,22,31,32,28,23,28,25,30,34,19,20,18,28,29,17,34,22,22,38,31,27,26,29]
[2026-03-16 09:13:38.330] [DIST-BILL_GEN] Item: SCMPL0022276 | {"qty":800,"dist":[34,26,26,25,28,23,25,22,31,32,28,23,28,25,30,34,19,20,18,28,29,17,34,22,22,38,31,27,26,29],"sum":800}
[2026-03-16 09:13:38.344] [DIST-SAVED_JSON] Item: SCMPL0010055 | [41,40,35,39,30,45,38,37,43,34,28,43,34,42,36,34,40,36,35,39,42,37,44,37,44,32,34,44,43,34]
[2026-03-16 09:13:38.353] [DIST-BILL_GEN] Item: SCMPL0010055 | {"qty":1140,"dist":[41,40,35,39,30,45,38,37,43,34,28,43,34,42,36,34,40,36,35,39,42,37,44,37,44,32,34,44,43,34],"sum":1140}
[2026-03-16 09:13:38.360] [DIST-SAVED_JSON] Item: SCMPL0010678 | [24,27,20,25,28,32,27,18,30,19,27,12,29,26,25,19,23,27,20,19,25,26,15,28,28,23,18,15,22,23]
[2026-03-16 09:13:38.361] [DIST-BILL_GEN] Item: SCMPL0010678 | {"qty":700,"dist":[24,27,20,25,28,32,27,18,30,19,27,12,29,26,25,19,23,27,20,19,25,26,15,28,28,23,18,15,22,23],"sum":700}
[2026-03-16 11:30:16.096] [DIST-SAVED_JSON] Item: SCMPL0012499 | {"count":30,"sum":34}
[2026-03-16 11:30:16.101] [DIST-BILL_GEN] Item: SCMPL0012499 | {"qty":34,"sum":34}
[2026-03-16 11:30:16.112] [DIST-SAVED_JSON] Item: SCMPL0028357 | {"count":30,"sum":45}
[2026-03-16 11:30:16.114] [DIST-BILL_GEN] Item: SCMPL0028357 | {"qty":45,"sum":45}
[2026-03-16 11:30:16.126] [DIST-SAVED_JSON] Item: SCMPL0022277 | {"count":30,"sum":100}
[2026-03-16 11:30:16.128] [DIST-BILL_GEN] Item: SCMPL0022277 | {"qty":100,"sum":100}
[2026-03-16 11:30:16.139] [DIST-SAVED_JSON] Item: SCMPL0009775 | {"count":30,"sum":100}
[2026-03-16 11:30:16.141] [DIST-BILL_GEN] Item: SCMPL0009775 | {"qty":100,"sum":100}
[2026-03-16 11:30:16.152] [DIST-SAVED_JSON] Item: SCMPL0010679 | {"count":30,"sum":1000}
[2026-03-16 11:30:16.156] [DIST-BILL_GEN] Item: SCMPL0010679 | {"qty":1000,"sum":1000}
[2026-03-16 11:30:16.164] [DIST-SAVED_JSON] Item: SCMPL0009770 | {"count":30,"sum":100}
[2026-03-16 11:30:16.170] [DIST-BILL_GEN] Item: SCMPL0009770 | {"qty":100,"sum":100}
[2026-03-16 11:30:16.179] [DIST-SAVED_JSON] Item: SCMPL0010445 | {"count":30,"sum":900}
[2026-03-16 11:30:16.182] [DIST-BILL_GEN] Item: SCMPL0010445 | {"qty":900,"sum":900}
[2026-03-16 11:30:16.194] [DIST-SAVED_JSON] Item: SCMPL0012496 | {"count":30,"sum":1000}
[2026-03-16 11:30:16.197] [DIST-BILL_GEN] Item: SCMPL0012496 | {"qty":1000,"sum":1000}
[2026-03-16 11:30:16.209] [DIST-SAVED_JSON] Item: SCMPL0011418 | {"count":30,"sum":32}
[2026-03-16 11:30:16.211] [DIST-BILL_GEN] Item: SCMPL0011418 | {"qty":32,"sum":32}
[2026-03-16 11:30:16.221] [DIST-SAVED_JSON] Item: SCMPL0010234 | {"count":30,"sum":100}
[2026-03-16 11:30:16.224] [DIST-BILL_GEN] Item: SCMPL0010234 | {"qty":100,"sum":100}
[2026-03-16 11:30:16.232] [DIST-SAVED_JSON] Item: SCMPL0010451 | {"count":30,"sum":1000}
[2026-03-16 11:30:16.237] [DIST-BILL_GEN] Item: SCMPL0010451 | {"qty":1000,"sum":1000}
[2026-03-16 11:30:16.246] [DIST-SAVED_JSON] Item: SCMPL0010087 | {"count":30,"sum":1000}
[2026-03-16 11:30:16.249] [DIST-BILL_GEN] Item: SCMPL0010087 | {"qty":1000,"sum":1000}
[2026-03-16 11:30:16.260] [DIST-SAVED_JSON] Item: SCMPL0010020 | {"count":30,"sum":300}
[2026-03-16 11:30:16.263] [DIST-BILL_GEN] Item: SCMPL0010020 | {"qty":300,"sum":300}
[2026-03-16 11:30:16.274] [DIST-SAVED_JSON] Item: SCMPL0028276 | {"count":30,"sum":720}
[2026-03-16 11:30:16.277] [DIST-BILL_GEN] Item: SCMPL0028276 | {"qty":720,"sum":720}
[2026-03-16 11:30:16.290] [DIST-SAVED_JSON] Item: SCMKB0031391 | {"count":30,"sum":100}
[2026-03-16 11:30:16.293] [DIST-BILL_GEN] Item: SCMKB0031391 | {"qty":100,"sum":100}
[2026-03-16 11:30:16.304] [DIST-SAVED_JSON] Item: SCMBR0018137 | {"count":30,"sum":100}
[2026-03-16 11:30:16.307] [DIST-BILL_GEN] Item: SCMBR0018137 | {"qty":100,"sum":100}
[2026-03-16 11:30:16.315] [DIST-SAVED_JSON] Item: SCMBR0018158 | {"count":30,"sum":100}
[2026-03-16 11:30:16.320] [DIST-BILL_GEN] Item: SCMBR0018158 | {"qty":100,"sum":100}
[2026-03-16 11:30:16.328] [DIST-SAVED_JSON] Item: SCMBR0009847 | {"count":30,"sum":319}
[2026-03-16 11:30:16.330] [DIST-BILL_GEN] Item: SCMBR0009847 | {"qty":319,"sum":319}
[2026-03-16 11:30:16.341] [DIST-SAVED_JSON] Item: SCMBR0029429 | {"count":30,"sum":100}
[2026-03-16 11:30:16.344] [DIST-BILL_GEN] Item: SCMBR0029429 | {"qty":100,"sum":100}
[2026-03-16 11:30:16.356] [DIST-SAVED_JSON] Item: SCMBR0037366 | {"count":30,"sum":5}
[2026-03-16 11:30:16.359] [DIST-BILL_GEN] Item: SCMBR0037366 | {"qty":5,"sum":5}
[2026-03-16 11:30:16.372] [DIST-GENERATED_NEW] Item: SCMWN0019724 | {"total_qty":96,"available_dates":30}
[2026-03-16 11:30:16.377] [DIST-BILL_GEN] Item: SCMWN0019724 | {"qty":96,"sum":96}
[2026-03-16 11:30:16.386] [DIST-GENERATED_NEW] Item: SCMBR0021532 | {"total_qty":100,"available_dates":30}
[2026-03-16 11:30:16.388] [DIST-BILL_GEN] Item: SCMBR0021532 | {"qty":100,"sum":100}
[2026-03-16 11:30:16.392] [DIST-GENERATED_NEW] Item: SCMBR0018142 | {"total_qty":91,"available_dates":30}
[2026-03-16 11:30:16.393] [DIST-BILL_GEN] Item: SCMBR0018142 | {"qty":91,"sum":91}
[2026-03-16 11:30:16.396] [DIST-GENERATED_NEW] Item: SCMBR0018132 | {"total_qty":25,"available_dates":30}
[2026-03-16 11:30:16.398] [DIST-BILL_GEN] Item: SCMBR0018132 | {"qty":25,"sum":25}
[2026-03-16 11:30:16.403] [DIST-GENERATED_NEW] Item: SCMBR0023258 | {"total_qty":100,"available_dates":30}
[2026-03-16 11:30:16.404] [DIST-BILL_GEN] Item: SCMBR0023258 | {"qty":100,"sum":100}
[2026-03-16 11:30:16.406] [DIST-GENERATED_NEW] Item: SCMPL0010677 | {"total_qty":30,"available_dates":30}
[2026-03-16 11:30:16.407] [DIST-BILL_GEN] Item: SCMPL0010677 | {"qty":30,"sum":30}
[2026-03-16 11:30:16.410] [DIST-GENERATED_NEW] Item: SCMPL0010453 | {"total_qty":30,"available_dates":30}
[2026-03-16 11:30:16.411] [DIST-BILL_GEN] Item: SCMPL0010453 | {"qty":30,"sum":30}
[2026-03-16 11:30:16.413] [DIST-GENERATED_NEW] Item: SCMPL0009902 | {"total_qty":1,"available_dates":30}
[2026-03-16 11:30:16.414] [DIST-BILL_GEN] Item: SCMPL0009902 | {"qty":1,"sum":1}
[2026-03-16 11:30:16.420] [DIST-GENERATED_NEW] Item: SCMPL0028274 | {"total_qty":800,"available_dates":30}
[2026-03-16 11:30:16.421] [DIST-BILL_GEN] Item: SCMPL0028274 | {"qty":800,"sum":800}
[2026-03-16 11:30:16.423] [DIST-GENERATED_NEW] Item: SCMPL0010612 | {"total_qty":1300,"available_dates":30}
[2026-03-16 11:30:16.425] [DIST-BILL_GEN] Item: SCMPL0010612 | {"qty":1300,"sum":1300}
[2026-03-16 11:30:16.427] [DIST-GENERATED_NEW] Item: SCMPL0022276 | {"total_qty":64,"available_dates":30}
[2026-03-16 11:30:16.428] [DIST-BILL_GEN] Item: SCMPL0022276 | {"qty":64,"sum":64}
[2026-03-16 11:30:16.430] [DIST-GENERATED_NEW] Item: SCMPL0010055 | {"total_qty":12,"available_dates":30}
[2026-03-16 11:30:16.431] [DIST-BILL_GEN] Item: SCMPL0010055 | {"qty":12,"sum":12}
[2026-03-16 11:30:16.438] [DIST-SAVED_JSON] Item: SCMPL0010678 | {"count":30,"sum":1000}
[2026-03-16 11:30:16.440] [DIST-BILL_GEN] Item: SCMPL0010678 | {"qty":1000,"sum":1000}
[2026-03-16 11:30:38.958] [DIST-SAVED_JSON] Item: SCMPL0012499 | {"count":30,"sum":34}
[2026-03-16 11:30:38.961] [DIST-BILL_GEN] Item: SCMPL0012499 | {"qty":34,"sum":34}
[2026-03-16 11:30:38.975] [DIST-SAVED_JSON] Item: SCMPL0028357 | {"count":30,"sum":45}
[2026-03-16 11:30:38.978] [DIST-BILL_GEN] Item: SCMPL0028357 | {"qty":45,"sum":45}
[2026-03-16 11:30:38.992] [DIST-SAVED_JSON] Item: SCMPL0022277 | {"count":30,"sum":100}
[2026-03-16 11:30:38.997] [DIST-BILL_GEN] Item: SCMPL0022277 | {"qty":100,"sum":100}
[2026-03-16 11:30:39.008] [DIST-SAVED_JSON] Item: SCMPL0009775 | {"count":30,"sum":100}
[2026-03-16 11:30:39.010] [DIST-BILL_GEN] Item: SCMPL0009775 | {"qty":100,"sum":100}
[2026-03-16 11:30:39.019] [DIST-SAVED_JSON] Item: SCMPL0010679 | {"count":30,"sum":1000}
[2026-03-16 11:30:39.028] [DIST-BILL_GEN] Item: SCMPL0010679 | {"qty":1000,"sum":1000}
[2026-03-16 11:30:39.043] [DIST-SAVED_JSON] Item: SCMPL0009770 | {"count":30,"sum":100}
[2026-03-16 11:30:39.046] [DIST-BILL_GEN] Item: SCMPL0009770 | {"qty":100,"sum":100}
[2026-03-16 11:30:39.060] [DIST-SAVED_JSON] Item: SCMPL0010445 | {"count":30,"sum":900}
[2026-03-16 11:30:39.062] [DIST-BILL_GEN] Item: SCMPL0010445 | {"qty":900,"sum":900}
[2026-03-16 11:30:39.078] [DIST-SAVED_JSON] Item: SCMPL0012496 | {"count":30,"sum":1000}
[2026-03-16 11:30:39.080] [DIST-BILL_GEN] Item: SCMPL0012496 | {"qty":1000,"sum":1000}
[2026-03-16 11:30:39.095] [DIST-SAVED_JSON] Item: SCMPL0011418 | {"count":30,"sum":32}
[2026-03-16 11:30:39.103] [DIST-BILL_GEN] Item: SCMPL0011418 | {"qty":32,"sum":32}
[2026-03-16 11:30:39.120] [DIST-SAVED_JSON] Item: SCMPL0010234 | {"count":30,"sum":100}
[2026-03-16 11:30:39.124] [DIST-BILL_GEN] Item: SCMPL0010234 | {"qty":100,"sum":100}
[2026-03-16 11:30:39.130] [DIST-SAVED_JSON] Item: SCMPL0010451 | {"count":30,"sum":1000}
[2026-03-16 11:30:39.138] [DIST-BILL_GEN] Item: SCMPL0010451 | {"qty":1000,"sum":1000}
[2026-03-16 11:30:39.144] [DIST-SAVED_JSON] Item: SCMPL0010087 | {"count":30,"sum":1000}
[2026-03-16 11:30:39.147] [DIST-BILL_GEN] Item: SCMPL0010087 | {"qty":1000,"sum":1000}
[2026-03-16 11:30:39.157] [DIST-SAVED_JSON] Item: SCMPL0010020 | {"count":30,"sum":300}
[2026-03-16 11:30:39.161] [DIST-BILL_GEN] Item: SCMPL0010020 | {"qty":300,"sum":300}
[2026-03-16 11:30:39.175] [DIST-SAVED_JSON] Item: SCMPL0028276 | {"count":30,"sum":720}
[2026-03-16 11:30:39.179] [DIST-BILL_GEN] Item: SCMPL0028276 | {"qty":720,"sum":720}
[2026-03-16 11:30:39.187] [DIST-SAVED_JSON] Item: SCMKB0031391 | {"count":30,"sum":100}
[2026-03-16 11:30:39.189] [DIST-BILL_GEN] Item: SCMKB0031391 | {"qty":100,"sum":100}
[2026-03-16 11:30:39.194] [DIST-SAVED_JSON] Item: SCMBR0018137 | {"count":30,"sum":100}
[2026-03-16 11:30:39.196] [DIST-BILL_GEN] Item: SCMBR0018137 | {"qty":100,"sum":100}
[2026-03-16 11:30:39.205] [DIST-SAVED_JSON] Item: SCMBR0018158 | {"count":30,"sum":100}
[2026-03-16 11:30:39.207] [DIST-BILL_GEN] Item: SCMBR0018158 | {"qty":100,"sum":100}
[2026-03-16 11:30:39.212] [DIST-SAVED_JSON] Item: SCMBR0009847 | {"count":30,"sum":319}
[2026-03-16 11:30:39.213] [DIST-BILL_GEN] Item: SCMBR0009847 | {"qty":319,"sum":319}
[2026-03-16 11:30:39.222] [DIST-SAVED_JSON] Item: SCMBR0029429 | {"count":30,"sum":100}
[2026-03-16 11:30:39.225] [DIST-BILL_GEN] Item: SCMBR0029429 | {"qty":100,"sum":100}
[2026-03-16 11:30:39.230] [DIST-SAVED_JSON] Item: SCMBR0037366 | {"count":30,"sum":5}
[2026-03-16 11:30:39.231] [DIST-BILL_GEN] Item: SCMBR0037366 | {"qty":5,"sum":5}
[2026-03-16 11:30:39.244] [DIST-GENERATED_NEW] Item: SCMWN0019724 | {"total_qty":96,"available_dates":30}
[2026-03-16 11:30:39.245] [DIST-BILL_GEN] Item: SCMWN0019724 | {"qty":96,"sum":96}
[2026-03-16 11:30:39.247] [DIST-GENERATED_NEW] Item: SCMBR0021532 | {"total_qty":100,"available_dates":30}
[2026-03-16 11:30:39.253] [DIST-BILL_GEN] Item: SCMBR0021532 | {"qty":100,"sum":100}
[2026-03-16 11:30:39.256] [DIST-GENERATED_NEW] Item: SCMBR0018142 | {"total_qty":91,"available_dates":30}
[2026-03-16 11:30:39.258] [DIST-BILL_GEN] Item: SCMBR0018142 | {"qty":91,"sum":91}
[2026-03-16 11:30:39.262] [DIST-GENERATED_NEW] Item: SCMBR0018132 | {"total_qty":25,"available_dates":30}
[2026-03-16 11:30:39.263] [DIST-BILL_GEN] Item: SCMBR0018132 | {"qty":25,"sum":25}
[2026-03-16 11:30:39.272] [DIST-GENERATED_NEW] Item: SCMBR0023258 | {"total_qty":100,"available_dates":30}
[2026-03-16 11:30:39.273] [DIST-BILL_GEN] Item: SCMBR0023258 | {"qty":100,"sum":100}
[2026-03-16 11:30:39.276] [DIST-GENERATED_NEW] Item: SCMPL0010677 | {"total_qty":30,"available_dates":30}
[2026-03-16 11:30:39.277] [DIST-BILL_GEN] Item: SCMPL0010677 | {"qty":30,"sum":30}
[2026-03-16 11:30:39.280] [DIST-GENERATED_NEW] Item: SCMPL0010453 | {"total_qty":30,"available_dates":30}
[2026-03-16 11:30:39.281] [DIST-BILL_GEN] Item: SCMPL0010453 | {"qty":30,"sum":30}
[2026-03-16 11:30:39.289] [DIST-GENERATED_NEW] Item: SCMPL0009902 | {"total_qty":1,"available_dates":30}
[2026-03-16 11:30:39.290] [DIST-BILL_GEN] Item: SCMPL0009902 | {"qty":1,"sum":1}
[2026-03-16 11:30:39.293] [DIST-GENERATED_NEW] Item: SCMPL0028274 | {"total_qty":800,"available_dates":30}
[2026-03-16 11:30:39.294] [DIST-BILL_GEN] Item: SCMPL0028274 | {"qty":800,"sum":800}
[2026-03-16 11:30:39.297] [DIST-GENERATED_NEW] Item: SCMPL0010612 | {"total_qty":1300,"available_dates":30}
[2026-03-16 11:30:39.300] [DIST-BILL_GEN] Item: SCMPL0010612 | {"qty":1300,"sum":1300}
[2026-03-16 11:30:39.307] [DIST-GENERATED_NEW] Item: SCMPL0022276 | {"total_qty":64,"available_dates":30}
[2026-03-16 11:30:39.308] [DIST-BILL_GEN] Item: SCMPL0022276 | {"qty":64,"sum":64}
[2026-03-16 11:30:39.310] [DIST-GENERATED_NEW] Item: SCMPL0010055 | {"total_qty":12,"available_dates":30}
[2026-03-16 11:30:39.311] [DIST-BILL_GEN] Item: SCMPL0010055 | {"qty":12,"sum":12}
[2026-03-16 11:30:39.315] [DIST-SAVED_JSON] Item: SCMPL0010678 | {"count":30,"sum":1000}
[2026-03-16 11:30:39.320] [DIST-BILL_GEN] Item: SCMPL0010678 | {"qty":1000,"sum":1000}
[2026-03-16 11:31:20.051] [DIST-SAVED_JSON] Item: SCMPL0012499 | {"count":30,"sum":34}
[2026-03-16 11:31:20.054] [DIST-BILL_GEN] Item: SCMPL0012499 | {"qty":34,"sum":34}
[2026-03-16 11:31:20.063] [DIST-SAVED_JSON] Item: SCMPL0028357 | {"count":30,"sum":45}
[2026-03-16 11:31:20.066] [DIST-BILL_GEN] Item: SCMPL0028357 | {"qty":45,"sum":45}
[2026-03-16 11:31:20.077] [DIST-SAVED_JSON] Item: SCMPL0022277 | {"count":30,"sum":100}
[2026-03-16 11:31:20.080] [DIST-BILL_GEN] Item: SCMPL0022277 | {"qty":100,"sum":100}
[2026-03-16 11:31:20.093] [DIST-SAVED_JSON] Item: SCMPL0009775 | {"count":30,"sum":100}
[2026-03-16 11:31:20.095] [DIST-BILL_GEN] Item: SCMPL0009775 | {"qty":100,"sum":100}
[2026-03-16 11:31:20.111] [DIST-SAVED_JSON] Item: SCMPL0010679 | {"count":30,"sum":1000}
[2026-03-16 11:31:20.113] [DIST-BILL_GEN] Item: SCMPL0010679 | {"qty":1000,"sum":1000}
[2026-03-16 11:31:20.122] [DIST-SAVED_JSON] Item: SCMPL0009770 | {"count":30,"sum":100}
[2026-03-16 11:31:20.124] [DIST-BILL_GEN] Item: SCMPL0009770 | {"qty":100,"sum":100}
[2026-03-16 11:31:20.128] [DIST-SAVED_JSON] Item: SCMPL0010445 | {"count":30,"sum":900}
[2026-03-16 11:31:20.130] [DIST-BILL_GEN] Item: SCMPL0010445 | {"qty":900,"sum":900}
[2026-03-16 11:31:20.134] [DIST-SAVED_JSON] Item: SCMPL0012496 | {"count":30,"sum":1000}
[2026-03-16 11:31:20.160] [DIST-BILL_GEN] Item: SCMPL0012496 | {"qty":1000,"sum":1000}
[2026-03-16 11:31:20.170] [DIST-SAVED_JSON] Item: SCMPL0011418 | {"count":30,"sum":32}
[2026-03-16 11:31:20.172] [DIST-BILL_GEN] Item: SCMPL0011418 | {"qty":32,"sum":32}
[2026-03-16 11:31:20.179] [DIST-SAVED_JSON] Item: SCMPL0010234 | {"count":30,"sum":100}
[2026-03-16 11:31:20.181] [DIST-BILL_GEN] Item: SCMPL0010234 | {"qty":100,"sum":100}
[2026-03-16 11:31:20.187] [DIST-SAVED_JSON] Item: SCMPL0010451 | {"count":30,"sum":1000}
[2026-03-16 11:31:20.188] [DIST-BILL_GEN] Item: SCMPL0010451 | {"qty":1000,"sum":1000}
[2026-03-16 11:31:20.194] [DIST-SAVED_JSON] Item: SCMPL0010087 | {"count":30,"sum":1000}
[2026-03-16 11:31:20.196] [DIST-BILL_GEN] Item: SCMPL0010087 | {"qty":1000,"sum":1000}
[2026-03-16 11:31:20.208] [DIST-SAVED_JSON] Item: SCMPL0010020 | {"count":30,"sum":300}
[2026-03-16 11:31:20.210] [DIST-BILL_GEN] Item: SCMPL0010020 | {"qty":300,"sum":300}
[2026-03-16 11:31:20.217] [DIST-SAVED_JSON] Item: SCMPL0028276 | {"count":30,"sum":720}
[2026-03-16 11:31:20.220] [DIST-BILL_GEN] Item: SCMPL0028276 | {"qty":720,"sum":720}
[2026-03-16 11:31:20.224] [DIST-SAVED_JSON] Item: SCMKB0031391 | {"count":30,"sum":100}
[2026-03-16 11:31:20.225] [DIST-BILL_GEN] Item: SCMKB0031391 | {"qty":100,"sum":100}
[2026-03-16 11:31:20.228] [DIST-SAVED_JSON] Item: SCMBR0018137 | {"count":30,"sum":100}
[2026-03-16 11:31:20.230] [DIST-BILL_GEN] Item: SCMBR0018137 | {"qty":100,"sum":100}
[2026-03-16 11:31:20.234] [DIST-SAVED_JSON] Item: SCMBR0018158 | {"count":30,"sum":100}
[2026-03-16 11:31:20.236] [DIST-BILL_GEN] Item: SCMBR0018158 | {"qty":100,"sum":100}
[2026-03-16 11:31:20.251] [DIST-SAVED_JSON] Item: SCMBR0009847 | {"count":30,"sum":319}
[2026-03-16 11:31:20.254] [DIST-BILL_GEN] Item: SCMBR0009847 | {"qty":319,"sum":319}
[2026-03-16 11:31:20.258] [DIST-SAVED_JSON] Item: SCMBR0029429 | {"count":30,"sum":100}
[2026-03-16 11:31:20.259] [DIST-BILL_GEN] Item: SCMBR0029429 | {"qty":100,"sum":100}
[2026-03-16 11:31:20.264] [DIST-SAVED_JSON] Item: SCMBR0037366 | {"count":30,"sum":5}
[2026-03-16 11:31:20.265] [DIST-BILL_GEN] Item: SCMBR0037366 | {"qty":5,"sum":5}
[2026-03-16 11:31:20.271] [DIST-GENERATED_NEW] Item: SCMWN0019724 | {"total_qty":96,"available_dates":30}
[2026-03-16 11:31:20.275] [DIST-BILL_GEN] Item: SCMWN0019724 | {"qty":96,"sum":96}
[2026-03-16 11:31:20.277] [DIST-GENERATED_NEW] Item: SCMBR0021532 | {"total_qty":100,"available_dates":30}
[2026-03-16 11:31:20.279] [DIST-BILL_GEN] Item: SCMBR0021532 | {"qty":100,"sum":100}
[2026-03-16 11:31:20.287] [DIST-GENERATED_NEW] Item: SCMBR0018142 | {"total_qty":91,"available_dates":30}
[2026-03-16 11:31:20.289] [DIST-BILL_GEN] Item: SCMBR0018142 | {"qty":91,"sum":91}
[2026-03-16 11:31:20.292] [DIST-GENERATED_NEW] Item: SCMBR0018132 | {"total_qty":25,"available_dates":30}
[2026-03-16 11:31:20.296] [DIST-BILL_GEN] Item: SCMBR0018132 | {"qty":25,"sum":25}
[2026-03-16 11:31:20.306] [DIST-GENERATED_NEW] Item: SCMBR0023258 | {"total_qty":100,"available_dates":30}
[2026-03-16 11:31:20.307] [DIST-BILL_GEN] Item: SCMBR0023258 | {"qty":100,"sum":100}
[2026-03-16 11:31:20.311] [DIST-GENERATED_NEW] Item: SCMPL0010677 | {"total_qty":30,"available_dates":30}
[2026-03-16 11:31:20.314] [DIST-BILL_GEN] Item: SCMPL0010677 | {"qty":30,"sum":30}
[2026-03-16 11:31:20.324] [DIST-GENERATED_NEW] Item: SCMPL0010453 | {"total_qty":30,"available_dates":30}
[2026-03-16 11:31:20.326] [DIST-BILL_GEN] Item: SCMPL0010453 | {"qty":30,"sum":30}
[2026-03-16 11:31:20.336] [DIST-GENERATED_NEW] Item: SCMPL0009902 | {"total_qty":1,"available_dates":30}
[2026-03-16 11:31:20.659] [DIST-BILL_GEN] Item: SCMPL0009902 | {"qty":1,"sum":1}
[2026-03-16 11:31:20.681] [DIST-GENERATED_NEW] Item: SCMPL0028274 | {"total_qty":800,"available_dates":30}
[2026-03-16 11:31:20.688] [DIST-BILL_GEN] Item: SCMPL0028274 | {"qty":800,"sum":800}
[2026-03-16 11:31:20.692] [DIST-GENERATED_NEW] Item: SCMPL0010612 | {"total_qty":1300,"available_dates":30}
[2026-03-16 11:31:20.695] [DIST-BILL_GEN] Item: SCMPL0010612 | {"qty":1300,"sum":1300}
[2026-03-16 11:31:20.700] [DIST-GENERATED_NEW] Item: SCMPL0022276 | {"total_qty":64,"available_dates":30}
[2026-03-16 11:31:20.704] [DIST-BILL_GEN] Item: SCMPL0022276 | {"qty":64,"sum":64}
[2026-03-16 11:31:20.709] [DIST-GENERATED_NEW] Item: SCMPL0010055 | {"total_qty":12,"available_dates":30}
[2026-03-16 11:31:20.711] [DIST-BILL_GEN] Item: SCMPL0010055 | {"qty":12,"sum":12}
[2026-03-16 11:31:20.720] [DIST-SAVED_JSON] Item: SCMPL0010678 | {"count":30,"sum":1000}
[2026-03-16 11:31:20.723] [DIST-BILL_GEN] Item: SCMPL0010678 | {"qty":1000,"sum":1000}
[2026-03-16 11:34:20.579] [DIST-SAVED_JSON] Item: SCMPL0028274 | {"count":30,"sum":232}
[2026-03-16 11:34:20.582] [DIST-BILL_GEN] Item: SCMPL0028274 | {"qty":232,"sum":232}
[2026-03-16 11:34:20.597] [DIST-SAVED_JSON] Item: SCMPL0028356 | {"count":30,"sum":3}
[2026-03-16 11:34:20.599] [DIST-BILL_GEN] Item: SCMPL0028356 | {"qty":3,"sum":3}
[2026-03-16 11:34:20.615] [DIST-SAVED_JSON] Item: SCMPL0009668 | {"count":30,"sum":23}
[2026-03-16 11:34:20.617] [DIST-BILL_GEN] Item: SCMPL0009668 | {"qty":23,"sum":23}
[2026-03-16 11:34:20.630] [DIST-SAVED_JSON] Item: SCMPL0022276 | {"count":30,"sum":23}
[2026-03-16 11:34:20.634] [DIST-BILL_GEN] Item: SCMPL0022276 | {"qty":23,"sum":23}
[2026-03-16 11:34:20.651] [DIST-SAVED_JSON] Item: SCMPL0022277 | {"count":30,"sum":23}
[2026-03-16 11:34:20.658] [DIST-BILL_GEN] Item: SCMPL0022277 | {"qty":23,"sum":23}
[2026-03-16 11:34:20.667] [DIST-SAVED_JSON] Item: SCMPL0022278 | {"count":30,"sum":23}
[2026-03-16 11:34:20.672] [DIST-BILL_GEN] Item: SCMPL0022278 | {"qty":23,"sum":23}
[2026-03-16 11:34:20.682] [DIST-SAVED_JSON] Item: SCMPL0018737 | {"count":30,"sum":500}
[2026-03-16 11:34:20.684] [DIST-BILL_GEN] Item: SCMPL0018737 | {"qty":500,"sum":500}
[2026-03-16 11:34:20.695] [DIST-SAVED_JSON] Item: SCMPL0010678 | {"count":30,"sum":23}
[2026-03-16 11:34:20.698] [DIST-BILL_GEN] Item: SCMPL0010678 | {"qty":23,"sum":23}
[2026-03-16 11:34:20.710] [DIST-SAVED_JSON] Item: SCMPL0010677 | {"count":30,"sum":23}
[2026-03-16 11:34:20.713] [DIST-BILL_GEN] Item: SCMPL0010677 | {"qty":23,"sum":23}
[2026-03-16 11:34:20.724] [DIST-SAVED_JSON] Item: SCMPL0010676 | {"count":30,"sum":23}
[2026-03-16 11:34:20.727] [DIST-BILL_GEN] Item: SCMPL0010676 | {"qty":23,"sum":23}
[2026-03-16 11:34:20.738] [DIST-SAVED_JSON] Item: SCMPL0009775 | {"count":30,"sum":23}
[2026-03-16 11:34:20.742] [DIST-BILL_GEN] Item: SCMPL0009775 | {"qty":23,"sum":23}
[2026-03-16 11:34:20.756] [DIST-SAVED_JSON] Item: SCMKS0026878 | {"count":30,"sum":23}
[2026-03-16 11:34:20.764] [DIST-BILL_GEN] Item: SCMKS0026878 | {"qty":23,"sum":23}
[2026-03-16 11:34:20.778] [DIST-SAVED_JSON] Item: SCMPL0022280 | {"count":30,"sum":3}
[2026-03-16 11:34:20.783] [DIST-BILL_GEN] Item: SCMPL0022280 | {"qty":3,"sum":3}
[2026-03-16 11:34:20.801] [DIST-SAVED_JSON] Item: SCMPL0009688 | {"count":30,"sum":23}
[2026-03-16 11:34:20.803] [DIST-BILL_GEN] Item: SCMPL0009688 | {"qty":23,"sum":23}
[2026-03-16 11:34:20.817] [DIST-SAVED_JSON] Item: SCMPL0028357 | {"count":30,"sum":23}
[2026-03-16 11:34:20.829] [DIST-BILL_GEN] Item: SCMPL0028357 | {"qty":23,"sum":23}
[2026-03-16 11:34:20.845] [DIST-SAVED_JSON] Item: SCMPL0028275 | {"count":30,"sum":2}
[2026-03-16 11:34:20.848] [DIST-BILL_GEN] Item: SCMPL0028275 | {"qty":2,"sum":2}
[2026-03-16 11:34:20.859] [DIST-SAVED_JSON] Item: SCMPL0028276 | {"count":30,"sum":2}
[2026-03-16 11:34:20.863] [DIST-BILL_GEN] Item: SCMPL0028276 | {"qty":2,"sum":2}
[2026-03-16 11:34:20.874] [DIST-SAVED_JSON] Item: SCMBR0021532 | {"count":30,"sum":234}
[2026-03-16 11:34:20.882] [DIST-BILL_GEN] Item: SCMBR0021532 | {"qty":234,"sum":234}
[2026-03-16 11:44:29.478] [DIST-SAVED_JSON] Item: SCMPL0028274 | [2,1,0,3,5,6,1,4,2,3,3,3,4,5,4,2,2,6,4,4,3,2,6,4,4,4,2,6,2,3]
[2026-03-16 11:44:29.479] [DIST-BILL_GEN] Item: SCMPL0028274 | {"qty":100,"dist":[2,1,0,3,5,6,1,4,2,3,3,3,4,5,4,2,2,6,4,4,3,2,6,4,4,4,2,6,2,3],"sum":100}
[2026-03-16 11:44:29.492] [DIST-SAVED_JSON] Item: SCMPL0028276 | [0,0,0,1,2,0,1,1,1,0,0,0,0,1,2,2,1,0,1,1,1,1,0,0,1,0,0,1,1,1]
[2026-03-16 11:44:29.493] [DIST-BILL_GEN] Item: SCMPL0028276 | {"qty":20,"dist":[0,0,0,1,2,0,1,1,1,0,0,0,0,1,2,2,1,0,1,1,1,1,0,0,1,0,0,1,1,1],"sum":20}
[2026-03-16 11:44:29.498] [DIST-SAVED_JSON] Item: SCMPL0028356 | [3,1,4,3,3,3,0,2,5,4,1,5,1,3,3,2,4,5,3,0,2,5,6,2,5,5,1,1,4,4]
[2026-03-16 11:44:29.504] [DIST-BILL_GEN] Item: SCMPL0028356 | {"qty":90,"dist":[3,1,4,3,3,3,0,2,5,4,1,5,1,3,3,2,4,5,3,0,2,5,6,2,5,5,1,1,4,4],"sum":90}
[2026-03-16 11:44:29.509] [DIST-SAVED_JSON] Item: SCMPL0028275 | [0,1,4,1,4,3,0,5,1,2,1,2,1,0,1,1,1,4,0,0,3,0,2,3,1,0,3,2,3,1]
[2026-03-16 11:44:29.511] [DIST-BILL_GEN] Item: SCMPL0028275 | {"qty":50,"dist":[0,1,4,1,4,3,0,5,1,2,1,2,1,0,1,1,1,4,0,0,3,0,2,3,1,0,3,2,3,1],"sum":50}
[2026-03-16 11:44:29.525] [DIST-SAVED_JSON] Item: SCMBR0021532 | [9,6,7,10,10,9,12,9,6,11,8,15,7,10,8,8,6,11,8,8,8,9,9,12,11,5,5,6,15,9]
[2026-03-16 11:44:29.526] [DIST-BILL_GEN] Item: SCMBR0021532 | {"qty":267,"dist":[9,6,7,10,10,9,12,9,6,11,8,15,7,10,8,8,6,11,8,8,8,9,9,12,11,5,5,6,15,9],"sum":267}
[2026-03-16 11:44:29.533] [DIST-SAVED_JSON] Item: SCMPL0022277 | [15,6,22,17,14,11,18,16,12,18,23,17,14,14,10,11,22,14,12,19,19,16,10,12,10,16,17,8,16,18]
[2026-03-16 11:44:29.538] [DIST-BILL_GEN] Item: SCMPL0022277 | {"qty":447,"dist":[15,6,22,17,14,11,18,16,12,18,23,17,14,14,10,11,22,14,12,19,19,16,10,12,10,16,17,8,16,18],"sum":447}
[2026-03-16 11:44:29.543] [DIST-SAVED_JSON] Item: SCMPL0022280 | [0,0,1,4,1,0,1,1,3,2,2,4,0,2,0,0,1,2,6,1,3,1,3,0,3,3,0,0,1,0]
[2026-03-16 11:44:29.545] [DIST-BILL_GEN] Item: SCMPL0022280 | {"qty":45,"dist":[0,0,1,4,1,0,1,1,3,2,2,4,0,2,0,0,1,2,6,1,3,1,3,0,3,3,0,0,1,0],"sum":45}
[2026-03-16 11:44:29.555] [DIST-SAVED_JSON] Item: SCMPL0022276 | [27,29,32,27,26,42,30,25,21,37,32,32,21,26,35,32,45,34,30,30,29,33,33,30,30,30,34,24,33,26]
[2026-03-16 11:44:29.557] [DIST-BILL_GEN] Item: SCMPL0022276 | {"qty":915,"dist":[27,29,32,27,26,42,30,25,21,37,32,32,21,26,35,32,45,34,30,30,29,33,33,30,30,30,34,24,33,26],"sum":915}
[2026-03-16 11:44:29.561] [DIST-SAVED_JSON] Item: SCMPL0009688 | [2,1,0,0,0,3,1,0,0,2,0,0,2,0,1,0,1,0,1,0,0,3,0,1,2,1,2,3,0,1]
[2026-03-16 11:44:29.562] [DIST-BILL_GEN] Item: SCMPL0009688 | {"qty":27,"dist":[2,1,0,0,0,3,1,0,0,2,0,0,2,0,1,0,1,0,1,0,0,3,0,1,2,1,2,3,0,1],"sum":27}
[2026-03-16 11:44:29.571] [DIST-SAVED_JSON] Item: SCMPL0010677 | [4,3,2,1,14,4,4,5,5,2,4,1,6,3,6,4,3,2,3,2,2,5,4,2,0,1,4,7,1,3]
[2026-03-16 11:44:29.573] [DIST-BILL_GEN] Item: SCMPL0010677 | {"qty":107,"dist":[4,3,2,1,14,4,4,5,5,2,4,1,6,3,6,4,3,2,3,2,2,5,4,2,0,1,4,7,1,3],"sum":107}
[2026-03-16 11:44:29.577] [DIST-SAVED_JSON] Item: SCMPL0009775 | [30,14,17,14,19,16,19,11,15,11,19,13,11,20,23,12,10,21,16,20,14,15,22,10,11,15,15,12,14,18]
[2026-03-16 11:44:29.579] [DIST-BILL_GEN] Item: SCMPL0009775 | {"qty":477,"dist":[30,14,17,14,19,16,19,11,15,11,19,13,11,20,23,12,10,21,16,20,14,15,22,10,11,15,15,12,14,18],"sum":477}
[2026-03-16 11:44:29.586] [DIST-SAVED_JSON] Item: SCMKS0026878 | [2,0,0,0,0,3,2,0,0,1,1,0,1,3,3,1,0,1,0,2,0,1,0,0,2,2,0,1,0,1]
[2026-03-16 11:44:29.588] [DIST-BILL_GEN] Item: SCMKS0026878 | {"qty":27,"dist":[2,0,0,0,0,3,2,0,0,1,1,0,1,3,3,1,0,1,0,2,0,1,0,0,2,2,0,1,0,1],"sum":27}
[2026-03-16 11:44:29.605] [DIST-SAVED_JSON] Item: SCMKB0031391 | [20,19,14,20,14,19,17,13,18,10,22,13,10,11,26,11,19,15,12,17,14,15,14,17,13,19,21,21,13,10]
[2026-03-16 11:44:29.609] [DIST-BILL_GEN] Item: SCMKB0031391 | {"qty":477,"dist":[20,19,14,20,14,19,17,13,18,10,22,13,10,11,26,11,19,15,12,17,14,15,14,17,13,19,21,21,13,10],"sum":477}
[2026-03-16 11:44:29.613] [DIST-SAVED_JSON] Item: SCMPL0010678 | [59,54,53,47,59,49,68,31,50,56,61,49,54,57,49,50,45,41,55,57,51,48,63,55,58,68,47,51,56,59]
[2026-03-16 11:44:29.614] [DIST-BILL_GEN] Item: SCMPL0010678 | {"qty":1600,"dist":[59,54,53,47,59,49,68,31,50,56,61,49,54,57,49,50,45,41,55,57,51,48,63,55,58,68,47,51,56,59],"sum":1600}
[2026-03-16 11:44:29.623] [DIST-SAVED_JSON] Item: SCMPL0010679 | [37,32,33,38,31,27,37,30,35,41,41,34,35,28,31,35,33,32,29,33,35,29,39,28,31,40,35,30,23,38]
[2026-03-16 11:44:29.625] [DIST-BILL_GEN] Item: SCMPL0010679 | {"qty":1000,"dist":[37,32,33,38,31,27,37,30,35,41,41,34,35,28,31,35,33,32,29,33,35,29,39,28,31,40,35,30,23,38],"sum":1000}
[2026-03-16 11:44:29.629] [DIST-SAVED_JSON] Item: SCMBR0018142 | [1,5,8,6,8,7,1,4,3,2,3,3,2,7,6,2,2,1,3,4,2,1,3,0,3,2,3,3,4,1]
[2026-03-16 11:44:29.630] [DIST-BILL_GEN] Item: SCMBR0018142 | {"qty":100,"dist":[1,5,8,6,8,7,1,4,3,2,3,3,2,7,6,2,2,1,3,4,2,1,3,0,3,2,3,3,4,1],"sum":100}
[2026-03-16 11:44:29.639] [DIST-SAVED_JSON] Item: SCMBR0018137 | [7,0,6,2,4,3,8,3,3,1,3,3,2,2,4,2,5,4,4,3,3,0,1,5,5,3,7,0,4,3]
[2026-03-16 11:44:29.641] [DIST-BILL_GEN] Item: SCMBR0018137 | {"qty":100,"dist":[7,0,6,2,4,3,8,3,3,1,3,3,2,2,4,2,5,4,4,3,3,0,1,5,5,3,7,0,4,3],"sum":100}
[2026-03-16 11:44:29.644] [DIST-SAVED_JSON] Item: SCMBR0027089 | [7,5,2,4,3,6,3,3,2,4,3,5,5,2,2,2,2,4,3,3,6,6,2,2,2,1,2,2,3,4]
[2026-03-16 11:44:29.645] [DIST-BILL_GEN] Item: SCMBR0027089 | {"qty":100,"dist":[7,5,2,4,3,6,3,3,2,4,3,5,5,2,2,2,2,4,3,3,6,6,2,2,2,1,2,2,3,4],"sum":100}
[2026-03-16 11:44:29.655] [DIST-SAVED_JSON] Item: SCMBR0018132 | [1,2,1,1,0,0,1,0,1,0,0,2,0,0,0,1,3,1,1,1,1,1,0,1,1,0,0,0,0,1]
[2026-03-16 11:44:29.656] [DIST-BILL_GEN] Item: SCMBR0018132 | {"qty":21,"dist":[1,2,1,1,0,0,1,0,1,0,0,2,0,0,0,1,3,1,1,1,1,1,0,1,1,0,0,0,0,1],"sum":21}
[2026-03-16 11:44:29.662] [DIST-SAVED_JSON] Item: SCMBR0018158 | [0,2,1,5,5,2,3,4,1,3,3,2,1,7,1,7,5,1,5,8,1,6,3,2,1,14,2,2,3,0]
[2026-03-16 11:44:29.663] [DIST-BILL_GEN] Item: SCMBR0018158 | {"qty":100,"dist":[0,2,1,5,5,2,3,4,1,3,3,2,1,7,1,7,5,1,5,8,1,6,3,2,1,14,2,2,3,0],"sum":100}
[2026-03-16 11:44:29.671] [DIST-SAVED_JSON] Item: SCMBR0023258 | [1,3,3,1,4,4,2,3,2,5,3,5,11,4,4,3,2,2,4,1,3,5,5,4,2,3,1,5,3,2]
[2026-03-16 11:44:29.672] [DIST-BILL_GEN] Item: SCMBR0023258 | {"qty":100,"dist":[1,3,3,1,4,4,2,3,2,5,3,5,11,4,4,3,2,2,4,1,3,5,5,4,2,3,1,5,3,2],"sum":100}
[2026-03-16 11:44:29.676] [DIST-SAVED_JSON] Item: SCMPL0009770 | [0,1,2,1,1,2,1,4,2,0,6,1,0,2,3,2,2,1,5,2,1,1,0,0,1,2,1,3,2,1]
[2026-03-16 11:44:29.677] [DIST-BILL_GEN] Item: SCMPL0009770 | {"qty":50,"dist":[0,1,2,1,1,2,1,4,2,0,6,1,0,2,3,2,2,1,5,2,1,1,0,0,1,2,1,3,2,1],"sum":50}
[2026-03-16 11:44:29.681] [DIST-SAVED_JSON] Item: SCMPL0010447 | [1,0,0,0,1,0,1,1,1,0,0,0,0,0,1,1,1,0,0,1,0,0,0,0,1,1,0,0,0,0]
[2026-03-16 11:44:29.685] [DIST-BILL_GEN] Item: SCMPL0010447 | {"qty":11,"dist":[1,0,0,0,1,0,1,1,1,0,0,0,0,0,1,1,1,0,0,1,0,0,0,0,1,1,0,0,0,0],"sum":11}
[2026-03-16 11:44:29.689] [DIST-SAVED_JSON] Item: SCMPL0010445 | [0,1,1,1,0,0,1,0,1,2,2,0,0,1,2,0,2,1,1,0,0,0,0,2,0,0,0,0,0,2]
[2026-03-16 11:44:29.690] [DIST-BILL_GEN] Item: SCMPL0010445 | {"qty":20,"dist":[0,1,1,1,0,0,1,0,1,2,2,0,0,1,2,0,2,1,1,0,0,0,0,2,0,0,0,0,0,2],"sum":20}
