[2026-03-14 08:50:03] [INFO] === PAGE ACCESS ===
[2026-03-14 08:50:03] [INFO] Request method: GET
[2026-03-14 08:50:03] [INFO] Search term: ''
[2026-03-14 08:50:03] [INFO] Current session ID: ko517ttlvimrh4lg3k2bqsp2q7
[2026-03-14 08:50:03] [INFO] Final session quantities count: 0
[2026-03-14 08:50:03] [INFO] Items in current view: 50
[2026-03-14 08:50:03] [INFO] Sales Page Load Debug Info:
Array
(
    [total_items] => 72
    [current_page] => 1
    [total_pages] => 2
    [session_quantities_count] => 0
    [post_quantities_count] => 0
    [date_range] => 2021-04-01 00:00:00 to 2021-04-05
    [days_count] => 5
    [user_id] => 5
    [comp_id] => 5
    [license_type] => FL-III
    [allowed_classes] => Array
        (
            [0] => W
            [1] => V
            [2] => M
            [3] => F
            [4] => D
            [5] => K
            [6] => G
            [7] => R
        )

    [end_date_day] => 05
    [closing_column] => DAY_05_CLOSING
    [end_date_month] => 2021-04
    [stock_filter] => > 0
    [daily_stock_table] => tbldailystock_5_04_21
    [table_suffix] => _04_21
    [current_month] => 2026-03
    [has_restrictions] => 
    [available_dates] => Array
        (
            [0] => 2021-04-01
            [1] => 2021-04-02
            [2] => 2021-04-03
            [3] => 2021-04-04
            [4] => 2021-04-05
        )

    [unavailable_dates] => Array
        (
        )

    [dry_dates] => Array
        (
        )

    [latest_global_sale] => 
)

[2026-03-14 08:50:07] [INFO] Session quantity updated: SCMPL0028274 = 34
[2026-03-14 08:50:14] [INFO] === ULTRA FAST BILL GEN START ===
[2026-03-14 08:50:14] [INFO] Received 1 items and 1 saved distributions
[2026-03-14 08:50:14] [DEBUG] Items received: SCMPL0028274
[2026-03-14 08:50:14] [DEBUG] Distribution keys received: SCMPL0028274
[2026-03-14 08:50:14] [DEBUG] Distribution for SCMPL0028274 (type: string): [9,9,4,6,6]
[2026-03-14 08:50:14] [INFO] Date range: 2021-04-01 00:00:00 to 2021-04-05, Total days: 5, Dry days: 0, Available days: 5
[2026-03-14 08:50:14] [DEBUG] DEBUG: Checking distribution for item SCMPL0028274 - Total Qty: 34
[2026-03-14 08:50:14] [DEBUG] DEBUG: Available distributions: YES
[2026-03-14 08:50:14] [DEBUG] DEBUG: Distribution type for SCMPL0028274: string
[2026-03-14 08:50:14] [DEBUG] DEBUG: Raw distribution string for SCMPL0028274: [9,9,4,6,6]
[2026-03-14 08:50:14] [INFO] SAVED DIST USED (json decoded): SCMPL0028274 = 9, 9, 4, 6, 6
[2026-03-14 08:50:14] [INFO] === PAGE ACCESS ===
[2026-03-14 08:50:14] [INFO] Request method: GET
[2026-03-14 08:50:14] [INFO] Search term: ''
[2026-03-14 08:50:14] [INFO] Current session ID: ko517ttlvimrh4lg3k2bqsp2q7
[2026-03-14 08:50:14] [INFO] GLOBAL CHECK: Latest existing sale: 2021-04-05
[2026-03-14 08:50:14] [INFO] Available dates: 
[2026-03-14 08:50:14] [INFO] Unavailable dates (has existing sales): 2021-04-01, 2021-04-02, 2021-04-03, 2021-04-04, 2021-04-05
[2026-03-14 08:50:14] [INFO] Final session quantities count: 0
[2026-03-14 08:50:14] [INFO] Items in current view: 50
[2026-03-14 08:50:14] [INFO] Sales Page Load Debug Info:
Array
(
    [total_items] => 72
    [current_page] => 1
    [total_pages] => 2
    [session_quantities_count] => 0
    [post_quantities_count] => 0
    [date_range] => 2021-04-01 00:00:00 to 2021-04-05
    [days_count] => 5
    [user_id] => 5
    [comp_id] => 5
    [license_type] => FL-III
    [allowed_classes] => Array
        (
            [0] => W
            [1] => V
            [2] => M
            [3] => F
            [4] => D
            [5] => K
            [6] => G
            [7] => R
        )

    [end_date_day] => 05
    [closing_column] => DAY_05_CLOSING
    [end_date_month] => 2021-04
    [stock_filter] => > 0
    [daily_stock_table] => tbldailystock_5_04_21
    [table_suffix] => _04_21
    [current_month] => 2026-03
    [has_restrictions] => 1
    [available_dates] => Array
        (
        )

    [unavailable_dates] => Array
        (
            [0] => 2021-04-01
            [1] => 2021-04-02
            [2] => 2021-04-03
            [3] => 2021-04-04
            [4] => 2021-04-05
        )

    [dry_dates] => Array
        (
        )

    [latest_global_sale] => 2021-04-05
)

[2026-03-14 08:51:26] [INFO] === PAGE ACCESS ===
[2026-03-14 08:51:26] [INFO] Request method: GET
[2026-03-14 08:51:26] [INFO] Search term: ''
[2026-03-14 08:51:26] [INFO] Current session ID: ko517ttlvimrh4lg3k2bqsp2q7
[2026-03-14 08:51:27] [INFO] Final session quantities count: 0
[2026-03-14 08:51:27] [INFO] Items in current view: 1
[2026-03-14 08:51:27] [INFO] Sales Page Load Debug Info:
Array
(
    [total_items] => 1
    [current_page] => 1
    [total_pages] => 1
    [session_quantities_count] => 0
    [post_quantities_count] => 0
    [date_range] => 2026-03-14 to 2026-03-14
    [days_count] => 1
    [user_id] => 5
    [comp_id] => 5
    [license_type] => FL-III
    [allowed_classes] => Array
        (
            [0] => W
            [1] => V
            [2] => M
            [3] => F
            [4] => D
            [5] => K
            [6] => G
            [7] => R
        )

    [end_date_day] => 14
    [closing_column] => DAY_14_CLOSING
    [end_date_month] => 2026-03
    [stock_filter] => > 0
    [daily_stock_table] => tbldailystock_5
    [table_suffix] => 
    [current_month] => 2026-03
    [has_restrictions] => 
    [available_dates] => Array
        (
            [0] => 2026-03-14
        )

    [unavailable_dates] => Array
        (
        )

    [dry_dates] => Array
        (
        )

    [latest_global_sale] => 
)

[2026-03-14 08:51:41] [INFO] === PAGE ACCESS ===
[2026-03-14 08:51:41] [INFO] Request method: GET
[2026-03-14 08:51:41] [INFO] Search term: ''
[2026-03-14 08:51:41] [INFO] Current session ID: ko517ttlvimrh4lg3k2bqsp2q7
[2026-03-14 08:51:41] [INFO] Final session quantities count: 0
[2026-03-14 08:51:41] [INFO] Items in current view: 50
[2026-03-14 08:51:41] [INFO] Sales Page Load Debug Info:
Array
(
    [total_items] => 74
    [current_page] => 1
    [total_pages] => 2
    [session_quantities_count] => 0
    [post_quantities_count] => 0
    [date_range] => 2021-04-06 to 2021-04-10
    [days_count] => 5
    [user_id] => 5
    [comp_id] => 5
    [license_type] => FL-III
    [allowed_classes] => Array
        (
            [0] => W
            [1] => V
            [2] => M
            [3] => F
            [4] => D
            [5] => K
            [6] => G
            [7] => R
        )

    [end_date_day] => 10
    [closing_column] => DAY_10_CLOSING
    [end_date_month] => 2021-04
    [stock_filter] => > 0
    [daily_stock_table] => tbldailystock_5_04_21
    [table_suffix] => _04_21
    [current_month] => 2026-03
    [has_restrictions] => 
    [available_dates] => Array
        (
            [0] => 2021-04-06
            [1] => 2021-04-07
            [2] => 2021-04-08
            [3] => 2021-04-09
            [4] => 2021-04-10
        )

    [unavailable_dates] => Array
        (
        )

    [dry_dates] => Array
        (
        )

    [latest_global_sale] => 
)

[2026-03-14 08:51:45] [INFO] Session quantity updated: SCMPL0028274 = 25
[2026-03-14 08:52:00] [INFO] === ULTRA FAST BILL GEN START ===
[2026-03-14 08:52:00] [INFO] Received 1 items and 1 saved distributions
[2026-03-14 08:52:00] [DEBUG] Items received: SCMPL0028274
[2026-03-14 08:52:00] [DEBUG] Distribution keys received: SCMPL0028274
[2026-03-14 08:52:00] [DEBUG] Distribution for SCMPL0028274 (type: string): [6,7,5,5,2]
[2026-03-14 08:52:00] [INFO] Date range: 2021-04-06 to 2021-04-10, Total days: 5, Dry days: 0, Available days: 5
[2026-03-14 08:52:00] [DEBUG] DEBUG: Checking distribution for item SCMPL0028274 - Total Qty: 25
[2026-03-14 08:52:00] [DEBUG] DEBUG: Available distributions: YES
[2026-03-14 08:52:00] [DEBUG] DEBUG: Distribution type for SCMPL0028274: string
[2026-03-14 08:52:00] [DEBUG] DEBUG: Raw distribution string for SCMPL0028274: [6,7,5,5,2]
[2026-03-14 08:52:00] [INFO] SAVED DIST USED (json decoded): SCMPL0028274 = 6, 7, 5, 5, 2
[2026-03-14 08:52:00] [INFO] === PAGE ACCESS ===
[2026-03-14 08:52:00] [INFO] Request method: GET
[2026-03-14 08:52:00] [INFO] Search term: ''
[2026-03-14 08:52:00] [INFO] Current session ID: ko517ttlvimrh4lg3k2bqsp2q7
[2026-03-14 08:52:01] [INFO] GLOBAL CHECK: Latest existing sale: 2021-04-10
[2026-03-14 08:52:01] [INFO] Available dates: 
[2026-03-14 08:52:01] [INFO] Unavailable dates (has existing sales): 2021-04-06, 2021-04-07, 2021-04-08, 2021-04-09, 2021-04-10
[2026-03-14 08:52:01] [INFO] Final session quantities count: 0
[2026-03-14 08:52:01] [INFO] Items in current view: 50
[2026-03-14 08:52:01] [INFO] Sales Page Load Debug Info:
Array
(
    [total_items] => 74
    [current_page] => 1
    [total_pages] => 2
    [session_quantities_count] => 0
    [post_quantities_count] => 0
    [date_range] => 2021-04-06 to 2021-04-10
    [days_count] => 5
    [user_id] => 5
    [comp_id] => 5
    [license_type] => FL-III
    [allowed_classes] => Array
        (
            [0] => W
            [1] => V
            [2] => M
            [3] => F
            [4] => D
            [5] => K
            [6] => G
            [7] => R
        )

    [end_date_day] => 10
    [closing_column] => DAY_10_CLOSING
    [end_date_month] => 2021-04
    [stock_filter] => > 0
    [daily_stock_table] => tbldailystock_5_04_21
    [table_suffix] => _04_21
    [current_month] => 2026-03
    [has_restrictions] => 1
    [available_dates] => Array
        (
        )

    [unavailable_dates] => Array
        (
            [0] => 2021-04-06
            [1] => 2021-04-07
            [2] => 2021-04-08
            [3] => 2021-04-09
            [4] => 2021-04-10
        )

    [dry_dates] => Array
        (
        )

    [latest_global_sale] => 2021-04-10
)

[2026-03-14 09:10:02] [INFO] === PAGE ACCESS ===
[2026-03-14 09:10:02] [INFO] Request method: GET
[2026-03-14 09:10:02] [INFO] Search term: ''
[2026-03-14 09:10:02] [INFO] Current session ID: ko517ttlvimrh4lg3k2bqsp2q7
[2026-03-14 09:10:02] [INFO] Final session quantities count: 0
[2026-03-14 09:10:02] [INFO] Items in current view: 1
[2026-03-14 09:10:02] [INFO] Sales Page Load Debug Info:
Array
(
    [total_items] => 1
    [current_page] => 1
    [total_pages] => 1
    [session_quantities_count] => 0
    [post_quantities_count] => 0
    [date_range] => 2026-03-14 to 2026-03-14
    [days_count] => 1
    [user_id] => 5
    [comp_id] => 5
    [license_type] => FL-III
    [allowed_classes] => Array
        (
            [0] => W
            [1] => V
            [2] => M
            [3] => F
            [4] => D
            [5] => K
            [6] => G
            [7] => R
        )

    [end_date_day] => 14
    [closing_column] => DAY_14_CLOSING
    [end_date_month] => 2026-03
    [stock_filter] => > 0
    [daily_stock_table] => tbldailystock_5
    [table_suffix] => 
    [current_month] => 2026-03
    [has_restrictions] => 
    [available_dates] => Array
        (
            [0] => 2026-03-14
        )

    [unavailable_dates] => Array
        (
        )

    [dry_dates] => Array
        (
        )

    [latest_global_sale] => 
)

[2026-03-14 09:10:14] [INFO] === PAGE ACCESS ===
[2026-03-14 09:10:14] [INFO] Request method: GET
[2026-03-14 09:10:14] [INFO] Search term: ''
[2026-03-14 09:10:14] [INFO] Current session ID: ko517ttlvimrh4lg3k2bqsp2q7
[2026-03-14 09:10:14] [INFO] Final session quantities count: 0
[2026-03-14 09:10:14] [INFO] Items in current view: 50
[2026-03-14 09:10:14] [INFO] Sales Page Load Debug Info:
Array
(
    [total_items] => 72
    [current_page] => 1
    [total_pages] => 2
    [session_quantities_count] => 0
    [post_quantities_count] => 0
    [date_range] => 2021-04-01 00:00:00 to 2021-04-05
    [days_count] => 5
    [user_id] => 5
    [comp_id] => 5
    [license_type] => FL-III
    [allowed_classes] => Array
        (
            [0] => W
            [1] => V
            [2] => M
            [3] => F
            [4] => D
            [5] => K
            [6] => G
            [7] => R
        )

    [end_date_day] => 05
    [closing_column] => DAY_05_CLOSING
    [end_date_month] => 2021-04
    [stock_filter] => > 0
    [daily_stock_table] => tbldailystock_5_04_21
    [table_suffix] => _04_21
    [current_month] => 2026-03
    [has_restrictions] => 
    [available_dates] => Array
        (
            [0] => 2021-04-01
            [1] => 2021-04-02
            [2] => 2021-04-03
            [3] => 2021-04-04
            [4] => 2021-04-05
        )

    [unavailable_dates] => Array
        (
        )

    [dry_dates] => Array
        (
        )

    [latest_global_sale] => 
)

[2026-03-14 09:10:17] [INFO] Session quantity updated: SCMPL0028274 = 3
[2026-03-14 09:10:18] [INFO] Session quantity updated: SCMPL0028274 = 32
[2026-03-14 09:10:34] [INFO] === ULTRA FAST BILL GEN START ===
[2026-03-14 09:10:34] [INFO] Received 1 items and 1 saved distributions
[2026-03-14 09:10:34] [DEBUG] Items received: SCMPL0028274
[2026-03-14 09:10:34] [DEBUG] Distribution keys received: SCMPL0028274
[2026-03-14 09:10:34] [DEBUG] Distribution for SCMPL0028274 (type: string): [6,6,7,4,9]
[2026-03-14 09:10:34] [INFO] Date range: 2021-04-01 00:00:00 to 2021-04-05, Total days: 5, Dry days: 0, Available days: 5
[2026-03-14 09:10:34] [DEBUG] DEBUG: Checking distribution for item SCMPL0028274 - Total Qty: 32
[2026-03-14 09:10:34] [DEBUG] DEBUG: Available distributions: YES
[2026-03-14 09:10:34] [DEBUG] DEBUG: Distribution type for SCMPL0028274: string
[2026-03-14 09:10:34] [DEBUG] DEBUG: Raw distribution string for SCMPL0028274: [6,6,7,4,9]
[2026-03-14 09:10:34] [INFO] SAVED DIST USED (json decoded): SCMPL0028274 = 6, 6, 7, 4, 9
[2026-03-14 09:10:34] [INFO] === FINAL DISTRIBUTION FOR BILLS === Item: SCMPL0028274 | Qty: 32 | Distribution: 6,6,7,4,9 | Sum: 32
[2026-03-14 09:10:34] [INFO] === PAGE ACCESS ===
[2026-03-14 09:10:34] [INFO] Request method: GET
[2026-03-14 09:10:34] [INFO] Search term: ''
[2026-03-14 09:10:34] [INFO] Current session ID: ko517ttlvimrh4lg3k2bqsp2q7
[2026-03-14 09:10:34] [INFO] GLOBAL CHECK: Latest existing sale: 2021-04-05
[2026-03-14 09:10:34] [INFO] Available dates: 
[2026-03-14 09:10:34] [INFO] Unavailable dates (has existing sales): 2021-04-01, 2021-04-02, 2021-04-03, 2021-04-04, 2021-04-05
[2026-03-14 09:10:34] [INFO] Final session quantities count: 0
[2026-03-14 09:10:34] [INFO] Items in current view: 50
[2026-03-14 09:10:34] [INFO] Sales Page Load Debug Info:
Array
(
    [total_items] => 72
    [current_page] => 1
    [total_pages] => 2
    [session_quantities_count] => 0
    [post_quantities_count] => 0
    [date_range] => 2021-04-01 00:00:00 to 2021-04-05
    [days_count] => 5
    [user_id] => 5
    [comp_id] => 5
    [license_type] => FL-III
    [allowed_classes] => Array
        (
            [0] => W
            [1] => V
            [2] => M
            [3] => F
            [4] => D
            [5] => K
            [6] => G
            [7] => R
        )

    [end_date_day] => 05
    [closing_column] => DAY_05_CLOSING
    [end_date_month] => 2021-04
    [stock_filter] => > 0
    [daily_stock_table] => tbldailystock_5_04_21
    [table_suffix] => _04_21
    [current_month] => 2026-03
    [has_restrictions] => 1
    [available_dates] => Array
        (
        )

    [unavailable_dates] => Array
        (
            [0] => 2021-04-01
            [1] => 2021-04-02
            [2] => 2021-04-03
            [3] => 2021-04-04
            [4] => 2021-04-05
        )

    [dry_dates] => Array
        (
        )

    [latest_global_sale] => 2021-04-05
)

[2026-03-14 09:24:23] [INFO] === PAGE ACCESS ===
[2026-03-14 09:24:23] [INFO] Request method: GET
[2026-03-14 09:24:23] [INFO] Search term: ''
[2026-03-14 09:24:23] [INFO] Current session ID: ko517ttlvimrh4lg3k2bqsp2q7
[2026-03-14 09:24:23] [INFO] Final session quantities count: 0
[2026-03-14 09:24:23] [INFO] Items in current view: 1
[2026-03-14 09:24:23] [INFO] Sales Page Load Debug Info:
Array
(
    [total_items] => 1
    [current_page] => 1
    [total_pages] => 1
    [session_quantities_count] => 0
    [post_quantities_count] => 0
    [date_range] => 2026-03-14 to 2026-03-14
    [days_count] => 1
    [user_id] => 5
    [comp_id] => 5
    [license_type] => FL-III
    [allowed_classes] => Array
        (
            [0] => W
            [1] => V
            [2] => M
            [3] => F
            [4] => D
            [5] => K
            [6] => G
            [7] => R
        )

    [end_date_day] => 14
    [closing_column] => DAY_14_CLOSING
    [end_date_month] => 2026-03
    [stock_filter] => > 0
    [daily_stock_table] => tbldailystock_5
    [table_suffix] => 
    [current_month] => 2026-03
    [has_restrictions] => 
    [available_dates] => Array
        (
            [0] => 2026-03-14
        )

    [unavailable_dates] => Array
        (
        )

    [dry_dates] => Array
        (
        )

    [latest_global_sale] => 
)

[2026-03-14 09:24:39] [INFO] === PAGE ACCESS ===
[2026-03-14 09:24:39] [INFO] Request method: GET
[2026-03-14 09:24:39] [INFO] Search term: ''
[2026-03-14 09:24:39] [INFO] Current session ID: ko517ttlvimrh4lg3k2bqsp2q7
[2026-03-14 09:24:39] [INFO] Final session quantities count: 0
[2026-03-14 09:24:39] [INFO] Items in current view: 50
[2026-03-14 09:24:39] [INFO] Sales Page Load Debug Info:
Array
(
    [total_items] => 72
    [current_page] => 1
    [total_pages] => 2
    [session_quantities_count] => 0
    [post_quantities_count] => 0
    [date_range] => 2021-04-01 00:00:00 to 2021-04-05
    [days_count] => 5
    [user_id] => 5
    [comp_id] => 5
    [license_type] => FL-III
    [allowed_classes] => Array
        (
            [0] => W
            [1] => V
            [2] => M
            [3] => F
            [4] => D
            [5] => K
            [6] => G
            [7] => R
        )

    [end_date_day] => 05
    [closing_column] => DAY_05_CLOSING
    [end_date_month] => 2021-04
    [stock_filter] => > 0
    [daily_stock_table] => tbldailystock_5_04_21
    [table_suffix] => _04_21
    [current_month] => 2026-03
    [has_restrictions] => 
    [available_dates] => Array
        (
            [0] => 2021-04-01
            [1] => 2021-04-02
            [2] => 2021-04-03
            [3] => 2021-04-04
            [4] => 2021-04-05
        )

    [unavailable_dates] => Array
        (
        )

    [dry_dates] => Array
        (
        )

    [latest_global_sale] => 
)

[2026-03-14 09:24:44] [INFO] Session quantity updated: SCMPL0028274 = 3
[2026-03-14 09:24:45] [INFO] Session quantity updated: SCMPL0028274 = 34
[2026-03-14 09:24:58] [INFO] === PAGE ACCESS ===
[2026-03-14 09:24:58] [INFO] Request method: GET
[2026-03-14 09:24:58] [INFO] Search term: ''
[2026-03-14 09:24:58] [INFO] Current session ID: ko517ttlvimrh4lg3k2bqsp2q7
[2026-03-14 09:24:58] [INFO] Final session quantities count: 1
[2026-03-14 09:24:58] [INFO] Items in current view: 50
[2026-03-14 09:24:58] [INFO] Sales Page Load Debug Info:
Array
(
    [total_items] => 72
    [current_page] => 1
    [total_pages] => 2
    [session_quantities_count] => 1
    [post_quantities_count] => 0
    [date_range] => 2021-04-01 00:00:00 to 2021-04-05
    [days_count] => 5
    [user_id] => 5
    [comp_id] => 5
    [license_type] => FL-III
    [allowed_classes] => Array
        (
            [0] => W
            [1] => V
            [2] => M
            [3] => F
            [4] => D
            [5] => K
            [6] => G
            [7] => R
        )

    [end_date_day] => 05
    [closing_column] => DAY_05_CLOSING
    [end_date_month] => 2021-04
    [stock_filter] => > 0
    [daily_stock_table] => tbldailystock_5_04_21
    [table_suffix] => _04_21
    [current_month] => 2026-03
    [has_restrictions] => 
    [available_dates] => Array
        (
            [0] => 2021-04-01
            [1] => 2021-04-02
            [2] => 2021-04-03
            [3] => 2021-04-04
            [4] => 2021-04-05
        )

    [unavailable_dates] => Array
        (
        )

    [dry_dates] => Array
        (
        )

    [latest_global_sale] => 
)

[2026-03-14 09:25:00] [INFO] === PAGE ACCESS ===
[2026-03-14 09:25:00] [INFO] Request method: GET
[2026-03-14 09:25:00] [INFO] Search term: ''
[2026-03-14 09:25:00] [INFO] Current session ID: ko517ttlvimrh4lg3k2bqsp2q7
[2026-03-14 09:25:00] [INFO] Final session quantities count: 1
[2026-03-14 09:25:00] [INFO] Items in current view: 50
[2026-03-14 09:25:00] [INFO] Sales Page Load Debug Info:
Array
(
    [total_items] => 72
    [current_page] => 1
    [total_pages] => 2
    [session_quantities_count] => 1
    [post_quantities_count] => 0
    [date_range] => 2021-04-01 00:00:00 to 2021-04-05
    [days_count] => 5
    [user_id] => 5
    [comp_id] => 5
    [license_type] => FL-III
    [allowed_classes] => Array
        (
            [0] => W
            [1] => V
            [2] => M
            [3] => F
            [4] => D
            [5] => K
            [6] => G
            [7] => R
        )

    [end_date_day] => 05
    [closing_column] => DAY_05_CLOSING
    [end_date_month] => 2021-04
    [stock_filter] => > 0
    [daily_stock_table] => tbldailystock_5_04_21
    [table_suffix] => _04_21
    [current_month] => 2026-03
    [has_restrictions] => 
    [available_dates] => Array
        (
            [0] => 2021-04-01
            [1] => 2021-04-02
            [2] => 2021-04-03
            [3] => 2021-04-04
            [4] => 2021-04-05
        )

    [unavailable_dates] => Array
        (
        )

    [dry_dates] => Array
        (
        )

    [latest_global_sale] => 
)

[2026-03-14 09:25:14] [INFO] === ULTRA FAST BILL GEN START ===
[2026-03-14 09:25:14] [INFO] Received 1 items and 1 saved distributions
[2026-03-14 09:25:14] [DEBUG] Items received: SCMPL0028274
[2026-03-14 09:25:14] [DEBUG] Distribution keys received: SCMPL0028274
[2026-03-14 09:25:14] [DEBUG] Distribution for SCMPL0028274 (type: string): [7,5,9,6,7]
[2026-03-14 09:25:14] [INFO] Date range: 2021-04-01 00:00:00 to 2021-04-05, Total days: 5, Dry days: 0, Available days: 5
[2026-03-14 09:25:14] [DEBUG] DEBUG: Checking distribution for item SCMPL0028274 - Total Qty: 34
[2026-03-14 09:25:14] [DEBUG] DEBUG: Available distributions: YES
[2026-03-14 09:25:14] [DEBUG] DEBUG: Distribution type for SCMPL0028274: string
[2026-03-14 09:25:14] [DEBUG] DEBUG: Raw distribution string for SCMPL0028274: [7,5,9,6,7]
[2026-03-14 09:25:14] [INFO] SAVED DIST USED (json decoded): SCMPL0028274 = 7, 5, 9, 6, 7
[2026-03-14 09:25:14] [INFO] === FINAL DISTRIBUTION FOR BILLS === Item: SCMPL0028274 | Qty: 34 | Distribution: 7,5,9,6,7 | Sum: 34
[2026-03-14 09:25:14] [INFO] === PAGE ACCESS ===
[2026-03-14 09:25:14] [INFO] Request method: GET
[2026-03-14 09:25:14] [INFO] Search term: ''
[2026-03-14 09:25:14] [INFO] Current session ID: ko517ttlvimrh4lg3k2bqsp2q7
[2026-03-14 09:25:14] [INFO] GLOBAL CHECK: Latest existing sale: 2021-04-05
[2026-03-14 09:25:14] [INFO] Available dates: 
[2026-03-14 09:25:14] [INFO] Unavailable dates (has existing sales): 2021-04-01, 2021-04-02, 2021-04-03, 2021-04-04, 2021-04-05
[2026-03-14 09:25:14] [INFO] Final session quantities count: 0
[2026-03-14 09:25:14] [INFO] Items in current view: 50
[2026-03-14 09:25:14] [INFO] Sales Page Load Debug Info:
Array
(
    [total_items] => 72
    [current_page] => 1
    [total_pages] => 2
    [session_quantities_count] => 0
    [post_quantities_count] => 0
    [date_range] => 2021-04-01 00:00:00 to 2021-04-05
    [days_count] => 5
    [user_id] => 5
    [comp_id] => 5
    [license_type] => FL-III
    [allowed_classes] => Array
        (
            [0] => W
            [1] => V
            [2] => M
            [3] => F
            [4] => D
            [5] => K
            [6] => G
            [7] => R
        )

    [end_date_day] => 05
    [closing_column] => DAY_05_CLOSING
    [end_date_month] => 2021-04
    [stock_filter] => > 0
    [daily_stock_table] => tbldailystock_5_04_21
    [table_suffix] => _04_21
    [current_month] => 2026-03
    [has_restrictions] => 1
    [available_dates] => Array
        (
        )

    [unavailable_dates] => Array
        (
            [0] => 2021-04-01
            [1] => 2021-04-02
            [2] => 2021-04-03
            [3] => 2021-04-04
            [4] => 2021-04-05
        )

    [dry_dates] => Array
        (
        )

    [latest_global_sale] => 2021-04-05
)

[2026-03-14 09:26:03] [INFO] === PAGE ACCESS ===
[2026-03-14 09:26:03] [INFO] Request method: GET
[2026-03-14 09:26:03] [INFO] Search term: ''
[2026-03-14 09:26:03] [INFO] Current session ID: ko517ttlvimrh4lg3k2bqsp2q7
[2026-03-14 09:26:03] [INFO] Final session quantities count: 0
[2026-03-14 09:26:03] [INFO] Items in current view: 1
[2026-03-14 09:26:03] [INFO] Sales Page Load Debug Info:
Array
(
    [total_items] => 1
    [current_page] => 1
    [total_pages] => 1
    [session_quantities_count] => 0
    [post_quantities_count] => 0
    [date_range] => 2026-03-14 to 2026-03-14
    [days_count] => 1
    [user_id] => 5
    [comp_id] => 5
    [license_type] => FL-III
    [allowed_classes] => Array
        (
            [0] => W
            [1] => V
            [2] => M
            [3] => F
            [4] => D
            [5] => K
            [6] => G
            [7] => R
        )

    [end_date_day] => 14
    [closing_column] => DAY_14_CLOSING
    [end_date_month] => 2026-03
    [stock_filter] => > 0
    [daily_stock_table] => tbldailystock_5
    [table_suffix] => 
    [current_month] => 2026-03
    [has_restrictions] => 
    [available_dates] => Array
        (
            [0] => 2026-03-14
        )

    [unavailable_dates] => Array
        (
        )

    [dry_dates] => Array
        (
        )

    [latest_global_sale] => 
)

[2026-03-14 09:26:29] [INFO] === PAGE ACCESS ===
[2026-03-14 09:26:29] [INFO] Request method: GET
[2026-03-14 09:26:29] [INFO] Search term: ''
[2026-03-14 09:26:29] [INFO] Current session ID: ko517ttlvimrh4lg3k2bqsp2q7
[2026-03-14 09:26:30] [INFO] Final session quantities count: 0
[2026-03-14 09:26:30] [INFO] Items in current view: 50
[2026-03-14 09:26:30] [INFO] Sales Page Load Debug Info:
Array
(
    [total_items] => 74
    [current_page] => 1
    [total_pages] => 2
    [session_quantities_count] => 0
    [post_quantities_count] => 0
    [date_range] => 2021-04-06 to 2021-04-10
    [days_count] => 5
    [user_id] => 5
    [comp_id] => 5
    [license_type] => FL-III
    [allowed_classes] => Array
        (
            [0] => W
            [1] => V
            [2] => M
            [3] => F
            [4] => D
            [5] => K
            [6] => G
            [7] => R
        )

    [end_date_day] => 10
    [closing_column] => DAY_10_CLOSING
    [end_date_month] => 2021-04
    [stock_filter] => > 0
    [daily_stock_table] => tbldailystock_5_04_21
    [table_suffix] => _04_21
    [current_month] => 2026-03
    [has_restrictions] => 
    [available_dates] => Array
        (
            [0] => 2021-04-06
            [1] => 2021-04-07
            [2] => 2021-04-08
            [3] => 2021-04-09
            [4] => 2021-04-10
        )

    [unavailable_dates] => Array
        (
        )

    [dry_dates] => Array
        (
        )

    [latest_global_sale] => 
)

[2026-03-14 09:26:35] [INFO] Session quantity updated: SCMPL0028274 = 420
[2026-03-14 09:26:35] [INFO] Session quantity updated: SCMPL0028274 = 462
[2026-03-14 09:26:35] [INFO] Session quantity updated: SCMPL0028274 = 462
[2026-03-14 09:26:37] [INFO] Session quantity updated: SCMPL0028274 = 423
[2026-03-14 09:26:37] [INFO] Session quantity updated: SCMPL0028274 = 423
[2026-03-14 09:26:39] [INFO] Session quantity updated: SCMPL0028274 = 34
[2026-03-14 09:26:39] [INFO] Session quantity updated: SCMPL0028274 = 34
[2026-03-14 09:26:50] [INFO] === ULTRA FAST BILL GEN START ===
[2026-03-14 09:26:50] [INFO] Received 1 items and 1 saved distributions
[2026-03-14 09:26:50] [DEBUG] Items received: SCMPL0028274
[2026-03-14 09:26:50] [DEBUG] Distribution keys received: SCMPL0028274
[2026-03-14 09:26:50] [DEBUG] Distribution for SCMPL0028274 (type: string): [7,9,3,11,4]
[2026-03-14 09:26:50] [INFO] Date range: 2021-04-06 to 2021-04-10, Total days: 5, Dry days: 0, Available days: 5
[2026-03-14 09:26:50] [DEBUG] DEBUG: Checking distribution for item SCMPL0028274 - Total Qty: 34
[2026-03-14 09:26:50] [DEBUG] DEBUG: Available distributions: YES
[2026-03-14 09:26:50] [DEBUG] DEBUG: Distribution type for SCMPL0028274: string
[2026-03-14 09:26:50] [DEBUG] DEBUG: Raw distribution string for SCMPL0028274: [7,9,3,11,4]
[2026-03-14 09:26:50] [INFO] SAVED DIST USED (json decoded): SCMPL0028274 = 7, 9, 3, 11, 4
[2026-03-14 09:26:50] [INFO] === FINAL DISTRIBUTION FOR BILLS === Item: SCMPL0028274 | Qty: 34 | Distribution: 7,9,3,11,4 | Sum: 34
[2026-03-14 09:26:51] [INFO] === PAGE ACCESS ===
[2026-03-14 09:26:51] [INFO] Request method: GET
[2026-03-14 09:26:51] [INFO] Search term: ''
[2026-03-14 09:26:51] [INFO] Current session ID: ko517ttlvimrh4lg3k2bqsp2q7
[2026-03-14 09:26:51] [INFO] GLOBAL CHECK: Latest existing sale: 2021-04-10
[2026-03-14 09:26:51] [INFO] Available dates: 
[2026-03-14 09:26:51] [INFO] Unavailable dates (has existing sales): 2021-04-06, 2021-04-07, 2021-04-08, 2021-04-09, 2021-04-10
[2026-03-14 09:26:51] [INFO] Final session quantities count: 0
[2026-03-14 09:26:51] [INFO] Items in current view: 50
[2026-03-14 09:26:51] [INFO] Sales Page Load Debug Info:
Array
(
    [total_items] => 74
    [current_page] => 1
    [total_pages] => 2
    [session_quantities_count] => 0
    [post_quantities_count] => 0
    [date_range] => 2021-04-06 to 2021-04-10
    [days_count] => 5
    [user_id] => 5
    [comp_id] => 5
    [license_type] => FL-III
    [allowed_classes] => Array
        (
            [0] => W
            [1] => V
            [2] => M
            [3] => F
            [4] => D
            [5] => K
            [6] => G
            [7] => R
        )

    [end_date_day] => 10
    [closing_column] => DAY_10_CLOSING
    [end_date_month] => 2021-04
    [stock_filter] => > 0
    [daily_stock_table] => tbldailystock_5_04_21
    [table_suffix] => _04_21
    [current_month] => 2026-03
    [has_restrictions] => 1
    [available_dates] => Array
        (
        )

    [unavailable_dates] => Array
        (
            [0] => 2021-04-06
            [1] => 2021-04-07
            [2] => 2021-04-08
            [3] => 2021-04-09
            [4] => 2021-04-10
        )

    [dry_dates] => Array
        (
        )

    [latest_global_sale] => 2021-04-10
)

[2026-03-14 09:29:08] [INFO] === PAGE ACCESS ===
[2026-03-14 09:29:08] [INFO] Request method: GET
[2026-03-14 09:29:08] [INFO] Search term: ''
[2026-03-14 09:29:08] [INFO] Current session ID: ko517ttlvimrh4lg3k2bqsp2q7
[2026-03-14 09:29:08] [INFO] Final session quantities count: 0
[2026-03-14 09:29:08] [INFO] Items in current view: 1
[2026-03-14 09:29:08] [INFO] Sales Page Load Debug Info:
Array
(
    [total_items] => 1
    [current_page] => 1
    [total_pages] => 1
    [session_quantities_count] => 0
    [post_quantities_count] => 0
    [date_range] => 2026-03-14 to 2026-03-14
    [days_count] => 1
    [user_id] => 5
    [comp_id] => 5
    [license_type] => FL-III
    [allowed_classes] => Array
        (
            [0] => W
            [1] => V
            [2] => M
            [3] => F
            [4] => D
            [5] => K
            [6] => G
            [7] => R
        )

    [end_date_day] => 14
    [closing_column] => DAY_14_CLOSING
    [end_date_month] => 2026-03
    [stock_filter] => > 0
    [daily_stock_table] => tbldailystock_5
    [table_suffix] => 
    [current_month] => 2026-03
    [has_restrictions] => 
    [available_dates] => Array
        (
            [0] => 2026-03-14
        )

    [unavailable_dates] => Array
        (
        )

    [dry_dates] => Array
        (
        )

    [latest_global_sale] => 
)

[2026-03-14 09:29:18] [INFO] === PAGE ACCESS ===
[2026-03-14 09:29:18] [INFO] Request method: GET
[2026-03-14 09:29:18] [INFO] Search term: ''
[2026-03-14 09:29:18] [INFO] Current session ID: ko517ttlvimrh4lg3k2bqsp2q7
[2026-03-14 09:29:19] [INFO] Final session quantities count: 0
[2026-03-14 09:29:19] [INFO] Items in current view: 50
[2026-03-14 09:29:19] [INFO] Sales Page Load Debug Info:
Array
(
    [total_items] => 72
    [current_page] => 1
    [total_pages] => 2
    [session_quantities_count] => 0
    [post_quantities_count] => 0
    [date_range] => 2021-04-01 00:00:00 to 2021-04-05
    [days_count] => 5
    [user_id] => 5
    [comp_id] => 5
    [license_type] => FL-III
    [allowed_classes] => Array
        (
            [0] => W
            [1] => V
            [2] => M
            [3] => F
            [4] => D
            [5] => K
            [6] => G
            [7] => R
        )

    [end_date_day] => 05
    [closing_column] => DAY_05_CLOSING
    [end_date_month] => 2021-04
    [stock_filter] => > 0
    [daily_stock_table] => tbldailystock_5_04_21
    [table_suffix] => _04_21
    [current_month] => 2026-03
    [has_restrictions] => 
    [available_dates] => Array
        (
            [0] => 2021-04-01
            [1] => 2021-04-02
            [2] => 2021-04-03
            [3] => 2021-04-04
            [4] => 2021-04-05
        )

    [unavailable_dates] => Array
        (
        )

    [dry_dates] => Array
        (
        )

    [latest_global_sale] => 
)

[2026-03-14 09:29:23] [INFO] Session quantity updated: SCMPL0028274 = 500
[2026-03-14 09:29:23] [INFO] Session quantity updated: SCMPL0028274 = 500
[2026-03-14 09:29:26] [INFO] Session quantity updated: SCMPL0028274 = 496
[2026-03-14 09:29:26] [INFO] Session quantity updated: SCMPL0028274 = 496
[2026-03-14 09:29:27] [INFO] Session quantity updated: SCMPL0028274 = 454
[2026-03-14 09:29:27] [INFO] Session quantity updated: SCMPL0028274 = 454
[2026-03-14 09:29:28] [INFO] Session quantity updated: SCMPL0028274 = 38
[2026-03-14 09:29:28] [INFO] Session quantity updated: SCMPL0028274 = 38
[2026-03-14 09:29:41] [INFO] === ULTRA FAST BILL GEN START ===
[2026-03-14 09:29:41] [INFO] Received 1 items and 1 saved distributions
[2026-03-14 09:29:41] [DEBUG] Items received: SCMPL0028274
[2026-03-14 09:29:41] [DEBUG] Distribution keys received: SCMPL0028274
[2026-03-14 09:29:41] [DEBUG] Distribution for SCMPL0028274 (type: string): [11,9,7,4,7]
[2026-03-14 09:29:41] [INFO] Date range: 2021-04-01 00:00:00 to 2021-04-05, Total days: 5, Dry days: 0, Available days: 5
[2026-03-14 09:29:41] [DEBUG] DEBUG: Checking distribution for item SCMPL0028274 - Total Qty: 38
[2026-03-14 09:29:41] [DEBUG] DEBUG: Available distributions: YES
[2026-03-14 09:29:41] [DEBUG] DEBUG: Distribution type for SCMPL0028274: string
[2026-03-14 09:29:41] [DEBUG] DEBUG: Raw distribution string for SCMPL0028274: [11,9,7,4,7]
[2026-03-14 09:29:41] [INFO] SAVED DIST USED (json decoded): SCMPL0028274 = 11, 9, 7, 4, 7
[2026-03-14 09:29:41] [INFO] === FINAL DISTRIBUTION FOR BILLS === Item: SCMPL0028274 | Qty: 38 | Distribution: 11,9,7,4,7 | Sum: 38
[2026-03-14 09:29:41] [INFO] === PAGE ACCESS ===
[2026-03-14 09:29:41] [INFO] Request method: GET
[2026-03-14 09:29:41] [INFO] Search term: ''
[2026-03-14 09:29:41] [INFO] Current session ID: ko517ttlvimrh4lg3k2bqsp2q7
[2026-03-14 09:29:42] [INFO] GLOBAL CHECK: Latest existing sale: 2021-04-05
[2026-03-14 09:29:42] [INFO] Available dates: 
[2026-03-14 09:29:42] [INFO] Unavailable dates (has existing sales): 2021-04-01, 2021-04-02, 2021-04-03, 2021-04-04, 2021-04-05
[2026-03-14 09:29:42] [INFO] Final session quantities count: 0
[2026-03-14 09:29:42] [INFO] Items in current view: 50
[2026-03-14 09:29:42] [INFO] Sales Page Load Debug Info:
Array
(
    [total_items] => 72
    [current_page] => 1
    [total_pages] => 2
    [session_quantities_count] => 0
    [post_quantities_count] => 0
    [date_range] => 2021-04-01 00:00:00 to 2021-04-05
    [days_count] => 5
    [user_id] => 5
    [comp_id] => 5
    [license_type] => FL-III
    [allowed_classes] => Array
        (
            [0] => W
            [1] => V
            [2] => M
            [3] => F
            [4] => D
            [5] => K
            [6] => G
            [7] => R
        )

    [end_date_day] => 05
    [closing_column] => DAY_05_CLOSING
    [end_date_month] => 2021-04
    [stock_filter] => > 0
    [daily_stock_table] => tbldailystock_5_04_21
    [table_suffix] => _04_21
    [current_month] => 2026-03
    [has_restrictions] => 1
    [available_dates] => Array
        (
        )

    [unavailable_dates] => Array
        (
            [0] => 2021-04-01
            [1] => 2021-04-02
            [2] => 2021-04-03
            [3] => 2021-04-04
            [4] => 2021-04-05
        )

    [dry_dates] => Array
        (
        )

    [latest_global_sale] => 2021-04-05
)

[2026-03-14 09:29:54] [INFO] === PAGE ACCESS ===
[2026-03-14 09:29:54] [INFO] Request method: GET
[2026-03-14 09:29:54] [INFO] Search term: ''
[2026-03-14 09:29:54] [INFO] Current session ID: ko517ttlvimrh4lg3k2bqsp2q7
[2026-03-14 09:29:55] [INFO] Final session quantities count: 0
[2026-03-14 09:29:55] [INFO] Items in current view: 1
[2026-03-14 09:29:55] [INFO] Sales Page Load Debug Info:
Array
(
    [total_items] => 1
    [current_page] => 1
    [total_pages] => 1
    [session_quantities_count] => 0
    [post_quantities_count] => 0
    [date_range] => 2026-03-14 to 2026-03-14
    [days_count] => 1
    [user_id] => 5
    [comp_id] => 5
    [license_type] => FL-III
    [allowed_classes] => Array
        (
            [0] => W
            [1] => V
            [2] => M
            [3] => F
            [4] => D
            [5] => K
            [6] => G
            [7] => R
        )

    [end_date_day] => 14
    [closing_column] => DAY_14_CLOSING
    [end_date_month] => 2026-03
    [stock_filter] => > 0
    [daily_stock_table] => tbldailystock_5
    [table_suffix] => 
    [current_month] => 2026-03
    [has_restrictions] => 
    [available_dates] => Array
        (
            [0] => 2026-03-14
        )

    [unavailable_dates] => Array
        (
        )

    [dry_dates] => Array
        (
        )

    [latest_global_sale] => 
)

[2026-03-14 09:30:01] [INFO] === PAGE ACCESS ===
[2026-03-14 09:30:01] [INFO] Request method: GET
[2026-03-14 09:30:01] [INFO] Search term: ''
[2026-03-14 09:30:01] [INFO] Current session ID: ko517ttlvimrh4lg3k2bqsp2q7
[2026-03-14 09:30:02] [INFO] Final session quantities count: 0
[2026-03-14 09:30:02] [INFO] Items in current view: 1
[2026-03-14 09:30:02] [INFO] Sales Page Load Debug Info:
Array
(
    [total_items] => 1
    [current_page] => 1
    [total_pages] => 1
    [session_quantities_count] => 0
    [post_quantities_count] => 0
    [date_range] => 2026-03-14 to 2026-03-14
    [days_count] => 1
    [user_id] => 5
    [comp_id] => 5
    [license_type] => FL-III
    [allowed_classes] => Array
        (
            [0] => W
            [1] => V
            [2] => M
            [3] => F
            [4] => D
            [5] => K
            [6] => G
            [7] => R
        )

    [end_date_day] => 14
    [closing_column] => DAY_14_CLOSING
    [end_date_month] => 2026-03
    [stock_filter] => > 0
    [daily_stock_table] => tbldailystock_5
    [table_suffix] => 
    [current_month] => 2026-03
    [has_restrictions] => 
    [available_dates] => Array
        (
            [0] => 2026-03-14
        )

    [unavailable_dates] => Array
        (
        )

    [dry_dates] => Array
        (
        )

    [latest_global_sale] => 
)

[2026-03-14 09:30:25] [INFO] === PAGE ACCESS ===
[2026-03-14 09:30:25] [INFO] Request method: GET
[2026-03-14 09:30:25] [INFO] Search term: ''
[2026-03-14 09:30:25] [INFO] Current session ID: ko517ttlvimrh4lg3k2bqsp2q7
[2026-03-14 09:30:26] [INFO] Final session quantities count: 0
[2026-03-14 09:30:26] [INFO] Items in current view: 50
[2026-03-14 09:30:26] [INFO] Sales Page Load Debug Info:
Array
(
    [total_items] => 74
    [current_page] => 1
    [total_pages] => 2
    [session_quantities_count] => 0
    [post_quantities_count] => 0
    [date_range] => 2021-04-06 to 2021-04-10
    [days_count] => 5
    [user_id] => 5
    [comp_id] => 5
    [license_type] => FL-III
    [allowed_classes] => Array
        (
            [0] => W
            [1] => V
            [2] => M
            [3] => F
            [4] => D
            [5] => K
            [6] => G
            [7] => R
        )

    [end_date_day] => 10
    [closing_column] => DAY_10_CLOSING
    [end_date_month] => 2021-04
    [stock_filter] => > 0
    [daily_stock_table] => tbldailystock_5_04_21
    [table_suffix] => _04_21
    [current_month] => 2026-03
    [has_restrictions] => 
    [available_dates] => Array
        (
            [0] => 2021-04-06
            [1] => 2021-04-07
            [2] => 2021-04-08
            [3] => 2021-04-09
            [4] => 2021-04-10
        )

    [unavailable_dates] => Array
        (
        )

    [dry_dates] => Array
        (
        )

    [latest_global_sale] => 
)

[2026-03-14 09:30:28] [INFO] Session quantity updated: SCMPL0028274 = 4
[2026-03-14 09:30:29] [INFO] Session quantity updated: SCMPL0028274 = 3
[2026-03-14 09:30:30] [INFO] Session quantity updated: SCMPL0028274 = 0
[2026-03-14 09:30:30] [INFO] Session quantity updated: SCMPL0028274 = 0
[2026-03-14 09:30:32] [INFO] Session quantity updated: SCMPL0028274 = 32
[2026-03-14 09:30:49] [INFO] === ULTRA FAST BILL GEN START ===
[2026-03-14 09:30:49] [INFO] Received 1 items and 1 saved distributions
[2026-03-14 09:30:49] [DEBUG] Items received: SCMPL0028274
[2026-03-14 09:30:49] [DEBUG] Distribution keys received: SCMPL0028274
[2026-03-14 09:30:49] [DEBUG] Distribution for SCMPL0028274 (type: string): [8,5,3,9,7]
[2026-03-14 09:30:49] [INFO] Date range: 2021-04-06 to 2021-04-10, Total days: 5, Dry days: 0, Available days: 5
[2026-03-14 09:30:49] [DEBUG] DEBUG: Checking distribution for item SCMPL0028274 - Total Qty: 32
[2026-03-14 09:30:49] [DEBUG] DEBUG: Available distributions: YES
[2026-03-14 09:30:49] [DEBUG] DEBUG: Distribution type for SCMPL0028274: string
[2026-03-14 09:30:49] [DEBUG] DEBUG: Raw distribution string for SCMPL0028274: [8,5,3,9,7]
[2026-03-14 09:30:49] [INFO] SAVED DIST USED (json decoded): SCMPL0028274 = 8, 5, 3, 9, 7
[2026-03-14 09:30:49] [INFO] === FINAL DISTRIBUTION FOR BILLS === Item: SCMPL0028274 | Qty: 32 | Distribution: 8,5,3,9,7 | Sum: 32
[2026-03-14 09:30:49] [INFO] === PAGE ACCESS ===
[2026-03-14 09:30:49] [INFO] Request method: GET
[2026-03-14 09:30:49] [INFO] Search term: ''
[2026-03-14 09:30:49] [INFO] Current session ID: ko517ttlvimrh4lg3k2bqsp2q7
[2026-03-14 09:30:49] [INFO] GLOBAL CHECK: Latest existing sale: 2021-04-10
[2026-03-14 09:30:49] [INFO] Available dates: 
[2026-03-14 09:30:49] [INFO] Unavailable dates (has existing sales): 2021-04-06, 2021-04-07, 2021-04-08, 2021-04-09, 2021-04-10
[2026-03-14 09:30:49] [INFO] Final session quantities count: 0
[2026-03-14 09:30:49] [INFO] Items in current view: 50
[2026-03-14 09:30:49] [INFO] Sales Page Load Debug Info:
Array
(
    [total_items] => 74
    [current_page] => 1
    [total_pages] => 2
    [session_quantities_count] => 0
    [post_quantities_count] => 0
    [date_range] => 2021-04-06 to 2021-04-10
    [days_count] => 5
    [user_id] => 5
    [comp_id] => 5
    [license_type] => FL-III
    [allowed_classes] => Array
        (
            [0] => W
            [1] => V
            [2] => M
            [3] => F
            [4] => D
            [5] => K
            [6] => G
            [7] => R
        )

    [end_date_day] => 10
    [closing_column] => DAY_10_CLOSING
    [end_date_month] => 2021-04
    [stock_filter] => > 0
    [daily_stock_table] => tbldailystock_5_04_21
    [table_suffix] => _04_21
    [current_month] => 2026-03
    [has_restrictions] => 1
    [available_dates] => Array
        (
        )

    [unavailable_dates] => Array
        (
            [0] => 2021-04-06
            [1] => 2021-04-07
            [2] => 2021-04-08
            [3] => 2021-04-09
            [4] => 2021-04-10
        )

    [dry_dates] => Array
        (
        )

    [latest_global_sale] => 2021-04-10
)

[2026-03-14 10:58:18] [INFO] === PAGE ACCESS ===
[2026-03-14 10:58:18] [INFO] Request method: GET
[2026-03-14 10:58:18] [INFO] Search term: ''
[2026-03-14 10:58:18] [INFO] Current session ID: rmadrik9bpggseu74vke7fbhdj
[2026-03-14 10:58:18] [INFO] Final session quantities count: 0
[2026-03-14 10:58:18] [INFO] Items in current view: 1
[2026-03-14 10:58:18] [INFO] Sales Page Load Debug Info:
Array
(
    [total_items] => 1
    [current_page] => 1
    [total_pages] => 1
    [session_quantities_count] => 0
    [post_quantities_count] => 0
    [date_range] => 2026-03-14 to 2026-03-14
    [days_count] => 1
    [user_id] => 5
    [comp_id] => 5
    [license_type] => FL-III
    [allowed_classes] => Array
        (
            [0] => W
            [1] => V
            [2] => M
            [3] => F
            [4] => D
            [5] => K
            [6] => G
            [7] => R
        )

    [end_date_day] => 14
    [closing_column] => DAY_14_CLOSING
    [end_date_month] => 2026-03
    [stock_filter] => > 0
    [daily_stock_table] => tbldailystock_5
    [table_suffix] => 
    [current_month] => 2026-03
    [has_restrictions] => 
    [available_dates] => Array
        (
            [0] => 2026-03-14
        )

    [unavailable_dates] => Array
        (
        )

    [dry_dates] => Array
        (
        )

    [latest_global_sale] => 
)

[2026-03-14 10:58:37] [INFO] === PAGE ACCESS ===
[2026-03-14 10:58:37] [INFO] Request method: GET
[2026-03-14 10:58:37] [INFO] Search term: ''
[2026-03-14 10:58:37] [INFO] Current session ID: rmadrik9bpggseu74vke7fbhdj
[2026-03-14 10:58:37] [INFO] GLOBAL CHECK: Latest existing sale: 2021-04-05
[2026-03-14 10:58:37] [INFO] Available dates: 
[2026-03-14 10:58:37] [INFO] Unavailable dates (has existing sales): 2021-04-01, 2021-04-02, 2021-04-03, 2021-04-04, 2021-04-05
[2026-03-14 10:58:37] [INFO] Final session quantities count: 0
[2026-03-14 10:58:37] [INFO] Items in current view: 50
[2026-03-14 10:58:37] [INFO] Sales Page Load Debug Info:
Array
(
    [total_items] => 72
    [current_page] => 1
    [total_pages] => 2
    [session_quantities_count] => 0
    [post_quantities_count] => 0
    [date_range] => 2021-04-01 00:00:00 to 2021-04-05
    [days_count] => 5
    [user_id] => 5
    [comp_id] => 5
    [license_type] => FL-III
    [allowed_classes] => Array
        (
            [0] => W
            [1] => V
            [2] => M
            [3] => F
            [4] => D
            [5] => K
            [6] => G
            [7] => R
        )

    [end_date_day] => 05
    [closing_column] => DAY_05_CLOSING
    [end_date_month] => 2021-04
    [stock_filter] => > 0
    [daily_stock_table] => tbldailystock_5_04_21
    [table_suffix] => _04_21
    [current_month] => 2026-03
    [has_restrictions] => 1
    [available_dates] => Array
        (
        )

    [unavailable_dates] => Array
        (
            [0] => 2021-04-01
            [1] => 2021-04-02
            [2] => 2021-04-03
            [3] => 2021-04-04
            [4] => 2021-04-05
        )

    [dry_dates] => Array
        (
        )

    [latest_global_sale] => 2021-04-05
)

[2026-03-14 10:58:52] [INFO] === PAGE ACCESS ===
[2026-03-14 10:58:52] [INFO] Request method: GET
[2026-03-14 10:58:52] [INFO] Search term: ''
[2026-03-14 10:58:52] [INFO] Current session ID: rmadrik9bpggseu74vke7fbhdj
[2026-03-14 10:58:52] [INFO] Final session quantities count: 0
[2026-03-14 10:58:52] [INFO] Items in current view: 1
[2026-03-14 10:58:52] [INFO] Sales Page Load Debug Info:
Array
(
    [total_items] => 1
    [current_page] => 1
    [total_pages] => 1
    [session_quantities_count] => 0
    [post_quantities_count] => 0
    [date_range] => 2026-03-14 to 2026-03-14
    [days_count] => 1
    [user_id] => 5
    [comp_id] => 5
    [license_type] => FL-III
    [allowed_classes] => Array
        (
            [0] => W
            [1] => V
            [2] => M
            [3] => F
            [4] => D
            [5] => K
            [6] => G
            [7] => R
        )

    [end_date_day] => 14
    [closing_column] => DAY_14_CLOSING
    [end_date_month] => 2026-03
    [stock_filter] => > 0
    [daily_stock_table] => tbldailystock_5
    [table_suffix] => 
    [current_month] => 2026-03
    [has_restrictions] => 
    [available_dates] => Array
        (
            [0] => 2026-03-14
        )

    [unavailable_dates] => Array
        (
        )

    [dry_dates] => Array
        (
        )

    [latest_global_sale] => 
)

[2026-03-14 10:59:23] [INFO] === PAGE ACCESS ===
[2026-03-14 10:59:23] [INFO] Request method: GET
[2026-03-14 10:59:23] [INFO] Search term: ''
[2026-03-14 10:59:23] [INFO] Current session ID: rmadrik9bpggseu74vke7fbhdj
[2026-03-14 11:00:51] [INFO] === PAGE ACCESS ===
[2026-03-14 11:00:51] [INFO] Request method: GET
[2026-03-14 11:00:51] [INFO] Search term: ''
[2026-03-14 11:00:51] [INFO] Current session ID: rmadrik9bpggseu74vke7fbhdj
[2026-03-14 11:00:52] [INFO] Final session quantities count: 0
[2026-03-14 11:00:52] [INFO] Items in current view: 50
[2026-03-14 11:00:52] [INFO] Sales Page Load Debug Info:
Array
(
    [total_items] => 72
    [current_page] => 1
    [total_pages] => 2
    [session_quantities_count] => 0
    [post_quantities_count] => 0
    [date_range] => 2021-04-01 00:00:00 to 2021-04-05
    [days_count] => 5
    [user_id] => 5
    [comp_id] => 5
    [license_type] => FL-III
    [allowed_classes] => Array
        (
            [0] => W
            [1] => V
            [2] => M
            [3] => F
            [4] => D
            [5] => K
            [6] => G
            [7] => R
        )

    [end_date_day] => 05
    [closing_column] => DAY_05_CLOSING
    [end_date_month] => 2021-04
    [stock_filter] => > 0
    [daily_stock_table] => tbldailystock_5_04_21
    [table_suffix] => _04_21
    [current_month] => 2026-03
    [has_restrictions] => 
    [available_dates] => Array
        (
            [0] => 2021-04-01
            [1] => 2021-04-02
            [2] => 2021-04-03
            [3] => 2021-04-04
            [4] => 2021-04-05
        )

    [unavailable_dates] => Array
        (
        )

    [dry_dates] => Array
        (
        )

    [latest_global_sale] => 
)

[2026-03-14 11:00:58] [INFO] Session quantity updated: SCMPL0028274 = 34
[2026-03-14 11:01:12] [INFO] === ULTRA FAST BILL GEN START ===
[2026-03-14 11:01:12] [INFO] Received 1 items and 1 saved distributions
[2026-03-14 11:01:12] [DEBUG] Items received: SCMPL0028274
[2026-03-14 11:01:12] [DEBUG] Distribution keys received: SCMPL0028274
[2026-03-14 11:01:12] [DEBUG] Distribution for SCMPL0028274 (type: string): [5,6,10,8,5]
[2026-03-14 11:01:12] [INFO] Date range: 2021-04-01 00:00:00 to 2021-04-05, Total days: 5, Dry days: 0, Available days: 5
[2026-03-14 11:01:12] [DEBUG] DEBUG: Checking distribution for item SCMPL0028274 - Total Qty: 34
[2026-03-14 11:01:12] [DEBUG] DEBUG: Available distributions: YES
[2026-03-14 11:01:12] [DEBUG] DEBUG: Distribution type for SCMPL0028274: string
[2026-03-14 11:01:12] [DEBUG] DEBUG: Raw distribution string for SCMPL0028274: [5,6,10,8,5]
[2026-03-14 11:01:12] [INFO] SAVED DIST USED (json decoded): SCMPL0028274 = 5, 6, 10, 8, 5
[2026-03-14 11:01:12] [INFO] === FINAL DISTRIBUTION FOR BILLS === Item: SCMPL0028274 | Qty: 34 | Distribution: 5,6,10,8,5 | Sum: 34
[2026-03-14 11:01:13] [INFO] === PAGE ACCESS ===
[2026-03-14 11:01:13] [INFO] Request method: GET
[2026-03-14 11:01:13] [INFO] Search term: ''
[2026-03-14 11:01:13] [INFO] Current session ID: rmadrik9bpggseu74vke7fbhdj
[2026-03-14 11:01:13] [INFO] GLOBAL CHECK: Latest existing sale: 2021-04-05
[2026-03-14 11:01:13] [INFO] Available dates: 
[2026-03-14 11:01:13] [INFO] Unavailable dates (has existing sales): 2021-04-01, 2021-04-02, 2021-04-03, 2021-04-04, 2021-04-05
[2026-03-14 11:01:13] [INFO] Final session quantities count: 0
[2026-03-14 11:01:13] [INFO] Items in current view: 50
[2026-03-14 11:01:13] [INFO] Sales Page Load Debug Info:
Array
(
    [total_items] => 72
    [current_page] => 1
    [total_pages] => 2
    [session_quantities_count] => 0
    [post_quantities_count] => 0
    [date_range] => 2021-04-01 00:00:00 to 2021-04-05
    [days_count] => 5
    [user_id] => 5
    [comp_id] => 5
    [license_type] => FL-III
    [allowed_classes] => Array
        (
            [0] => W
            [1] => V
            [2] => M
            [3] => F
            [4] => D
            [5] => K
            [6] => G
            [7] => R
        )

    [end_date_day] => 05
    [closing_column] => DAY_05_CLOSING
    [end_date_month] => 2021-04
    [stock_filter] => > 0
    [daily_stock_table] => tbldailystock_5_04_21
    [table_suffix] => _04_21
    [current_month] => 2026-03
    [has_restrictions] => 1
    [available_dates] => Array
        (
        )

    [unavailable_dates] => Array
        (
            [0] => 2021-04-01
            [1] => 2021-04-02
            [2] => 2021-04-03
            [3] => 2021-04-04
            [4] => 2021-04-05
        )

    [dry_dates] => Array
        (
        )

    [latest_global_sale] => 2021-04-05
)

[2026-03-14 11:02:03] [INFO] === PAGE ACCESS ===
[2026-03-14 11:02:03] [INFO] Request method: GET
[2026-03-14 11:02:03] [INFO] Search term: ''
[2026-03-14 11:02:03] [INFO] Current session ID: rmadrik9bpggseu74vke7fbhdj
[2026-03-14 11:02:03] [INFO] Final session quantities count: 0
[2026-03-14 11:02:03] [INFO] Items in current view: 1
[2026-03-14 11:02:03] [INFO] Sales Page Load Debug Info:
Array
(
    [total_items] => 1
    [current_page] => 1
    [total_pages] => 1
    [session_quantities_count] => 0
    [post_quantities_count] => 0
    [date_range] => 2026-03-14 to 2026-03-14
    [days_count] => 1
    [user_id] => 5
    [comp_id] => 5
    [license_type] => FL-III
    [allowed_classes] => Array
        (
            [0] => W
            [1] => V
            [2] => M
            [3] => F
            [4] => D
            [5] => K
            [6] => G
            [7] => R
        )

    [end_date_day] => 14
    [closing_column] => DAY_14_CLOSING
    [end_date_month] => 2026-03
    [stock_filter] => > 0
    [daily_stock_table] => tbldailystock_5
    [table_suffix] => 
    [current_month] => 2026-03
    [has_restrictions] => 
    [available_dates] => Array
        (
            [0] => 2026-03-14
        )

    [unavailable_dates] => Array
        (
        )

    [dry_dates] => Array
        (
        )

    [latest_global_sale] => 
)

[2026-03-14 11:02:21] [INFO] === PAGE ACCESS ===
[2026-03-14 11:02:21] [INFO] Request method: GET
[2026-03-14 11:02:21] [INFO] Search term: ''
[2026-03-14 11:02:21] [INFO] Current session ID: rmadrik9bpggseu74vke7fbhdj
[2026-03-14 11:02:22] [INFO] Final session quantities count: 0
[2026-03-14 11:02:22] [INFO] Items in current view: 50
[2026-03-14 11:02:22] [INFO] Sales Page Load Debug Info:
Array
(
    [total_items] => 74
    [current_page] => 1
    [total_pages] => 2
    [session_quantities_count] => 0
    [post_quantities_count] => 0
    [date_range] => 2021-04-06 to 2022-03-10
    [days_count] => 339
    [user_id] => 5
    [comp_id] => 5
    [license_type] => FL-III
    [allowed_classes] => Array
        (
            [0] => W
            [1] => V
            [2] => M
            [3] => F
            [4] => D
            [5] => K
            [6] => G
            [7] => R
        )

    [end_date_day] => 10
    [closing_column] => DAY_10_CLOSING
    [end_date_month] => 2022-03
    [stock_filter] => > 0
    [daily_stock_table] => tbldailystock_5_03_22
    [table_suffix] => _03_22
    [current_month] => 2026-03
    [has_restrictions] => 
    [available_dates] => Array
        (
            [0] => 2021-04-06
            [1] => 2021-04-07
            [2] => 2021-04-08
            [3] => 2021-04-09
            [4] => 2021-04-10
            [5] => 2021-04-11
            [6] => 2021-04-12
            [7] => 2021-04-13
            [8] => 2021-04-14
            [9] => 2021-04-15
            [10] => 2021-04-16
            [11] => 2021-04-17
            [12] => 2021-04-18
            [13] => 2021-04-19
            [14] => 2021-04-20
            [15] => 2021-04-21
            [16] => 2021-04-22
            [17] => 2021-04-23
            [18] => 2021-04-24
            [19] => 2021-04-25
            [20] => 2021-04-26
            [21] => 2021-04-27
            [22] => 2021-04-28
            [23] => 2021-04-29
            [24] => 2021-04-30
            [25] => 2021-05-01
            [26] => 2021-05-02
            [27] => 2021-05-03
            [28] => 2021-05-04
            [29] => 2021-05-05
            [30] => 2021-05-06
            [31] => 2021-05-07
            [32] => 2021-05-08
            [33] => 2021-05-09
            [34] => 2021-05-10
            [35] => 2021-05-11
            [36] => 2021-05-12
            [37] => 2021-05-13
            [38] => 2021-05-14
            [39] => 2021-05-15
            [40] => 2021-05-16
            [41] => 2021-05-17
            [42] => 2021-05-18
            [43] => 2021-05-19
            [44] => 2021-05-20
            [45] => 2021-05-21
            [46] => 2021-05-22
            [47] => 2021-05-23
            [48] => 2021-05-24
            [49] => 2021-05-25
            [50] => 2021-05-26
            [51] => 2021-05-27
            [52] => 2021-05-28
            [53] => 2021-05-29
            [54] => 2021-05-30
            [55] => 2021-05-31
            [56] => 2021-06-01
            [57] => 2021-06-02
            [58] => 2021-06-03
            [59] => 2021-06-04
            [60] => 2021-06-05
            [61] => 2021-06-06
            [62] => 2021-06-07
            [63] => 2021-06-08
            [64] => 2021-06-09
            [65] => 2021-06-10
            [66] => 2021-06-11
            [67] => 2021-06-12
            [68] => 2021-06-13
            [69] => 2021-06-14
            [70] => 2021-06-15
            [71] => 2021-06-16
            [72] => 2021-06-17
            [73] => 2021-06-18
            [74] => 2021-06-19
            [75] => 2021-06-20
            [76] => 2021-06-21
            [77] => 2021-06-22
            [78] => 2021-06-23
            [79] => 2021-06-24
            [80] => 2021-06-25
            [81] => 2021-06-26
            [82] => 2021-06-27
            [83] => 2021-06-28
            [84] => 2021-06-29
            [85] => 2021-06-30
            [86] => 2021-07-01
            [87] => 2021-07-02
            [88] => 2021-07-03
            [89] => 2021-07-04
            [90] => 2021-07-05
            [91] => 2021-07-06
            [92] => 2021-07-07
            [93] => 2021-07-08
            [94] => 2021-07-09
            [95] => 2021-07-10
            [96] => 2021-07-11
            [97] => 2021-07-12
            [98] => 2021-07-13
            [99] => 2021-07-14
            [100] => 2021-07-15
            [101] => 2021-07-16
            [102] => 2021-07-17
            [103] => 2021-07-18
            [104] => 2021-07-19
            [105] => 2021-07-20
            [106] => 2021-07-21
            [107] => 2021-07-22
            [108] => 2021-07-23
            [109] => 2021-07-24
            [110] => 2021-07-25
            [111] => 2021-07-26
            [112] => 2021-07-27
            [113] => 2021-07-28
            [114] => 2021-07-29
            [115] => 2021-07-30
            [116] => 2021-07-31
            [117] => 2021-08-01
            [118] => 2021-08-02
            [119] => 2021-08-03
            [120] => 2021-08-04
            [121] => 2021-08-05
            [122] => 2021-08-06
            [123] => 2021-08-07
            [124] => 2021-08-08
            [125] => 2021-08-09
            [126] => 2021-08-10
            [127] => 2021-08-11
            [128] => 2021-08-12
            [129] => 2021-08-13
            [130] => 2021-08-14
            [131] => 2021-08-15
            [132] => 2021-08-16
            [133] => 2021-08-17
            [134] => 2021-08-18
            [135] => 2021-08-19
            [136] => 2021-08-20
            [137] => 2021-08-21
            [138] => 2021-08-22
            [139] => 2021-08-23
            [140] => 2021-08-24
            [141] => 2021-08-25
            [142] => 2021-08-26
            [143] => 2021-08-27
            [144] => 2021-08-28
            [145] => 2021-08-29
            [146] => 2021-08-30
            [147] => 2021-08-31
            [148] => 2021-09-01
            [149] => 2021-09-02
            [150] => 2021-09-03
            [151] => 2021-09-04
            [152] => 2021-09-05
            [153] => 2021-09-06
            [154] => 2021-09-07
            [155] => 2021-09-08
            [156] => 2021-09-09
            [157] => 2021-09-10
            [158] => 2021-09-11
            [159] => 2021-09-12
            [160] => 2021-09-13
            [161] => 2021-09-14
            [162] => 2021-09-15
            [163] => 2021-09-16
            [164] => 2021-09-17
            [165] => 2021-09-18
            [166] => 2021-09-19
            [167] => 2021-09-20
            [168] => 2021-09-21
            [169] => 2021-09-22
            [170] => 2021-09-23
            [171] => 2021-09-24
            [172] => 2021-09-25
            [173] => 2021-09-26
            [174] => 2021-09-27
            [175] => 2021-09-28
            [176] => 2021-09-29
            [177] => 2021-09-30
            [178] => 2021-10-01
            [179] => 2021-10-02
            [180] => 2021-10-03
            [181] => 2021-10-04
            [182] => 2021-10-05
            [183] => 2021-10-06
            [184] => 2021-10-07
            [185] => 2021-10-08
            [186] => 2021-10-09
            [187] => 2021-10-10
            [188] => 2021-10-11
            [189] => 2021-10-12
            [190] => 2021-10-13
            [191] => 2021-10-14
            [192] => 2021-10-15
            [193] => 2021-10-16
            [194] => 2021-10-17
            [195] => 2021-10-18
            [196] => 2021-10-19
            [197] => 2021-10-20
            [198] => 2021-10-21
            [199] => 2021-10-22
            [200] => 2021-10-23
            [201] => 2021-10-24
            [202] => 2021-10-25
            [203] => 2021-10-26
            [204] => 2021-10-27
            [205] => 2021-10-28
            [206] => 2021-10-29
            [207] => 2021-10-30
            [208] => 2021-10-31
            [209] => 2021-11-01
            [210] => 2021-11-02
            [211] => 2021-11-03
            [212] => 2021-11-04
            [213] => 2021-11-05
            [214] => 2021-11-06
            [215] => 2021-11-07
            [216] => 2021-11-08
            [217] => 2021-11-09
            [218] => 2021-11-10
            [219] => 2021-11-11
            [220] => 2021-11-12
            [221] => 2021-11-13
            [222] => 2021-11-14
            [223] => 2021-11-15
            [224] => 2021-11-16
            [225] => 2021-11-17
            [226] => 2021-11-18
            [227] => 2021-11-19
            [228] => 2021-11-20
            [229] => 2021-11-21
            [230] => 2021-11-22
            [231] => 2021-11-23
            [232] => 2021-11-24
            [233] => 2021-11-25
            [234] => 2021-11-26
            [235] => 2021-11-27
            [236] => 2021-11-28
            [237] => 2021-11-29
            [238] => 2021-11-30
            [239] => 2021-12-01
            [240] => 2021-12-02
            [241] => 2021-12-03
            [242] => 2021-12-04
            [243] => 2021-12-05
            [244] => 2021-12-06
            [245] => 2021-12-07
            [246] => 2021-12-08
            [247] => 2021-12-09
            [248] => 2021-12-10
            [249] => 2021-12-11
            [250] => 2021-12-12
            [251] => 2021-12-13
            [252] => 2021-12-14
            [253] => 2021-12-15
            [254] => 2021-12-16
            [255] => 2021-12-17
            [256] => 2021-12-18
            [257] => 2021-12-19
            [258] => 2021-12-20
            [259] => 2021-12-21
            [260] => 2021-12-22
            [261] => 2021-12-23
            [262] => 2021-12-24
            [263] => 2021-12-25
            [264] => 2021-12-26
            [265] => 2021-12-27
            [266] => 2021-12-28
            [267] => 2021-12-29
            [268] => 2021-12-30
            [269] => 2021-12-31
            [270] => 2022-01-01
            [271] => 2022-01-02
            [272] => 2022-01-03
            [273] => 2022-01-04
            [274] => 2022-01-05
            [275] => 2022-01-06
            [276] => 2022-01-07
            [277] => 2022-01-08
            [278] => 2022-01-09
            [279] => 2022-01-10
            [280] => 2022-01-11
            [281] => 2022-01-12
            [282] => 2022-01-13
            [283] => 2022-01-14
            [284] => 2022-01-15
            [285] => 2022-01-16
            [286] => 2022-01-17
            [287] => 2022-01-18
            [288] => 2022-01-19
            [289] => 2022-01-20
            [290] => 2022-01-21
            [291] => 2022-01-22
            [292] => 2022-01-23
            [293] => 2022-01-24
            [294] => 2022-01-25
            [295] => 2022-01-26
            [296] => 2022-01-27
            [297] => 2022-01-28
            [298] => 2022-01-29
            [299] => 2022-01-30
            [300] => 2022-01-31
            [301] => 2022-02-01
            [302] => 2022-02-02
            [303] => 2022-02-03
            [304] => 2022-02-04
            [305] => 2022-02-05
            [306] => 2022-02-06
            [307] => 2022-02-07
            [308] => 2022-02-08
            [309] => 2022-02-09
            [310] => 2022-02-10
            [311] => 2022-02-11
            [312] => 2022-02-12
            [313] => 2022-02-13
            [314] => 2022-02-14
            [315] => 2022-02-15
            [316] => 2022-02-16
            [317] => 2022-02-17
            [318] => 2022-02-18
            [319] => 2022-02-19
            [320] => 2022-02-20
            [321] => 2022-02-21
            [322] => 2022-02-22
            [323] => 2022-02-23
            [324] => 2022-02-24
            [325] => 2022-02-25
            [326] => 2022-02-26
            [327] => 2022-02-27
            [328] => 2022-02-28
            [329] => 2022-03-01
            [330] => 2022-03-02
            [331] => 2022-03-03
            [332] => 2022-03-04
            [333] => 2022-03-05
            [334] => 2022-03-06
            [335] => 2022-03-07
            [336] => 2022-03-08
            [337] => 2022-03-09
            [338] => 2022-03-10
        )

    [unavailable_dates] => Array
        (
        )

    [dry_dates] => Array
        (
        )

    [latest_global_sale] => 
)

[2026-03-14 11:02:34] [INFO] === PAGE ACCESS ===
[2026-03-14 11:02:34] [INFO] Request method: GET
[2026-03-14 11:02:34] [INFO] Search term: ''
[2026-03-14 11:02:34] [INFO] Current session ID: rmadrik9bpggseu74vke7fbhdj
[2026-03-14 11:02:34] [INFO] Final session quantities count: 0
[2026-03-14 11:02:34] [INFO] Items in current view: 50
[2026-03-14 11:02:34] [INFO] Sales Page Load Debug Info:
Array
(
    [total_items] => 74
    [current_page] => 1
    [total_pages] => 2
    [session_quantities_count] => 0
    [post_quantities_count] => 0
    [date_range] => 2021-04-06 to 2021-04-10
    [days_count] => 5
    [user_id] => 5
    [comp_id] => 5
    [license_type] => FL-III
    [allowed_classes] => Array
        (
            [0] => W
            [1] => V
            [2] => M
            [3] => F
            [4] => D
            [5] => K
            [6] => G
            [7] => R
        )

    [end_date_day] => 10
    [closing_column] => DAY_10_CLOSING
    [end_date_month] => 2021-04
    [stock_filter] => > 0
    [daily_stock_table] => tbldailystock_5_04_21
    [table_suffix] => _04_21
    [current_month] => 2026-03
    [has_restrictions] => 
    [available_dates] => Array
        (
            [0] => 2021-04-06
            [1] => 2021-04-07
            [2] => 2021-04-08
            [3] => 2021-04-09
            [4] => 2021-04-10
        )

    [unavailable_dates] => Array
        (
        )

    [dry_dates] => Array
        (
        )

    [latest_global_sale] => 
)

[2026-03-14 11:02:38] [INFO] Session quantity updated: SCMPL0028274 = 24
[2026-03-14 11:02:55] [INFO] === ULTRA FAST BILL GEN START ===
[2026-03-14 11:02:55] [INFO] Received 1 items and 1 saved distributions
[2026-03-14 11:02:55] [DEBUG] Items received: SCMPL0028274
[2026-03-14 11:02:55] [DEBUG] Distribution keys received: SCMPL0028274
[2026-03-14 11:02:55] [DEBUG] Distribution for SCMPL0028274 (type: string): [4,5,7,5,3]
[2026-03-14 11:02:55] [INFO] Date range: 2021-04-06 to 2021-04-10, Total days: 5, Dry days: 0, Available days: 5
[2026-03-14 11:02:55] [DEBUG] DEBUG: Checking distribution for item SCMPL0028274 - Total Qty: 24
[2026-03-14 11:02:55] [DEBUG] DEBUG: Available distributions: YES
[2026-03-14 11:02:55] [DEBUG] DEBUG: Distribution type for SCMPL0028274: string
[2026-03-14 11:02:55] [DEBUG] DEBUG: Raw distribution string for SCMPL0028274: [4,5,7,5,3]
[2026-03-14 11:02:55] [INFO] SAVED DIST USED (json decoded): SCMPL0028274 = 4, 5, 7, 5, 3
[2026-03-14 11:02:55] [INFO] === FINAL DISTRIBUTION FOR BILLS === Item: SCMPL0028274 | Qty: 24 | Distribution: 4,5,7,5,3 | Sum: 24
[2026-03-14 11:02:55] [INFO] === PAGE ACCESS ===
[2026-03-14 11:02:55] [INFO] Request method: GET
[2026-03-14 11:02:55] [INFO] Search term: ''
[2026-03-14 11:02:55] [INFO] Current session ID: rmadrik9bpggseu74vke7fbhdj
[2026-03-14 11:02:55] [INFO] GLOBAL CHECK: Latest existing sale: 2021-04-10
[2026-03-14 11:02:55] [INFO] Available dates: 
[2026-03-14 11:02:55] [INFO] Unavailable dates (has existing sales): 2021-04-06, 2021-04-07, 2021-04-08, 2021-04-09, 2021-04-10
[2026-03-14 11:02:55] [INFO] Final session quantities count: 0
[2026-03-14 11:02:55] [INFO] Items in current view: 50
[2026-03-14 11:02:55] [INFO] Sales Page Load Debug Info:
Array
(
    [total_items] => 74
    [current_page] => 1
    [total_pages] => 2
    [session_quantities_count] => 0
    [post_quantities_count] => 0
    [date_range] => 2021-04-06 to 2021-04-10
    [days_count] => 5
    [user_id] => 5
    [comp_id] => 5
    [license_type] => FL-III
    [allowed_classes] => Array
        (
            [0] => W
            [1] => V
            [2] => M
            [3] => F
            [4] => D
            [5] => K
            [6] => G
            [7] => R
        )

    [end_date_day] => 10
    [closing_column] => DAY_10_CLOSING
    [end_date_month] => 2021-04
    [stock_filter] => > 0
    [daily_stock_table] => tbldailystock_5_04_21
    [table_suffix] => _04_21
    [current_month] => 2026-03
    [has_restrictions] => 1
    [available_dates] => Array
        (
        )

    [unavailable_dates] => Array
        (
            [0] => 2021-04-06
            [1] => 2021-04-07
            [2] => 2021-04-08
            [3] => 2021-04-09
            [4] => 2021-04-10
        )

    [dry_dates] => Array
        (
        )

    [latest_global_sale] => 2021-04-10
)

[2026-03-14 11:04:29] [INFO] === PAGE ACCESS ===
[2026-03-14 11:04:29] [INFO] Request method: GET
[2026-03-14 11:04:29] [INFO] Search term: ''
[2026-03-14 11:04:29] [INFO] Current session ID: rmadrik9bpggseu74vke7fbhdj
[2026-03-14 11:04:29] [INFO] Final session quantities count: 0
[2026-03-14 11:04:29] [INFO] Items in current view: 1
[2026-03-14 11:04:29] [INFO] Sales Page Load Debug Info:
Array
(
    [total_items] => 1
    [current_page] => 1
    [total_pages] => 1
    [session_quantities_count] => 0
    [post_quantities_count] => 0
    [date_range] => 2026-03-14 to 2026-03-14
    [days_count] => 1
    [user_id] => 5
    [comp_id] => 5
    [license_type] => FL-III
    [allowed_classes] => Array
        (
            [0] => W
            [1] => V
            [2] => M
            [3] => F
            [4] => D
            [5] => K
            [6] => G
            [7] => R
        )

    [end_date_day] => 14
    [closing_column] => DAY_14_CLOSING
    [end_date_month] => 2026-03
    [stock_filter] => > 0
    [daily_stock_table] => tbldailystock_5
    [table_suffix] => 
    [current_month] => 2026-03
    [has_restrictions] => 
    [available_dates] => Array
        (
            [0] => 2026-03-14
        )

    [unavailable_dates] => Array
        (
        )

    [dry_dates] => Array
        (
        )

    [latest_global_sale] => 
)

[2026-03-14 11:04:45] [INFO] === PAGE ACCESS ===
[2026-03-14 11:04:45] [INFO] Request method: GET
[2026-03-14 11:04:45] [INFO] Search term: ''
[2026-03-14 11:04:45] [INFO] Current session ID: rmadrik9bpggseu74vke7fbhdj
[2026-03-14 11:04:45] [INFO] Final session quantities count: 0
[2026-03-14 11:04:45] [INFO] Items in current view: 1
[2026-03-14 11:04:45] [INFO] Sales Page Load Debug Info:
Array
(
    [total_items] => 1
    [current_page] => 1
    [total_pages] => 1
    [session_quantities_count] => 0
    [post_quantities_count] => 0
    [date_range] => 2026-03-14 to 2026-03-14
    [days_count] => 1
    [user_id] => 5
    [comp_id] => 5
    [license_type] => FL-III
    [allowed_classes] => Array
        (
            [0] => W
            [1] => V
            [2] => M
            [3] => F
            [4] => D
            [5] => K
            [6] => G
            [7] => R
        )

    [end_date_day] => 14
    [closing_column] => DAY_14_CLOSING
    [end_date_month] => 2026-03
    [stock_filter] => > 0
    [daily_stock_table] => tbldailystock_5
    [table_suffix] => 
    [current_month] => 2026-03
    [has_restrictions] => 
    [available_dates] => Array
        (
            [0] => 2026-03-14
        )

    [unavailable_dates] => Array
        (
        )

    [dry_dates] => Array
        (
        )

    [latest_global_sale] => 
)

[2026-03-14 11:05:00] [INFO] === PAGE ACCESS ===
[2026-03-14 11:05:00] [INFO] Request method: GET
[2026-03-14 11:05:00] [INFO] Search term: ''
[2026-03-14 11:05:00] [INFO] Current session ID: rmadrik9bpggseu74vke7fbhdj
[2026-03-14 11:05:00] [INFO] Final session quantities count: 0
[2026-03-14 11:05:00] [INFO] Items in current view: 50
[2026-03-14 11:05:00] [INFO] Sales Page Load Debug Info:
Array
(
    [total_items] => 72
    [current_page] => 1
    [total_pages] => 2
    [session_quantities_count] => 0
    [post_quantities_count] => 0
    [date_range] => 2021-04-01 00:00:00 to 2021-04-01
    [days_count] => 1
    [user_id] => 5
    [comp_id] => 5
    [license_type] => FL-III
    [allowed_classes] => Array
        (
            [0] => W
            [1] => V
            [2] => M
            [3] => F
            [4] => D
            [5] => K
            [6] => G
            [7] => R
        )

    [end_date_day] => 01
    [closing_column] => DAY_01_CLOSING
    [end_date_month] => 2021-04
    [stock_filter] => > 0
    [daily_stock_table] => tbldailystock_5_04_21
    [table_suffix] => _04_21
    [current_month] => 2026-03
    [has_restrictions] => 
    [available_dates] => Array
        (
            [0] => 2021-04-01
        )

    [unavailable_dates] => Array
        (
        )

    [dry_dates] => Array
        (
        )

    [latest_global_sale] => 
)

[2026-03-14 11:05:06] [INFO] Session quantity updated: SCMPL0028274 = 500
[2026-03-14 11:05:06] [INFO] Session quantity updated: SCMPL0028274 = 500
[2026-03-14 11:05:08] [INFO] Session quantity updated: SCMPL0028274 = 496
[2026-03-14 11:05:08] [INFO] Session quantity updated: SCMPL0028274 = 496
[2026-03-14 11:05:09] [INFO] Session quantity updated: SCMPL0028274 = 454
[2026-03-14 11:05:09] [INFO] Session quantity updated: SCMPL0028274 = 454
[2026-03-14 11:05:11] [INFO] Session quantity updated: SCMPL0028274 = 35
[2026-03-14 11:05:11] [INFO] Session quantity updated: SCMPL0028274 = 35
[2026-03-14 11:05:25] [INFO] === PAGE ACCESS ===
[2026-03-14 11:05:25] [INFO] Request method: GET
[2026-03-14 11:05:25] [INFO] Search term: ''
[2026-03-14 11:05:25] [INFO] Current session ID: rmadrik9bpggseu74vke7fbhdj
[2026-03-14 11:05:25] [INFO] Final session quantities count: 1
[2026-03-14 11:05:25] [INFO] Items in current view: 50
[2026-03-14 11:05:25] [INFO] Sales Page Load Debug Info:
Array
(
    [total_items] => 72
    [current_page] => 1
    [total_pages] => 2
    [session_quantities_count] => 1
    [post_quantities_count] => 0
    [date_range] => 2021-04-01 00:00:00 to 2021-04-05
    [days_count] => 5
    [user_id] => 5
    [comp_id] => 5
    [license_type] => FL-III
    [allowed_classes] => Array
        (
            [0] => W
            [1] => V
            [2] => M
            [3] => F
            [4] => D
            [5] => K
            [6] => G
            [7] => R
        )

    [end_date_day] => 05
    [closing_column] => DAY_05_CLOSING
    [end_date_month] => 2021-04
    [stock_filter] => > 0
    [daily_stock_table] => tbldailystock_5_04_21
    [table_suffix] => _04_21
    [current_month] => 2026-03
    [has_restrictions] => 
    [available_dates] => Array
        (
            [0] => 2021-04-01
            [1] => 2021-04-02
            [2] => 2021-04-03
            [3] => 2021-04-04
            [4] => 2021-04-05
        )

    [unavailable_dates] => Array
        (
        )

    [dry_dates] => Array
        (
        )

    [latest_global_sale] => 
)

[2026-03-14 11:05:39] [INFO] === ULTRA FAST BILL GEN START ===
[2026-03-14 11:05:39] [INFO] Received 1 items and 1 saved distributions
[2026-03-14 11:05:39] [DEBUG] Items received: SCMPL0028274
[2026-03-14 11:05:39] [DEBUG] Distribution keys received: SCMPL0028274
[2026-03-14 11:05:39] [DEBUG] Distribution for SCMPL0028274 (type: string): [5,6,6,8,10]
[2026-03-14 11:05:39] [INFO] Date range: 2021-04-01 00:00:00 to 2021-04-05, Total days: 5, Dry days: 0, Available days: 5
[2026-03-14 11:05:39] [DEBUG] DEBUG: Checking distribution for item SCMPL0028274 - Total Qty: 35
[2026-03-14 11:05:39] [DEBUG] DEBUG: Available distributions: YES
[2026-03-14 11:05:39] [DEBUG] DEBUG: Distribution type for SCMPL0028274: string
[2026-03-14 11:05:39] [DEBUG] DEBUG: Raw distribution string for SCMPL0028274: [5,6,6,8,10]
[2026-03-14 11:05:39] [INFO] SAVED DIST USED (json decoded): SCMPL0028274 = 5, 6, 6, 8, 10
[2026-03-14 11:05:39] [INFO] === FINAL DISTRIBUTION FOR BILLS === Item: SCMPL0028274 | Qty: 35 | Distribution: 5,6,6,8,10 | Sum: 35
[2026-03-14 11:05:39] [INFO] === PAGE ACCESS ===
[2026-03-14 11:05:39] [INFO] Request method: GET
[2026-03-14 11:05:39] [INFO] Search term: ''
[2026-03-14 11:05:39] [INFO] Current session ID: rmadrik9bpggseu74vke7fbhdj
[2026-03-14 11:05:39] [INFO] GLOBAL CHECK: Latest existing sale: 2021-04-05
[2026-03-14 11:05:39] [INFO] Available dates: 
[2026-03-14 11:05:39] [INFO] Unavailable dates (has existing sales): 2021-04-01, 2021-04-02, 2021-04-03, 2021-04-04, 2021-04-05
[2026-03-14 11:05:39] [INFO] Final session quantities count: 0
[2026-03-14 11:05:39] [INFO] Items in current view: 50
[2026-03-14 11:05:39] [INFO] Sales Page Load Debug Info:
Array
(
    [total_items] => 72
    [current_page] => 1
    [total_pages] => 2
    [session_quantities_count] => 0
    [post_quantities_count] => 0
    [date_range] => 2021-04-01 00:00:00 to 2021-04-05
    [days_count] => 5
    [user_id] => 5
    [comp_id] => 5
    [license_type] => FL-III
    [allowed_classes] => Array
        (
            [0] => W
            [1] => V
            [2] => M
            [3] => F
            [4] => D
            [5] => K
            [6] => G
            [7] => R
        )

    [end_date_day] => 05
    [closing_column] => DAY_05_CLOSING
    [end_date_month] => 2021-04
    [stock_filter] => > 0
    [daily_stock_table] => tbldailystock_5_04_21
    [table_suffix] => _04_21
    [current_month] => 2026-03
    [has_restrictions] => 1
    [available_dates] => Array
        (
        )

    [unavailable_dates] => Array
        (
            [0] => 2021-04-01
            [1] => 2021-04-02
            [2] => 2021-04-03
            [3] => 2021-04-04
            [4] => 2021-04-05
        )

    [dry_dates] => Array
        (
        )

    [latest_global_sale] => 2021-04-05
)

[2026-03-14 11:06:48] [INFO] === PAGE ACCESS ===
[2026-03-14 11:06:48] [INFO] Request method: GET
[2026-03-14 11:06:48] [INFO] Search term: ''
[2026-03-14 11:06:48] [INFO] Current session ID: rmadrik9bpggseu74vke7fbhdj
[2026-03-14 11:06:48] [INFO] Final session quantities count: 0
[2026-03-14 11:06:48] [INFO] Items in current view: 1
[2026-03-14 11:06:48] [INFO] Sales Page Load Debug Info:
Array
(
    [total_items] => 1
    [current_page] => 1
    [total_pages] => 1
    [session_quantities_count] => 0
    [post_quantities_count] => 0
    [date_range] => 2026-03-14 to 2026-03-14
    [days_count] => 1
    [user_id] => 5
    [comp_id] => 5
    [license_type] => FL-III
    [allowed_classes] => Array
        (
            [0] => W
            [1] => V
            [2] => M
            [3] => F
            [4] => D
            [5] => K
            [6] => G
            [7] => R
        )

    [end_date_day] => 14
    [closing_column] => DAY_14_CLOSING
    [end_date_month] => 2026-03
    [stock_filter] => > 0
    [daily_stock_table] => tbldailystock_5
    [table_suffix] => 
    [current_month] => 2026-03
    [has_restrictions] => 
    [available_dates] => Array
        (
            [0] => 2026-03-14
        )

    [unavailable_dates] => Array
        (
        )

    [dry_dates] => Array
        (
        )

    [latest_global_sale] => 
)

[2026-03-14 11:07:06] [INFO] === PAGE ACCESS ===
[2026-03-14 11:07:06] [INFO] Request method: GET
[2026-03-14 11:07:06] [INFO] Search term: ''
[2026-03-14 11:07:06] [INFO] Current session ID: rmadrik9bpggseu74vke7fbhdj
[2026-03-14 11:07:06] [INFO] Final session quantities count: 0
[2026-03-14 11:07:06] [INFO] Items in current view: 50
[2026-03-14 11:07:06] [INFO] Sales Page Load Debug Info:
Array
(
    [total_items] => 72
    [current_page] => 1
    [total_pages] => 2
    [session_quantities_count] => 0
    [post_quantities_count] => 0
    [date_range] => 2021-04-01 00:00:00 to 2021-04-05
    [days_count] => 5
    [user_id] => 5
    [comp_id] => 5
    [license_type] => FL-III
    [allowed_classes] => Array
        (
            [0] => W
            [1] => V
            [2] => M
            [3] => F
            [4] => D
            [5] => K
            [6] => G
            [7] => R
        )

    [end_date_day] => 05
    [closing_column] => DAY_05_CLOSING
    [end_date_month] => 2021-04
    [stock_filter] => > 0
    [daily_stock_table] => tbldailystock_5_04_21
    [table_suffix] => _04_21
    [current_month] => 2026-03
    [has_restrictions] => 
    [available_dates] => Array
        (
            [0] => 2021-04-01
            [1] => 2021-04-02
            [2] => 2021-04-03
            [3] => 2021-04-04
            [4] => 2021-04-05
        )

    [unavailable_dates] => Array
        (
        )

    [dry_dates] => Array
        (
        )

    [latest_global_sale] => 
)

[2026-03-14 11:07:11] [INFO] Session quantity updated: SCMPL0028274 = 450
[2026-03-14 11:07:12] [INFO] Session quantity updated: SCMPL0028274 = 450
[2026-03-14 11:07:12] [INFO] Session quantity updated: SCMPL0028274 = 495
[2026-03-14 11:07:13] [INFO] Session quantity updated: SCMPL0028274 = 495
[2026-03-14 11:07:13] [INFO] Session quantity updated: SCMPL0028274 = 500
[2026-03-14 11:07:13] [INFO] Session quantity updated: SCMPL0028274 = 500
[2026-03-14 11:07:14] [INFO] Session quantity updated: SCMPL0028274 = 496
[2026-03-14 11:07:14] [INFO] Session quantity updated: SCMPL0028274 = 496
[2026-03-14 11:07:16] [INFO] Session quantity updated: SCMPL0028274 = 454
[2026-03-14 11:07:16] [INFO] Session quantity updated: SCMPL0028274 = 454
[2026-03-14 11:07:16] [INFO] Session quantity updated: SCMPL0028274 = 35
[2026-03-14 11:07:17] [INFO] Session quantity updated: SCMPL0028274 = 35
[2026-03-14 11:07:38] [INFO] === ULTRA FAST BILL GEN START ===
[2026-03-14 11:07:38] [INFO] Received 1 items and 1 saved distributions
[2026-03-14 11:07:38] [DEBUG] Items received: SCMPL0028274
[2026-03-14 11:07:38] [DEBUG] Distribution keys received: SCMPL0028274
[2026-03-14 11:07:38] [DEBUG] Distribution for SCMPL0028274 (type: string): [8,3,7,10,7]
[2026-03-14 11:07:38] [INFO] Date range: 2021-04-01 00:00:00 to 2021-04-05, Total days: 5, Dry days: 0, Available days: 5
[2026-03-14 11:07:38] [DEBUG] DEBUG: Checking distribution for item SCMPL0028274 - Total Qty: 35
[2026-03-14 11:07:38] [DEBUG] DEBUG: Available distributions: YES
[2026-03-14 11:07:38] [DEBUG] DEBUG: Distribution type for SCMPL0028274: string
[2026-03-14 11:07:38] [DEBUG] DEBUG: Raw distribution string for SCMPL0028274: [8,3,7,10,7]
[2026-03-14 11:07:38] [INFO] SAVED DIST USED (json decoded): SCMPL0028274 = 8, 3, 7, 10, 7
[2026-03-14 11:07:38] [INFO] === FINAL DISTRIBUTION FOR BILLS === Item: SCMPL0028274 | Qty: 35 | Distribution: 8,3,7,10,7 | Sum: 35
[2026-03-14 11:07:38] [INFO] === PAGE ACCESS ===
[2026-03-14 11:07:38] [INFO] Request method: GET
[2026-03-14 11:07:38] [INFO] Search term: ''
[2026-03-14 11:07:38] [INFO] Current session ID: rmadrik9bpggseu74vke7fbhdj
[2026-03-14 11:07:38] [INFO] GLOBAL CHECK: Latest existing sale: 2021-04-05
[2026-03-14 11:07:38] [INFO] Available dates: 
[2026-03-14 11:07:38] [INFO] Unavailable dates (has existing sales): 2021-04-01, 2021-04-02, 2021-04-03, 2021-04-04, 2021-04-05
[2026-03-14 11:07:38] [INFO] Final session quantities count: 0
[2026-03-14 11:07:38] [INFO] Items in current view: 50
[2026-03-14 11:07:38] [INFO] Sales Page Load Debug Info:
Array
(
    [total_items] => 72
    [current_page] => 1
    [total_pages] => 2
    [session_quantities_count] => 0
    [post_quantities_count] => 0
    [date_range] => 2021-04-01 00:00:00 to 2021-04-05
    [days_count] => 5
    [user_id] => 5
    [comp_id] => 5
    [license_type] => FL-III
    [allowed_classes] => Array
        (
            [0] => W
            [1] => V
            [2] => M
            [3] => F
            [4] => D
            [5] => K
            [6] => G
            [7] => R
        )

    [end_date_day] => 05
    [closing_column] => DAY_05_CLOSING
    [end_date_month] => 2021-04
    [stock_filter] => > 0
    [daily_stock_table] => tbldailystock_5_04_21
    [table_suffix] => _04_21
    [current_month] => 2026-03
    [has_restrictions] => 1
    [available_dates] => Array
        (
        )

    [unavailable_dates] => Array
        (
            [0] => 2021-04-01
            [1] => 2021-04-02
            [2] => 2021-04-03
            [3] => 2021-04-04
            [4] => 2021-04-05
        )

    [dry_dates] => Array
        (
        )

    [latest_global_sale] => 2021-04-05
)

[2026-03-14 11:08:20] [INFO] === PAGE ACCESS ===
[2026-03-14 11:08:20] [INFO] Request method: GET
[2026-03-14 11:08:20] [INFO] Search term: ''
[2026-03-14 11:08:20] [INFO] Current session ID: rmadrik9bpggseu74vke7fbhdj
[2026-03-14 11:08:20] [INFO] Final session quantities count: 0
[2026-03-14 11:08:20] [INFO] Items in current view: 1
[2026-03-14 11:08:20] [INFO] Sales Page Load Debug Info:
Array
(
    [total_items] => 1
    [current_page] => 1
    [total_pages] => 1
    [session_quantities_count] => 0
    [post_quantities_count] => 0
    [date_range] => 2026-03-14 to 2026-03-14
    [days_count] => 1
    [user_id] => 5
    [comp_id] => 5
    [license_type] => FL-III
    [allowed_classes] => Array
        (
            [0] => W
            [1] => V
            [2] => M
            [3] => F
            [4] => D
            [5] => K
            [6] => G
            [7] => R
        )

    [end_date_day] => 14
    [closing_column] => DAY_14_CLOSING
    [end_date_month] => 2026-03
    [stock_filter] => > 0
    [daily_stock_table] => tbldailystock_5
    [table_suffix] => 
    [current_month] => 2026-03
    [has_restrictions] => 
    [available_dates] => Array
        (
            [0] => 2026-03-14
        )

    [unavailable_dates] => Array
        (
        )

    [dry_dates] => Array
        (
        )

    [latest_global_sale] => 
)

[2026-03-14 11:08:38] [INFO] === PAGE ACCESS ===
[2026-03-14 11:08:38] [INFO] Request method: GET
[2026-03-14 11:08:38] [INFO] Search term: ''
[2026-03-14 11:08:38] [INFO] Current session ID: rmadrik9bpggseu74vke7fbhdj
[2026-03-14 11:08:38] [INFO] Final session quantities count: 0
[2026-03-14 11:08:38] [INFO] Items in current view: 50
[2026-03-14 11:08:38] [INFO] Sales Page Load Debug Info:
Array
(
    [total_items] => 72
    [current_page] => 1
    [total_pages] => 2
    [session_quantities_count] => 0
    [post_quantities_count] => 0
    [date_range] => 2021-04-01 00:00:00 to 2021-04-05
    [days_count] => 5
    [user_id] => 5
    [comp_id] => 5
    [license_type] => FL-III
    [allowed_classes] => Array
        (
            [0] => W
            [1] => V
            [2] => M
            [3] => F
            [4] => D
            [5] => K
            [6] => G
            [7] => R
        )

    [end_date_day] => 05
    [closing_column] => DAY_05_CLOSING
    [end_date_month] => 2021-04
    [stock_filter] => > 0
    [daily_stock_table] => tbldailystock_5_04_21
    [table_suffix] => _04_21
    [current_month] => 2026-03
    [has_restrictions] => 
    [available_dates] => Array
        (
            [0] => 2021-04-01
            [1] => 2021-04-02
            [2] => 2021-04-03
            [3] => 2021-04-04
            [4] => 2021-04-05
        )

    [unavailable_dates] => Array
        (
        )

    [dry_dates] => Array
        (
        )

    [latest_global_sale] => 
)

[2026-03-14 11:08:49] [INFO] Session quantity updated: SCMPL0028274 = 3
[2026-03-14 11:08:50] [INFO] Session quantity updated: SCMPL0028274 = 35
[2026-03-14 11:08:58] [INFO] === ULTRA FAST BILL GEN START ===
[2026-03-14 11:08:58] [INFO] Received 1 items and 1 saved distributions
[2026-03-14 11:08:58] [DEBUG] Items received: SCMPL0028274
[2026-03-14 11:08:58] [DEBUG] Distribution keys received: SCMPL0028274
[2026-03-14 11:08:58] [DEBUG] Distribution for SCMPL0028274 (type: string): [10,7,6,8,4]
[2026-03-14 11:08:58] [INFO] Date range: 2021-04-01 00:00:00 to 2021-04-05, Total days: 5, Dry days: 0, Available days: 5
[2026-03-14 11:08:58] [DEBUG] DEBUG: Checking distribution for item SCMPL0028274 - Total Qty: 35
[2026-03-14 11:08:58] [DEBUG] DEBUG: Available distributions: YES
[2026-03-14 11:08:58] [DEBUG] DEBUG: Distribution type for SCMPL0028274: string
[2026-03-14 11:08:58] [DEBUG] DEBUG: Raw distribution string for SCMPL0028274: [10,7,6,8,4]
[2026-03-14 11:08:58] [INFO] SAVED DIST USED (json decoded): SCMPL0028274 = 10, 7, 6, 8, 4
[2026-03-14 11:08:58] [INFO] === FINAL DISTRIBUTION FOR BILLS === Item: SCMPL0028274 | Qty: 35 | Distribution: 10,7,6,8,4 | Sum: 35
[2026-03-14 11:08:58] [INFO] === PAGE ACCESS ===
[2026-03-14 11:08:58] [INFO] Request method: GET
[2026-03-14 11:08:58] [INFO] Search term: ''
[2026-03-14 11:08:58] [INFO] Current session ID: rmadrik9bpggseu74vke7fbhdj
[2026-03-14 11:08:58] [INFO] GLOBAL CHECK: Latest existing sale: 2021-04-05
[2026-03-14 11:08:58] [INFO] Available dates: 
[2026-03-14 11:08:58] [INFO] Unavailable dates (has existing sales): 2021-04-01, 2021-04-02, 2021-04-03, 2021-04-04, 2021-04-05
[2026-03-14 11:08:58] [INFO] Final session quantities count: 0
[2026-03-14 11:08:58] [INFO] Items in current view: 50
[2026-03-14 11:08:58] [INFO] Sales Page Load Debug Info:
Array
(
    [total_items] => 72
    [current_page] => 1
    [total_pages] => 2
    [session_quantities_count] => 0
    [post_quantities_count] => 0
    [date_range] => 2021-04-01 00:00:00 to 2021-04-05
    [days_count] => 5
    [user_id] => 5
    [comp_id] => 5
    [license_type] => FL-III
    [allowed_classes] => Array
        (
            [0] => W
            [1] => V
            [2] => M
            [3] => F
            [4] => D
            [5] => K
            [6] => G
            [7] => R
        )

    [end_date_day] => 05
    [closing_column] => DAY_05_CLOSING
    [end_date_month] => 2021-04
    [stock_filter] => > 0
    [daily_stock_table] => tbldailystock_5_04_21
    [table_suffix] => _04_21
    [current_month] => 2026-03
    [has_restrictions] => 1
    [available_dates] => Array
        (
        )

    [unavailable_dates] => Array
        (
            [0] => 2021-04-01
            [1] => 2021-04-02
            [2] => 2021-04-03
            [3] => 2021-04-04
            [4] => 2021-04-05
        )

    [dry_dates] => Array
        (
        )

    [latest_global_sale] => 2021-04-05
)

[2026-03-14 11:28:41] [INFO] === PAGE ACCESS ===
[2026-03-14 11:28:41] [INFO] Request method: GET
[2026-03-14 11:28:41] [INFO] Search term: ''
[2026-03-14 11:28:41] [INFO] Current session ID: rmadrik9bpggseu74vke7fbhdj
[2026-03-14 11:28:41] [INFO] Final session quantities count: 0
[2026-03-14 11:28:41] [INFO] Items in current view: 1
[2026-03-14 11:28:41] [INFO] Sales Page Load Debug Info:
Array
(
    [total_items] => 1
    [current_page] => 1
    [total_pages] => 1
    [session_quantities_count] => 0
    [post_quantities_count] => 0
    [date_range] => 2026-03-14 to 2026-03-14
    [days_count] => 1
    [user_id] => 5
    [comp_id] => 5
    [license_type] => FL-III
    [allowed_classes] => Array
        (
            [0] => W
            [1] => V
            [2] => M
            [3] => F
            [4] => D
            [5] => K
            [6] => G
            [7] => R
        )

    [end_date_day] => 14
    [closing_column] => DAY_14_CLOSING
    [end_date_month] => 2026-03
    [stock_filter] => > 0
    [daily_stock_table] => tbldailystock_5
    [table_suffix] => 
    [current_month] => 2026-03
    [has_restrictions] => 
    [available_dates] => Array
        (
            [0] => 2026-03-14
        )

    [unavailable_dates] => Array
        (
        )

    [dry_dates] => Array
        (
        )

    [latest_global_sale] => 
)

[2026-03-14 11:28:53] [INFO] === PAGE ACCESS ===
[2026-03-14 11:28:53] [INFO] Request method: GET
[2026-03-14 11:28:53] [INFO] Search term: ''
[2026-03-14 11:28:53] [INFO] Current session ID: rmadrik9bpggseu74vke7fbhdj
[2026-03-14 11:28:54] [INFO] Final session quantities count: 0
[2026-03-14 11:28:54] [INFO] Items in current view: 50
[2026-03-14 11:28:54] [INFO] Sales Page Load Debug Info:
Array
(
    [total_items] => 72
    [current_page] => 1
    [total_pages] => 2
    [session_quantities_count] => 0
    [post_quantities_count] => 0
    [date_range] => 2021-04-01 00:00:00 to 2021-04-05
    [days_count] => 5
    [user_id] => 5
    [comp_id] => 5
    [license_type] => FL-III
    [allowed_classes] => Array
        (
            [0] => W
            [1] => V
            [2] => M
            [3] => F
            [4] => D
            [5] => K
            [6] => G
            [7] => R
        )

    [end_date_day] => 05
    [closing_column] => DAY_05_CLOSING
    [end_date_month] => 2021-04
    [stock_filter] => > 0
    [daily_stock_table] => tbldailystock_5_04_21
    [table_suffix] => _04_21
    [current_month] => 2026-03
    [has_restrictions] => 
    [available_dates] => Array
        (
            [0] => 2021-04-01
            [1] => 2021-04-02
            [2] => 2021-04-03
            [3] => 2021-04-04
            [4] => 2021-04-05
        )

    [unavailable_dates] => Array
        (
        )

    [dry_dates] => Array
        (
        )

    [latest_global_sale] => 
)

[2026-03-14 11:28:57] [INFO] Session quantity updated: SCMPL0028274 = 23
[2026-03-14 11:28:58] [INFO] Session quantity updated: SCMPL0028274 = 25
[2026-03-14 11:29:21] [INFO] === ULTRA FAST BILL GEN START ===
[2026-03-14 11:29:21] [INFO] Received 1 items and 1 saved distributions
[2026-03-14 11:29:21] [DEBUG] Items received: SCMPL0028274
[2026-03-14 11:29:21] [DEBUG] Distribution keys received: SCMPL0028274
[2026-03-14 11:29:21] [DEBUG] Distribution for SCMPL0028274 (type: string): [4,7,4,1,9]
[2026-03-14 11:29:21] [INFO] Date range: 2021-04-01 00:00:00 to 2021-04-05, Total days: 5, Dry days: 0, Available days: 5
[2026-03-14 11:29:21] [DEBUG] DEBUG: Checking distribution for item SCMPL0028274 - Total Qty: 25
[2026-03-14 11:29:21] [DEBUG] DEBUG: Available distributions: YES
[2026-03-14 11:29:21] [DEBUG] DEBUG: Distribution type for SCMPL0028274: string
[2026-03-14 11:29:21] [DEBUG] DEBUG: Raw distribution string for SCMPL0028274: [4,7,4,1,9]
[2026-03-14 11:29:21] [INFO] SAVED DIST USED (json decoded): SCMPL0028274 = 4, 7, 4, 1, 9
[2026-03-14 11:29:21] [INFO] === FINAL DISTRIBUTION FOR BILLS === Item: SCMPL0028274 | Qty: 25 | Distribution: 4,7,4,1,9 | Sum: 25
[2026-03-14 11:29:21] [INFO] === PAGE ACCESS ===
[2026-03-14 11:29:21] [INFO] Request method: GET
[2026-03-14 11:29:21] [INFO] Search term: ''
[2026-03-14 11:29:21] [INFO] Current session ID: rmadrik9bpggseu74vke7fbhdj
[2026-03-14 11:29:21] [INFO] GLOBAL CHECK: Latest existing sale: 2021-04-05
[2026-03-14 11:29:21] [INFO] Available dates: 
[2026-03-14 11:29:21] [INFO] Unavailable dates (has existing sales): 2021-04-01, 2021-04-02, 2021-04-03, 2021-04-04, 2021-04-05
[2026-03-14 11:29:21] [INFO] Final session quantities count: 0
[2026-03-14 11:29:21] [INFO] Items in current view: 50
[2026-03-14 11:29:21] [INFO] Sales Page Load Debug Info:
Array
(
    [total_items] => 72
    [current_page] => 1
    [total_pages] => 2
    [session_quantities_count] => 0
    [post_quantities_count] => 0
    [date_range] => 2021-04-01 00:00:00 to 2021-04-05
    [days_count] => 5
    [user_id] => 5
    [comp_id] => 5
    [license_type] => FL-III
    [allowed_classes] => Array
        (
            [0] => W
            [1] => V
            [2] => M
            [3] => F
            [4] => D
            [5] => K
            [6] => G
            [7] => R
        )

    [end_date_day] => 05
    [closing_column] => DAY_05_CLOSING
    [end_date_month] => 2021-04
    [stock_filter] => > 0
    [daily_stock_table] => tbldailystock_5_04_21
    [table_suffix] => _04_21
    [current_month] => 2026-03
    [has_restrictions] => 1
    [available_dates] => Array
        (
        )

    [unavailable_dates] => Array
        (
            [0] => 2021-04-01
            [1] => 2021-04-02
            [2] => 2021-04-03
            [3] => 2021-04-04
            [4] => 2021-04-05
        )

    [dry_dates] => Array
        (
        )

    [latest_global_sale] => 2021-04-05
)

[2026-03-14 11:30:06] [INFO] === PAGE ACCESS ===
[2026-03-14 11:30:06] [INFO] Request method: GET
[2026-03-14 11:30:06] [INFO] Search term: ''
[2026-03-14 11:30:06] [INFO] Current session ID: rmadrik9bpggseu74vke7fbhdj
[2026-03-14 11:30:06] [INFO] Final session quantities count: 0
[2026-03-14 11:30:06] [INFO] Items in current view: 1
[2026-03-14 11:30:06] [INFO] Sales Page Load Debug Info:
Array
(
    [total_items] => 1
    [current_page] => 1
    [total_pages] => 1
    [session_quantities_count] => 0
    [post_quantities_count] => 0
    [date_range] => 2026-03-14 to 2026-03-14
    [days_count] => 1
    [user_id] => 5
    [comp_id] => 5
    [license_type] => FL-III
    [allowed_classes] => Array
        (
            [0] => W
            [1] => V
            [2] => M
            [3] => F
            [4] => D
            [5] => K
            [6] => G
            [7] => R
        )

    [end_date_day] => 14
    [closing_column] => DAY_14_CLOSING
    [end_date_month] => 2026-03
    [stock_filter] => > 0
    [daily_stock_table] => tbldailystock_5
    [table_suffix] => 
    [current_month] => 2026-03
    [has_restrictions] => 
    [available_dates] => Array
        (
            [0] => 2026-03-14
        )

    [unavailable_dates] => Array
        (
        )

    [dry_dates] => Array
        (
        )

    [latest_global_sale] => 
)

[2026-03-14 11:30:32] [INFO] === PAGE ACCESS ===
[2026-03-14 11:30:32] [INFO] Request method: GET
[2026-03-14 11:30:32] [INFO] Search term: ''
[2026-03-14 11:30:32] [INFO] Current session ID: rmadrik9bpggseu74vke7fbhdj
[2026-03-14 11:30:32] [INFO] Final session quantities count: 0
[2026-03-14 11:30:32] [INFO] Items in current view: 50
[2026-03-14 11:30:32] [INFO] Sales Page Load Debug Info:
Array
(
    [total_items] => 72
    [current_page] => 1
    [total_pages] => 2
    [session_quantities_count] => 0
    [post_quantities_count] => 0
    [date_range] => 2021-04-01 00:00:00 to 2021-04-05
    [days_count] => 5
    [user_id] => 5
    [comp_id] => 5
    [license_type] => FL-III
    [allowed_classes] => Array
        (
            [0] => W
            [1] => V
            [2] => M
            [3] => F
            [4] => D
            [5] => K
            [6] => G
            [7] => R
        )

    [end_date_day] => 05
    [closing_column] => DAY_05_CLOSING
    [end_date_month] => 2021-04
    [stock_filter] => > 0
    [daily_stock_table] => tbldailystock_5_04_21
    [table_suffix] => _04_21
    [current_month] => 2026-03
    [has_restrictions] => 
    [available_dates] => Array
        (
            [0] => 2021-04-01
            [1] => 2021-04-02
            [2] => 2021-04-03
            [3] => 2021-04-04
            [4] => 2021-04-05
        )

    [unavailable_dates] => Array
        (
        )

    [dry_dates] => Array
        (
        )

    [latest_global_sale] => 
)

[2026-03-14 11:30:36] [INFO] Session quantity updated: SCMPL0028274 = 450
[2026-03-14 11:30:37] [INFO] Session quantity updated: SCMPL0028274 = 450
[2026-03-14 11:30:37] [INFO] Session quantity updated: SCMPL0028274 = 500
[2026-03-14 11:30:37] [INFO] Session quantity updated: SCMPL0028274 = 500
[2026-03-14 11:30:38] [INFO] Session quantity updated: SCMPL0028274 = 477
[2026-03-14 11:30:39] [INFO] Session quantity updated: SCMPL0028274 = 477
[2026-03-14 11:30:40] [INFO] Session quantity updated: SCMPL0028274 = 500
[2026-03-14 11:30:40] [INFO] Session quantity updated: SCMPL0028274 = 500
[2026-03-14 11:30:42] [INFO] Session quantity updated: SCMPL0028274 = 496
[2026-03-14 11:30:42] [INFO] Session quantity updated: SCMPL0028274 = 496
[2026-03-14 11:30:43] [INFO] Session quantity updated: SCMPL0028274 = 453
[2026-03-14 11:30:43] [INFO] Session quantity updated: SCMPL0028274 = 453
[2026-03-14 11:30:44] [INFO] Session quantity updated: SCMPL0028274 = 28
[2026-03-14 11:30:44] [INFO] Session quantity updated: SCMPL0028274 = 28
[2026-03-14 11:30:52] [INFO] Session quantity updated: SCMBR0021532 = 300
[2026-03-14 11:30:53] [INFO] Session quantity updated: SCMBR0021532 = 300
[2026-03-14 11:30:54] [INFO] Session quantity updated: SCMPL0028274 = 453
[2026-03-14 11:30:55] [INFO] Session quantity updated: SCMPL0028274 = 453
[2026-03-14 11:30:55] [INFO] Session quantity updated: SCMPL0028274 = 27
[2026-03-14 11:30:55] [INFO] Session quantity updated: SCMPL0028274 = 27
[2026-03-14 11:30:56] [INFO] Session quantity updated: SCMPL0028274 = 453
[2026-03-14 11:30:56] [INFO] Session quantity updated: SCMPL0028274 = 453
[2026-03-14 11:30:59] [INFO] Session quantity updated: SCMBR0021532 = 298
[2026-03-14 11:31:00] [INFO] Session quantity updated: SCMBR0021532 = 298
[2026-03-14 11:31:00] [INFO] Session quantity updated: SCMBR0021532 = 300
[2026-03-14 11:31:00] [INFO] Session quantity updated: SCMBR0021532 = 297
[2026-03-14 11:31:01] [INFO] Session quantity updated: SCMBR0021532 = 0
[2026-03-14 11:31:01] [INFO] Session quantity updated: SCMBR0021532 = 0
[2026-03-14 11:31:02] [INFO] Session quantity updated: SCMPL0028274 = 500
[2026-03-14 11:31:02] [INFO] Session quantity updated: SCMPL0028274 = 500
[2026-03-14 11:31:04] [INFO] Session quantity updated: SCMPL0028274 = 496
[2026-03-14 11:31:04] [INFO] Session quantity updated: SCMPL0028274 = 496
[2026-03-14 11:31:05] [INFO] Session quantity updated: SCMPL0028274 = 35
[2026-03-14 11:31:05] [INFO] Session quantity updated: SCMPL0028274 = 35
[2026-03-14 11:31:17] [INFO] === ULTRA FAST BILL GEN START ===
[2026-03-14 11:31:17] [INFO] Received 1 items and 1 saved distributions
[2026-03-14 11:31:17] [DEBUG] Items received: SCMPL0028274
[2026-03-14 11:31:17] [DEBUG] Distribution keys received: SCMPL0028274
[2026-03-14 11:31:17] [DEBUG] Distribution for SCMPL0028274 (type: string): [9,7,4,9,6]
[2026-03-14 11:31:17] [INFO] Date range: 2021-04-01 00:00:00 to 2021-04-05, Total days: 5, Dry days: 0, Available days: 5
[2026-03-14 11:31:17] [DEBUG] DEBUG: Checking distribution for item SCMPL0028274 - Total Qty: 35
[2026-03-14 11:31:17] [DEBUG] DEBUG: Available distributions: YES
[2026-03-14 11:31:17] [DEBUG] DEBUG: Distribution type for SCMPL0028274: string
[2026-03-14 11:31:17] [DEBUG] DEBUG: Raw distribution string for SCMPL0028274: [9,7,4,9,6]
[2026-03-14 11:31:17] [INFO] SAVED DIST USED (json decoded): SCMPL0028274 = 9, 7, 4, 9, 6
[2026-03-14 11:31:17] [INFO] === FINAL DISTRIBUTION FOR BILLS === Item: SCMPL0028274 | Qty: 35 | Distribution: 9,7,4,9,6 | Sum: 35
[2026-03-14 11:31:17] [INFO] === PAGE ACCESS ===
[2026-03-14 11:31:17] [INFO] Request method: GET
[2026-03-14 11:31:17] [INFO] Search term: ''
[2026-03-14 11:31:17] [INFO] Current session ID: rmadrik9bpggseu74vke7fbhdj
[2026-03-14 11:31:17] [INFO] GLOBAL CHECK: Latest existing sale: 2021-04-05
[2026-03-14 11:31:17] [INFO] Available dates: 
[2026-03-14 11:31:17] [INFO] Unavailable dates (has existing sales): 2021-04-01, 2021-04-02, 2021-04-03, 2021-04-04, 2021-04-05
[2026-03-14 11:31:17] [INFO] Final session quantities count: 0
[2026-03-14 11:31:17] [INFO] Items in current view: 50
[2026-03-14 11:31:17] [INFO] Sales Page Load Debug Info:
Array
(
    [total_items] => 72
    [current_page] => 1
    [total_pages] => 2
    [session_quantities_count] => 0
    [post_quantities_count] => 0
    [date_range] => 2021-04-01 00:00:00 to 2021-04-05
    [days_count] => 5
    [user_id] => 5
    [comp_id] => 5
    [license_type] => FL-III
    [allowed_classes] => Array
        (
            [0] => W
            [1] => V
            [2] => M
            [3] => F
            [4] => D
            [5] => K
            [6] => G
            [7] => R
        )

    [end_date_day] => 05
    [closing_column] => DAY_05_CLOSING
    [end_date_month] => 2021-04
    [stock_filter] => > 0
    [daily_stock_table] => tbldailystock_5_04_21
    [table_suffix] => _04_21
    [current_month] => 2026-03
    [has_restrictions] => 1
    [available_dates] => Array
        (
        )

    [unavailable_dates] => Array
        (
            [0] => 2021-04-01
            [1] => 2021-04-02
            [2] => 2021-04-03
            [3] => 2021-04-04
            [4] => 2021-04-05
        )

    [dry_dates] => Array
        (
        )

    [latest_global_sale] => 2021-04-05
)

[2026-03-14 11:42:18] [INFO] === PAGE ACCESS ===
[2026-03-14 11:42:18] [INFO] Request method: GET
[2026-03-14 11:42:18] [INFO] Search term: ''
[2026-03-14 11:42:18] [INFO] Current session ID: rmadrik9bpggseu74vke7fbhdj
[2026-03-14 11:42:18] [INFO] Final session quantities count: 0
[2026-03-14 11:42:18] [INFO] Items in current view: 1
[2026-03-14 11:42:18] [INFO] Sales Page Load Debug Info:
Array
(
    [total_items] => 1
    [current_page] => 1
    [total_pages] => 1
    [session_quantities_count] => 0
    [post_quantities_count] => 0
    [date_range] => 2026-03-14 to 2026-03-14
    [days_count] => 1
    [user_id] => 5
    [comp_id] => 5
    [license_type] => FL-III
    [allowed_classes] => Array
        (
            [0] => W
            [1] => V
            [2] => M
            [3] => F
            [4] => D
            [5] => K
            [6] => G
            [7] => R
        )

    [end_date_day] => 14
    [closing_column] => DAY_14_CLOSING
    [end_date_month] => 2026-03
    [stock_filter] => > 0
    [daily_stock_table] => tbldailystock_5
    [table_suffix] => 
    [current_month] => 2026-03
    [has_restrictions] => 
    [available_dates] => Array
        (
            [0] => 2026-03-14
        )

    [unavailable_dates] => Array
        (
        )

    [dry_dates] => Array
        (
        )

    [latest_global_sale] => 
)

[2026-03-14 11:42:44] [INFO] === PAGE ACCESS ===
[2026-03-14 11:42:44] [INFO] Request method: GET
[2026-03-14 11:42:44] [INFO] Search term: ''
[2026-03-14 11:42:44] [INFO] Current session ID: rmadrik9bpggseu74vke7fbhdj
[2026-03-14 11:42:44] [INFO] Final session quantities count: 0
[2026-03-14 11:42:44] [INFO] Items in current view: 50
[2026-03-14 11:42:44] [INFO] Sales Page Load Debug Info:
Array
(
    [total_items] => 72
    [current_page] => 1
    [total_pages] => 2
    [session_quantities_count] => 0
    [post_quantities_count] => 0
    [date_range] => 2021-04-01 00:00:00 to 2021-04-05
    [days_count] => 5
    [user_id] => 5
    [comp_id] => 5
    [license_type] => FL-III
    [allowed_classes] => Array
        (
            [0] => W
            [1] => V
            [2] => M
            [3] => F
            [4] => D
            [5] => K
            [6] => G
            [7] => R
        )

    [end_date_day] => 05
    [closing_column] => DAY_05_CLOSING
    [end_date_month] => 2021-04
    [stock_filter] => > 0
    [daily_stock_table] => tbldailystock_5_04_21
    [table_suffix] => _04_21
    [current_month] => 2026-03
    [has_restrictions] => 
    [available_dates] => Array
        (
            [0] => 2021-04-01
            [1] => 2021-04-02
            [2] => 2021-04-03
            [3] => 2021-04-04
            [4] => 2021-04-05
        )

    [unavailable_dates] => Array
        (
        )

    [dry_dates] => Array
        (
        )

    [latest_global_sale] => 
)

[2026-03-14 11:42:47] [INFO] Session quantity updated: SCMPL0028274 = 450
[2026-03-14 11:42:47] [INFO] Session quantity updated: SCMPL0028274 = 450
[2026-03-14 11:42:48] [INFO] Session quantity updated: SCMPL0028274 = 495
[2026-03-14 11:42:48] [INFO] Session quantity updated: SCMPL0028274 = 495
[2026-03-14 11:42:49] [INFO] Session quantity updated: SCMPL0028274 = 500
[2026-03-14 11:42:49] [INFO] Session quantity updated: SCMPL0028274 = 496
[2026-03-14 11:42:49] [INFO] Session quantity updated: SCMPL0028274 = 35
[2026-03-14 11:42:50] [INFO] Session quantity updated: SCMPL0028274 = 35
[2026-03-14 11:43:07] [INFO] === ULTRA FAST BILL GEN START ===
[2026-03-14 11:43:07] [INFO] Received 1 items and 1 saved distributions
[2026-03-14 11:43:07] [DEBUG] Items received: SCMPL0028274
[2026-03-14 11:43:07] [DEBUG] Distribution keys received: SCMPL0028274
[2026-03-14 11:43:07] [DEBUG] Distribution for SCMPL0028274 (type: string): [7,3,8,8,9]
[2026-03-14 11:43:07] [INFO] Date range: 2021-04-01 00:00:00 to 2021-04-05, Total days: 5, Dry days: 0, Available days: 5
[2026-03-14 11:43:07] [DEBUG] DEBUG: Checking distribution for item SCMPL0028274 - Total Qty: 35
[2026-03-14 11:43:07] [DEBUG] DEBUG: Available distributions: YES
[2026-03-14 11:43:07] [DEBUG] DEBUG: Distribution type for SCMPL0028274: string
[2026-03-14 11:43:07] [DEBUG] DEBUG: Raw distribution string for SCMPL0028274: [7,3,8,8,9]
[2026-03-14 11:43:07] [INFO] SAVED DIST USED (json decoded): SCMPL0028274 = 7, 3, 8, 8, 9
[2026-03-14 11:43:07] [INFO] === FINAL DISTRIBUTION FOR BILLS === Item: SCMPL0028274 | Qty: 35 | Distribution: 7,3,8,8,9 | Sum: 35
[2026-03-14 11:43:07] [INFO] === PAGE ACCESS ===
[2026-03-14 11:43:07] [INFO] Request method: GET
[2026-03-14 11:43:07] [INFO] Search term: ''
[2026-03-14 11:43:07] [INFO] Current session ID: rmadrik9bpggseu74vke7fbhdj
[2026-03-14 11:43:07] [INFO] GLOBAL CHECK: Latest existing sale: 2021-04-05
[2026-03-14 11:43:07] [INFO] Available dates: 
[2026-03-14 11:43:07] [INFO] Unavailable dates (has existing sales): 2021-04-01, 2021-04-02, 2021-04-03, 2021-04-04, 2021-04-05
[2026-03-14 11:43:07] [INFO] Final session quantities count: 0
[2026-03-14 11:43:07] [INFO] Items in current view: 50
[2026-03-14 11:43:07] [INFO] Sales Page Load Debug Info:
Array
(
    [total_items] => 72
    [current_page] => 1
    [total_pages] => 2
    [session_quantities_count] => 0
    [post_quantities_count] => 0
    [date_range] => 2021-04-01 00:00:00 to 2021-04-05
    [days_count] => 5
    [user_id] => 5
    [comp_id] => 5
    [license_type] => FL-III
    [allowed_classes] => Array
        (
            [0] => W
            [1] => V
            [2] => M
            [3] => F
            [4] => D
            [5] => K
            [6] => G
            [7] => R
        )

    [end_date_day] => 05
    [closing_column] => DAY_05_CLOSING
    [end_date_month] => 2021-04
    [stock_filter] => > 0
    [daily_stock_table] => tbldailystock_5_04_21
    [table_suffix] => _04_21
    [current_month] => 2026-03
    [has_restrictions] => 1
    [available_dates] => Array
        (
        )

    [unavailable_dates] => Array
        (
            [0] => 2021-04-01
            [1] => 2021-04-02
            [2] => 2021-04-03
            [3] => 2021-04-04
            [4] => 2021-04-05
        )

    [dry_dates] => Array
        (
        )

    [latest_global_sale] => 2021-04-05
)

[2026-03-14 11:44:01] [INFO] === PAGE ACCESS ===
[2026-03-14 11:44:01] [INFO] Request method: GET
[2026-03-14 11:44:01] [INFO] Search term: ''
[2026-03-14 11:44:01] [INFO] Current session ID: rmadrik9bpggseu74vke7fbhdj
[2026-03-14 11:44:01] [INFO] Final session quantities count: 0
[2026-03-14 11:44:01] [INFO] Items in current view: 1
[2026-03-14 11:44:01] [INFO] Sales Page Load Debug Info:
Array
(
    [total_items] => 1
    [current_page] => 1
    [total_pages] => 1
    [session_quantities_count] => 0
    [post_quantities_count] => 0
    [date_range] => 2026-03-14 to 2026-03-14
    [days_count] => 1
    [user_id] => 5
    [comp_id] => 5
    [license_type] => FL-III
    [allowed_classes] => Array
        (
            [0] => W
            [1] => V
            [2] => M
            [3] => F
            [4] => D
            [5] => K
            [6] => G
            [7] => R
        )

    [end_date_day] => 14
    [closing_column] => DAY_14_CLOSING
    [end_date_month] => 2026-03
    [stock_filter] => > 0
    [daily_stock_table] => tbldailystock_5
    [table_suffix] => 
    [current_month] => 2026-03
    [has_restrictions] => 
    [available_dates] => Array
        (
            [0] => 2026-03-14
        )

    [unavailable_dates] => Array
        (
        )

    [dry_dates] => Array
        (
        )

    [latest_global_sale] => 
)

[2026-03-14 11:44:15] [INFO] === PAGE ACCESS ===
[2026-03-14 11:44:15] [INFO] Request method: GET
[2026-03-14 11:44:15] [INFO] Search term: ''
[2026-03-14 11:44:15] [INFO] Current session ID: rmadrik9bpggseu74vke7fbhdj
[2026-03-14 11:44:15] [INFO] Final session quantities count: 0
[2026-03-14 11:44:15] [INFO] Items in current view: 50
[2026-03-14 11:44:15] [INFO] Sales Page Load Debug Info:
Array
(
    [total_items] => 74
    [current_page] => 1
    [total_pages] => 2
    [session_quantities_count] => 0
    [post_quantities_count] => 0
    [date_range] => 2021-04-06 to 2021-04-10
    [days_count] => 5
    [user_id] => 5
    [comp_id] => 5
    [license_type] => FL-III
    [allowed_classes] => Array
        (
            [0] => W
            [1] => V
            [2] => M
            [3] => F
            [4] => D
            [5] => K
            [6] => G
            [7] => R
        )

    [end_date_day] => 10
    [closing_column] => DAY_10_CLOSING
    [end_date_month] => 2021-04
    [stock_filter] => > 0
    [daily_stock_table] => tbldailystock_5_04_21
    [table_suffix] => _04_21
    [current_month] => 2026-03
    [has_restrictions] => 
    [available_dates] => Array
        (
            [0] => 2021-04-06
            [1] => 2021-04-07
            [2] => 2021-04-08
            [3] => 2021-04-09
            [4] => 2021-04-10
        )

    [unavailable_dates] => Array
        (
        )

    [dry_dates] => Array
        (
        )

    [latest_global_sale] => 
)

[2026-03-14 11:44:23] [INFO] Session quantity updated: SCMPL0028274 = 34
[2026-03-14 11:44:33] [INFO] === ULTRA FAST BILL GEN START ===
[2026-03-14 11:44:33] [INFO] Received 1 items and 1 saved distributions
[2026-03-14 11:44:33] [DEBUG] Items received: SCMPL0028274
[2026-03-14 11:44:33] [DEBUG] Distribution keys received: SCMPL0028274
[2026-03-14 11:44:33] [DEBUG] Distribution for SCMPL0028274 (type: string): [6,5,7,7,9]
[2026-03-14 11:44:33] [INFO] Date range: 2021-04-06 to 2021-04-10, Total days: 5, Dry days: 0, Available days: 5
[2026-03-14 11:44:33] [DEBUG] DEBUG: Checking distribution for item SCMPL0028274 - Total Qty: 34
[2026-03-14 11:44:33] [DEBUG] DEBUG: Available distributions: YES
[2026-03-14 11:44:33] [DEBUG] DEBUG: Distribution type for SCMPL0028274: string
[2026-03-14 11:44:33] [DEBUG] DEBUG: Raw distribution string for SCMPL0028274: [6,5,7,7,9]
[2026-03-14 11:44:33] [INFO] SAVED DIST USED (json decoded): SCMPL0028274 = 6, 5, 7, 7, 9
[2026-03-14 11:44:33] [INFO] === FINAL DISTRIBUTION FOR BILLS === Item: SCMPL0028274 | Qty: 34 | Distribution: 6,5,7,7,9 | Sum: 34
[2026-03-14 11:44:33] [INFO] === PAGE ACCESS ===
[2026-03-14 11:44:33] [INFO] Request method: GET
[2026-03-14 11:44:33] [INFO] Search term: ''
[2026-03-14 11:44:33] [INFO] Current session ID: rmadrik9bpggseu74vke7fbhdj
[2026-03-14 11:44:34] [INFO] GLOBAL CHECK: Latest existing sale: 2021-04-10
[2026-03-14 11:44:34] [INFO] Available dates: 
[2026-03-14 11:44:34] [INFO] Unavailable dates (has existing sales): 2021-04-06, 2021-04-07, 2021-04-08, 2021-04-09, 2021-04-10
[2026-03-14 11:44:34] [INFO] Final session quantities count: 0
[2026-03-14 11:44:34] [INFO] Items in current view: 50
[2026-03-14 11:44:34] [INFO] Sales Page Load Debug Info:
Array
(
    [total_items] => 74
    [current_page] => 1
    [total_pages] => 2
    [session_quantities_count] => 0
    [post_quantities_count] => 0
    [date_range] => 2021-04-06 to 2021-04-10
    [days_count] => 5
    [user_id] => 5
    [comp_id] => 5
    [license_type] => FL-III
    [allowed_classes] => Array
        (
            [0] => W
            [1] => V
            [2] => M
            [3] => F
            [4] => D
            [5] => K
            [6] => G
            [7] => R
        )

    [end_date_day] => 10
    [closing_column] => DAY_10_CLOSING
    [end_date_month] => 2021-04
    [stock_filter] => > 0
    [daily_stock_table] => tbldailystock_5_04_21
    [table_suffix] => _04_21
    [current_month] => 2026-03
    [has_restrictions] => 1
    [available_dates] => Array
        (
        )

    [unavailable_dates] => Array
        (
            [0] => 2021-04-06
            [1] => 2021-04-07
            [2] => 2021-04-08
            [3] => 2021-04-09
            [4] => 2021-04-10
        )

    [dry_dates] => Array
        (
        )

    [latest_global_sale] => 2021-04-10
)

[2026-03-14 11:52:08] [INFO] === PAGE ACCESS ===
[2026-03-14 11:52:08] [INFO] Request method: GET
[2026-03-14 11:52:08] [INFO] Search term: ''
[2026-03-14 11:52:08] [INFO] Current session ID: rmadrik9bpggseu74vke7fbhdj
[2026-03-14 11:52:08] [INFO] Final session quantities count: 0
[2026-03-14 11:52:08] [INFO] Items in current view: 1
[2026-03-14 11:52:08] [INFO] Sales Page Load Debug Info:
Array
(
    [total_items] => 1
    [current_page] => 1
    [total_pages] => 1
    [session_quantities_count] => 0
    [post_quantities_count] => 0
    [date_range] => 2026-03-14 to 2026-03-14
    [days_count] => 1
    [user_id] => 5
    [comp_id] => 5
    [license_type] => FL-III
    [allowed_classes] => Array
        (
            [0] => W
            [1] => V
            [2] => M
            [3] => F
            [4] => D
            [5] => K
            [6] => G
            [7] => R
        )

    [end_date_day] => 14
    [closing_column] => DAY_14_CLOSING
    [end_date_month] => 2026-03
    [stock_filter] => > 0
    [daily_stock_table] => tbldailystock_5
    [table_suffix] => 
    [current_month] => 2026-03
    [has_restrictions] => 
    [available_dates] => Array
        (
            [0] => 2026-03-14
        )

    [unavailable_dates] => Array
        (
        )

    [dry_dates] => Array
        (
        )

    [latest_global_sale] => 
)

[2026-03-14 11:52:22] [INFO] === PAGE ACCESS ===
[2026-03-14 11:52:22] [INFO] Request method: GET
[2026-03-14 11:52:22] [INFO] Search term: ''
[2026-03-14 11:52:22] [INFO] Current session ID: rmadrik9bpggseu74vke7fbhdj
[2026-03-14 11:52:22] [INFO] Final session quantities count: 0
[2026-03-14 11:52:22] [INFO] Items in current view: 50
[2026-03-14 11:52:22] [INFO] Sales Page Load Debug Info:
Array
(
    [total_items] => 72
    [current_page] => 1
    [total_pages] => 2
    [session_quantities_count] => 0
    [post_quantities_count] => 0
    [date_range] => 2021-04-01 00:00:00 to 2021-04-05
    [days_count] => 5
    [user_id] => 5
    [comp_id] => 5
    [license_type] => FL-III
    [allowed_classes] => Array
        (
            [0] => W
            [1] => V
            [2] => M
            [3] => F
            [4] => D
            [5] => K
            [6] => G
            [7] => R
        )

    [end_date_day] => 05
    [closing_column] => DAY_05_CLOSING
    [end_date_month] => 2021-04
    [stock_filter] => > 0
    [daily_stock_table] => tbldailystock_5_04_21
    [table_suffix] => _04_21
    [current_month] => 2026-03
    [has_restrictions] => 
    [available_dates] => Array
        (
            [0] => 2021-04-01
            [1] => 2021-04-02
            [2] => 2021-04-03
            [3] => 2021-04-04
            [4] => 2021-04-05
        )

    [unavailable_dates] => Array
        (
        )

    [dry_dates] => Array
        (
        )

    [latest_global_sale] => 
)

[2026-03-14 11:52:25] [INFO] Session quantity updated: SCMPL0028274 = 2
[2026-03-14 11:52:26] [INFO] Session quantity updated: SCMPL0028274 = 0
[2026-03-14 11:52:26] [INFO] Session quantity updated: SCMPL0028274 = 0
[2026-03-14 11:52:27] [INFO] Session quantity updated: SCMPL0028274 = 3
[2026-03-14 11:52:27] [INFO] Session quantity updated: SCMPL0028274 = 35
[2026-03-14 11:52:41] [INFO] === ULTRA FAST BILL GEN START ===
[2026-03-14 11:52:41] [INFO] Received 1 items and 1 saved distributions
[2026-03-14 11:52:41] [DEBUG] Items received: SCMPL0028274
[2026-03-14 11:52:41] [DEBUG] Distribution keys received: SCMPL0028274
[2026-03-14 11:52:41] [DEBUG] Distribution for SCMPL0028274 (type: string): [4,7,9,6,9]
[2026-03-14 11:52:41] [INFO] Date range: 2021-04-01 00:00:00 to 2021-04-05, Total days: 5, Dry days: 0, Available days: 5
[2026-03-14 11:52:41] [DEBUG] DEBUG: Checking distribution for item SCMPL0028274 - Total Qty: 35
[2026-03-14 11:52:41] [DEBUG] DEBUG: Available distributions: YES
[2026-03-14 11:52:41] [DEBUG] DEBUG: Distribution type for SCMPL0028274: string
[2026-03-14 11:52:41] [DEBUG] DEBUG: Raw distribution string for SCMPL0028274: [4,7,9,6,9]
[2026-03-14 11:52:41] [INFO] SAVED DIST USED (json decoded): SCMPL0028274 = 4, 7, 9, 6, 9
[2026-03-14 11:52:41] [INFO] === FINAL DISTRIBUTION FOR BILLS === Item: SCMPL0028274 | Qty: 35 | Distribution: 4,7,9,6,9 | Sum: 35
[2026-03-14 11:52:42] [INFO] === PAGE ACCESS ===
[2026-03-14 11:52:42] [INFO] Request method: GET
[2026-03-14 11:52:42] [INFO] Search term: ''
[2026-03-14 11:52:42] [INFO] Current session ID: rmadrik9bpggseu74vke7fbhdj
[2026-03-14 11:52:42] [INFO] GLOBAL CHECK: Latest existing sale: 2021-04-05
[2026-03-14 11:52:42] [INFO] Available dates: 
[2026-03-14 11:52:42] [INFO] Unavailable dates (has existing sales): 2021-04-01, 2021-04-02, 2021-04-03, 2021-04-04, 2021-04-05
[2026-03-14 11:52:42] [INFO] Final session quantities count: 0
[2026-03-14 11:52:42] [INFO] Items in current view: 50
[2026-03-14 11:52:42] [INFO] Sales Page Load Debug Info:
Array
(
    [total_items] => 72
    [current_page] => 1
    [total_pages] => 2
    [session_quantities_count] => 0
    [post_quantities_count] => 0
    [date_range] => 2021-04-01 00:00:00 to 2021-04-05
    [days_count] => 5
    [user_id] => 5
    [comp_id] => 5
    [license_type] => FL-III
    [allowed_classes] => Array
        (
            [0] => W
            [1] => V
            [2] => M
            [3] => F
            [4] => D
            [5] => K
            [6] => G
            [7] => R
        )

    [end_date_day] => 05
    [closing_column] => DAY_05_CLOSING
    [end_date_month] => 2021-04
    [stock_filter] => > 0
    [daily_stock_table] => tbldailystock_5_04_21
    [table_suffix] => _04_21
    [current_month] => 2026-03
    [has_restrictions] => 1
    [available_dates] => Array
        (
        )

    [unavailable_dates] => Array
        (
            [0] => 2021-04-01
            [1] => 2021-04-02
            [2] => 2021-04-03
            [3] => 2021-04-04
            [4] => 2021-04-05
        )

    [dry_dates] => Array
        (
        )

    [latest_global_sale] => 2021-04-05
)

[2026-03-14 11:53:11] [INFO] === PAGE ACCESS ===
[2026-03-14 11:53:11] [INFO] Request method: GET
[2026-03-14 11:53:11] [INFO] Search term: ''
[2026-03-14 11:53:11] [INFO] Current session ID: rmadrik9bpggseu74vke7fbhdj
[2026-03-14 11:53:11] [INFO] Final session quantities count: 0
[2026-03-14 11:53:11] [INFO] Items in current view: 1
[2026-03-14 11:53:11] [INFO] Sales Page Load Debug Info:
Array
(
    [total_items] => 1
    [current_page] => 1
    [total_pages] => 1
    [session_quantities_count] => 0
    [post_quantities_count] => 0
    [date_range] => 2026-03-14 to 2026-03-14
    [days_count] => 1
    [user_id] => 5
    [comp_id] => 5
    [license_type] => FL-III
    [allowed_classes] => Array
        (
            [0] => W
            [1] => V
            [2] => M
            [3] => F
            [4] => D
            [5] => K
            [6] => G
            [7] => R
        )

    [end_date_day] => 14
    [closing_column] => DAY_14_CLOSING
    [end_date_month] => 2026-03
    [stock_filter] => > 0
    [daily_stock_table] => tbldailystock_5
    [table_suffix] => 
    [current_month] => 2026-03
    [has_restrictions] => 
    [available_dates] => Array
        (
            [0] => 2026-03-14
        )

    [unavailable_dates] => Array
        (
        )

    [dry_dates] => Array
        (
        )

    [latest_global_sale] => 
)

[2026-03-14 11:53:26] [INFO] === PAGE ACCESS ===
[2026-03-14 11:53:26] [INFO] Request method: GET
[2026-03-14 11:53:26] [INFO] Search term: ''
[2026-03-14 11:53:26] [INFO] Current session ID: rmadrik9bpggseu74vke7fbhdj
[2026-03-14 11:53:26] [INFO] Final session quantities count: 0
[2026-03-14 11:53:26] [INFO] Items in current view: 50
[2026-03-14 11:53:26] [INFO] Sales Page Load Debug Info:
Array
(
    [total_items] => 74
    [current_page] => 1
    [total_pages] => 2
    [session_quantities_count] => 0
    [post_quantities_count] => 0
    [date_range] => 2021-04-06 to 2021-04-10
    [days_count] => 5
    [user_id] => 5
    [comp_id] => 5
    [license_type] => FL-III
    [allowed_classes] => Array
        (
            [0] => W
            [1] => V
            [2] => M
            [3] => F
            [4] => D
            [5] => K
            [6] => G
            [7] => R
        )

    [end_date_day] => 10
    [closing_column] => DAY_10_CLOSING
    [end_date_month] => 2021-04
    [stock_filter] => > 0
    [daily_stock_table] => tbldailystock_5_04_21
    [table_suffix] => _04_21
    [current_month] => 2026-03
    [has_restrictions] => 
    [available_dates] => Array
        (
            [0] => 2021-04-06
            [1] => 2021-04-07
            [2] => 2021-04-08
            [3] => 2021-04-09
            [4] => 2021-04-10
        )

    [unavailable_dates] => Array
        (
        )

    [dry_dates] => Array
        (
        )

    [latest_global_sale] => 
)

[2026-03-14 11:53:37] [INFO] Session quantity updated: SCMPL0028274 = 419
[2026-03-14 11:53:37] [INFO] Session quantity updated: SCMPL0028274 = 461
[2026-03-14 11:53:37] [INFO] Session quantity updated: SCMPL0028274 = 461
[2026-03-14 11:53:39] [INFO] Session quantity updated: SCMPL0028274 = 35
[2026-03-14 11:53:39] [INFO] Session quantity updated: SCMPL0028274 = 35
[2026-03-14 11:53:56] [INFO] === ULTRA FAST BILL GEN START ===
[2026-03-14 11:53:56] [INFO] Received 1 items and 1 saved distributions
[2026-03-14 11:53:56] [DEBUG] Items received: SCMPL0028274
[2026-03-14 11:53:56] [DEBUG] Distribution keys received: SCMPL0028274
[2026-03-14 11:53:56] [DEBUG] Distribution for SCMPL0028274 (type: string): [6,10,3,9,7]
[2026-03-14 11:53:56] [INFO] Date range: 2021-04-06 to 2021-04-10, Total days: 5, Dry days: 0, Available days: 5
[2026-03-14 11:53:56] [DEBUG] DEBUG: Checking distribution for item SCMPL0028274 - Total Qty: 35
[2026-03-14 11:53:56] [DEBUG] DEBUG: Available distributions: YES
[2026-03-14 11:53:56] [DEBUG] DEBUG: Distribution type for SCMPL0028274: string
[2026-03-14 11:53:56] [DEBUG] DEBUG: Raw distribution string for SCMPL0028274: [6,10,3,9,7]
[2026-03-14 11:53:56] [INFO] SAVED DIST USED (json decoded): SCMPL0028274 = 6, 10, 3, 9, 7
[2026-03-14 11:53:56] [INFO] === FINAL DISTRIBUTION FOR BILLS === Item: SCMPL0028274 | Qty: 35 | Distribution: 6,10,3,9,7 | Sum: 35
[2026-03-14 11:53:56] [INFO] === PAGE ACCESS ===
[2026-03-14 11:53:56] [INFO] Request method: GET
[2026-03-14 11:53:56] [INFO] Search term: ''
[2026-03-14 11:53:56] [INFO] Current session ID: rmadrik9bpggseu74vke7fbhdj
[2026-03-14 11:53:57] [INFO] GLOBAL CHECK: Latest existing sale: 2021-04-10
[2026-03-14 11:53:57] [INFO] Available dates: 
[2026-03-14 11:53:57] [INFO] Unavailable dates (has existing sales): 2021-04-06, 2021-04-07, 2021-04-08, 2021-04-09, 2021-04-10
[2026-03-14 11:53:57] [INFO] Final session quantities count: 0
[2026-03-14 11:53:57] [INFO] Items in current view: 50
[2026-03-14 11:53:57] [INFO] Sales Page Load Debug Info:
Array
(
    [total_items] => 74
    [current_page] => 1
    [total_pages] => 2
    [session_quantities_count] => 0
    [post_quantities_count] => 0
    [date_range] => 2021-04-06 to 2021-04-10
    [days_count] => 5
    [user_id] => 5
    [comp_id] => 5
    [license_type] => FL-III
    [allowed_classes] => Array
        (
            [0] => W
            [1] => V
            [2] => M
            [3] => F
            [4] => D
            [5] => K
            [6] => G
            [7] => R
        )

    [end_date_day] => 10
    [closing_column] => DAY_10_CLOSING
    [end_date_month] => 2021-04
    [stock_filter] => > 0
    [daily_stock_table] => tbldailystock_5_04_21
    [table_suffix] => _04_21
    [current_month] => 2026-03
    [has_restrictions] => 1
    [available_dates] => Array
        (
        )

    [unavailable_dates] => Array
        (
            [0] => 2021-04-06
            [1] => 2021-04-07
            [2] => 2021-04-08
            [3] => 2021-04-09
            [4] => 2021-04-10
        )

    [dry_dates] => Array
        (
        )

    [latest_global_sale] => 2021-04-10
)

