[2026-03-02 03:21:23] [INFO] === PAGE ACCESS ===
[2026-03-02 03:21:23] [INFO] Request method: GET
[2026-03-02 03:21:23] [INFO] Search term: ''
[2026-03-02 03:21:23] [INFO] Current session ID: cd20ha22moqt6obc8qarq7kc7j
[2026-03-02 03:21:23] [INFO] Final session quantities count: 0
[2026-03-02 03:21:23] [INFO] Items in current view: 3
[2026-03-02 03:21:23] [INFO] Sales Page Load Debug Info:
Array
(
    [total_items] => 3
    [current_page] => 1
    [total_pages] => 1
    [session_quantities_count] => 0
    [post_quantities_count] => 0
    [date_range] => 2026-03-02 to 2026-03-02
    [days_count] => 1
    [user_id] => 1
    [comp_id] => 1
    [license_type] => FL-II
    [allowed_classes] => Array
        (
            [0] => W
            [1] => V
            [2] => M
            [3] => F
            [4] => D
            [5] => K
            [6] => G
            [7] => R
            [8] => O
        )

    [end_date_day] => 02
    [closing_column] => DAY_02_CLOSING
    [end_date_month] => 2026-03
    [stock_filter] => > 0
    [daily_stock_table] => tbldailystock_1
    [table_suffix] => 
    [current_month] => 2026-03
    [has_restrictions] => 
    [available_dates] => Array
        (
            [0] => 2026-03-02
        )

    [unavailable_dates] => Array
        (
        )

    [dry_dates] => Array
        (
        )

    [latest_global_sale] => 
)

[2026-03-02 03:21:38] [INFO] === PAGE ACCESS ===
[2026-03-02 03:21:38] [INFO] Request method: GET
[2026-03-02 03:21:38] [INFO] Search term: ''
[2026-03-02 03:21:38] [INFO] Current session ID: cd20ha22moqt6obc8qarq7kc7j
[2026-03-02 03:21:38] [INFO] Created daily stock table: tbldailystock_1_02_26
[2026-03-02 03:21:38] [INFO] Initialized archive table tbldailystock_1_02_26 with 0 items from 2026-01
[2026-03-02 03:21:41] [INFO] === PAGE ACCESS ===
[2026-03-02 03:21:41] [INFO] Request method: GET
[2026-03-02 03:21:41] [INFO] Search term: ''
[2026-03-02 03:21:41] [INFO] Current session ID: cd20ha22moqt6obc8qarq7kc7j
[2026-03-02 03:21:41] [INFO] Final session quantities count: 0
[2026-03-02 03:21:41] [INFO] Items in current view: 3
[2026-03-02 03:21:41] [INFO] Sales Page Load Debug Info:
Array
(
    [total_items] => 3
    [current_page] => 1
    [total_pages] => 1
    [session_quantities_count] => 0
    [post_quantities_count] => 0
    [date_range] => 2026-03-02 to 2026-03-02
    [days_count] => 1
    [user_id] => 1
    [comp_id] => 1
    [license_type] => FL-II
    [allowed_classes] => Array
        (
            [0] => W
            [1] => V
            [2] => M
            [3] => F
            [4] => D
            [5] => K
            [6] => G
            [7] => R
            [8] => O
        )

    [end_date_day] => 02
    [closing_column] => DAY_02_CLOSING
    [end_date_month] => 2026-03
    [stock_filter] => > 0
    [daily_stock_table] => tbldailystock_1
    [table_suffix] => 
    [current_month] => 2026-03
    [has_restrictions] => 
    [available_dates] => Array
        (
            [0] => 2026-03-02
        )

    [unavailable_dates] => Array
        (
        )

    [dry_dates] => Array
        (
        )

    [latest_global_sale] => 
)

[2026-03-02 03:21:53] [INFO] === PAGE ACCESS ===
[2026-03-02 03:21:53] [INFO] Request method: GET
[2026-03-02 03:21:53] [INFO] Search term: ''
[2026-03-02 03:21:53] [INFO] Current session ID: cd20ha22moqt6obc8qarq7kc7j
[2026-03-02 03:21:53] [INFO] DRY DAYS FOUND: 2026-02-21
[2026-03-02 03:21:53] [INFO] Final session quantities count: 0
[2026-03-02 03:21:53] [INFO] Items in current view: 3
[2026-03-02 03:21:53] [INFO] Sales Page Load Debug Info:
Array
(
    [total_items] => 3
    [current_page] => 1
    [total_pages] => 1
    [session_quantities_count] => 0
    [post_quantities_count] => 0
    [date_range] => 2026-02-01 to 2026-03-02
    [days_count] => 30
    [user_id] => 1
    [comp_id] => 1
    [license_type] => FL-II
    [allowed_classes] => Array
        (
            [0] => W
            [1] => V
            [2] => M
            [3] => F
            [4] => D
            [5] => K
            [6] => G
            [7] => R
            [8] => O
        )

    [end_date_day] => 02
    [closing_column] => DAY_02_CLOSING
    [end_date_month] => 2026-03
    [stock_filter] => > 0
    [daily_stock_table] => tbldailystock_1
    [table_suffix] => 
    [current_month] => 2026-03
    [has_restrictions] => 1
    [available_dates] => Array
        (
            [0] => 2026-02-01
            [1] => 2026-02-02
            [2] => 2026-02-03
            [3] => 2026-02-04
            [4] => 2026-02-05
            [5] => 2026-02-06
            [6] => 2026-02-07
            [7] => 2026-02-08
            [8] => 2026-02-09
            [9] => 2026-02-10
            [10] => 2026-02-11
            [11] => 2026-02-12
            [12] => 2026-02-13
            [13] => 2026-02-14
            [14] => 2026-02-15
            [15] => 2026-02-16
            [16] => 2026-02-17
            [17] => 2026-02-18
            [18] => 2026-02-19
            [19] => 2026-02-20
            [20] => 2026-02-22
            [21] => 2026-02-23
            [22] => 2026-02-24
            [23] => 2026-02-25
            [24] => 2026-02-26
            [25] => 2026-02-27
            [26] => 2026-02-28
            [27] => 2026-03-01
            [28] => 2026-03-02
        )

    [unavailable_dates] => Array
        (
            [0] => 2026-02-21
        )

    [dry_dates] => Array
        (
            [0] => 2026-02-21
        )

    [latest_global_sale] => 
)

[2026-03-02 03:22:01] [INFO] === PAGE ACCESS ===
[2026-03-02 03:22:01] [INFO] Request method: GET
[2026-03-02 03:22:01] [INFO] Search term: ''
[2026-03-02 03:22:01] [INFO] Current session ID: cd20ha22moqt6obc8qarq7kc7j
[2026-03-02 03:22:01] [INFO] DRY DAYS FOUND: 2026-02-21
[2026-03-02 03:22:01] [INFO] Final session quantities count: 0
[2026-03-02 03:22:01] [INFO] Items in current view: 3
[2026-03-02 03:22:01] [INFO] Sales Page Load Debug Info:
Array
(
    [total_items] => 3
    [current_page] => 1
    [total_pages] => 1
    [session_quantities_count] => 0
    [post_quantities_count] => 0
    [date_range] => 2026-02-01 to 2026-03-02
    [days_count] => 30
    [user_id] => 1
    [comp_id] => 1
    [license_type] => FL-II
    [allowed_classes] => Array
        (
            [0] => W
            [1] => V
            [2] => M
            [3] => F
            [4] => D
            [5] => K
            [6] => G
            [7] => R
            [8] => O
        )

    [end_date_day] => 02
    [closing_column] => DAY_02_CLOSING
    [end_date_month] => 2026-03
    [stock_filter] => > 0
    [daily_stock_table] => tbldailystock_1
    [table_suffix] => 
    [current_month] => 2026-03
    [has_restrictions] => 1
    [available_dates] => Array
        (
            [0] => 2026-02-01
            [1] => 2026-02-02
            [2] => 2026-02-03
            [3] => 2026-02-04
            [4] => 2026-02-05
            [5] => 2026-02-06
            [6] => 2026-02-07
            [7] => 2026-02-08
            [8] => 2026-02-09
            [9] => 2026-02-10
            [10] => 2026-02-11
            [11] => 2026-02-12
            [12] => 2026-02-13
            [13] => 2026-02-14
            [14] => 2026-02-15
            [15] => 2026-02-16
            [16] => 2026-02-17
            [17] => 2026-02-18
            [18] => 2026-02-19
            [19] => 2026-02-20
            [20] => 2026-02-22
            [21] => 2026-02-23
            [22] => 2026-02-24
            [23] => 2026-02-25
            [24] => 2026-02-26
            [25] => 2026-02-27
            [26] => 2026-02-28
            [27] => 2026-03-01
            [28] => 2026-03-02
        )

    [unavailable_dates] => Array
        (
            [0] => 2026-02-21
        )

    [dry_dates] => Array
        (
            [0] => 2026-02-21
        )

    [latest_global_sale] => 
)

[2026-03-02 03:22:06] [INFO] === PAGE ACCESS ===
[2026-03-02 03:22:06] [INFO] Request method: GET
[2026-03-02 03:22:06] [INFO] Search term: ''
[2026-03-02 03:22:06] [INFO] Current session ID: cd20ha22moqt6obc8qarq7kc7j
[2026-03-02 03:22:06] [INFO] Final session quantities count: 0
[2026-03-02 03:22:06] [INFO] Items in current view: 3
[2026-03-02 03:22:06] [INFO] Sales Page Load Debug Info:
Array
(
    [total_items] => 3
    [current_page] => 1
    [total_pages] => 1
    [session_quantities_count] => 0
    [post_quantities_count] => 0
    [date_range] => 2026-03-02 to 2026-03-02
    [days_count] => 1
    [user_id] => 1
    [comp_id] => 1
    [license_type] => FL-II
    [allowed_classes] => Array
        (
            [0] => W
            [1] => V
            [2] => M
            [3] => F
            [4] => D
            [5] => K
            [6] => G
            [7] => R
            [8] => O
        )

    [end_date_day] => 02
    [closing_column] => DAY_02_CLOSING
    [end_date_month] => 2026-03
    [stock_filter] => > 0
    [daily_stock_table] => tbldailystock_1
    [table_suffix] => 
    [current_month] => 2026-03
    [has_restrictions] => 
    [available_dates] => Array
        (
            [0] => 2026-03-02
        )

    [unavailable_dates] => Array
        (
        )

    [dry_dates] => Array
        (
        )

    [latest_global_sale] => 
)

[2026-03-02 03:25:45] [INFO] === PAGE ACCESS ===
[2026-03-02 03:25:45] [INFO] Request method: GET
[2026-03-02 03:25:45] [INFO] Search term: ''
[2026-03-02 03:25:45] [INFO] Current session ID: cd20ha22moqt6obc8qarq7kc7j
[2026-03-02 03:25:45] [INFO] Final session quantities count: 0
[2026-03-02 03:25:45] [INFO] Items in current view: 3
[2026-03-02 03:25:45] [INFO] Sales Page Load Debug Info:
Array
(
    [total_items] => 3
    [current_page] => 1
    [total_pages] => 1
    [session_quantities_count] => 0
    [post_quantities_count] => 0
    [date_range] => 2026-03-02 to 2026-03-02
    [days_count] => 1
    [user_id] => 1
    [comp_id] => 1
    [license_type] => FL-II
    [allowed_classes] => Array
        (
            [0] => W
            [1] => V
            [2] => M
            [3] => F
            [4] => D
            [5] => K
            [6] => G
            [7] => R
            [8] => O
        )

    [end_date_day] => 02
    [closing_column] => DAY_02_CLOSING
    [end_date_month] => 2026-03
    [stock_filter] => > 0
    [daily_stock_table] => tbldailystock_1
    [table_suffix] => 
    [current_month] => 2026-03
    [has_restrictions] => 
    [available_dates] => Array
        (
            [0] => 2026-03-02
        )

    [unavailable_dates] => Array
        (
        )

    [dry_dates] => Array
        (
        )

    [latest_global_sale] => 
)

[2026-03-02 03:26:50] [INFO] === PAGE ACCESS ===
[2026-03-02 03:26:50] [INFO] Request method: GET
[2026-03-02 03:26:50] [INFO] Search term: ''
[2026-03-02 03:26:50] [INFO] Current session ID: cd20ha22moqt6obc8qarq7kc7j
[2026-03-02 03:26:50] [INFO] Final session quantities count: 0
[2026-03-02 03:26:50] [INFO] Items in current view: 50
[2026-03-02 03:26:50] [INFO] Sales Page Load Debug Info:
Array
(
    [total_items] => 94
    [current_page] => 1
    [total_pages] => 2
    [session_quantities_count] => 0
    [post_quantities_count] => 0
    [date_range] => 2026-03-02 to 2026-03-02
    [days_count] => 1
    [user_id] => 1
    [comp_id] => 1
    [license_type] => FL-II
    [allowed_classes] => Array
        (
            [0] => W
            [1] => V
            [2] => M
            [3] => F
            [4] => D
            [5] => K
            [6] => G
            [7] => R
            [8] => O
        )

    [end_date_day] => 02
    [closing_column] => DAY_02_CLOSING
    [end_date_month] => 2026-03
    [stock_filter] => > 0
    [daily_stock_table] => tbldailystock_1
    [table_suffix] => 
    [current_month] => 2026-03
    [has_restrictions] => 
    [available_dates] => Array
        (
            [0] => 2026-03-02
        )

    [unavailable_dates] => Array
        (
        )

    [dry_dates] => Array
        (
        )

    [latest_global_sale] => 
)

[2026-03-02 03:26:54] [INFO] Session quantity updated: SCMPL0010694 = 0
[2026-03-02 03:26:54] [INFO] Session quantity updated: SCMPL0010694 = 0
[2026-03-02 03:26:55] [INFO] Session quantity updated: SCMPL0010694 = 46
[2026-03-02 03:26:58] [INFO] Session quantity updated: SCMPL0009678 = 29
[2026-03-02 03:26:59] [INFO] Session quantity updated: SCMPL0009678 = 29
[2026-03-02 03:27:02] [INFO] Session quantity updated: SCMLS0018484 = 1
[2026-03-02 03:27:02] [INFO] Session quantity updated: SCMBR0018137 = 145
[2026-03-02 03:27:03] [INFO] Session quantity updated: SCMBR0018137 = 145
[2026-03-02 03:27:03] [INFO] Session quantity updated: SCMBR0018137 = 145
[2026-03-02 03:27:05] [INFO] Session quantity updated: SCMBR0018137 = 145
[2026-03-02 03:27:07] [INFO] === PAGE ACCESS ===
[2026-03-02 03:27:07] [INFO] Request method: GET
[2026-03-02 03:27:07] [INFO] Search term: ''
[2026-03-02 03:27:07] [INFO] Current session ID: cd20ha22moqt6obc8qarq7kc7j
[2026-03-02 03:27:07] [INFO] GLOBAL CHECK: Latest existing sale: 2026-03-02
[2026-03-02 03:27:07] [INFO] Available dates: 
[2026-03-02 03:27:07] [INFO] Unavailable dates (has existing sales): 2026-03-02
[2026-03-02 03:27:07] [INFO] Final session quantities count: 0
[2026-03-02 03:27:07] [INFO] Items in current view: 50
[2026-03-02 03:27:07] [INFO] Sales Page Load Debug Info:
Array
(
    [total_items] => 90
    [current_page] => 1
    [total_pages] => 2
    [session_quantities_count] => 0
    [post_quantities_count] => 0
    [date_range] => 2026-03-02 to 2026-03-02
    [days_count] => 1
    [user_id] => 1
    [comp_id] => 1
    [license_type] => FL-II
    [allowed_classes] => Array
        (
            [0] => W
            [1] => V
            [2] => M
            [3] => F
            [4] => D
            [5] => K
            [6] => G
            [7] => R
            [8] => O
        )

    [end_date_day] => 02
    [closing_column] => DAY_02_CLOSING
    [end_date_month] => 2026-03
    [stock_filter] => > 0
    [daily_stock_table] => tbldailystock_1
    [table_suffix] => 
    [current_month] => 2026-03
    [has_restrictions] => 1
    [available_dates] => Array
        (
        )

    [unavailable_dates] => Array
        (
            [0] => 2026-03-02
        )

    [dry_dates] => Array
        (
        )

    [latest_global_sale] => 2026-03-02
)

[2026-03-02 03:27:10] [INFO] === PAGE ACCESS ===
[2026-03-02 03:27:10] [INFO] Request method: GET
[2026-03-02 03:27:10] [INFO] Search term: ''
[2026-03-02 03:27:10] [INFO] Current session ID: cd20ha22moqt6obc8qarq7kc7j
[2026-03-02 03:27:11] [INFO] GLOBAL CHECK: Latest existing sale: 2026-03-02
[2026-03-02 03:27:11] [INFO] Available dates: 
[2026-03-02 03:27:11] [INFO] Unavailable dates (has existing sales): 2026-03-02
[2026-03-02 03:27:11] [INFO] Final session quantities count: 0
[2026-03-02 03:27:11] [INFO] Items in current view: 50
[2026-03-02 03:27:11] [INFO] Sales Page Load Debug Info:
Array
(
    [total_items] => 90
    [current_page] => 1
    [total_pages] => 2
    [session_quantities_count] => 0
    [post_quantities_count] => 0
    [date_range] => 2026-03-02 to 2026-03-02
    [days_count] => 1
    [user_id] => 1
    [comp_id] => 1
    [license_type] => FL-II
    [allowed_classes] => Array
        (
            [0] => W
            [1] => V
            [2] => M
            [3] => F
            [4] => D
            [5] => K
            [6] => G
            [7] => R
            [8] => O
        )

    [end_date_day] => 02
    [closing_column] => DAY_02_CLOSING
    [end_date_month] => 2026-03
    [stock_filter] => > 0
    [daily_stock_table] => tbldailystock_1
    [table_suffix] => 
    [current_month] => 2026-03
    [has_restrictions] => 1
    [available_dates] => Array
        (
        )

    [unavailable_dates] => Array
        (
            [0] => 2026-03-02
        )

    [dry_dates] => Array
        (
        )

    [latest_global_sale] => 2026-03-02
)

[2026-03-02 03:27:28] [INFO] === PAGE ACCESS ===
[2026-03-02 03:27:28] [INFO] Request method: GET
[2026-03-02 03:27:28] [INFO] Search term: ''
[2026-03-02 03:27:28] [INFO] Current session ID: cd20ha22moqt6obc8qarq7kc7j
[2026-03-02 03:27:29] [INFO] Final session quantities count: 0
[2026-03-02 03:27:29] [INFO] Items in current view: 50
[2026-03-02 03:27:29] [INFO] Sales Page Load Debug Info:
Array
(
    [total_items] => 94
    [current_page] => 1
    [total_pages] => 2
    [session_quantities_count] => 0
    [post_quantities_count] => 0
    [date_range] => 2026-03-02 to 2026-03-02
    [days_count] => 1
    [user_id] => 1
    [comp_id] => 1
    [license_type] => FL-II
    [allowed_classes] => Array
        (
            [0] => W
            [1] => V
            [2] => M
            [3] => F
            [4] => D
            [5] => K
            [6] => G
            [7] => R
            [8] => O
        )

    [end_date_day] => 02
    [closing_column] => DAY_02_CLOSING
    [end_date_month] => 2026-03
    [stock_filter] => > 0
    [daily_stock_table] => tbldailystock_1
    [table_suffix] => 
    [current_month] => 2026-03
    [has_restrictions] => 
    [available_dates] => Array
        (
            [0] => 2026-03-02
        )

    [unavailable_dates] => Array
        (
        )

    [dry_dates] => Array
        (
        )

    [latest_global_sale] => 
)

[2026-03-02 03:27:31] [INFO] Session quantity updated: SCMPL0010694 = 46
[2026-03-02 03:27:31] [INFO] Session quantity updated: SCMPL0010694 = 46
[2026-03-02 03:27:32] [INFO] Session quantity updated: SCMPL0010694 = 0
[2026-03-02 03:27:32] [INFO] Session quantity updated: SCMPL0010696 = 0
[2026-03-02 03:27:33] [INFO] Session quantity updated: SCMPL0041500 = 0
[2026-03-02 03:27:33] [INFO] Session quantity updated: SCMPL0041500 = 0
[2026-03-02 03:27:34] [INFO] Session quantity updated: SCMPL0010694 = 46
[2026-03-02 03:27:35] [INFO] Session quantity updated: SCMPL0010694 = 46
[2026-03-02 03:27:35] [INFO] Session quantity updated: SCMPL0010696 = 1
[2026-03-02 03:27:36] [INFO] Session quantity updated: SCMPL0041500 = 1
[2026-03-02 03:27:36] [INFO] Session quantity updated: SCMPL0041503 = 44
[2026-03-02 03:27:36] [INFO] Session quantity updated: SCMPL0009678 = 29
[2026-03-02 03:27:37] [INFO] Session quantity updated: SCMPL0039775 = 1
[2026-03-02 03:27:38] [INFO] Session quantity updated: SCMBR0018139 = 71
[2026-03-02 03:27:38] [INFO] Session quantity updated: SCMBR0018139 = 71
[2026-03-02 03:27:42] [INFO] === PAGE ACCESS ===
[2026-03-02 03:27:42] [INFO] Request method: GET
[2026-03-02 03:27:42] [INFO] Search term: ''
[2026-03-02 03:27:42] [INFO] Current session ID: cd20ha22moqt6obc8qarq7kc7j
[2026-03-02 03:27:43] [INFO] GLOBAL CHECK: Latest existing sale: 2026-03-02
[2026-03-02 03:27:43] [INFO] Available dates: 
[2026-03-02 03:27:43] [INFO] Unavailable dates (has existing sales): 2026-03-02
[2026-03-02 03:27:43] [INFO] Final session quantities count: 0
[2026-03-02 03:27:43] [INFO] Items in current view: 50
[2026-03-02 03:27:43] [INFO] Sales Page Load Debug Info:
Array
(
    [total_items] => 87
    [current_page] => 1
    [total_pages] => 2
    [session_quantities_count] => 0
    [post_quantities_count] => 0
    [date_range] => 2026-03-02 to 2026-03-02
    [days_count] => 1
    [user_id] => 1
    [comp_id] => 1
    [license_type] => FL-II
    [allowed_classes] => Array
        (
            [0] => W
            [1] => V
            [2] => M
            [3] => F
            [4] => D
            [5] => K
            [6] => G
            [7] => R
            [8] => O
        )

    [end_date_day] => 02
    [closing_column] => DAY_02_CLOSING
    [end_date_month] => 2026-03
    [stock_filter] => > 0
    [daily_stock_table] => tbldailystock_1
    [table_suffix] => 
    [current_month] => 2026-03
    [has_restrictions] => 1
    [available_dates] => Array
        (
        )

    [unavailable_dates] => Array
        (
            [0] => 2026-03-02
        )

    [dry_dates] => Array
        (
        )

    [latest_global_sale] => 2026-03-02
)

[2026-03-02 03:28:14] [INFO] === PAGE ACCESS ===
[2026-03-02 03:28:14] [INFO] Request method: GET
[2026-03-02 03:28:14] [INFO] Search term: ''
[2026-03-02 03:28:14] [INFO] Current session ID: cd20ha22moqt6obc8qarq7kc7j
[2026-03-02 03:28:14] [INFO] Final session quantities count: 0
[2026-03-02 03:28:14] [INFO] Items in current view: 50
[2026-03-02 03:28:14] [INFO] Sales Page Load Debug Info:
Array
(
    [total_items] => 94
    [current_page] => 1
    [total_pages] => 2
    [session_quantities_count] => 0
    [post_quantities_count] => 0
    [date_range] => 2026-03-02 to 2026-03-02
    [days_count] => 1
    [user_id] => 1
    [comp_id] => 1
    [license_type] => FL-II
    [allowed_classes] => Array
        (
            [0] => W
            [1] => V
            [2] => M
            [3] => F
            [4] => D
            [5] => K
            [6] => G
            [7] => R
            [8] => O
        )

    [end_date_day] => 02
    [closing_column] => DAY_02_CLOSING
    [end_date_month] => 2026-03
    [stock_filter] => > 0
    [daily_stock_table] => tbldailystock_1
    [table_suffix] => 
    [current_month] => 2026-03
    [has_restrictions] => 
    [available_dates] => Array
        (
            [0] => 2026-03-02
        )

    [unavailable_dates] => Array
        (
        )

    [dry_dates] => Array
        (
        )

    [latest_global_sale] => 
)

[2026-03-02 03:28:16] [INFO] === PAGE ACCESS ===
[2026-03-02 03:28:16] [INFO] Request method: GET
[2026-03-02 03:28:16] [INFO] Search term: ''
[2026-03-02 03:28:16] [INFO] Current session ID: cd20ha22moqt6obc8qarq7kc7j
[2026-03-02 03:28:17] [INFO] Final session quantities count: 0
[2026-03-02 03:28:17] [INFO] Items in current view: 50
[2026-03-02 03:28:17] [INFO] Sales Page Load Debug Info:
Array
(
    [total_items] => 94
    [current_page] => 1
    [total_pages] => 2
    [session_quantities_count] => 0
    [post_quantities_count] => 0
    [date_range] => 2026-03-02 to 2026-03-02
    [days_count] => 1
    [user_id] => 1
    [comp_id] => 1
    [license_type] => FL-II
    [allowed_classes] => Array
        (
            [0] => W
            [1] => V
            [2] => M
            [3] => F
            [4] => D
            [5] => K
            [6] => G
            [7] => R
            [8] => O
        )

    [end_date_day] => 02
    [closing_column] => DAY_02_CLOSING
    [end_date_month] => 2026-03
    [stock_filter] => > 0
    [daily_stock_table] => tbldailystock_1
    [table_suffix] => 
    [current_month] => 2026-03
    [has_restrictions] => 
    [available_dates] => Array
        (
            [0] => 2026-03-02
        )

    [unavailable_dates] => Array
        (
        )

    [dry_dates] => Array
        (
        )

    [latest_global_sale] => 
)

[2026-03-02 03:31:09] [INFO] === PAGE ACCESS ===
[2026-03-02 03:31:09] [INFO] Request method: GET
[2026-03-02 03:31:09] [INFO] Search term: ''
[2026-03-02 03:31:09] [INFO] Current session ID: cd20ha22moqt6obc8qarq7kc7j
[2026-03-02 03:31:10] [INFO] Final session quantities count: 0
[2026-03-02 03:31:10] [INFO] Items in current view: 50
[2026-03-02 03:31:10] [INFO] Sales Page Load Debug Info:
Array
(
    [total_items] => 94
    [current_page] => 1
    [total_pages] => 2
    [session_quantities_count] => 0
    [post_quantities_count] => 0
    [date_range] => 2026-03-02 to 2026-03-02
    [days_count] => 1
    [user_id] => 1
    [comp_id] => 1
    [license_type] => FL-II
    [allowed_classes] => Array
        (
            [0] => W
            [1] => V
            [2] => M
            [3] => F
            [4] => D
            [5] => K
            [6] => G
            [7] => R
            [8] => O
        )

    [end_date_day] => 02
    [closing_column] => DAY_02_CLOSING
    [end_date_month] => 2026-03
    [stock_filter] => > 0
    [daily_stock_table] => tbldailystock_1
    [table_suffix] => 
    [current_month] => 2026-03
    [has_restrictions] => 
    [available_dates] => Array
        (
            [0] => 2026-03-02
        )

    [unavailable_dates] => Array
        (
        )

    [dry_dates] => Array
        (
        )

    [latest_global_sale] => 
)

[2026-03-02 03:43:40] [INFO] === PAGE ACCESS ===
[2026-03-02 03:43:40] [INFO] Request method: GET
[2026-03-02 03:43:40] [INFO] Search term: ''
[2026-03-02 03:43:40] [INFO] Current session ID: ec2p03r80d1hsb5sheq5c9iogi
[2026-03-02 03:43:41] [INFO] Final session quantities count: 0
[2026-03-02 03:43:41] [INFO] Items in current view: 0
[2026-03-02 03:43:41] [INFO] Sales Page Load Debug Info:
Array
(
    [total_items] => 0
    [current_page] => 1
    [total_pages] => 0
    [session_quantities_count] => 0
    [post_quantities_count] => 0
    [date_range] => 2026-03-02 to 2026-03-02
    [days_count] => 1
    [user_id] => 1
    [comp_id] => 1
    [license_type] => FL-II
    [allowed_classes] => Array
        (
            [0] => W
            [1] => V
            [2] => M
            [3] => F
            [4] => D
            [5] => K
            [6] => G
            [7] => R
            [8] => O
        )

    [end_date_day] => 02
    [closing_column] => DAY_02_CLOSING
    [end_date_month] => 2026-03
    [stock_filter] => > 0
    [daily_stock_table] => tbldailystock_1
    [table_suffix] => 
    [current_month] => 2026-03
    [has_restrictions] => 
    [available_dates] => Array
        (
            [0] => 2026-03-02
        )

    [unavailable_dates] => Array
        (
        )

    [dry_dates] => Array
        (
        )

    [latest_global_sale] => 
)

[2026-03-02 03:43:53] [INFO] === PAGE ACCESS ===
[2026-03-02 03:43:53] [INFO] Request method: GET
[2026-03-02 03:43:53] [INFO] Search term: ''
[2026-03-02 03:43:53] [INFO] Current session ID: ec2p03r80d1hsb5sheq5c9iogi
[2026-03-02 03:43:53] [INFO] DRY DAYS FOUND: 2026-03-10, 2026-03-25
[2026-03-02 03:43:53] [INFO] Final session quantities count: 0
[2026-03-02 03:43:53] [INFO] Items in current view: 0
[2026-03-02 03:43:53] [INFO] Sales Page Load Debug Info:
Array
(
    [total_items] => 0
    [current_page] => 1
    [total_pages] => 0
    [session_quantities_count] => 0
    [post_quantities_count] => 0
    [date_range] => 2026-02-28 to 2026-03-28
    [days_count] => 29
    [user_id] => 1
    [comp_id] => 1
    [license_type] => FL-II
    [allowed_classes] => Array
        (
            [0] => W
            [1] => V
            [2] => M
            [3] => F
            [4] => D
            [5] => K
            [6] => G
            [7] => R
            [8] => O
        )

    [end_date_day] => 28
    [closing_column] => DAY_28_CLOSING
    [end_date_month] => 2026-03
    [stock_filter] => > 0
    [daily_stock_table] => tbldailystock_1
    [table_suffix] => 
    [current_month] => 2026-03
    [has_restrictions] => 1
    [available_dates] => Array
        (
            [0] => 2026-02-28
            [1] => 2026-03-01
            [2] => 2026-03-02
            [3] => 2026-03-03
            [4] => 2026-03-04
            [5] => 2026-03-05
            [6] => 2026-03-06
            [7] => 2026-03-07
            [8] => 2026-03-08
            [9] => 2026-03-09
            [10] => 2026-03-11
            [11] => 2026-03-12
            [12] => 2026-03-13
            [13] => 2026-03-14
            [14] => 2026-03-15
            [15] => 2026-03-16
            [16] => 2026-03-17
            [17] => 2026-03-18
            [18] => 2026-03-19
            [19] => 2026-03-20
            [20] => 2026-03-21
            [21] => 2026-03-22
            [22] => 2026-03-23
            [23] => 2026-03-24
            [24] => 2026-03-26
            [25] => 2026-03-27
            [26] => 2026-03-28
        )

    [unavailable_dates] => Array
        (
            [0] => 2026-03-10
            [1] => 2026-03-25
        )

    [dry_dates] => Array
        (
            [0] => 2026-03-10
            [1] => 2026-03-25
        )

    [latest_global_sale] => 
)

[2026-03-02 03:44:15] [INFO] === PAGE ACCESS ===
[2026-03-02 03:44:15] [INFO] Request method: GET
[2026-03-02 03:44:15] [INFO] Search term: ''
[2026-03-02 03:44:15] [INFO] Current session ID: ec2p03r80d1hsb5sheq5c9iogi
[2026-03-02 03:44:15] [INFO] DRY DAYS FOUND: 2026-03-10, 2026-03-25
[2026-03-02 03:44:15] [INFO] Final session quantities count: 0
[2026-03-02 03:44:15] [INFO] Items in current view: 0
[2026-03-02 03:44:15] [INFO] Sales Page Load Debug Info:
Array
(
    [total_items] => 0
    [current_page] => 1
    [total_pages] => 0
    [session_quantities_count] => 0
    [post_quantities_count] => 0
    [date_range] => 2026-02-28 to 2026-03-28
    [days_count] => 29
    [user_id] => 1
    [comp_id] => 1
    [license_type] => FL-II
    [allowed_classes] => Array
        (
            [0] => W
            [1] => V
            [2] => M
            [3] => F
            [4] => D
            [5] => K
            [6] => G
            [7] => R
            [8] => O
        )

    [end_date_day] => 28
    [closing_column] => DAY_28_CLOSING
    [end_date_month] => 2026-03
    [stock_filter] => > 0
    [daily_stock_table] => tbldailystock_1
    [table_suffix] => 
    [current_month] => 2026-03
    [has_restrictions] => 1
    [available_dates] => Array
        (
            [0] => 2026-02-28
            [1] => 2026-03-01
            [2] => 2026-03-02
            [3] => 2026-03-03
            [4] => 2026-03-04
            [5] => 2026-03-05
            [6] => 2026-03-06
            [7] => 2026-03-07
            [8] => 2026-03-08
            [9] => 2026-03-09
            [10] => 2026-03-11
            [11] => 2026-03-12
            [12] => 2026-03-13
            [13] => 2026-03-14
            [14] => 2026-03-15
            [15] => 2026-03-16
            [16] => 2026-03-17
            [17] => 2026-03-18
            [18] => 2026-03-19
            [19] => 2026-03-20
            [20] => 2026-03-21
            [21] => 2026-03-22
            [22] => 2026-03-23
            [23] => 2026-03-24
            [24] => 2026-03-26
            [25] => 2026-03-27
            [26] => 2026-03-28
        )

    [unavailable_dates] => Array
        (
            [0] => 2026-03-10
            [1] => 2026-03-25
        )

    [dry_dates] => Array
        (
            [0] => 2026-03-10
            [1] => 2026-03-25
        )

    [latest_global_sale] => 
)

[2026-03-02 03:44:27] [INFO] === PAGE ACCESS ===
[2026-03-02 03:44:27] [INFO] Request method: GET
[2026-03-02 03:44:27] [INFO] Search term: ''
[2026-03-02 03:44:27] [INFO] Current session ID: ec2p03r80d1hsb5sheq5c9iogi
[2026-03-02 03:44:27] [INFO] Created daily stock table: tbldailystock_1_02_26
[2026-03-02 03:44:27] [INFO] Initialized archive table tbldailystock_1_02_26 with 0 items from 2026-01
[2026-03-02 03:44:27] [INFO] Final session quantities count: 0
[2026-03-02 03:44:27] [INFO] Items in current view: 0
[2026-03-02 03:44:27] [INFO] Sales Page Load Debug Info:
Array
(
    [total_items] => 0
    [current_page] => 1
    [total_pages] => 0
    [session_quantities_count] => 0
    [post_quantities_count] => 0
    [date_range] => 2026-02-28 to 2026-02-28
    [days_count] => 1
    [user_id] => 1
    [comp_id] => 1
    [license_type] => FL-II
    [allowed_classes] => Array
        (
            [0] => W
            [1] => V
            [2] => M
            [3] => F
            [4] => D
            [5] => K
            [6] => G
            [7] => R
            [8] => O
        )

    [end_date_day] => 28
    [closing_column] => DAY_28_CLOSING
    [end_date_month] => 2026-02
    [stock_filter] => > 0
    [daily_stock_table] => tbldailystock_1_02_26
    [table_suffix] => _02_26
    [current_month] => 2026-03
    [has_restrictions] => 
    [available_dates] => Array
        (
            [0] => 2026-02-28
        )

    [unavailable_dates] => Array
        (
        )

    [dry_dates] => Array
        (
        )

    [latest_global_sale] => 
)

[2026-03-02 03:44:41] [INFO] === PAGE ACCESS ===
[2026-03-02 03:44:41] [INFO] Request method: GET
[2026-03-02 03:44:41] [INFO] Search term: ''
[2026-03-02 03:44:41] [INFO] Current session ID: ec2p03r80d1hsb5sheq5c9iogi
[2026-03-02 03:44:41] [INFO] Final session quantities count: 0
[2026-03-02 03:44:41] [INFO] Items in current view: 0
[2026-03-02 03:44:41] [INFO] Sales Page Load Debug Info:
Array
(
    [total_items] => 0
    [current_page] => 1
    [total_pages] => 0
    [session_quantities_count] => 0
    [post_quantities_count] => 0
    [date_range] => 2026-02-28 to 2026-02-28
    [days_count] => 1
    [user_id] => 1
    [comp_id] => 1
    [license_type] => FL-II
    [allowed_classes] => Array
        (
            [0] => W
            [1] => V
            [2] => M
            [3] => F
            [4] => D
            [5] => K
            [6] => G
            [7] => R
            [8] => O
        )

    [end_date_day] => 28
    [closing_column] => DAY_28_CLOSING
    [end_date_month] => 2026-02
    [stock_filter] => > 0
    [daily_stock_table] => tbldailystock_1_02_26
    [table_suffix] => _02_26
    [current_month] => 2026-03
    [has_restrictions] => 
    [available_dates] => Array
        (
            [0] => 2026-02-28
        )

    [unavailable_dates] => Array
        (
        )

    [dry_dates] => Array
        (
        )

    [latest_global_sale] => 
)

[2026-03-02 04:26:05] [INFO] === PAGE ACCESS ===
[2026-03-02 04:26:05] [INFO] Request method: GET
[2026-03-02 04:26:05] [INFO] Search term: ''
[2026-03-02 04:26:05] [INFO] Current session ID: cuhqfpn0ppdpdn790p3ri6mpf5
[2026-03-02 04:26:06] [INFO] Final session quantities count: 0
[2026-03-02 04:26:06] [INFO] Items in current view: 0
[2026-03-02 04:26:06] [INFO] Sales Page Load Debug Info:
Array
(
    [total_items] => 0
    [current_page] => 1
    [total_pages] => 0
    [session_quantities_count] => 0
    [post_quantities_count] => 0
    [date_range] => 2026-03-02 to 2026-03-02
    [days_count] => 1
    [user_id] => 1
    [comp_id] => 1
    [license_type] => FL-II
    [allowed_classes] => Array
        (
            [0] => W
            [1] => V
            [2] => M
            [3] => F
            [4] => D
            [5] => K
            [6] => G
            [7] => R
            [8] => O
        )

    [end_date_day] => 02
    [closing_column] => DAY_02_CLOSING
    [end_date_month] => 2026-03
    [stock_filter] => > 0
    [daily_stock_table] => tbldailystock_1
    [table_suffix] => 
    [current_month] => 2026-03
    [has_restrictions] => 
    [available_dates] => Array
        (
            [0] => 2026-03-02
        )

    [unavailable_dates] => Array
        (
        )

    [dry_dates] => Array
        (
        )

    [latest_global_sale] => 
)

[2026-03-02 04:26:16] [INFO] === PAGE ACCESS ===
[2026-03-02 04:26:16] [INFO] Request method: GET
[2026-03-02 04:26:16] [INFO] Search term: ''
[2026-03-02 04:26:16] [INFO] Current session ID: cuhqfpn0ppdpdn790p3ri6mpf5
[2026-03-02 04:26:16] [INFO] Final session quantities count: 0
[2026-03-02 04:26:16] [INFO] Items in current view: 0
[2026-03-02 04:26:16] [INFO] Sales Page Load Debug Info:
Array
(
    [total_items] => 0
    [current_page] => 1
    [total_pages] => 0
    [session_quantities_count] => 0
    [post_quantities_count] => 0
    [date_range] => 2026-02-28 to 2026-03-02
    [days_count] => 3
    [user_id] => 1
    [comp_id] => 1
    [license_type] => FL-II
    [allowed_classes] => Array
        (
            [0] => W
            [1] => V
            [2] => M
            [3] => F
            [4] => D
            [5] => K
            [6] => G
            [7] => R
            [8] => O
        )

    [end_date_day] => 02
    [closing_column] => DAY_02_CLOSING
    [end_date_month] => 2026-03
    [stock_filter] => > 0
    [daily_stock_table] => tbldailystock_1
    [table_suffix] => 
    [current_month] => 2026-03
    [has_restrictions] => 
    [available_dates] => Array
        (
            [0] => 2026-02-28
            [1] => 2026-03-01
            [2] => 2026-03-02
        )

    [unavailable_dates] => Array
        (
        )

    [dry_dates] => Array
        (
        )

    [latest_global_sale] => 
)

[2026-03-02 04:26:43] [INFO] === PAGE ACCESS ===
[2026-03-02 04:26:43] [INFO] Request method: GET
[2026-03-02 04:26:43] [INFO] Search term: ''
[2026-03-02 04:26:43] [INFO] Current session ID: cuhqfpn0ppdpdn790p3ri6mpf5
[2026-03-02 04:26:43] [INFO] Final session quantities count: 0
[2026-03-02 04:26:43] [INFO] Items in current view: 50
[2026-03-02 04:26:43] [INFO] Sales Page Load Debug Info:
Array
(
    [total_items] => 94
    [current_page] => 1
    [total_pages] => 2
    [session_quantities_count] => 0
    [post_quantities_count] => 0
    [date_range] => 2026-02-28 to 2026-02-28
    [days_count] => 1
    [user_id] => 1
    [comp_id] => 1
    [license_type] => FL-II
    [allowed_classes] => Array
        (
            [0] => W
            [1] => V
            [2] => M
            [3] => F
            [4] => D
            [5] => K
            [6] => G
            [7] => R
            [8] => O
        )

    [end_date_day] => 28
    [closing_column] => DAY_28_CLOSING
    [end_date_month] => 2026-02
    [stock_filter] => > 0
    [daily_stock_table] => tbldailystock_1_02_26
    [table_suffix] => _02_26
    [current_month] => 2026-03
    [has_restrictions] => 
    [available_dates] => Array
        (
            [0] => 2026-02-28
        )

    [unavailable_dates] => Array
        (
        )

    [dry_dates] => Array
        (
        )

    [latest_global_sale] => 
)

[2026-03-02 04:26:48] [INFO] Session quantity updated: SCMPL0010694 = 0
[2026-03-02 04:26:48] [INFO] Session quantity updated: SCMPL0010694 = 0
[2026-03-02 04:26:52] [INFO] Session quantity updated: SCMPL0010694 = 0
[2026-03-02 04:33:16] [INFO] === PAGE ACCESS ===
[2026-03-02 04:33:16] [INFO] Request method: GET
[2026-03-02 04:33:16] [INFO] Search term: ''
[2026-03-02 04:33:16] [INFO] Current session ID: cuhqfpn0ppdpdn790p3ri6mpf5
[2026-03-02 04:33:16] [INFO] Final session quantities count: 1
[2026-03-02 04:33:16] [INFO] Items in current view: 0
[2026-03-02 04:33:16] [INFO] Sales Page Load Debug Info:
Array
(
    [total_items] => 0
    [current_page] => 1
    [total_pages] => 0
    [session_quantities_count] => 1
    [post_quantities_count] => 0
    [date_range] => 2026-03-02 to 2026-03-02
    [days_count] => 1
    [user_id] => 1
    [comp_id] => 1
    [license_type] => FL-II
    [allowed_classes] => Array
        (
            [0] => W
            [1] => V
            [2] => M
            [3] => F
            [4] => D
            [5] => K
            [6] => G
            [7] => R
            [8] => O
        )

    [end_date_day] => 02
    [closing_column] => DAY_02_CLOSING
    [end_date_month] => 2026-03
    [stock_filter] => > 0
    [daily_stock_table] => tbldailystock_1
    [table_suffix] => 
    [current_month] => 2026-03
    [has_restrictions] => 
    [available_dates] => Array
        (
            [0] => 2026-03-02
        )

    [unavailable_dates] => Array
        (
        )

    [dry_dates] => Array
        (
        )

    [latest_global_sale] => 
)

[2026-03-02 04:33:27] [INFO] === PAGE ACCESS ===
[2026-03-02 04:33:27] [INFO] Request method: GET
[2026-03-02 04:33:27] [INFO] Search term: ''
[2026-03-02 04:33:27] [INFO] Current session ID: cuhqfpn0ppdpdn790p3ri6mpf5
[2026-03-02 04:33:28] [INFO] Final session quantities count: 1
[2026-03-02 04:33:28] [INFO] Items in current view: 50
[2026-03-02 04:33:28] [INFO] Sales Page Load Debug Info:
Array
(
    [total_items] => 94
    [current_page] => 1
    [total_pages] => 2
    [session_quantities_count] => 1
    [post_quantities_count] => 0
    [date_range] => 2026-02-28 to 2026-02-28
    [days_count] => 1
    [user_id] => 1
    [comp_id] => 1
    [license_type] => FL-II
    [allowed_classes] => Array
        (
            [0] => W
            [1] => V
            [2] => M
            [3] => F
            [4] => D
            [5] => K
            [6] => G
            [7] => R
            [8] => O
        )

    [end_date_day] => 28
    [closing_column] => DAY_28_CLOSING
    [end_date_month] => 2026-02
    [stock_filter] => > 0
    [daily_stock_table] => tbldailystock_1_02_26
    [table_suffix] => _02_26
    [current_month] => 2026-03
    [has_restrictions] => 
    [available_dates] => Array
        (
            [0] => 2026-02-28
        )

    [unavailable_dates] => Array
        (
        )

    [dry_dates] => Array
        (
        )

    [latest_global_sale] => 
)

[2026-03-02 05:55:30] [INFO] === PAGE ACCESS ===
[2026-03-02 05:55:30] [INFO] Request method: GET
[2026-03-02 05:55:30] [INFO] Search term: ''
[2026-03-02 05:55:30] [INFO] Current session ID: 8dmqpmj08dr37co9nmpd7bu0an
[2026-03-02 05:55:31] [INFO] Final session quantities count: 0
[2026-03-02 05:55:31] [INFO] Items in current view: 50
[2026-03-02 05:55:31] [INFO] Sales Page Load Debug Info:
Array
(
    [total_items] => 94
    [current_page] => 1
    [total_pages] => 2
    [session_quantities_count] => 0
    [post_quantities_count] => 0
    [date_range] => 2026-03-02 to 2026-03-02
    [days_count] => 1
    [user_id] => 1
    [comp_id] => 1
    [license_type] => FL-II
    [allowed_classes] => Array
        (
            [0] => W
            [1] => V
            [2] => M
            [3] => F
            [4] => D
            [5] => K
            [6] => G
            [7] => R
            [8] => O
        )

    [end_date_day] => 02
    [closing_column] => DAY_02_CLOSING
    [end_date_month] => 2026-03
    [stock_filter] => > 0
    [daily_stock_table] => tbldailystock_1
    [table_suffix] => 
    [current_month] => 2026-03
    [has_restrictions] => 
    [available_dates] => Array
        (
            [0] => 2026-03-02
        )

    [unavailable_dates] => Array
        (
        )

    [dry_dates] => Array
        (
        )

    [latest_global_sale] => 
)

[2026-03-02 09:17:02] [INFO] === PAGE ACCESS ===
[2026-03-02 09:17:02] [INFO] Request method: GET
[2026-03-02 09:17:02] [INFO] Search term: ''
[2026-03-02 09:17:02] [INFO] Current session ID: dd62b6jj070berj6qda82kcbbg
[2026-03-02 09:17:02] [INFO] Created daily stock table: tbldailystock_6
[2026-03-02 09:25:08] [INFO] === PAGE ACCESS ===
[2026-03-02 09:25:08] [INFO] Request method: GET
[2026-03-02 09:25:08] [INFO] Search term: ''
[2026-03-02 09:25:08] [INFO] Current session ID: dd62b6jj070berj6qda82kcbbg
[2026-03-02 14:07:36] [INFO] === PAGE ACCESS ===
[2026-03-02 14:07:36] [INFO] Request method: GET
[2026-03-02 14:07:36] [INFO] Search term: ''
[2026-03-02 14:07:36] [INFO] Current session ID: ocg7lges9qbibgbp45tvb4rnih
[2026-03-02 14:07:37] [INFO] === PAGE ACCESS ===
[2026-03-02 14:07:37] [INFO] Request method: GET
[2026-03-02 14:07:37] [INFO] Search term: ''
[2026-03-02 14:07:37] [INFO] Current session ID: ocg7lges9qbibgbp45tvb4rnih
[2026-03-02 14:23:43] [INFO] === PAGE ACCESS ===
[2026-03-02 14:23:43] [INFO] Request method: GET
[2026-03-02 14:23:43] [INFO] Search term: ''
[2026-03-02 14:23:43] [INFO] Current session ID: 0gc6sjtn4n96v9vidnjr1ve094
[2026-03-02 14:23:43] [INFO] Created daily stock table: tbldailystock_2
[2026-03-02 14:23:47] [INFO] === PAGE ACCESS ===
[2026-03-02 14:23:47] [INFO] Request method: GET
[2026-03-02 14:23:47] [INFO] Search term: ''
[2026-03-02 14:23:47] [INFO] Current session ID: 0gc6sjtn4n96v9vidnjr1ve094
[2026-03-02 14:23:48] [INFO] Final session quantities count: 0
[2026-03-02 14:23:48] [INFO] Items in current view: 0
[2026-03-02 14:23:48] [INFO] Sales Page Load Debug Info:
Array
(
    [total_items] => 0
    [current_page] => 1
    [total_pages] => 0
    [session_quantities_count] => 0
    [post_quantities_count] => 0
    [date_range] => 2026-03-02 to 2026-03-02
    [days_count] => 1
    [user_id] => 2
    [comp_id] => 2
    [license_type] => FL-II
    [allowed_classes] => Array
        (
            [0] => W
            [1] => V
            [2] => M
            [3] => F
            [4] => D
            [5] => K
            [6] => G
            [7] => R
            [8] => O
        )

    [end_date_day] => 02
    [closing_column] => DAY_02_CLOSING
    [end_date_month] => 2026-03
    [stock_filter] => > 0
    [daily_stock_table] => tbldailystock_2
    [table_suffix] => 
    [current_month] => 2026-03
    [has_restrictions] => 
    [available_dates] => Array
        (
            [0] => 2026-03-02
        )

    [unavailable_dates] => Array
        (
        )

    [dry_dates] => Array
        (
        )

    [latest_global_sale] => 
)

[2026-03-02 14:25:18] [INFO] === PAGE ACCESS ===
[2026-03-02 14:25:18] [INFO] Request method: GET
[2026-03-02 14:25:18] [INFO] Search term: ''
[2026-03-02 14:25:18] [INFO] Current session ID: 12jk59meodtol75djqvb9bog3v
[2026-03-02 14:25:18] [INFO] Final session quantities count: 0
[2026-03-02 14:25:18] [INFO] Items in current view: 50
[2026-03-02 14:25:18] [INFO] Sales Page Load Debug Info:
Array
(
    [total_items] => 94
    [current_page] => 1
    [total_pages] => 2
    [session_quantities_count] => 0
    [post_quantities_count] => 0
    [date_range] => 2026-03-02 to 2026-03-02
    [days_count] => 1
    [user_id] => 1
    [comp_id] => 1
    [license_type] => FL-II
    [allowed_classes] => Array
        (
            [0] => W
            [1] => V
            [2] => M
            [3] => F
            [4] => D
            [5] => K
            [6] => G
            [7] => R
            [8] => O
        )

    [end_date_day] => 02
    [closing_column] => DAY_02_CLOSING
    [end_date_month] => 2026-03
    [stock_filter] => > 0
    [daily_stock_table] => tbldailystock_1
    [table_suffix] => 
    [current_month] => 2026-03
    [has_restrictions] => 
    [available_dates] => Array
        (
            [0] => 2026-03-02
        )

    [unavailable_dates] => Array
        (
        )

    [dry_dates] => Array
        (
        )

    [latest_global_sale] => 
)

[2026-03-02 14:25:21] [INFO] === PAGE ACCESS ===
[2026-03-02 14:25:21] [INFO] Request method: GET
[2026-03-02 14:25:21] [INFO] Search term: ''
[2026-03-02 14:25:21] [INFO] Current session ID: 12jk59meodtol75djqvb9bog3v
[2026-03-02 14:25:21] [INFO] Final session quantities count: 0
[2026-03-02 14:25:21] [INFO] Items in current view: 50
[2026-03-02 14:25:21] [INFO] Sales Page Load Debug Info:
Array
(
    [total_items] => 94
    [current_page] => 1
    [total_pages] => 2
    [session_quantities_count] => 0
    [post_quantities_count] => 0
    [date_range] => 2026-03-02 to 2026-03-02
    [days_count] => 1
    [user_id] => 1
    [comp_id] => 1
    [license_type] => FL-II
    [allowed_classes] => Array
        (
            [0] => W
            [1] => V
            [2] => M
            [3] => F
            [4] => D
            [5] => K
            [6] => G
            [7] => R
            [8] => O
        )

    [end_date_day] => 02
    [closing_column] => DAY_02_CLOSING
    [end_date_month] => 2026-03
    [stock_filter] => > 0
    [daily_stock_table] => tbldailystock_1
    [table_suffix] => 
    [current_month] => 2026-03
    [has_restrictions] => 
    [available_dates] => Array
        (
            [0] => 2026-03-02
        )

    [unavailable_dates] => Array
        (
        )

    [dry_dates] => Array
        (
        )

    [latest_global_sale] => 
)

[2026-03-02 15:03:43] [INFO] === PAGE ACCESS ===
[2026-03-02 15:03:43] [INFO] Request method: GET
[2026-03-02 15:03:43] [INFO] Search term: ''
[2026-03-02 15:03:43] [INFO] Current session ID: b2qks3aah9nqtvmb1ligcr180s
[2026-03-02 15:03:48] [INFO] === PAGE ACCESS ===
[2026-03-02 15:03:48] [INFO] Request method: GET
[2026-03-02 15:03:48] [INFO] Search term: ''
[2026-03-02 15:03:48] [INFO] Current session ID: b2qks3aah9nqtvmb1ligcr180s
[2026-03-02 15:03:48] [INFO] Final session quantities count: 0
[2026-03-02 15:03:48] [INFO] Items in current view: 0
[2026-03-02 15:03:48] [INFO] Sales Page Load Debug Info:
Array
(
    [total_items] => 0
    [current_page] => 1
    [total_pages] => 0
    [session_quantities_count] => 0
    [post_quantities_count] => 0
    [date_range] => 2026-03-02 to 2026-03-02
    [days_count] => 1
    [user_id] => 2
    [comp_id] => 2
    [license_type] => FL-II
    [allowed_classes] => Array
        (
            [0] => W
            [1] => V
            [2] => M
            [3] => F
            [4] => D
            [5] => K
            [6] => G
            [7] => R
            [8] => O
        )

    [end_date_day] => 02
    [closing_column] => DAY_02_CLOSING
    [end_date_month] => 2026-03
    [stock_filter] => > 0
    [daily_stock_table] => tbldailystock_2
    [table_suffix] => 
    [current_month] => 2026-03
    [has_restrictions] => 
    [available_dates] => Array
        (
            [0] => 2026-03-02
        )

    [unavailable_dates] => Array
        (
        )

    [dry_dates] => Array
        (
        )

    [latest_global_sale] => 
)

[2026-03-02 15:06:05] [INFO] === PAGE ACCESS ===
[2026-03-02 15:06:05] [INFO] Request method: GET
[2026-03-02 15:06:05] [INFO] Search term: ''
[2026-03-02 15:06:05] [INFO] Current session ID: 224lgldamq8233n3bmipo9ss94
[2026-03-02 15:20:01] [INFO] === PAGE ACCESS ===
[2026-03-02 15:20:01] [INFO] Request method: GET
[2026-03-02 15:20:01] [INFO] Search term: ''
[2026-03-02 15:20:01] [INFO] Current session ID: 224lgldamq8233n3bmipo9ss94
[2026-03-02 15:20:01] [INFO] Final session quantities count: 0
[2026-03-02 15:20:01] [INFO] Items in current view: 0
[2026-03-02 15:20:01] [INFO] Sales Page Load Debug Info:
Array
(
    [total_items] => 0
    [current_page] => 1
    [total_pages] => 0
    [session_quantities_count] => 0
    [post_quantities_count] => 0
    [date_range] => 2020-04-01 00:00:00 to 2021-03-31 23:59:59
    [days_count] => 366
    [user_id] => 2
    [comp_id] => 2
    [license_type] => FL-II
    [allowed_classes] => Array
        (
            [0] => W
            [1] => V
            [2] => M
            [3] => F
            [4] => D
            [5] => K
            [6] => G
            [7] => R
            [8] => O
        )

    [end_date_day] => 31
    [closing_column] => DAY_31_CLOSING
    [end_date_month] => 2021-03
    [stock_filter] => > 0
    [daily_stock_table] => tbldailystock_2_03_21
    [table_suffix] => _03_21
    [current_month] => 2026-03
    [has_restrictions] => 
    [available_dates] => Array
        (
            [0] => 2020-04-01
            [1] => 2020-04-02
            [2] => 2020-04-03
            [3] => 2020-04-04
            [4] => 2020-04-05
            [5] => 2020-04-06
            [6] => 2020-04-07
            [7] => 2020-04-08
            [8] => 2020-04-09
            [9] => 2020-04-10
            [10] => 2020-04-11
            [11] => 2020-04-12
            [12] => 2020-04-13
            [13] => 2020-04-14
            [14] => 2020-04-15
            [15] => 2020-04-16
            [16] => 2020-04-17
            [17] => 2020-04-18
            [18] => 2020-04-19
            [19] => 2020-04-20
            [20] => 2020-04-21
            [21] => 2020-04-22
            [22] => 2020-04-23
            [23] => 2020-04-24
            [24] => 2020-04-25
            [25] => 2020-04-26
            [26] => 2020-04-27
            [27] => 2020-04-28
            [28] => 2020-04-29
            [29] => 2020-04-30
            [30] => 2020-05-01
            [31] => 2020-05-02
            [32] => 2020-05-03
            [33] => 2020-05-04
            [34] => 2020-05-05
            [35] => 2020-05-06
            [36] => 2020-05-07
            [37] => 2020-05-08
            [38] => 2020-05-09
            [39] => 2020-05-10
            [40] => 2020-05-11
            [41] => 2020-05-12
            [42] => 2020-05-13
            [43] => 2020-05-14
            [44] => 2020-05-15
            [45] => 2020-05-16
            [46] => 2020-05-17
            [47] => 2020-05-18
            [48] => 2020-05-19
            [49] => 2020-05-20
            [50] => 2020-05-21
            [51] => 2020-05-22
            [52] => 2020-05-23
            [53] => 2020-05-24
            [54] => 2020-05-25
            [55] => 2020-05-26
            [56] => 2020-05-27
            [57] => 2020-05-28
            [58] => 2020-05-29
            [59] => 2020-05-30
            [60] => 2020-05-31
            [61] => 2020-06-01
            [62] => 2020-06-02
            [63] => 2020-06-03
            [64] => 2020-06-04
            [65] => 2020-06-05
            [66] => 2020-06-06
            [67] => 2020-06-07
            [68] => 2020-06-08
            [69] => 2020-06-09
            [70] => 2020-06-10
            [71] => 2020-06-11
            [72] => 2020-06-12
            [73] => 2020-06-13
            [74] => 2020-06-14
            [75] => 2020-06-15
            [76] => 2020-06-16
            [77] => 2020-06-17
            [78] => 2020-06-18
            [79] => 2020-06-19
            [80] => 2020-06-20
            [81] => 2020-06-21
            [82] => 2020-06-22
            [83] => 2020-06-23
            [84] => 2020-06-24
            [85] => 2020-06-25
            [86] => 2020-06-26
            [87] => 2020-06-27
            [88] => 2020-06-28
            [89] => 2020-06-29
            [90] => 2020-06-30
            [91] => 2020-07-01
            [92] => 2020-07-02
            [93] => 2020-07-03
            [94] => 2020-07-04
            [95] => 2020-07-05
            [96] => 2020-07-06
            [97] => 2020-07-07
            [98] => 2020-07-08
            [99] => 2020-07-09
            [100] => 2020-07-10
            [101] => 2020-07-11
            [102] => 2020-07-12
            [103] => 2020-07-13
            [104] => 2020-07-14
            [105] => 2020-07-15
            [106] => 2020-07-16
            [107] => 2020-07-17
            [108] => 2020-07-18
            [109] => 2020-07-19
            [110] => 2020-07-20
            [111] => 2020-07-21
            [112] => 2020-07-22
            [113] => 2020-07-23
            [114] => 2020-07-24
            [115] => 2020-07-25
            [116] => 2020-07-26
            [117] => 2020-07-27
            [118] => 2020-07-28
            [119] => 2020-07-29
            [120] => 2020-07-30
            [121] => 2020-07-31
            [122] => 2020-08-01
            [123] => 2020-08-02
            [124] => 2020-08-03
            [125] => 2020-08-04
            [126] => 2020-08-05
            [127] => 2020-08-06
            [128] => 2020-08-07
            [129] => 2020-08-08
            [130] => 2020-08-09
            [131] => 2020-08-10
            [132] => 2020-08-11
            [133] => 2020-08-12
            [134] => 2020-08-13
            [135] => 2020-08-14
            [136] => 2020-08-15
            [137] => 2020-08-16
            [138] => 2020-08-17
            [139] => 2020-08-18
            [140] => 2020-08-19
            [141] => 2020-08-20
            [142] => 2020-08-21
            [143] => 2020-08-22
            [144] => 2020-08-23
            [145] => 2020-08-24
            [146] => 2020-08-25
            [147] => 2020-08-26
            [148] => 2020-08-27
            [149] => 2020-08-28
            [150] => 2020-08-29
            [151] => 2020-08-30
            [152] => 2020-08-31
            [153] => 2020-09-01
            [154] => 2020-09-02
            [155] => 2020-09-03
            [156] => 2020-09-04
            [157] => 2020-09-05
            [158] => 2020-09-06
            [159] => 2020-09-07
            [160] => 2020-09-08
            [161] => 2020-09-09
            [162] => 2020-09-10
            [163] => 2020-09-11
            [164] => 2020-09-12
            [165] => 2020-09-13
            [166] => 2020-09-14
            [167] => 2020-09-15
            [168] => 2020-09-16
            [169] => 2020-09-17
            [170] => 2020-09-18
            [171] => 2020-09-19
            [172] => 2020-09-20
            [173] => 2020-09-21
            [174] => 2020-09-22
            [175] => 2020-09-23
            [176] => 2020-09-24
            [177] => 2020-09-25
            [178] => 2020-09-26
            [179] => 2020-09-27
            [180] => 2020-09-28
            [181] => 2020-09-29
            [182] => 2020-09-30
            [183] => 2020-10-01
            [184] => 2020-10-02
            [185] => 2020-10-03
            [186] => 2020-10-04
            [187] => 2020-10-05
            [188] => 2020-10-06
            [189] => 2020-10-07
            [190] => 2020-10-08
            [191] => 2020-10-09
            [192] => 2020-10-10
            [193] => 2020-10-11
            [194] => 2020-10-12
            [195] => 2020-10-13
            [196] => 2020-10-14
            [197] => 2020-10-15
            [198] => 2020-10-16
            [199] => 2020-10-17
            [200] => 2020-10-18
            [201] => 2020-10-19
            [202] => 2020-10-20
            [203] => 2020-10-21
            [204] => 2020-10-22
            [205] => 2020-10-23
            [206] => 2020-10-24
            [207] => 2020-10-25
            [208] => 2020-10-26
            [209] => 2020-10-27
            [210] => 2020-10-28
            [211] => 2020-10-29
            [212] => 2020-10-30
            [213] => 2020-10-31
            [214] => 2020-11-01
            [215] => 2020-11-02
            [216] => 2020-11-03
            [217] => 2020-11-04
            [218] => 2020-11-05
            [219] => 2020-11-06
            [220] => 2020-11-07
            [221] => 2020-11-08
            [222] => 2020-11-09
            [223] => 2020-11-10
            [224] => 2020-11-11
            [225] => 2020-11-12
            [226] => 2020-11-13
            [227] => 2020-11-14
            [228] => 2020-11-15
            [229] => 2020-11-16
            [230] => 2020-11-17
            [231] => 2020-11-18
            [232] => 2020-11-19
            [233] => 2020-11-20
            [234] => 2020-11-21
            [235] => 2020-11-22
            [236] => 2020-11-23
            [237] => 2020-11-24
            [238] => 2020-11-25
            [239] => 2020-11-26
            [240] => 2020-11-27
            [241] => 2020-11-28
            [242] => 2020-11-29
            [243] => 2020-11-30
            [244] => 2020-12-01
            [245] => 2020-12-02
            [246] => 2020-12-03
            [247] => 2020-12-04
            [248] => 2020-12-05
            [249] => 2020-12-06
            [250] => 2020-12-07
            [251] => 2020-12-08
            [252] => 2020-12-09
            [253] => 2020-12-10
            [254] => 2020-12-11
            [255] => 2020-12-12
            [256] => 2020-12-13
            [257] => 2020-12-14
            [258] => 2020-12-15
            [259] => 2020-12-16
            [260] => 2020-12-17
            [261] => 2020-12-18
            [262] => 2020-12-19
            [263] => 2020-12-20
            [264] => 2020-12-21
            [265] => 2020-12-22
            [266] => 2020-12-23
            [267] => 2020-12-24
            [268] => 2020-12-25
            [269] => 2020-12-26
            [270] => 2020-12-27
            [271] => 2020-12-28
            [272] => 2020-12-29
            [273] => 2020-12-30
            [274] => 2020-12-31
            [275] => 2021-01-01
            [276] => 2021-01-02
            [277] => 2021-01-03
            [278] => 2021-01-04
            [279] => 2021-01-05
            [280] => 2021-01-06
            [281] => 2021-01-07
            [282] => 2021-01-08
            [283] => 2021-01-09
            [284] => 2021-01-10
            [285] => 2021-01-11
            [286] => 2021-01-12
            [287] => 2021-01-13
            [288] => 2021-01-14
            [289] => 2021-01-15
            [290] => 2021-01-16
            [291] => 2021-01-17
            [292] => 2021-01-18
            [293] => 2021-01-19
            [294] => 2021-01-20
            [295] => 2021-01-21
            [296] => 2021-01-22
            [297] => 2021-01-23
            [298] => 2021-01-24
            [299] => 2021-01-25
            [300] => 2021-01-26
            [301] => 2021-01-27
            [302] => 2021-01-28
            [303] => 2021-01-29
            [304] => 2021-01-30
            [305] => 2021-01-31
            [306] => 2021-02-01
            [307] => 2021-02-02
            [308] => 2021-02-03
            [309] => 2021-02-04
            [310] => 2021-02-05
            [311] => 2021-02-06
            [312] => 2021-02-07
            [313] => 2021-02-08
            [314] => 2021-02-09
            [315] => 2021-02-10
            [316] => 2021-02-11
            [317] => 2021-02-12
            [318] => 2021-02-13
            [319] => 2021-02-14
            [320] => 2021-02-15
            [321] => 2021-02-16
            [322] => 2021-02-17
            [323] => 2021-02-18
            [324] => 2021-02-19
            [325] => 2021-02-20
            [326] => 2021-02-21
            [327] => 2021-02-22
            [328] => 2021-02-23
            [329] => 2021-02-24
            [330] => 2021-02-25
            [331] => 2021-02-26
            [332] => 2021-02-27
            [333] => 2021-02-28
            [334] => 2021-03-01
            [335] => 2021-03-02
            [336] => 2021-03-03
            [337] => 2021-03-04
            [338] => 2021-03-05
            [339] => 2021-03-06
            [340] => 2021-03-07
            [341] => 2021-03-08
            [342] => 2021-03-09
            [343] => 2021-03-10
            [344] => 2021-03-11
            [345] => 2021-03-12
            [346] => 2021-03-13
            [347] => 2021-03-14
            [348] => 2021-03-15
            [349] => 2021-03-16
            [350] => 2021-03-17
            [351] => 2021-03-18
            [352] => 2021-03-19
            [353] => 2021-03-20
            [354] => 2021-03-21
            [355] => 2021-03-22
            [356] => 2021-03-23
            [357] => 2021-03-24
            [358] => 2021-03-25
            [359] => 2021-03-26
            [360] => 2021-03-27
            [361] => 2021-03-28
            [362] => 2021-03-29
            [363] => 2021-03-30
            [364] => 2021-03-31
            [365] => 2021-04-01
        )

    [unavailable_dates] => Array
        (
        )

    [dry_dates] => Array
        (
        )

    [latest_global_sale] => 
)

[2026-03-02 15:20:31] [INFO] === PAGE ACCESS ===
[2026-03-02 15:20:31] [INFO] Request method: GET
[2026-03-02 15:20:31] [INFO] Search term: ''
[2026-03-02 15:20:31] [INFO] Current session ID: 224lgldamq8233n3bmipo9ss94
[2026-03-02 15:20:31] [INFO] Final session quantities count: 0
[2026-03-02 15:20:31] [INFO] Items in current view: 0
[2026-03-02 15:20:31] [INFO] Sales Page Load Debug Info:
Array
(
    [total_items] => 0
    [current_page] => 1
    [total_pages] => 0
    [session_quantities_count] => 0
    [post_quantities_count] => 0
    [date_range] => 2020-05-01 to 2020-05-31
    [days_count] => 31
    [user_id] => 2
    [comp_id] => 2
    [license_type] => FL-II
    [allowed_classes] => Array
        (
            [0] => W
            [1] => V
            [2] => M
            [3] => F
            [4] => D
            [5] => K
            [6] => G
            [7] => R
            [8] => O
        )

    [end_date_day] => 31
    [closing_column] => DAY_31_CLOSING
    [end_date_month] => 2020-05
    [stock_filter] => > 0
    [daily_stock_table] => tbldailystock_2_05_20
    [table_suffix] => _05_20
    [current_month] => 2026-03
    [has_restrictions] => 
    [available_dates] => Array
        (
            [0] => 2020-05-01
            [1] => 2020-05-02
            [2] => 2020-05-03
            [3] => 2020-05-04
            [4] => 2020-05-05
            [5] => 2020-05-06
            [6] => 2020-05-07
            [7] => 2020-05-08
            [8] => 2020-05-09
            [9] => 2020-05-10
            [10] => 2020-05-11
            [11] => 2020-05-12
            [12] => 2020-05-13
            [13] => 2020-05-14
            [14] => 2020-05-15
            [15] => 2020-05-16
            [16] => 2020-05-17
            [17] => 2020-05-18
            [18] => 2020-05-19
            [19] => 2020-05-20
            [20] => 2020-05-21
            [21] => 2020-05-22
            [22] => 2020-05-23
            [23] => 2020-05-24
            [24] => 2020-05-25
            [25] => 2020-05-26
            [26] => 2020-05-27
            [27] => 2020-05-28
            [28] => 2020-05-29
            [29] => 2020-05-30
            [30] => 2020-05-31
        )

    [unavailable_dates] => Array
        (
        )

    [dry_dates] => Array
        (
        )

    [latest_global_sale] => 
)

[2026-03-02 15:20:37] [INFO] === PAGE ACCESS ===
[2026-03-02 15:20:37] [INFO] Request method: GET
[2026-03-02 15:20:37] [INFO] Search term: ''
[2026-03-02 15:20:37] [INFO] Current session ID: 224lgldamq8233n3bmipo9ss94
[2026-03-02 15:20:37] [INFO] Final session quantities count: 0
[2026-03-02 15:20:37] [INFO] Items in current view: 0
[2026-03-02 15:20:37] [INFO] Sales Page Load Debug Info:
Array
(
    [total_items] => 0
    [current_page] => 1
    [total_pages] => 0
    [session_quantities_count] => 0
    [post_quantities_count] => 0
    [date_range] => 2020-04-01 00:00:00 to 2021-03-31 23:59:59
    [days_count] => 366
    [user_id] => 2
    [comp_id] => 2
    [license_type] => FL-II
    [allowed_classes] => Array
        (
            [0] => W
            [1] => V
            [2] => M
            [3] => F
            [4] => D
            [5] => K
            [6] => G
            [7] => R
            [8] => O
        )

    [end_date_day] => 31
    [closing_column] => DAY_31_CLOSING
    [end_date_month] => 2021-03
    [stock_filter] => > 0
    [daily_stock_table] => tbldailystock_2_03_21
    [table_suffix] => _03_21
    [current_month] => 2026-03
    [has_restrictions] => 
    [available_dates] => Array
        (
            [0] => 2020-04-01
            [1] => 2020-04-02
            [2] => 2020-04-03
            [3] => 2020-04-04
            [4] => 2020-04-05
            [5] => 2020-04-06
            [6] => 2020-04-07
            [7] => 2020-04-08
            [8] => 2020-04-09
            [9] => 2020-04-10
            [10] => 2020-04-11
            [11] => 2020-04-12
            [12] => 2020-04-13
            [13] => 2020-04-14
            [14] => 2020-04-15
            [15] => 2020-04-16
            [16] => 2020-04-17
            [17] => 2020-04-18
            [18] => 2020-04-19
            [19] => 2020-04-20
            [20] => 2020-04-21
            [21] => 2020-04-22
            [22] => 2020-04-23
            [23] => 2020-04-24
            [24] => 2020-04-25
            [25] => 2020-04-26
            [26] => 2020-04-27
            [27] => 2020-04-28
            [28] => 2020-04-29
            [29] => 2020-04-30
            [30] => 2020-05-01
            [31] => 2020-05-02
            [32] => 2020-05-03
            [33] => 2020-05-04
            [34] => 2020-05-05
            [35] => 2020-05-06
            [36] => 2020-05-07
            [37] => 2020-05-08
            [38] => 2020-05-09
            [39] => 2020-05-10
            [40] => 2020-05-11
            [41] => 2020-05-12
            [42] => 2020-05-13
            [43] => 2020-05-14
            [44] => 2020-05-15
            [45] => 2020-05-16
            [46] => 2020-05-17
            [47] => 2020-05-18
            [48] => 2020-05-19
            [49] => 2020-05-20
            [50] => 2020-05-21
            [51] => 2020-05-22
            [52] => 2020-05-23
            [53] => 2020-05-24
            [54] => 2020-05-25
            [55] => 2020-05-26
            [56] => 2020-05-27
            [57] => 2020-05-28
            [58] => 2020-05-29
            [59] => 2020-05-30
            [60] => 2020-05-31
            [61] => 2020-06-01
            [62] => 2020-06-02
            [63] => 2020-06-03
            [64] => 2020-06-04
            [65] => 2020-06-05
            [66] => 2020-06-06
            [67] => 2020-06-07
            [68] => 2020-06-08
            [69] => 2020-06-09
            [70] => 2020-06-10
            [71] => 2020-06-11
            [72] => 2020-06-12
            [73] => 2020-06-13
            [74] => 2020-06-14
            [75] => 2020-06-15
            [76] => 2020-06-16
            [77] => 2020-06-17
            [78] => 2020-06-18
            [79] => 2020-06-19
            [80] => 2020-06-20
            [81] => 2020-06-21
            [82] => 2020-06-22
            [83] => 2020-06-23
            [84] => 2020-06-24
            [85] => 2020-06-25
            [86] => 2020-06-26
            [87] => 2020-06-27
            [88] => 2020-06-28
            [89] => 2020-06-29
            [90] => 2020-06-30
            [91] => 2020-07-01
            [92] => 2020-07-02
            [93] => 2020-07-03
            [94] => 2020-07-04
            [95] => 2020-07-05
            [96] => 2020-07-06
            [97] => 2020-07-07
            [98] => 2020-07-08
            [99] => 2020-07-09
            [100] => 2020-07-10
            [101] => 2020-07-11
            [102] => 2020-07-12
            [103] => 2020-07-13
            [104] => 2020-07-14
            [105] => 2020-07-15
            [106] => 2020-07-16
            [107] => 2020-07-17
            [108] => 2020-07-18
            [109] => 2020-07-19
            [110] => 2020-07-20
            [111] => 2020-07-21
            [112] => 2020-07-22
            [113] => 2020-07-23
            [114] => 2020-07-24
            [115] => 2020-07-25
            [116] => 2020-07-26
            [117] => 2020-07-27
            [118] => 2020-07-28
            [119] => 2020-07-29
            [120] => 2020-07-30
            [121] => 2020-07-31
            [122] => 2020-08-01
            [123] => 2020-08-02
            [124] => 2020-08-03
            [125] => 2020-08-04
            [126] => 2020-08-05
            [127] => 2020-08-06
            [128] => 2020-08-07
            [129] => 2020-08-08
            [130] => 2020-08-09
            [131] => 2020-08-10
            [132] => 2020-08-11
            [133] => 2020-08-12
            [134] => 2020-08-13
            [135] => 2020-08-14
            [136] => 2020-08-15
            [137] => 2020-08-16
            [138] => 2020-08-17
            [139] => 2020-08-18
            [140] => 2020-08-19
            [141] => 2020-08-20
            [142] => 2020-08-21
            [143] => 2020-08-22
            [144] => 2020-08-23
            [145] => 2020-08-24
            [146] => 2020-08-25
            [147] => 2020-08-26
            [148] => 2020-08-27
            [149] => 2020-08-28
            [150] => 2020-08-29
            [151] => 2020-08-30
            [152] => 2020-08-31
            [153] => 2020-09-01
            [154] => 2020-09-02
            [155] => 2020-09-03
            [156] => 2020-09-04
            [157] => 2020-09-05
            [158] => 2020-09-06
            [159] => 2020-09-07
            [160] => 2020-09-08
            [161] => 2020-09-09
            [162] => 2020-09-10
            [163] => 2020-09-11
            [164] => 2020-09-12
            [165] => 2020-09-13
            [166] => 2020-09-14
            [167] => 2020-09-15
            [168] => 2020-09-16
            [169] => 2020-09-17
            [170] => 2020-09-18
            [171] => 2020-09-19
            [172] => 2020-09-20
            [173] => 2020-09-21
            [174] => 2020-09-22
            [175] => 2020-09-23
            [176] => 2020-09-24
            [177] => 2020-09-25
            [178] => 2020-09-26
            [179] => 2020-09-27
            [180] => 2020-09-28
            [181] => 2020-09-29
            [182] => 2020-09-30
            [183] => 2020-10-01
            [184] => 2020-10-02
            [185] => 2020-10-03
            [186] => 2020-10-04
            [187] => 2020-10-05
            [188] => 2020-10-06
            [189] => 2020-10-07
            [190] => 2020-10-08
            [191] => 2020-10-09
            [192] => 2020-10-10
            [193] => 2020-10-11
            [194] => 2020-10-12
            [195] => 2020-10-13
            [196] => 2020-10-14
            [197] => 2020-10-15
            [198] => 2020-10-16
            [199] => 2020-10-17
            [200] => 2020-10-18
            [201] => 2020-10-19
            [202] => 2020-10-20
            [203] => 2020-10-21
            [204] => 2020-10-22
            [205] => 2020-10-23
            [206] => 2020-10-24
            [207] => 2020-10-25
            [208] => 2020-10-26
            [209] => 2020-10-27
            [210] => 2020-10-28
            [211] => 2020-10-29
            [212] => 2020-10-30
            [213] => 2020-10-31
            [214] => 2020-11-01
            [215] => 2020-11-02
            [216] => 2020-11-03
            [217] => 2020-11-04
            [218] => 2020-11-05
            [219] => 2020-11-06
            [220] => 2020-11-07
            [221] => 2020-11-08
            [222] => 2020-11-09
            [223] => 2020-11-10
            [224] => 2020-11-11
            [225] => 2020-11-12
            [226] => 2020-11-13
            [227] => 2020-11-14
            [228] => 2020-11-15
            [229] => 2020-11-16
            [230] => 2020-11-17
            [231] => 2020-11-18
            [232] => 2020-11-19
            [233] => 2020-11-20
            [234] => 2020-11-21
            [235] => 2020-11-22
            [236] => 2020-11-23
            [237] => 2020-11-24
            [238] => 2020-11-25
            [239] => 2020-11-26
            [240] => 2020-11-27
            [241] => 2020-11-28
            [242] => 2020-11-29
            [243] => 2020-11-30
            [244] => 2020-12-01
            [245] => 2020-12-02
            [246] => 2020-12-03
            [247] => 2020-12-04
            [248] => 2020-12-05
            [249] => 2020-12-06
            [250] => 2020-12-07
            [251] => 2020-12-08
            [252] => 2020-12-09
            [253] => 2020-12-10
            [254] => 2020-12-11
            [255] => 2020-12-12
            [256] => 2020-12-13
            [257] => 2020-12-14
            [258] => 2020-12-15
            [259] => 2020-12-16
            [260] => 2020-12-17
            [261] => 2020-12-18
            [262] => 2020-12-19
            [263] => 2020-12-20
            [264] => 2020-12-21
            [265] => 2020-12-22
            [266] => 2020-12-23
            [267] => 2020-12-24
            [268] => 2020-12-25
            [269] => 2020-12-26
            [270] => 2020-12-27
            [271] => 2020-12-28
            [272] => 2020-12-29
            [273] => 2020-12-30
            [274] => 2020-12-31
            [275] => 2021-01-01
            [276] => 2021-01-02
            [277] => 2021-01-03
            [278] => 2021-01-04
            [279] => 2021-01-05
            [280] => 2021-01-06
            [281] => 2021-01-07
            [282] => 2021-01-08
            [283] => 2021-01-09
            [284] => 2021-01-10
            [285] => 2021-01-11
            [286] => 2021-01-12
            [287] => 2021-01-13
            [288] => 2021-01-14
            [289] => 2021-01-15
            [290] => 2021-01-16
            [291] => 2021-01-17
            [292] => 2021-01-18
            [293] => 2021-01-19
            [294] => 2021-01-20
            [295] => 2021-01-21
            [296] => 2021-01-22
            [297] => 2021-01-23
            [298] => 2021-01-24
            [299] => 2021-01-25
            [300] => 2021-01-26
            [301] => 2021-01-27
            [302] => 2021-01-28
            [303] => 2021-01-29
            [304] => 2021-01-30
            [305] => 2021-01-31
            [306] => 2021-02-01
            [307] => 2021-02-02
            [308] => 2021-02-03
            [309] => 2021-02-04
            [310] => 2021-02-05
            [311] => 2021-02-06
            [312] => 2021-02-07
            [313] => 2021-02-08
            [314] => 2021-02-09
            [315] => 2021-02-10
            [316] => 2021-02-11
            [317] => 2021-02-12
            [318] => 2021-02-13
            [319] => 2021-02-14
            [320] => 2021-02-15
            [321] => 2021-02-16
            [322] => 2021-02-17
            [323] => 2021-02-18
            [324] => 2021-02-19
            [325] => 2021-02-20
            [326] => 2021-02-21
            [327] => 2021-02-22
            [328] => 2021-02-23
            [329] => 2021-02-24
            [330] => 2021-02-25
            [331] => 2021-02-26
            [332] => 2021-02-27
            [333] => 2021-02-28
            [334] => 2021-03-01
            [335] => 2021-03-02
            [336] => 2021-03-03
            [337] => 2021-03-04
            [338] => 2021-03-05
            [339] => 2021-03-06
            [340] => 2021-03-07
            [341] => 2021-03-08
            [342] => 2021-03-09
            [343] => 2021-03-10
            [344] => 2021-03-11
            [345] => 2021-03-12
            [346] => 2021-03-13
            [347] => 2021-03-14
            [348] => 2021-03-15
            [349] => 2021-03-16
            [350] => 2021-03-17
            [351] => 2021-03-18
            [352] => 2021-03-19
            [353] => 2021-03-20
            [354] => 2021-03-21
            [355] => 2021-03-22
            [356] => 2021-03-23
            [357] => 2021-03-24
            [358] => 2021-03-25
            [359] => 2021-03-26
            [360] => 2021-03-27
            [361] => 2021-03-28
            [362] => 2021-03-29
            [363] => 2021-03-30
            [364] => 2021-03-31
            [365] => 2021-04-01
        )

    [unavailable_dates] => Array
        (
        )

    [dry_dates] => Array
        (
        )

    [latest_global_sale] => 
)

[2026-03-02 15:21:30] [INFO] === PAGE ACCESS ===
[2026-03-02 15:21:30] [INFO] Request method: GET
[2026-03-02 15:21:30] [INFO] Search term: ''
[2026-03-02 15:21:30] [INFO] Current session ID: cbb5sudmg44j98qa8ua9brot8m
[2026-03-02 15:21:31] [INFO] DRY DAYS FOUND: 2025-04-02, 2025-04-14, 2025-04-17, 2025-05-01, 2025-05-12, 2025-06-17, 2025-07-17, 2025-08-15, 2025-08-19, 2025-09-07, 2025-10-02, 2025-10-12, 2025-10-27, 2025-10-31, 2025-11-10, 2025-12-25, 2026-01-14, 2026-01-26, 2026-02-21
[2026-03-02 15:21:31] [INFO] Final session quantities count: 0
[2026-03-02 15:21:31] [INFO] Items in current view: 50
[2026-03-02 15:21:31] [INFO] Sales Page Load Debug Info:
Array
(
    [total_items] => 94
    [current_page] => 1
    [total_pages] => 2
    [session_quantities_count] => 0
    [post_quantities_count] => 0
    [date_range] => 2025-04-01 12:24:30 to 2026-03-02
    [days_count] => 336
    [user_id] => 1
    [comp_id] => 1
    [license_type] => FL-II
    [allowed_classes] => Array
        (
            [0] => W
            [1] => V
            [2] => M
            [3] => F
            [4] => D
            [5] => K
            [6] => G
            [7] => R
            [8] => O
        )

    [end_date_day] => 02
    [closing_column] => DAY_02_CLOSING
    [end_date_month] => 2026-03
    [stock_filter] => > 0
    [daily_stock_table] => tbldailystock_1
    [table_suffix] => 
    [current_month] => 2026-03
    [has_restrictions] => 1
    [available_dates] => Array
        (
            [0] => 2025-04-01
            [1] => 2025-04-03
            [2] => 2025-04-04
            [3] => 2025-04-05
            [4] => 2025-04-06
            [5] => 2025-04-07
            [6] => 2025-04-08
            [7] => 2025-04-09
            [8] => 2025-04-10
            [9] => 2025-04-11
            [10] => 2025-04-12
            [11] => 2025-04-13
            [12] => 2025-04-15
            [13] => 2025-04-16
            [14] => 2025-04-18
            [15] => 2025-04-19
            [16] => 2025-04-20
            [17] => 2025-04-21
            [18] => 2025-04-22
            [19] => 2025-04-23
            [20] => 2025-04-24
            [21] => 2025-04-25
            [22] => 2025-04-26
            [23] => 2025-04-27
            [24] => 2025-04-28
            [25] => 2025-04-29
            [26] => 2025-04-30
            [27] => 2025-05-02
            [28] => 2025-05-03
            [29] => 2025-05-04
            [30] => 2025-05-05
            [31] => 2025-05-06
            [32] => 2025-05-07
            [33] => 2025-05-08
            [34] => 2025-05-09
            [35] => 2025-05-10
            [36] => 2025-05-11
            [37] => 2025-05-13
            [38] => 2025-05-14
            [39] => 2025-05-15
            [40] => 2025-05-16
            [41] => 2025-05-17
            [42] => 2025-05-18
            [43] => 2025-05-19
            [44] => 2025-05-20
            [45] => 2025-05-21
            [46] => 2025-05-22
            [47] => 2025-05-23
            [48] => 2025-05-24
            [49] => 2025-05-25
            [50] => 2025-05-26
            [51] => 2025-05-27
            [52] => 2025-05-28
            [53] => 2025-05-29
            [54] => 2025-05-30
            [55] => 2025-05-31
            [56] => 2025-06-01
            [57] => 2025-06-02
            [58] => 2025-06-03
            [59] => 2025-06-04
            [60] => 2025-06-05
            [61] => 2025-06-06
            [62] => 2025-06-07
            [63] => 2025-06-08
            [64] => 2025-06-09
            [65] => 2025-06-10
            [66] => 2025-06-11
            [67] => 2025-06-12
            [68] => 2025-06-13
            [69] => 2025-06-14
            [70] => 2025-06-15
            [71] => 2025-06-16
            [72] => 2025-06-18
            [73] => 2025-06-19
            [74] => 2025-06-20
            [75] => 2025-06-21
            [76] => 2025-06-22
            [77] => 2025-06-23
            [78] => 2025-06-24
            [79] => 2025-06-25
            [80] => 2025-06-26
            [81] => 2025-06-27
            [82] => 2025-06-28
            [83] => 2025-06-29
            [84] => 2025-06-30
            [85] => 2025-07-01
            [86] => 2025-07-02
            [87] => 2025-07-03
            [88] => 2025-07-04
            [89] => 2025-07-05
            [90] => 2025-07-06
            [91] => 2025-07-07
            [92] => 2025-07-08
            [93] => 2025-07-09
            [94] => 2025-07-10
            [95] => 2025-07-11
            [96] => 2025-07-12
            [97] => 2025-07-13
            [98] => 2025-07-14
            [99] => 2025-07-15
            [100] => 2025-07-16
            [101] => 2025-07-18
            [102] => 2025-07-19
            [103] => 2025-07-20
            [104] => 2025-07-21
            [105] => 2025-07-22
            [106] => 2025-07-23
            [107] => 2025-07-24
            [108] => 2025-07-25
            [109] => 2025-07-26
            [110] => 2025-07-27
            [111] => 2025-07-28
            [112] => 2025-07-29
            [113] => 2025-07-30
            [114] => 2025-07-31
            [115] => 2025-08-01
            [116] => 2025-08-02
            [117] => 2025-08-03
            [118] => 2025-08-04
            [119] => 2025-08-05
            [120] => 2025-08-06
            [121] => 2025-08-07
            [122] => 2025-08-08
            [123] => 2025-08-09
            [124] => 2025-08-10
            [125] => 2025-08-11
            [126] => 2025-08-12
            [127] => 2025-08-13
            [128] => 2025-08-14
            [129] => 2025-08-16
            [130] => 2025-08-17
            [131] => 2025-08-18
            [132] => 2025-08-20
            [133] => 2025-08-21
            [134] => 2025-08-22
            [135] => 2025-08-23
            [136] => 2025-08-24
            [137] => 2025-08-25
            [138] => 2025-08-26
            [139] => 2025-08-27
            [140] => 2025-08-28
            [141] => 2025-08-29
            [142] => 2025-08-30
            [143] => 2025-08-31
            [144] => 2025-09-01
            [145] => 2025-09-02
            [146] => 2025-09-03
            [147] => 2025-09-04
            [148] => 2025-09-05
            [149] => 2025-09-06
            [150] => 2025-09-08
            [151] => 2025-09-09
            [152] => 2025-09-10
            [153] => 2025-09-11
            [154] => 2025-09-12
            [155] => 2025-09-13
            [156] => 2025-09-14
            [157] => 2025-09-15
            [158] => 2025-09-16
            [159] => 2025-09-17
            [160] => 2025-09-18
            [161] => 2025-09-19
            [162] => 2025-09-20
            [163] => 2025-09-21
            [164] => 2025-09-22
            [165] => 2025-09-23
            [166] => 2025-09-24
            [167] => 2025-09-25
            [168] => 2025-09-26
            [169] => 2025-09-27
            [170] => 2025-09-28
            [171] => 2025-09-29
            [172] => 2025-09-30
            [173] => 2025-10-01
            [174] => 2025-10-03
            [175] => 2025-10-04
            [176] => 2025-10-05
            [177] => 2025-10-06
            [178] => 2025-10-07
            [179] => 2025-10-08
            [180] => 2025-10-09
            [181] => 2025-10-10
            [182] => 2025-10-11
            [183] => 2025-10-13
            [184] => 2025-10-14
            [185] => 2025-10-15
            [186] => 2025-10-16
            [187] => 2025-10-17
            [188] => 2025-10-18
            [189] => 2025-10-19
            [190] => 2025-10-20
            [191] => 2025-10-21
            [192] => 2025-10-22
            [193] => 2025-10-23
            [194] => 2025-10-24
            [195] => 2025-10-25
            [196] => 2025-10-26
            [197] => 2025-10-28
            [198] => 2025-10-29
            [199] => 2025-10-30
            [200] => 2025-11-01
            [201] => 2025-11-02
            [202] => 2025-11-03
            [203] => 2025-11-04
            [204] => 2025-11-05
            [205] => 2025-11-06
            [206] => 2025-11-07
            [207] => 2025-11-08
            [208] => 2025-11-09
            [209] => 2025-11-11
            [210] => 2025-11-12
            [211] => 2025-11-13
            [212] => 2025-11-14
            [213] => 2025-11-15
            [214] => 2025-11-16
            [215] => 2025-11-17
            [216] => 2025-11-18
            [217] => 2025-11-19
            [218] => 2025-11-20
            [219] => 2025-11-21
            [220] => 2025-11-22
            [221] => 2025-11-23
            [222] => 2025-11-24
            [223] => 2025-11-25
            [224] => 2025-11-26
            [225] => 2025-11-27
            [226] => 2025-11-28
            [227] => 2025-11-29
            [228] => 2025-11-30
            [229] => 2025-12-01
            [230] => 2025-12-02
            [231] => 2025-12-03
            [232] => 2025-12-04
            [233] => 2025-12-05
            [234] => 2025-12-06
            [235] => 2025-12-07
            [236] => 2025-12-08
            [237] => 2025-12-09
            [238] => 2025-12-10
            [239] => 2025-12-11
            [240] => 2025-12-12
            [241] => 2025-12-13
            [242] => 2025-12-14
            [243] => 2025-12-15
            [244] => 2025-12-16
            [245] => 2025-12-17
            [246] => 2025-12-18
            [247] => 2025-12-19
            [248] => 2025-12-20
            [249] => 2025-12-21
            [250] => 2025-12-22
            [251] => 2025-12-23
            [252] => 2025-12-24
            [253] => 2025-12-26
            [254] => 2025-12-27
            [255] => 2025-12-28
            [256] => 2025-12-29
            [257] => 2025-12-30
            [258] => 2025-12-31
            [259] => 2026-01-01
            [260] => 2026-01-02
            [261] => 2026-01-03
            [262] => 2026-01-04
            [263] => 2026-01-05
            [264] => 2026-01-06
            [265] => 2026-01-07
            [266] => 2026-01-08
            [267] => 2026-01-09
            [268] => 2026-01-10
            [269] => 2026-01-11
            [270] => 2026-01-12
            [271] => 2026-01-13
            [272] => 2026-01-15
            [273] => 2026-01-16
            [274] => 2026-01-17
            [275] => 2026-01-18
            [276] => 2026-01-19
            [277] => 2026-01-20
            [278] => 2026-01-21
            [279] => 2026-01-22
            [280] => 2026-01-23
            [281] => 2026-01-24
            [282] => 2026-01-25
            [283] => 2026-01-27
            [284] => 2026-01-28
            [285] => 2026-01-29
            [286] => 2026-01-30
            [287] => 2026-01-31
            [288] => 2026-02-01
            [289] => 2026-02-02
            [290] => 2026-02-03
            [291] => 2026-02-04
            [292] => 2026-02-05
            [293] => 2026-02-06
            [294] => 2026-02-07
            [295] => 2026-02-08
            [296] => 2026-02-09
            [297] => 2026-02-10
            [298] => 2026-02-11
            [299] => 2026-02-12
            [300] => 2026-02-13
            [301] => 2026-02-14
            [302] => 2026-02-15
            [303] => 2026-02-16
            [304] => 2026-02-17
            [305] => 2026-02-18
            [306] => 2026-02-19
            [307] => 2026-02-20
            [308] => 2026-02-22
            [309] => 2026-02-23
            [310] => 2026-02-24
            [311] => 2026-02-25
            [312] => 2026-02-26
            [313] => 2026-02-27
            [314] => 2026-02-28
            [315] => 2026-03-01
            [316] => 2026-03-02
        )

    [unavailable_dates] => Array
        (
            [0] => 2025-04-02
            [1] => 2025-04-14
            [2] => 2025-04-17
            [3] => 2025-05-01
            [4] => 2025-05-12
            [5] => 2025-06-17
            [6] => 2025-07-17
            [7] => 2025-08-15
            [8] => 2025-08-19
            [9] => 2025-09-07
            [10] => 2025-10-02
            [11] => 2025-10-12
            [12] => 2025-10-27
            [13] => 2025-10-31
            [14] => 2025-11-10
            [15] => 2025-12-25
            [16] => 2026-01-14
            [17] => 2026-01-26
            [18] => 2026-02-21
        )

    [dry_dates] => Array
        (
            [0] => 2025-04-02
            [1] => 2025-04-14
            [2] => 2025-04-17
            [3] => 2025-05-01
            [4] => 2025-05-12
            [5] => 2025-06-17
            [6] => 2025-07-17
            [7] => 2025-08-15
            [8] => 2025-08-19
            [9] => 2025-09-07
            [10] => 2025-10-02
            [11] => 2025-10-12
            [12] => 2025-10-27
            [13] => 2025-10-31
            [14] => 2025-11-10
            [15] => 2025-12-25
            [16] => 2026-01-14
            [17] => 2026-01-26
            [18] => 2026-02-21
        )

    [latest_global_sale] => 
)

[2026-03-02 15:23:48] [INFO] === PAGE ACCESS ===
[2026-03-02 15:23:48] [INFO] Request method: GET
[2026-03-02 15:23:48] [INFO] Search term: ''
[2026-03-02 15:23:48] [INFO] Current session ID: ibprs5996j60ao7ps9stfe0q8v
[2026-03-02 15:23:48] [INFO] Final session quantities count: 0
[2026-03-02 15:23:48] [INFO] Items in current view: 0
[2026-03-02 15:23:48] [INFO] Sales Page Load Debug Info:
Array
(
    [total_items] => 0
    [current_page] => 1
    [total_pages] => 0
    [session_quantities_count] => 0
    [post_quantities_count] => 0
    [date_range] => 2020-04-01 00:00:00 to 2021-03-31 23:59:59
    [days_count] => 366
    [user_id] => 2
    [comp_id] => 2
    [license_type] => FL-II
    [allowed_classes] => Array
        (
            [0] => W
            [1] => V
            [2] => M
            [3] => F
            [4] => D
            [5] => K
            [6] => G
            [7] => R
            [8] => O
        )

    [end_date_day] => 31
    [closing_column] => DAY_31_CLOSING
    [end_date_month] => 2021-03
    [stock_filter] => > 0
    [daily_stock_table] => tbldailystock_2_03_21
    [table_suffix] => _03_21
    [current_month] => 2026-03
    [has_restrictions] => 
    [available_dates] => Array
        (
            [0] => 2020-04-01
            [1] => 2020-04-02
            [2] => 2020-04-03
            [3] => 2020-04-04
            [4] => 2020-04-05
            [5] => 2020-04-06
            [6] => 2020-04-07
            [7] => 2020-04-08
            [8] => 2020-04-09
            [9] => 2020-04-10
            [10] => 2020-04-11
            [11] => 2020-04-12
            [12] => 2020-04-13
            [13] => 2020-04-14
            [14] => 2020-04-15
            [15] => 2020-04-16
            [16] => 2020-04-17
            [17] => 2020-04-18
            [18] => 2020-04-19
            [19] => 2020-04-20
            [20] => 2020-04-21
            [21] => 2020-04-22
            [22] => 2020-04-23
            [23] => 2020-04-24
            [24] => 2020-04-25
            [25] => 2020-04-26
            [26] => 2020-04-27
            [27] => 2020-04-28
            [28] => 2020-04-29
            [29] => 2020-04-30
            [30] => 2020-05-01
            [31] => 2020-05-02
            [32] => 2020-05-03
            [33] => 2020-05-04
            [34] => 2020-05-05
            [35] => 2020-05-06
            [36] => 2020-05-07
            [37] => 2020-05-08
            [38] => 2020-05-09
            [39] => 2020-05-10
            [40] => 2020-05-11
            [41] => 2020-05-12
            [42] => 2020-05-13
            [43] => 2020-05-14
            [44] => 2020-05-15
            [45] => 2020-05-16
            [46] => 2020-05-17
            [47] => 2020-05-18
            [48] => 2020-05-19
            [49] => 2020-05-20
            [50] => 2020-05-21
            [51] => 2020-05-22
            [52] => 2020-05-23
            [53] => 2020-05-24
            [54] => 2020-05-25
            [55] => 2020-05-26
            [56] => 2020-05-27
            [57] => 2020-05-28
            [58] => 2020-05-29
            [59] => 2020-05-30
            [60] => 2020-05-31
            [61] => 2020-06-01
            [62] => 2020-06-02
            [63] => 2020-06-03
            [64] => 2020-06-04
            [65] => 2020-06-05
            [66] => 2020-06-06
            [67] => 2020-06-07
            [68] => 2020-06-08
            [69] => 2020-06-09
            [70] => 2020-06-10
            [71] => 2020-06-11
            [72] => 2020-06-12
            [73] => 2020-06-13
            [74] => 2020-06-14
            [75] => 2020-06-15
            [76] => 2020-06-16
            [77] => 2020-06-17
            [78] => 2020-06-18
            [79] => 2020-06-19
            [80] => 2020-06-20
            [81] => 2020-06-21
            [82] => 2020-06-22
            [83] => 2020-06-23
            [84] => 2020-06-24
            [85] => 2020-06-25
            [86] => 2020-06-26
            [87] => 2020-06-27
            [88] => 2020-06-28
            [89] => 2020-06-29
            [90] => 2020-06-30
            [91] => 2020-07-01
            [92] => 2020-07-02
            [93] => 2020-07-03
            [94] => 2020-07-04
            [95] => 2020-07-05
            [96] => 2020-07-06
            [97] => 2020-07-07
            [98] => 2020-07-08
            [99] => 2020-07-09
            [100] => 2020-07-10
            [101] => 2020-07-11
            [102] => 2020-07-12
            [103] => 2020-07-13
            [104] => 2020-07-14
            [105] => 2020-07-15
            [106] => 2020-07-16
            [107] => 2020-07-17
            [108] => 2020-07-18
            [109] => 2020-07-19
            [110] => 2020-07-20
            [111] => 2020-07-21
            [112] => 2020-07-22
            [113] => 2020-07-23
            [114] => 2020-07-24
            [115] => 2020-07-25
            [116] => 2020-07-26
            [117] => 2020-07-27
            [118] => 2020-07-28
            [119] => 2020-07-29
            [120] => 2020-07-30
            [121] => 2020-07-31
            [122] => 2020-08-01
            [123] => 2020-08-02
            [124] => 2020-08-03
            [125] => 2020-08-04
            [126] => 2020-08-05
            [127] => 2020-08-06
            [128] => 2020-08-07
            [129] => 2020-08-08
            [130] => 2020-08-09
            [131] => 2020-08-10
            [132] => 2020-08-11
            [133] => 2020-08-12
            [134] => 2020-08-13
            [135] => 2020-08-14
            [136] => 2020-08-15
            [137] => 2020-08-16
            [138] => 2020-08-17
            [139] => 2020-08-18
            [140] => 2020-08-19
            [141] => 2020-08-20
            [142] => 2020-08-21
            [143] => 2020-08-22
            [144] => 2020-08-23
            [145] => 2020-08-24
            [146] => 2020-08-25
            [147] => 2020-08-26
            [148] => 2020-08-27
            [149] => 2020-08-28
            [150] => 2020-08-29
            [151] => 2020-08-30
            [152] => 2020-08-31
            [153] => 2020-09-01
            [154] => 2020-09-02
            [155] => 2020-09-03
            [156] => 2020-09-04
            [157] => 2020-09-05
            [158] => 2020-09-06
            [159] => 2020-09-07
            [160] => 2020-09-08
            [161] => 2020-09-09
            [162] => 2020-09-10
            [163] => 2020-09-11
            [164] => 2020-09-12
            [165] => 2020-09-13
            [166] => 2020-09-14
            [167] => 2020-09-15
            [168] => 2020-09-16
            [169] => 2020-09-17
            [170] => 2020-09-18
            [171] => 2020-09-19
            [172] => 2020-09-20
            [173] => 2020-09-21
            [174] => 2020-09-22
            [175] => 2020-09-23
            [176] => 2020-09-24
            [177] => 2020-09-25
            [178] => 2020-09-26
            [179] => 2020-09-27
            [180] => 2020-09-28
            [181] => 2020-09-29
            [182] => 2020-09-30
            [183] => 2020-10-01
            [184] => 2020-10-02
            [185] => 2020-10-03
            [186] => 2020-10-04
            [187] => 2020-10-05
            [188] => 2020-10-06
            [189] => 2020-10-07
            [190] => 2020-10-08
            [191] => 2020-10-09
            [192] => 2020-10-10
            [193] => 2020-10-11
            [194] => 2020-10-12
            [195] => 2020-10-13
            [196] => 2020-10-14
            [197] => 2020-10-15
            [198] => 2020-10-16
            [199] => 2020-10-17
            [200] => 2020-10-18
            [201] => 2020-10-19
            [202] => 2020-10-20
            [203] => 2020-10-21
            [204] => 2020-10-22
            [205] => 2020-10-23
            [206] => 2020-10-24
            [207] => 2020-10-25
            [208] => 2020-10-26
            [209] => 2020-10-27
            [210] => 2020-10-28
            [211] => 2020-10-29
            [212] => 2020-10-30
            [213] => 2020-10-31
            [214] => 2020-11-01
            [215] => 2020-11-02
            [216] => 2020-11-03
            [217] => 2020-11-04
            [218] => 2020-11-05
            [219] => 2020-11-06
            [220] => 2020-11-07
            [221] => 2020-11-08
            [222] => 2020-11-09
            [223] => 2020-11-10
            [224] => 2020-11-11
            [225] => 2020-11-12
            [226] => 2020-11-13
            [227] => 2020-11-14
            [228] => 2020-11-15
            [229] => 2020-11-16
            [230] => 2020-11-17
            [231] => 2020-11-18
            [232] => 2020-11-19
            [233] => 2020-11-20
            [234] => 2020-11-21
            [235] => 2020-11-22
            [236] => 2020-11-23
            [237] => 2020-11-24
            [238] => 2020-11-25
            [239] => 2020-11-26
            [240] => 2020-11-27
            [241] => 2020-11-28
            [242] => 2020-11-29
            [243] => 2020-11-30
            [244] => 2020-12-01
            [245] => 2020-12-02
            [246] => 2020-12-03
            [247] => 2020-12-04
            [248] => 2020-12-05
            [249] => 2020-12-06
            [250] => 2020-12-07
            [251] => 2020-12-08
            [252] => 2020-12-09
            [253] => 2020-12-10
            [254] => 2020-12-11
            [255] => 2020-12-12
            [256] => 2020-12-13
            [257] => 2020-12-14
            [258] => 2020-12-15
            [259] => 2020-12-16
            [260] => 2020-12-17
            [261] => 2020-12-18
            [262] => 2020-12-19
            [263] => 2020-12-20
            [264] => 2020-12-21
            [265] => 2020-12-22
            [266] => 2020-12-23
            [267] => 2020-12-24
            [268] => 2020-12-25
            [269] => 2020-12-26
            [270] => 2020-12-27
            [271] => 2020-12-28
            [272] => 2020-12-29
            [273] => 2020-12-30
            [274] => 2020-12-31
            [275] => 2021-01-01
            [276] => 2021-01-02
            [277] => 2021-01-03
            [278] => 2021-01-04
            [279] => 2021-01-05
            [280] => 2021-01-06
            [281] => 2021-01-07
            [282] => 2021-01-08
            [283] => 2021-01-09
            [284] => 2021-01-10
            [285] => 2021-01-11
            [286] => 2021-01-12
            [287] => 2021-01-13
            [288] => 2021-01-14
            [289] => 2021-01-15
            [290] => 2021-01-16
            [291] => 2021-01-17
            [292] => 2021-01-18
            [293] => 2021-01-19
            [294] => 2021-01-20
            [295] => 2021-01-21
            [296] => 2021-01-22
            [297] => 2021-01-23
            [298] => 2021-01-24
            [299] => 2021-01-25
            [300] => 2021-01-26
            [301] => 2021-01-27
            [302] => 2021-01-28
            [303] => 2021-01-29
            [304] => 2021-01-30
            [305] => 2021-01-31
            [306] => 2021-02-01
            [307] => 2021-02-02
            [308] => 2021-02-03
            [309] => 2021-02-04
            [310] => 2021-02-05
            [311] => 2021-02-06
            [312] => 2021-02-07
            [313] => 2021-02-08
            [314] => 2021-02-09
            [315] => 2021-02-10
            [316] => 2021-02-11
            [317] => 2021-02-12
            [318] => 2021-02-13
            [319] => 2021-02-14
            [320] => 2021-02-15
            [321] => 2021-02-16
            [322] => 2021-02-17
            [323] => 2021-02-18
            [324] => 2021-02-19
            [325] => 2021-02-20
            [326] => 2021-02-21
            [327] => 2021-02-22
            [328] => 2021-02-23
            [329] => 2021-02-24
            [330] => 2021-02-25
            [331] => 2021-02-26
            [332] => 2021-02-27
            [333] => 2021-02-28
            [334] => 2021-03-01
            [335] => 2021-03-02
            [336] => 2021-03-03
            [337] => 2021-03-04
            [338] => 2021-03-05
            [339] => 2021-03-06
            [340] => 2021-03-07
            [341] => 2021-03-08
            [342] => 2021-03-09
            [343] => 2021-03-10
            [344] => 2021-03-11
            [345] => 2021-03-12
            [346] => 2021-03-13
            [347] => 2021-03-14
            [348] => 2021-03-15
            [349] => 2021-03-16
            [350] => 2021-03-17
            [351] => 2021-03-18
            [352] => 2021-03-19
            [353] => 2021-03-20
            [354] => 2021-03-21
            [355] => 2021-03-22
            [356] => 2021-03-23
            [357] => 2021-03-24
            [358] => 2021-03-25
            [359] => 2021-03-26
            [360] => 2021-03-27
            [361] => 2021-03-28
            [362] => 2021-03-29
            [363] => 2021-03-30
            [364] => 2021-03-31
            [365] => 2021-04-01
        )

    [unavailable_dates] => Array
        (
        )

    [dry_dates] => Array
        (
        )

    [latest_global_sale] => 
)

[2026-03-02 15:24:14] [INFO] === PAGE ACCESS ===
[2026-03-02 15:24:14] [INFO] Request method: GET
[2026-03-02 15:24:14] [INFO] Search term: ''
[2026-03-02 15:24:14] [INFO] Current session ID: ibprs5996j60ao7ps9stfe0q8v
[2026-03-02 15:24:14] [INFO] Final session quantities count: 0
[2026-03-02 15:24:14] [INFO] Items in current view: 0
[2026-03-02 15:24:14] [INFO] Sales Page Load Debug Info:
Array
(
    [total_items] => 0
    [current_page] => 1
    [total_pages] => 0
    [session_quantities_count] => 0
    [post_quantities_count] => 0
    [date_range] => 2020-05-02 to 2020-05-31
    [days_count] => 30
    [user_id] => 2
    [comp_id] => 2
    [license_type] => FL-II
    [allowed_classes] => Array
        (
            [0] => W
            [1] => V
            [2] => M
            [3] => F
            [4] => D
            [5] => K
            [6] => G
            [7] => R
            [8] => O
        )

    [end_date_day] => 31
    [closing_column] => DAY_31_CLOSING
    [end_date_month] => 2020-05
    [stock_filter] => > 0
    [daily_stock_table] => tbldailystock_2_05_20
    [table_suffix] => _05_20
    [current_month] => 2026-03
    [has_restrictions] => 
    [available_dates] => Array
        (
            [0] => 2020-05-02
            [1] => 2020-05-03
            [2] => 2020-05-04
            [3] => 2020-05-05
            [4] => 2020-05-06
            [5] => 2020-05-07
            [6] => 2020-05-08
            [7] => 2020-05-09
            [8] => 2020-05-10
            [9] => 2020-05-11
            [10] => 2020-05-12
            [11] => 2020-05-13
            [12] => 2020-05-14
            [13] => 2020-05-15
            [14] => 2020-05-16
            [15] => 2020-05-17
            [16] => 2020-05-18
            [17] => 2020-05-19
            [18] => 2020-05-20
            [19] => 2020-05-21
            [20] => 2020-05-22
            [21] => 2020-05-23
            [22] => 2020-05-24
            [23] => 2020-05-25
            [24] => 2020-05-26
            [25] => 2020-05-27
            [26] => 2020-05-28
            [27] => 2020-05-29
            [28] => 2020-05-30
            [29] => 2020-05-31
        )

    [unavailable_dates] => Array
        (
        )

    [dry_dates] => Array
        (
        )

    [latest_global_sale] => 
)

[2026-03-02 15:31:11] [INFO] === PAGE ACCESS ===
[2026-03-02 15:31:11] [INFO] Request method: GET
[2026-03-02 15:31:11] [INFO] Search term: ''
[2026-03-02 15:31:11] [INFO] Current session ID: ibprs5996j60ao7ps9stfe0q8v
[2026-03-02 15:31:11] [INFO] Final session quantities count: 0
[2026-03-02 15:31:11] [INFO] Items in current view: 11
[2026-03-02 15:31:11] [INFO] Sales Page Load Debug Info:
Array
(
    [total_items] => 11
    [current_page] => 1
    [total_pages] => 1
    [session_quantities_count] => 0
    [post_quantities_count] => 0
    [date_range] => 2020-05-19 to 2020-05-19
    [days_count] => 1
    [user_id] => 2
    [comp_id] => 2
    [license_type] => FL-II
    [allowed_classes] => Array
        (
            [0] => W
            [1] => V
            [2] => M
            [3] => F
            [4] => D
            [5] => K
            [6] => G
            [7] => R
            [8] => O
        )

    [end_date_day] => 19
    [closing_column] => DAY_19_CLOSING
    [end_date_month] => 2020-05
    [stock_filter] => > 0
    [daily_stock_table] => tbldailystock_2_05_20
    [table_suffix] => _05_20
    [current_month] => 2026-03
    [has_restrictions] => 
    [available_dates] => Array
        (
            [0] => 2020-05-19
        )

    [unavailable_dates] => Array
        (
        )

    [dry_dates] => Array
        (
        )

    [latest_global_sale] => 
)

[2026-03-02 15:31:40] [INFO] Session quantity updated: SCMPL0022276 = 0
[2026-03-02 15:31:40] [INFO] Session quantity updated: SCMPL0022276 = 0
[2026-03-02 15:31:42] [INFO] Session quantity updated: SCMPL0022276 = 288
[2026-03-02 15:31:42] [INFO] Session quantity updated: SCMPL0022276 = 288
[2026-03-02 15:31:46] [INFO] Session quantity updated: SCMPL0009772 = 72
[2026-03-02 15:31:47] [INFO] Session quantity updated: SCMPL0009772 = 72
[2026-03-02 15:31:47] [INFO] Session quantity updated: SCMPL0009772 = 72
[2026-03-02 15:31:47] [INFO] Session quantity updated: SCMPL0009772 = 72
[2026-03-02 15:31:50] [INFO] Session quantity updated: SCMPL0010059 = 60
[2026-03-02 15:31:50] [INFO] Session quantity updated: SCMPL0010059 = 60
[2026-03-02 15:31:52] [INFO] Session quantity updated: SCMPL0010059 = 60
[2026-03-02 15:31:52] [INFO] Session quantity updated: SCMPL0010059 = 60
[2026-03-02 15:31:53] [INFO] Session quantity updated: SCMPL0010059 = 60
[2026-03-02 15:31:56] [INFO] === PAGE ACCESS ===
[2026-03-02 15:31:56] [INFO] Request method: GET
[2026-03-02 15:31:57] [INFO] Search term: ''
[2026-03-02 15:31:57] [INFO] Current session ID: ibprs5996j60ao7ps9stfe0q8v
[2026-03-02 15:31:57] [INFO] Final session quantities count: 3
[2026-03-02 15:31:57] [INFO] Items in current view: 11
[2026-03-02 15:31:57] [INFO] Sales Page Load Debug Info:
Array
(
    [total_items] => 11
    [current_page] => 1
    [total_pages] => 1
    [session_quantities_count] => 3
    [post_quantities_count] => 0
    [date_range] => 2020-05-19 to 2020-05-19
    [days_count] => 1
    [user_id] => 2
    [comp_id] => 2
    [license_type] => FL-II
    [allowed_classes] => Array
        (
            [0] => W
            [1] => V
            [2] => M
            [3] => F
            [4] => D
            [5] => K
            [6] => G
            [7] => R
            [8] => O
        )

    [end_date_day] => 19
    [closing_column] => DAY_19_CLOSING
    [end_date_month] => 2020-05
    [stock_filter] => > 0
    [daily_stock_table] => tbldailystock_2_05_20
    [table_suffix] => _05_20
    [current_month] => 2026-03
    [has_restrictions] => 
    [available_dates] => Array
        (
            [0] => 2020-05-19
        )

    [unavailable_dates] => Array
        (
        )

    [dry_dates] => Array
        (
        )

    [latest_global_sale] => 
)

[2026-03-02 18:52:43] [INFO] === PAGE ACCESS ===
[2026-03-02 18:52:43] [INFO] Request method: GET
[2026-03-02 18:52:43] [INFO] Search term: ''
[2026-03-02 18:52:43] [INFO] Current session ID: 0p9id0is5c0tvh8vnput70q429
[2026-03-02 18:52:43] [INFO] DRY DAYS FOUND: 2025-04-02, 2025-04-14, 2025-04-17, 2025-05-01, 2025-05-12, 2025-06-17, 2025-07-17, 2025-08-15, 2025-08-19, 2025-09-07, 2025-10-02, 2025-10-12, 2025-10-27, 2025-10-31, 2025-11-10, 2025-12-25, 2026-01-14, 2026-01-26, 2026-02-21
[2026-03-02 18:52:43] [INFO] Final session quantities count: 0
[2026-03-02 18:52:43] [INFO] Items in current view: 50
[2026-03-02 18:52:43] [INFO] Sales Page Load Debug Info:
Array
(
    [total_items] => 94
    [current_page] => 1
    [total_pages] => 2
    [session_quantities_count] => 0
    [post_quantities_count] => 0
    [date_range] => 2025-04-01 12:24:30 to 2026-03-02
    [days_count] => 336
    [user_id] => 1
    [comp_id] => 1
    [license_type] => FL-II
    [allowed_classes] => Array
        (
            [0] => W
            [1] => V
            [2] => M
            [3] => F
            [4] => D
            [5] => K
            [6] => G
            [7] => R
            [8] => O
        )

    [end_date_day] => 02
    [closing_column] => DAY_02_CLOSING
    [end_date_month] => 2026-03
    [stock_filter] => > 0
    [daily_stock_table] => tbldailystock_1
    [table_suffix] => 
    [current_month] => 2026-03
    [has_restrictions] => 1
    [available_dates] => Array
        (
            [0] => 2025-04-01
            [1] => 2025-04-03
            [2] => 2025-04-04
            [3] => 2025-04-05
            [4] => 2025-04-06
            [5] => 2025-04-07
            [6] => 2025-04-08
            [7] => 2025-04-09
            [8] => 2025-04-10
            [9] => 2025-04-11
            [10] => 2025-04-12
            [11] => 2025-04-13
            [12] => 2025-04-15
            [13] => 2025-04-16
            [14] => 2025-04-18
            [15] => 2025-04-19
            [16] => 2025-04-20
            [17] => 2025-04-21
            [18] => 2025-04-22
            [19] => 2025-04-23
            [20] => 2025-04-24
            [21] => 2025-04-25
            [22] => 2025-04-26
            [23] => 2025-04-27
            [24] => 2025-04-28
            [25] => 2025-04-29
            [26] => 2025-04-30
            [27] => 2025-05-02
            [28] => 2025-05-03
            [29] => 2025-05-04
            [30] => 2025-05-05
            [31] => 2025-05-06
            [32] => 2025-05-07
            [33] => 2025-05-08
            [34] => 2025-05-09
            [35] => 2025-05-10
            [36] => 2025-05-11
            [37] => 2025-05-13
            [38] => 2025-05-14
            [39] => 2025-05-15
            [40] => 2025-05-16
            [41] => 2025-05-17
            [42] => 2025-05-18
            [43] => 2025-05-19
            [44] => 2025-05-20
            [45] => 2025-05-21
            [46] => 2025-05-22
            [47] => 2025-05-23
            [48] => 2025-05-24
            [49] => 2025-05-25
            [50] => 2025-05-26
            [51] => 2025-05-27
            [52] => 2025-05-28
            [53] => 2025-05-29
            [54] => 2025-05-30
            [55] => 2025-05-31
            [56] => 2025-06-01
            [57] => 2025-06-02
            [58] => 2025-06-03
            [59] => 2025-06-04
            [60] => 2025-06-05
            [61] => 2025-06-06
            [62] => 2025-06-07
            [63] => 2025-06-08
            [64] => 2025-06-09
            [65] => 2025-06-10
            [66] => 2025-06-11
            [67] => 2025-06-12
            [68] => 2025-06-13
            [69] => 2025-06-14
            [70] => 2025-06-15
            [71] => 2025-06-16
            [72] => 2025-06-18
            [73] => 2025-06-19
            [74] => 2025-06-20
            [75] => 2025-06-21
            [76] => 2025-06-22
            [77] => 2025-06-23
            [78] => 2025-06-24
            [79] => 2025-06-25
            [80] => 2025-06-26
            [81] => 2025-06-27
            [82] => 2025-06-28
            [83] => 2025-06-29
            [84] => 2025-06-30
            [85] => 2025-07-01
            [86] => 2025-07-02
            [87] => 2025-07-03
            [88] => 2025-07-04
            [89] => 2025-07-05
            [90] => 2025-07-06
            [91] => 2025-07-07
            [92] => 2025-07-08
            [93] => 2025-07-09
            [94] => 2025-07-10
            [95] => 2025-07-11
            [96] => 2025-07-12
            [97] => 2025-07-13
            [98] => 2025-07-14
            [99] => 2025-07-15
            [100] => 2025-07-16
            [101] => 2025-07-18
            [102] => 2025-07-19
            [103] => 2025-07-20
            [104] => 2025-07-21
            [105] => 2025-07-22
            [106] => 2025-07-23
            [107] => 2025-07-24
            [108] => 2025-07-25
            [109] => 2025-07-26
            [110] => 2025-07-27
            [111] => 2025-07-28
            [112] => 2025-07-29
            [113] => 2025-07-30
            [114] => 2025-07-31
            [115] => 2025-08-01
            [116] => 2025-08-02
            [117] => 2025-08-03
            [118] => 2025-08-04
            [119] => 2025-08-05
            [120] => 2025-08-06
            [121] => 2025-08-07
            [122] => 2025-08-08
            [123] => 2025-08-09
            [124] => 2025-08-10
            [125] => 2025-08-11
            [126] => 2025-08-12
            [127] => 2025-08-13
            [128] => 2025-08-14
            [129] => 2025-08-16
            [130] => 2025-08-17
            [131] => 2025-08-18
            [132] => 2025-08-20
            [133] => 2025-08-21
            [134] => 2025-08-22
            [135] => 2025-08-23
            [136] => 2025-08-24
            [137] => 2025-08-25
            [138] => 2025-08-26
            [139] => 2025-08-27
            [140] => 2025-08-28
            [141] => 2025-08-29
            [142] => 2025-08-30
            [143] => 2025-08-31
            [144] => 2025-09-01
            [145] => 2025-09-02
            [146] => 2025-09-03
            [147] => 2025-09-04
            [148] => 2025-09-05
            [149] => 2025-09-06
            [150] => 2025-09-08
            [151] => 2025-09-09
            [152] => 2025-09-10
            [153] => 2025-09-11
            [154] => 2025-09-12
            [155] => 2025-09-13
            [156] => 2025-09-14
            [157] => 2025-09-15
            [158] => 2025-09-16
            [159] => 2025-09-17
            [160] => 2025-09-18
            [161] => 2025-09-19
            [162] => 2025-09-20
            [163] => 2025-09-21
            [164] => 2025-09-22
            [165] => 2025-09-23
            [166] => 2025-09-24
            [167] => 2025-09-25
            [168] => 2025-09-26
            [169] => 2025-09-27
            [170] => 2025-09-28
            [171] => 2025-09-29
            [172] => 2025-09-30
            [173] => 2025-10-01
            [174] => 2025-10-03
            [175] => 2025-10-04
            [176] => 2025-10-05
            [177] => 2025-10-06
            [178] => 2025-10-07
            [179] => 2025-10-08
            [180] => 2025-10-09
            [181] => 2025-10-10
            [182] => 2025-10-11
            [183] => 2025-10-13
            [184] => 2025-10-14
            [185] => 2025-10-15
            [186] => 2025-10-16
            [187] => 2025-10-17
            [188] => 2025-10-18
            [189] => 2025-10-19
            [190] => 2025-10-20
            [191] => 2025-10-21
            [192] => 2025-10-22
            [193] => 2025-10-23
            [194] => 2025-10-24
            [195] => 2025-10-25
            [196] => 2025-10-26
            [197] => 2025-10-28
            [198] => 2025-10-29
            [199] => 2025-10-30
            [200] => 2025-11-01
            [201] => 2025-11-02
            [202] => 2025-11-03
            [203] => 2025-11-04
            [204] => 2025-11-05
            [205] => 2025-11-06
            [206] => 2025-11-07
            [207] => 2025-11-08
            [208] => 2025-11-09
            [209] => 2025-11-11
            [210] => 2025-11-12
            [211] => 2025-11-13
            [212] => 2025-11-14
            [213] => 2025-11-15
            [214] => 2025-11-16
            [215] => 2025-11-17
            [216] => 2025-11-18
            [217] => 2025-11-19
            [218] => 2025-11-20
            [219] => 2025-11-21
            [220] => 2025-11-22
            [221] => 2025-11-23
            [222] => 2025-11-24
            [223] => 2025-11-25
            [224] => 2025-11-26
            [225] => 2025-11-27
            [226] => 2025-11-28
            [227] => 2025-11-29
            [228] => 2025-11-30
            [229] => 2025-12-01
            [230] => 2025-12-02
            [231] => 2025-12-03
            [232] => 2025-12-04
            [233] => 2025-12-05
            [234] => 2025-12-06
            [235] => 2025-12-07
            [236] => 2025-12-08
            [237] => 2025-12-09
            [238] => 2025-12-10
            [239] => 2025-12-11
            [240] => 2025-12-12
            [241] => 2025-12-13
            [242] => 2025-12-14
            [243] => 2025-12-15
            [244] => 2025-12-16
            [245] => 2025-12-17
            [246] => 2025-12-18
            [247] => 2025-12-19
            [248] => 2025-12-20
            [249] => 2025-12-21
            [250] => 2025-12-22
            [251] => 2025-12-23
            [252] => 2025-12-24
            [253] => 2025-12-26
            [254] => 2025-12-27
            [255] => 2025-12-28
            [256] => 2025-12-29
            [257] => 2025-12-30
            [258] => 2025-12-31
            [259] => 2026-01-01
            [260] => 2026-01-02
            [261] => 2026-01-03
            [262] => 2026-01-04
            [263] => 2026-01-05
            [264] => 2026-01-06
            [265] => 2026-01-07
            [266] => 2026-01-08
            [267] => 2026-01-09
            [268] => 2026-01-10
            [269] => 2026-01-11
            [270] => 2026-01-12
            [271] => 2026-01-13
            [272] => 2026-01-15
            [273] => 2026-01-16
            [274] => 2026-01-17
            [275] => 2026-01-18
            [276] => 2026-01-19
            [277] => 2026-01-20
            [278] => 2026-01-21
            [279] => 2026-01-22
            [280] => 2026-01-23
            [281] => 2026-01-24
            [282] => 2026-01-25
            [283] => 2026-01-27
            [284] => 2026-01-28
            [285] => 2026-01-29
            [286] => 2026-01-30
            [287] => 2026-01-31
            [288] => 2026-02-01
            [289] => 2026-02-02
            [290] => 2026-02-03
            [291] => 2026-02-04
            [292] => 2026-02-05
            [293] => 2026-02-06
            [294] => 2026-02-07
            [295] => 2026-02-08
            [296] => 2026-02-09
            [297] => 2026-02-10
            [298] => 2026-02-11
            [299] => 2026-02-12
            [300] => 2026-02-13
            [301] => 2026-02-14
            [302] => 2026-02-15
            [303] => 2026-02-16
            [304] => 2026-02-17
            [305] => 2026-02-18
            [306] => 2026-02-19
            [307] => 2026-02-20
            [308] => 2026-02-22
            [309] => 2026-02-23
            [310] => 2026-02-24
            [311] => 2026-02-25
            [312] => 2026-02-26
            [313] => 2026-02-27
            [314] => 2026-02-28
            [315] => 2026-03-01
            [316] => 2026-03-02
        )

    [unavailable_dates] => Array
        (
            [0] => 2025-04-02
            [1] => 2025-04-14
            [2] => 2025-04-17
            [3] => 2025-05-01
            [4] => 2025-05-12
            [5] => 2025-06-17
            [6] => 2025-07-17
            [7] => 2025-08-15
            [8] => 2025-08-19
            [9] => 2025-09-07
            [10] => 2025-10-02
            [11] => 2025-10-12
            [12] => 2025-10-27
            [13] => 2025-10-31
            [14] => 2025-11-10
            [15] => 2025-12-25
            [16] => 2026-01-14
            [17] => 2026-01-26
            [18] => 2026-02-21
        )

    [dry_dates] => Array
        (
            [0] => 2025-04-02
            [1] => 2025-04-14
            [2] => 2025-04-17
            [3] => 2025-05-01
            [4] => 2025-05-12
            [5] => 2025-06-17
            [6] => 2025-07-17
            [7] => 2025-08-15
            [8] => 2025-08-19
            [9] => 2025-09-07
            [10] => 2025-10-02
            [11] => 2025-10-12
            [12] => 2025-10-27
            [13] => 2025-10-31
            [14] => 2025-11-10
            [15] => 2025-12-25
            [16] => 2026-01-14
            [17] => 2026-01-26
            [18] => 2026-02-21
        )

    [latest_global_sale] => 
)

[2026-03-02 19:04:21] [INFO] === PAGE ACCESS ===
[2026-03-02 19:04:21] [INFO] Request method: GET
[2026-03-02 19:04:21] [INFO] Search term: ''
[2026-03-02 19:04:21] [INFO] Current session ID: r7snqdvnj9d53nrjdp6fumi3ld
[2026-03-02 19:04:21] [INFO] DRY DAYS FOUND: 2025-04-02, 2025-04-14, 2025-04-17, 2025-05-01, 2025-05-12, 2025-06-17, 2025-07-17, 2025-08-15, 2025-08-19, 2025-09-07, 2025-10-02, 2025-10-12, 2025-10-27, 2025-10-31, 2025-11-10, 2025-12-25, 2026-01-14, 2026-01-26, 2026-02-21
[2026-03-02 19:04:21] [INFO] Final session quantities count: 0
[2026-03-02 19:04:21] [INFO] Items in current view: 50
[2026-03-02 19:04:21] [INFO] Sales Page Load Debug Info:
Array
(
    [total_items] => 94
    [current_page] => 1
    [total_pages] => 2
    [session_quantities_count] => 0
    [post_quantities_count] => 0
    [date_range] => 2025-04-01 12:24:30 to 2026-03-02
    [days_count] => 336
    [user_id] => 1
    [comp_id] => 1
    [license_type] => FL-II
    [allowed_classes] => Array
        (
            [0] => W
            [1] => V
            [2] => M
            [3] => F
            [4] => D
            [5] => K
            [6] => G
            [7] => R
            [8] => O
        )

    [end_date_day] => 02
    [closing_column] => DAY_02_CLOSING
    [end_date_month] => 2026-03
    [stock_filter] => > 0
    [daily_stock_table] => tbldailystock_1
    [table_suffix] => 
    [current_month] => 2026-03
    [has_restrictions] => 1
    [available_dates] => Array
        (
            [0] => 2025-04-01
            [1] => 2025-04-03
            [2] => 2025-04-04
            [3] => 2025-04-05
            [4] => 2025-04-06
            [5] => 2025-04-07
            [6] => 2025-04-08
            [7] => 2025-04-09
            [8] => 2025-04-10
            [9] => 2025-04-11
            [10] => 2025-04-12
            [11] => 2025-04-13
            [12] => 2025-04-15
            [13] => 2025-04-16
            [14] => 2025-04-18
            [15] => 2025-04-19
            [16] => 2025-04-20
            [17] => 2025-04-21
            [18] => 2025-04-22
            [19] => 2025-04-23
            [20] => 2025-04-24
            [21] => 2025-04-25
            [22] => 2025-04-26
            [23] => 2025-04-27
            [24] => 2025-04-28
            [25] => 2025-04-29
            [26] => 2025-04-30
            [27] => 2025-05-02
            [28] => 2025-05-03
            [29] => 2025-05-04
            [30] => 2025-05-05
            [31] => 2025-05-06
            [32] => 2025-05-07
            [33] => 2025-05-08
            [34] => 2025-05-09
            [35] => 2025-05-10
            [36] => 2025-05-11
            [37] => 2025-05-13
            [38] => 2025-05-14
            [39] => 2025-05-15
            [40] => 2025-05-16
            [41] => 2025-05-17
            [42] => 2025-05-18
            [43] => 2025-05-19
            [44] => 2025-05-20
            [45] => 2025-05-21
            [46] => 2025-05-22
            [47] => 2025-05-23
            [48] => 2025-05-24
            [49] => 2025-05-25
            [50] => 2025-05-26
            [51] => 2025-05-27
            [52] => 2025-05-28
            [53] => 2025-05-29
            [54] => 2025-05-30
            [55] => 2025-05-31
            [56] => 2025-06-01
            [57] => 2025-06-02
            [58] => 2025-06-03
            [59] => 2025-06-04
            [60] => 2025-06-05
            [61] => 2025-06-06
            [62] => 2025-06-07
            [63] => 2025-06-08
            [64] => 2025-06-09
            [65] => 2025-06-10
            [66] => 2025-06-11
            [67] => 2025-06-12
            [68] => 2025-06-13
            [69] => 2025-06-14
            [70] => 2025-06-15
            [71] => 2025-06-16
            [72] => 2025-06-18
            [73] => 2025-06-19
            [74] => 2025-06-20
            [75] => 2025-06-21
            [76] => 2025-06-22
            [77] => 2025-06-23
            [78] => 2025-06-24
            [79] => 2025-06-25
            [80] => 2025-06-26
            [81] => 2025-06-27
            [82] => 2025-06-28
            [83] => 2025-06-29
            [84] => 2025-06-30
            [85] => 2025-07-01
            [86] => 2025-07-02
            [87] => 2025-07-03
            [88] => 2025-07-04
            [89] => 2025-07-05
            [90] => 2025-07-06
            [91] => 2025-07-07
            [92] => 2025-07-08
            [93] => 2025-07-09
            [94] => 2025-07-10
            [95] => 2025-07-11
            [96] => 2025-07-12
            [97] => 2025-07-13
            [98] => 2025-07-14
            [99] => 2025-07-15
            [100] => 2025-07-16
            [101] => 2025-07-18
            [102] => 2025-07-19
            [103] => 2025-07-20
            [104] => 2025-07-21
            [105] => 2025-07-22
            [106] => 2025-07-23
            [107] => 2025-07-24
            [108] => 2025-07-25
            [109] => 2025-07-26
            [110] => 2025-07-27
            [111] => 2025-07-28
            [112] => 2025-07-29
            [113] => 2025-07-30
            [114] => 2025-07-31
            [115] => 2025-08-01
            [116] => 2025-08-02
            [117] => 2025-08-03
            [118] => 2025-08-04
            [119] => 2025-08-05
            [120] => 2025-08-06
            [121] => 2025-08-07
            [122] => 2025-08-08
            [123] => 2025-08-09
            [124] => 2025-08-10
            [125] => 2025-08-11
            [126] => 2025-08-12
            [127] => 2025-08-13
            [128] => 2025-08-14
            [129] => 2025-08-16
            [130] => 2025-08-17
            [131] => 2025-08-18
            [132] => 2025-08-20
            [133] => 2025-08-21
            [134] => 2025-08-22
            [135] => 2025-08-23
            [136] => 2025-08-24
            [137] => 2025-08-25
            [138] => 2025-08-26
            [139] => 2025-08-27
            [140] => 2025-08-28
            [141] => 2025-08-29
            [142] => 2025-08-30
            [143] => 2025-08-31
            [144] => 2025-09-01
            [145] => 2025-09-02
            [146] => 2025-09-03
            [147] => 2025-09-04
            [148] => 2025-09-05
            [149] => 2025-09-06
            [150] => 2025-09-08
            [151] => 2025-09-09
            [152] => 2025-09-10
            [153] => 2025-09-11
            [154] => 2025-09-12
            [155] => 2025-09-13
            [156] => 2025-09-14
            [157] => 2025-09-15
            [158] => 2025-09-16
            [159] => 2025-09-17
            [160] => 2025-09-18
            [161] => 2025-09-19
            [162] => 2025-09-20
            [163] => 2025-09-21
            [164] => 2025-09-22
            [165] => 2025-09-23
            [166] => 2025-09-24
            [167] => 2025-09-25
            [168] => 2025-09-26
            [169] => 2025-09-27
            [170] => 2025-09-28
            [171] => 2025-09-29
            [172] => 2025-09-30
            [173] => 2025-10-01
            [174] => 2025-10-03
            [175] => 2025-10-04
            [176] => 2025-10-05
            [177] => 2025-10-06
            [178] => 2025-10-07
            [179] => 2025-10-08
            [180] => 2025-10-09
            [181] => 2025-10-10
            [182] => 2025-10-11
            [183] => 2025-10-13
            [184] => 2025-10-14
            [185] => 2025-10-15
            [186] => 2025-10-16
            [187] => 2025-10-17
            [188] => 2025-10-18
            [189] => 2025-10-19
            [190] => 2025-10-20
            [191] => 2025-10-21
            [192] => 2025-10-22
            [193] => 2025-10-23
            [194] => 2025-10-24
            [195] => 2025-10-25
            [196] => 2025-10-26
            [197] => 2025-10-28
            [198] => 2025-10-29
            [199] => 2025-10-30
            [200] => 2025-11-01
            [201] => 2025-11-02
            [202] => 2025-11-03
            [203] => 2025-11-04
            [204] => 2025-11-05
            [205] => 2025-11-06
            [206] => 2025-11-07
            [207] => 2025-11-08
            [208] => 2025-11-09
            [209] => 2025-11-11
            [210] => 2025-11-12
            [211] => 2025-11-13
            [212] => 2025-11-14
            [213] => 2025-11-15
            [214] => 2025-11-16
            [215] => 2025-11-17
            [216] => 2025-11-18
            [217] => 2025-11-19
            [218] => 2025-11-20
            [219] => 2025-11-21
            [220] => 2025-11-22
            [221] => 2025-11-23
            [222] => 2025-11-24
            [223] => 2025-11-25
            [224] => 2025-11-26
            [225] => 2025-11-27
            [226] => 2025-11-28
            [227] => 2025-11-29
            [228] => 2025-11-30
            [229] => 2025-12-01
            [230] => 2025-12-02
            [231] => 2025-12-03
            [232] => 2025-12-04
            [233] => 2025-12-05
            [234] => 2025-12-06
            [235] => 2025-12-07
            [236] => 2025-12-08
            [237] => 2025-12-09
            [238] => 2025-12-10
            [239] => 2025-12-11
            [240] => 2025-12-12
            [241] => 2025-12-13
            [242] => 2025-12-14
            [243] => 2025-12-15
            [244] => 2025-12-16
            [245] => 2025-12-17
            [246] => 2025-12-18
            [247] => 2025-12-19
            [248] => 2025-12-20
            [249] => 2025-12-21
            [250] => 2025-12-22
            [251] => 2025-12-23
            [252] => 2025-12-24
            [253] => 2025-12-26
            [254] => 2025-12-27
            [255] => 2025-12-28
            [256] => 2025-12-29
            [257] => 2025-12-30
            [258] => 2025-12-31
            [259] => 2026-01-01
            [260] => 2026-01-02
            [261] => 2026-01-03
            [262] => 2026-01-04
            [263] => 2026-01-05
            [264] => 2026-01-06
            [265] => 2026-01-07
            [266] => 2026-01-08
            [267] => 2026-01-09
            [268] => 2026-01-10
            [269] => 2026-01-11
            [270] => 2026-01-12
            [271] => 2026-01-13
            [272] => 2026-01-15
            [273] => 2026-01-16
            [274] => 2026-01-17
            [275] => 2026-01-18
            [276] => 2026-01-19
            [277] => 2026-01-20
            [278] => 2026-01-21
            [279] => 2026-01-22
            [280] => 2026-01-23
            [281] => 2026-01-24
            [282] => 2026-01-25
            [283] => 2026-01-27
            [284] => 2026-01-28
            [285] => 2026-01-29
            [286] => 2026-01-30
            [287] => 2026-01-31
            [288] => 2026-02-01
            [289] => 2026-02-02
            [290] => 2026-02-03
            [291] => 2026-02-04
            [292] => 2026-02-05
            [293] => 2026-02-06
            [294] => 2026-02-07
            [295] => 2026-02-08
            [296] => 2026-02-09
            [297] => 2026-02-10
            [298] => 2026-02-11
            [299] => 2026-02-12
            [300] => 2026-02-13
            [301] => 2026-02-14
            [302] => 2026-02-15
            [303] => 2026-02-16
            [304] => 2026-02-17
            [305] => 2026-02-18
            [306] => 2026-02-19
            [307] => 2026-02-20
            [308] => 2026-02-22
            [309] => 2026-02-23
            [310] => 2026-02-24
            [311] => 2026-02-25
            [312] => 2026-02-26
            [313] => 2026-02-27
            [314] => 2026-02-28
            [315] => 2026-03-01
            [316] => 2026-03-02
        )

    [unavailable_dates] => Array
        (
            [0] => 2025-04-02
            [1] => 2025-04-14
            [2] => 2025-04-17
            [3] => 2025-05-01
            [4] => 2025-05-12
            [5] => 2025-06-17
            [6] => 2025-07-17
            [7] => 2025-08-15
            [8] => 2025-08-19
            [9] => 2025-09-07
            [10] => 2025-10-02
            [11] => 2025-10-12
            [12] => 2025-10-27
            [13] => 2025-10-31
            [14] => 2025-11-10
            [15] => 2025-12-25
            [16] => 2026-01-14
            [17] => 2026-01-26
            [18] => 2026-02-21
        )

    [dry_dates] => Array
        (
            [0] => 2025-04-02
            [1] => 2025-04-14
            [2] => 2025-04-17
            [3] => 2025-05-01
            [4] => 2025-05-12
            [5] => 2025-06-17
            [6] => 2025-07-17
            [7] => 2025-08-15
            [8] => 2025-08-19
            [9] => 2025-09-07
            [10] => 2025-10-02
            [11] => 2025-10-12
            [12] => 2025-10-27
            [13] => 2025-10-31
            [14] => 2025-11-10
            [15] => 2025-12-25
            [16] => 2026-01-14
            [17] => 2026-01-26
            [18] => 2026-02-21
        )

    [latest_global_sale] => 
)

[2026-03-02 19:04:24] [INFO] Session quantity updated: SCMPL0010694 = 0
[2026-03-02 19:04:24] [INFO] Session quantity updated: SCMPL0010694 = 0
[2026-03-02 19:04:25] [INFO] Session quantity updated: SCMPL0010694 = 46
[2026-03-02 19:04:33] [INFO] === PAGE ACCESS ===
[2026-03-02 19:04:33] [INFO] Request method: GET
[2026-03-02 19:04:33] [INFO] Search term: ''
[2026-03-02 19:04:33] [INFO] Current session ID: r7snqdvnj9d53nrjdp6fumi3ld
[2026-03-02 19:04:33] [INFO] Final session quantities count: 1
[2026-03-02 19:04:33] [INFO] Items in current view: 50
[2026-03-02 19:04:33] [INFO] Sales Page Load Debug Info:
Array
(
    [total_items] => 94
    [current_page] => 1
    [total_pages] => 2
    [session_quantities_count] => 1
    [post_quantities_count] => 0
    [date_range] => 2026-03-02 to 2026-03-02
    [days_count] => 1
    [user_id] => 1
    [comp_id] => 1
    [license_type] => FL-II
    [allowed_classes] => Array
        (
            [0] => W
            [1] => V
            [2] => M
            [3] => F
            [4] => D
            [5] => K
            [6] => G
            [7] => R
            [8] => O
        )

    [end_date_day] => 02
    [closing_column] => DAY_02_CLOSING
    [end_date_month] => 2026-03
    [stock_filter] => > 0
    [daily_stock_table] => tbldailystock_1
    [table_suffix] => 
    [current_month] => 2026-03
    [has_restrictions] => 
    [available_dates] => Array
        (
            [0] => 2026-03-02
        )

    [unavailable_dates] => Array
        (
        )

    [dry_dates] => Array
        (
        )

    [latest_global_sale] => 
)

[2026-03-02 19:04:37] [INFO] === PAGE ACCESS ===
[2026-03-02 19:04:37] [INFO] Request method: GET
[2026-03-02 19:04:37] [INFO] Search term: ''
[2026-03-02 19:04:37] [INFO] Current session ID: r7snqdvnj9d53nrjdp6fumi3ld
[2026-03-02 19:04:37] [INFO] GLOBAL CHECK: Latest existing sale: 2026-03-02
[2026-03-02 19:04:37] [INFO] Available dates: 
[2026-03-02 19:04:37] [INFO] Unavailable dates (has existing sales): 2026-03-02
[2026-03-02 19:04:37] [INFO] Final session quantities count: 0
[2026-03-02 19:04:37] [INFO] Items in current view: 50
[2026-03-02 19:04:37] [INFO] Sales Page Load Debug Info:
Array
(
    [total_items] => 93
    [current_page] => 1
    [total_pages] => 2
    [session_quantities_count] => 0
    [post_quantities_count] => 0
    [date_range] => 2026-03-02 to 2026-03-02
    [days_count] => 1
    [user_id] => 1
    [comp_id] => 1
    [license_type] => FL-II
    [allowed_classes] => Array
        (
            [0] => W
            [1] => V
            [2] => M
            [3] => F
            [4] => D
            [5] => K
            [6] => G
            [7] => R
            [8] => O
        )

    [end_date_day] => 02
    [closing_column] => DAY_02_CLOSING
    [end_date_month] => 2026-03
    [stock_filter] => > 0
    [daily_stock_table] => tbldailystock_1
    [table_suffix] => 
    [current_month] => 2026-03
    [has_restrictions] => 1
    [available_dates] => Array
        (
        )

    [unavailable_dates] => Array
        (
            [0] => 2026-03-02
        )

    [dry_dates] => Array
        (
        )

    [latest_global_sale] => 2026-03-02
)

[2026-03-02 19:21:49] [INFO] === PAGE ACCESS ===
[2026-03-02 19:21:49] [INFO] Request method: GET
[2026-03-02 19:21:49] [INFO] Search term: ''
[2026-03-02 19:21:49] [INFO] Current session ID: 5mh9sdeemmhjs6gi33ngi2s32a
[2026-03-02 19:22:20] [INFO] === PAGE ACCESS ===
[2026-03-02 19:22:20] [INFO] Request method: GET
[2026-03-02 19:22:20] [INFO] Search term: ''
[2026-03-02 19:22:20] [INFO] Current session ID: 0bl31fkqbnm1j053e39s5p8eqn
[2026-03-02 19:22:20] [INFO] Final session quantities count: 0
[2026-03-02 19:22:20] [INFO] Items in current view: 0
[2026-03-02 19:22:20] [INFO] Sales Page Load Debug Info:
Array
(
    [total_items] => 0
    [current_page] => 1
    [total_pages] => 0
    [session_quantities_count] => 0
    [post_quantities_count] => 0
    [date_range] => 2020-04-01 00:00:00 to 2021-03-31 23:59:59
    [days_count] => 366
    [user_id] => 2
    [comp_id] => 2
    [license_type] => FL-II
    [allowed_classes] => Array
        (
            [0] => W
            [1] => V
            [2] => M
            [3] => F
            [4] => D
            [5] => K
            [6] => G
            [7] => R
            [8] => O
        )

    [end_date_day] => 31
    [closing_column] => DAY_31_CLOSING
    [end_date_month] => 2021-03
    [stock_filter] => > 0
    [daily_stock_table] => tbldailystock_2_03_21
    [table_suffix] => _03_21
    [current_month] => 2026-03
    [has_restrictions] => 
    [available_dates] => Array
        (
            [0] => 2020-04-01
            [1] => 2020-04-02
            [2] => 2020-04-03
            [3] => 2020-04-04
            [4] => 2020-04-05
            [5] => 2020-04-06
            [6] => 2020-04-07
            [7] => 2020-04-08
            [8] => 2020-04-09
            [9] => 2020-04-10
            [10] => 2020-04-11
            [11] => 2020-04-12
            [12] => 2020-04-13
            [13] => 2020-04-14
            [14] => 2020-04-15
            [15] => 2020-04-16
            [16] => 2020-04-17
            [17] => 2020-04-18
            [18] => 2020-04-19
            [19] => 2020-04-20
            [20] => 2020-04-21
            [21] => 2020-04-22
            [22] => 2020-04-23
            [23] => 2020-04-24
            [24] => 2020-04-25
            [25] => 2020-04-26
            [26] => 2020-04-27
            [27] => 2020-04-28
            [28] => 2020-04-29
            [29] => 2020-04-30
            [30] => 2020-05-01
            [31] => 2020-05-02
            [32] => 2020-05-03
            [33] => 2020-05-04
            [34] => 2020-05-05
            [35] => 2020-05-06
            [36] => 2020-05-07
            [37] => 2020-05-08
            [38] => 2020-05-09
            [39] => 2020-05-10
            [40] => 2020-05-11
            [41] => 2020-05-12
            [42] => 2020-05-13
            [43] => 2020-05-14
            [44] => 2020-05-15
            [45] => 2020-05-16
            [46] => 2020-05-17
            [47] => 2020-05-18
            [48] => 2020-05-19
            [49] => 2020-05-20
            [50] => 2020-05-21
            [51] => 2020-05-22
            [52] => 2020-05-23
            [53] => 2020-05-24
            [54] => 2020-05-25
            [55] => 2020-05-26
            [56] => 2020-05-27
            [57] => 2020-05-28
            [58] => 2020-05-29
            [59] => 2020-05-30
            [60] => 2020-05-31
            [61] => 2020-06-01
            [62] => 2020-06-02
            [63] => 2020-06-03
            [64] => 2020-06-04
            [65] => 2020-06-05
            [66] => 2020-06-06
            [67] => 2020-06-07
            [68] => 2020-06-08
            [69] => 2020-06-09
            [70] => 2020-06-10
            [71] => 2020-06-11
            [72] => 2020-06-12
            [73] => 2020-06-13
            [74] => 2020-06-14
            [75] => 2020-06-15
            [76] => 2020-06-16
            [77] => 2020-06-17
            [78] => 2020-06-18
            [79] => 2020-06-19
            [80] => 2020-06-20
            [81] => 2020-06-21
            [82] => 2020-06-22
            [83] => 2020-06-23
            [84] => 2020-06-24
            [85] => 2020-06-25
            [86] => 2020-06-26
            [87] => 2020-06-27
            [88] => 2020-06-28
            [89] => 2020-06-29
            [90] => 2020-06-30
            [91] => 2020-07-01
            [92] => 2020-07-02
            [93] => 2020-07-03
            [94] => 2020-07-04
            [95] => 2020-07-05
            [96] => 2020-07-06
            [97] => 2020-07-07
            [98] => 2020-07-08
            [99] => 2020-07-09
            [100] => 2020-07-10
            [101] => 2020-07-11
            [102] => 2020-07-12
            [103] => 2020-07-13
            [104] => 2020-07-14
            [105] => 2020-07-15
            [106] => 2020-07-16
            [107] => 2020-07-17
            [108] => 2020-07-18
            [109] => 2020-07-19
            [110] => 2020-07-20
            [111] => 2020-07-21
            [112] => 2020-07-22
            [113] => 2020-07-23
            [114] => 2020-07-24
            [115] => 2020-07-25
            [116] => 2020-07-26
            [117] => 2020-07-27
            [118] => 2020-07-28
            [119] => 2020-07-29
            [120] => 2020-07-30
            [121] => 2020-07-31
            [122] => 2020-08-01
            [123] => 2020-08-02
            [124] => 2020-08-03
            [125] => 2020-08-04
            [126] => 2020-08-05
            [127] => 2020-08-06
            [128] => 2020-08-07
            [129] => 2020-08-08
            [130] => 2020-08-09
            [131] => 2020-08-10
            [132] => 2020-08-11
            [133] => 2020-08-12
            [134] => 2020-08-13
            [135] => 2020-08-14
            [136] => 2020-08-15
            [137] => 2020-08-16
            [138] => 2020-08-17
            [139] => 2020-08-18
            [140] => 2020-08-19
            [141] => 2020-08-20
            [142] => 2020-08-21
            [143] => 2020-08-22
            [144] => 2020-08-23
            [145] => 2020-08-24
            [146] => 2020-08-25
            [147] => 2020-08-26
            [148] => 2020-08-27
            [149] => 2020-08-28
            [150] => 2020-08-29
            [151] => 2020-08-30
            [152] => 2020-08-31
            [153] => 2020-09-01
            [154] => 2020-09-02
            [155] => 2020-09-03
            [156] => 2020-09-04
            [157] => 2020-09-05
            [158] => 2020-09-06
            [159] => 2020-09-07
            [160] => 2020-09-08
            [161] => 2020-09-09
            [162] => 2020-09-10
            [163] => 2020-09-11
            [164] => 2020-09-12
            [165] => 2020-09-13
            [166] => 2020-09-14
            [167] => 2020-09-15
            [168] => 2020-09-16
            [169] => 2020-09-17
            [170] => 2020-09-18
            [171] => 2020-09-19
            [172] => 2020-09-20
            [173] => 2020-09-21
            [174] => 2020-09-22
            [175] => 2020-09-23
            [176] => 2020-09-24
            [177] => 2020-09-25
            [178] => 2020-09-26
            [179] => 2020-09-27
            [180] => 2020-09-28
            [181] => 2020-09-29
            [182] => 2020-09-30
            [183] => 2020-10-01
            [184] => 2020-10-02
            [185] => 2020-10-03
            [186] => 2020-10-04
            [187] => 2020-10-05
            [188] => 2020-10-06
            [189] => 2020-10-07
            [190] => 2020-10-08
            [191] => 2020-10-09
            [192] => 2020-10-10
            [193] => 2020-10-11
            [194] => 2020-10-12
            [195] => 2020-10-13
            [196] => 2020-10-14
            [197] => 2020-10-15
            [198] => 2020-10-16
            [199] => 2020-10-17
            [200] => 2020-10-18
            [201] => 2020-10-19
            [202] => 2020-10-20
            [203] => 2020-10-21
            [204] => 2020-10-22
            [205] => 2020-10-23
            [206] => 2020-10-24
            [207] => 2020-10-25
            [208] => 2020-10-26
            [209] => 2020-10-27
            [210] => 2020-10-28
            [211] => 2020-10-29
            [212] => 2020-10-30
            [213] => 2020-10-31
            [214] => 2020-11-01
            [215] => 2020-11-02
            [216] => 2020-11-03
            [217] => 2020-11-04
            [218] => 2020-11-05
            [219] => 2020-11-06
            [220] => 2020-11-07
            [221] => 2020-11-08
            [222] => 2020-11-09
            [223] => 2020-11-10
            [224] => 2020-11-11
            [225] => 2020-11-12
            [226] => 2020-11-13
            [227] => 2020-11-14
            [228] => 2020-11-15
            [229] => 2020-11-16
            [230] => 2020-11-17
            [231] => 2020-11-18
            [232] => 2020-11-19
            [233] => 2020-11-20
            [234] => 2020-11-21
            [235] => 2020-11-22
            [236] => 2020-11-23
            [237] => 2020-11-24
            [238] => 2020-11-25
            [239] => 2020-11-26
            [240] => 2020-11-27
            [241] => 2020-11-28
            [242] => 2020-11-29
            [243] => 2020-11-30
            [244] => 2020-12-01
            [245] => 2020-12-02
            [246] => 2020-12-03
            [247] => 2020-12-04
            [248] => 2020-12-05
            [249] => 2020-12-06
            [250] => 2020-12-07
            [251] => 2020-12-08
            [252] => 2020-12-09
            [253] => 2020-12-10
            [254] => 2020-12-11
            [255] => 2020-12-12
            [256] => 2020-12-13
            [257] => 2020-12-14
            [258] => 2020-12-15
            [259] => 2020-12-16
            [260] => 2020-12-17
            [261] => 2020-12-18
            [262] => 2020-12-19
            [263] => 2020-12-20
            [264] => 2020-12-21
            [265] => 2020-12-22
            [266] => 2020-12-23
            [267] => 2020-12-24
            [268] => 2020-12-25
            [269] => 2020-12-26
            [270] => 2020-12-27
            [271] => 2020-12-28
            [272] => 2020-12-29
            [273] => 2020-12-30
            [274] => 2020-12-31
            [275] => 2021-01-01
            [276] => 2021-01-02
            [277] => 2021-01-03
            [278] => 2021-01-04
            [279] => 2021-01-05
            [280] => 2021-01-06
            [281] => 2021-01-07
            [282] => 2021-01-08
            [283] => 2021-01-09
            [284] => 2021-01-10
            [285] => 2021-01-11
            [286] => 2021-01-12
            [287] => 2021-01-13
            [288] => 2021-01-14
            [289] => 2021-01-15
            [290] => 2021-01-16
            [291] => 2021-01-17
            [292] => 2021-01-18
            [293] => 2021-01-19
            [294] => 2021-01-20
            [295] => 2021-01-21
            [296] => 2021-01-22
            [297] => 2021-01-23
            [298] => 2021-01-24
            [299] => 2021-01-25
            [300] => 2021-01-26
            [301] => 2021-01-27
            [302] => 2021-01-28
            [303] => 2021-01-29
            [304] => 2021-01-30
            [305] => 2021-01-31
            [306] => 2021-02-01
            [307] => 2021-02-02
            [308] => 2021-02-03
            [309] => 2021-02-04
            [310] => 2021-02-05
            [311] => 2021-02-06
            [312] => 2021-02-07
            [313] => 2021-02-08
            [314] => 2021-02-09
            [315] => 2021-02-10
            [316] => 2021-02-11
            [317] => 2021-02-12
            [318] => 2021-02-13
            [319] => 2021-02-14
            [320] => 2021-02-15
            [321] => 2021-02-16
            [322] => 2021-02-17
            [323] => 2021-02-18
            [324] => 2021-02-19
            [325] => 2021-02-20
            [326] => 2021-02-21
            [327] => 2021-02-22
            [328] => 2021-02-23
            [329] => 2021-02-24
            [330] => 2021-02-25
            [331] => 2021-02-26
            [332] => 2021-02-27
            [333] => 2021-02-28
            [334] => 2021-03-01
            [335] => 2021-03-02
            [336] => 2021-03-03
            [337] => 2021-03-04
            [338] => 2021-03-05
            [339] => 2021-03-06
            [340] => 2021-03-07
            [341] => 2021-03-08
            [342] => 2021-03-09
            [343] => 2021-03-10
            [344] => 2021-03-11
            [345] => 2021-03-12
            [346] => 2021-03-13
            [347] => 2021-03-14
            [348] => 2021-03-15
            [349] => 2021-03-16
            [350] => 2021-03-17
            [351] => 2021-03-18
            [352] => 2021-03-19
            [353] => 2021-03-20
            [354] => 2021-03-21
            [355] => 2021-03-22
            [356] => 2021-03-23
            [357] => 2021-03-24
            [358] => 2021-03-25
            [359] => 2021-03-26
            [360] => 2021-03-27
            [361] => 2021-03-28
            [362] => 2021-03-29
            [363] => 2021-03-30
            [364] => 2021-03-31
            [365] => 2021-04-01
        )

    [unavailable_dates] => Array
        (
        )

    [dry_dates] => Array
        (
        )

    [latest_global_sale] => 
)

[2026-03-02 20:13:14] [INFO] === PAGE ACCESS ===
[2026-03-02 20:13:14] [INFO] Request method: GET
[2026-03-02 20:13:14] [INFO] Search term: ''
[2026-03-02 20:13:14] [INFO] Current session ID: 0bl31fkqbnm1j053e39s5p8eqn
[2026-03-02 20:13:15] [INFO] Final session quantities count: 0
[2026-03-02 20:13:15] [INFO] Items in current view: 0
[2026-03-02 20:13:15] [INFO] Sales Page Load Debug Info:
Array
(
    [total_items] => 0
    [current_page] => 1
    [total_pages] => 0
    [session_quantities_count] => 0
    [post_quantities_count] => 0
    [date_range] => 2020-04-01 00:00:00 to 2021-03-31 23:59:59
    [days_count] => 366
    [user_id] => 2
    [comp_id] => 2
    [license_type] => FL-II
    [allowed_classes] => Array
        (
            [0] => W
            [1] => V
            [2] => M
            [3] => F
            [4] => D
            [5] => K
            [6] => G
            [7] => R
            [8] => O
        )

    [end_date_day] => 31
    [closing_column] => DAY_31_CLOSING
    [end_date_month] => 2021-03
    [stock_filter] => > 0
    [daily_stock_table] => tbldailystock_2_03_21
    [table_suffix] => _03_21
    [current_month] => 2026-03
    [has_restrictions] => 
    [available_dates] => Array
        (
            [0] => 2020-04-01
            [1] => 2020-04-02
            [2] => 2020-04-03
            [3] => 2020-04-04
            [4] => 2020-04-05
            [5] => 2020-04-06
            [6] => 2020-04-07
            [7] => 2020-04-08
            [8] => 2020-04-09
            [9] => 2020-04-10
            [10] => 2020-04-11
            [11] => 2020-04-12
            [12] => 2020-04-13
            [13] => 2020-04-14
            [14] => 2020-04-15
            [15] => 2020-04-16
            [16] => 2020-04-17
            [17] => 2020-04-18
            [18] => 2020-04-19
            [19] => 2020-04-20
            [20] => 2020-04-21
            [21] => 2020-04-22
            [22] => 2020-04-23
            [23] => 2020-04-24
            [24] => 2020-04-25
            [25] => 2020-04-26
            [26] => 2020-04-27
            [27] => 2020-04-28
            [28] => 2020-04-29
            [29] => 2020-04-30
            [30] => 2020-05-01
            [31] => 2020-05-02
            [32] => 2020-05-03
            [33] => 2020-05-04
            [34] => 2020-05-05
            [35] => 2020-05-06
            [36] => 2020-05-07
            [37] => 2020-05-08
            [38] => 2020-05-09
            [39] => 2020-05-10
            [40] => 2020-05-11
            [41] => 2020-05-12
            [42] => 2020-05-13
            [43] => 2020-05-14
            [44] => 2020-05-15
            [45] => 2020-05-16
            [46] => 2020-05-17
            [47] => 2020-05-18
            [48] => 2020-05-19
            [49] => 2020-05-20
            [50] => 2020-05-21
            [51] => 2020-05-22
            [52] => 2020-05-23
            [53] => 2020-05-24
            [54] => 2020-05-25
            [55] => 2020-05-26
            [56] => 2020-05-27
            [57] => 2020-05-28
            [58] => 2020-05-29
            [59] => 2020-05-30
            [60] => 2020-05-31
            [61] => 2020-06-01
            [62] => 2020-06-02
            [63] => 2020-06-03
            [64] => 2020-06-04
            [65] => 2020-06-05
            [66] => 2020-06-06
            [67] => 2020-06-07
            [68] => 2020-06-08
            [69] => 2020-06-09
            [70] => 2020-06-10
            [71] => 2020-06-11
            [72] => 2020-06-12
            [73] => 2020-06-13
            [74] => 2020-06-14
            [75] => 2020-06-15
            [76] => 2020-06-16
            [77] => 2020-06-17
            [78] => 2020-06-18
            [79] => 2020-06-19
            [80] => 2020-06-20
            [81] => 2020-06-21
            [82] => 2020-06-22
            [83] => 2020-06-23
            [84] => 2020-06-24
            [85] => 2020-06-25
            [86] => 2020-06-26
            [87] => 2020-06-27
            [88] => 2020-06-28
            [89] => 2020-06-29
            [90] => 2020-06-30
            [91] => 2020-07-01
            [92] => 2020-07-02
            [93] => 2020-07-03
            [94] => 2020-07-04
            [95] => 2020-07-05
            [96] => 2020-07-06
            [97] => 2020-07-07
            [98] => 2020-07-08
            [99] => 2020-07-09
            [100] => 2020-07-10
            [101] => 2020-07-11
            [102] => 2020-07-12
            [103] => 2020-07-13
            [104] => 2020-07-14
            [105] => 2020-07-15
            [106] => 2020-07-16
            [107] => 2020-07-17
            [108] => 2020-07-18
            [109] => 2020-07-19
            [110] => 2020-07-20
            [111] => 2020-07-21
            [112] => 2020-07-22
            [113] => 2020-07-23
            [114] => 2020-07-24
            [115] => 2020-07-25
            [116] => 2020-07-26
            [117] => 2020-07-27
            [118] => 2020-07-28
            [119] => 2020-07-29
            [120] => 2020-07-30
            [121] => 2020-07-31
            [122] => 2020-08-01
            [123] => 2020-08-02
            [124] => 2020-08-03
            [125] => 2020-08-04
            [126] => 2020-08-05
            [127] => 2020-08-06
            [128] => 2020-08-07
            [129] => 2020-08-08
            [130] => 2020-08-09
            [131] => 2020-08-10
            [132] => 2020-08-11
            [133] => 2020-08-12
            [134] => 2020-08-13
            [135] => 2020-08-14
            [136] => 2020-08-15
            [137] => 2020-08-16
            [138] => 2020-08-17
            [139] => 2020-08-18
            [140] => 2020-08-19
            [141] => 2020-08-20
            [142] => 2020-08-21
            [143] => 2020-08-22
            [144] => 2020-08-23
            [145] => 2020-08-24
            [146] => 2020-08-25
            [147] => 2020-08-26
            [148] => 2020-08-27
            [149] => 2020-08-28
            [150] => 2020-08-29
            [151] => 2020-08-30
            [152] => 2020-08-31
            [153] => 2020-09-01
            [154] => 2020-09-02
            [155] => 2020-09-03
            [156] => 2020-09-04
            [157] => 2020-09-05
            [158] => 2020-09-06
            [159] => 2020-09-07
            [160] => 2020-09-08
            [161] => 2020-09-09
            [162] => 2020-09-10
            [163] => 2020-09-11
            [164] => 2020-09-12
            [165] => 2020-09-13
            [166] => 2020-09-14
            [167] => 2020-09-15
            [168] => 2020-09-16
            [169] => 2020-09-17
            [170] => 2020-09-18
            [171] => 2020-09-19
            [172] => 2020-09-20
            [173] => 2020-09-21
            [174] => 2020-09-22
            [175] => 2020-09-23
            [176] => 2020-09-24
            [177] => 2020-09-25
            [178] => 2020-09-26
            [179] => 2020-09-27
            [180] => 2020-09-28
            [181] => 2020-09-29
            [182] => 2020-09-30
            [183] => 2020-10-01
            [184] => 2020-10-02
            [185] => 2020-10-03
            [186] => 2020-10-04
            [187] => 2020-10-05
            [188] => 2020-10-06
            [189] => 2020-10-07
            [190] => 2020-10-08
            [191] => 2020-10-09
            [192] => 2020-10-10
            [193] => 2020-10-11
            [194] => 2020-10-12
            [195] => 2020-10-13
            [196] => 2020-10-14
            [197] => 2020-10-15
            [198] => 2020-10-16
            [199] => 2020-10-17
            [200] => 2020-10-18
            [201] => 2020-10-19
            [202] => 2020-10-20
            [203] => 2020-10-21
            [204] => 2020-10-22
            [205] => 2020-10-23
            [206] => 2020-10-24
            [207] => 2020-10-25
            [208] => 2020-10-26
            [209] => 2020-10-27
            [210] => 2020-10-28
            [211] => 2020-10-29
            [212] => 2020-10-30
            [213] => 2020-10-31
            [214] => 2020-11-01
            [215] => 2020-11-02
            [216] => 2020-11-03
            [217] => 2020-11-04
            [218] => 2020-11-05
            [219] => 2020-11-06
            [220] => 2020-11-07
            [221] => 2020-11-08
            [222] => 2020-11-09
            [223] => 2020-11-10
            [224] => 2020-11-11
            [225] => 2020-11-12
            [226] => 2020-11-13
            [227] => 2020-11-14
            [228] => 2020-11-15
            [229] => 2020-11-16
            [230] => 2020-11-17
            [231] => 2020-11-18
            [232] => 2020-11-19
            [233] => 2020-11-20
            [234] => 2020-11-21
            [235] => 2020-11-22
            [236] => 2020-11-23
            [237] => 2020-11-24
            [238] => 2020-11-25
            [239] => 2020-11-26
            [240] => 2020-11-27
            [241] => 2020-11-28
            [242] => 2020-11-29
            [243] => 2020-11-30
            [244] => 2020-12-01
            [245] => 2020-12-02
            [246] => 2020-12-03
            [247] => 2020-12-04
            [248] => 2020-12-05
            [249] => 2020-12-06
            [250] => 2020-12-07
            [251] => 2020-12-08
            [252] => 2020-12-09
            [253] => 2020-12-10
            [254] => 2020-12-11
            [255] => 2020-12-12
            [256] => 2020-12-13
            [257] => 2020-12-14
            [258] => 2020-12-15
            [259] => 2020-12-16
            [260] => 2020-12-17
            [261] => 2020-12-18
            [262] => 2020-12-19
            [263] => 2020-12-20
            [264] => 2020-12-21
            [265] => 2020-12-22
            [266] => 2020-12-23
            [267] => 2020-12-24
            [268] => 2020-12-25
            [269] => 2020-12-26
            [270] => 2020-12-27
            [271] => 2020-12-28
            [272] => 2020-12-29
            [273] => 2020-12-30
            [274] => 2020-12-31
            [275] => 2021-01-01
            [276] => 2021-01-02
            [277] => 2021-01-03
            [278] => 2021-01-04
            [279] => 2021-01-05
            [280] => 2021-01-06
            [281] => 2021-01-07
            [282] => 2021-01-08
            [283] => 2021-01-09
            [284] => 2021-01-10
            [285] => 2021-01-11
            [286] => 2021-01-12
            [287] => 2021-01-13
            [288] => 2021-01-14
            [289] => 2021-01-15
            [290] => 2021-01-16
            [291] => 2021-01-17
            [292] => 2021-01-18
            [293] => 2021-01-19
            [294] => 2021-01-20
            [295] => 2021-01-21
            [296] => 2021-01-22
            [297] => 2021-01-23
            [298] => 2021-01-24
            [299] => 2021-01-25
            [300] => 2021-01-26
            [301] => 2021-01-27
            [302] => 2021-01-28
            [303] => 2021-01-29
            [304] => 2021-01-30
            [305] => 2021-01-31
            [306] => 2021-02-01
            [307] => 2021-02-02
            [308] => 2021-02-03
            [309] => 2021-02-04
            [310] => 2021-02-05
            [311] => 2021-02-06
            [312] => 2021-02-07
            [313] => 2021-02-08
            [314] => 2021-02-09
            [315] => 2021-02-10
            [316] => 2021-02-11
            [317] => 2021-02-12
            [318] => 2021-02-13
            [319] => 2021-02-14
            [320] => 2021-02-15
            [321] => 2021-02-16
            [322] => 2021-02-17
            [323] => 2021-02-18
            [324] => 2021-02-19
            [325] => 2021-02-20
            [326] => 2021-02-21
            [327] => 2021-02-22
            [328] => 2021-02-23
            [329] => 2021-02-24
            [330] => 2021-02-25
            [331] => 2021-02-26
            [332] => 2021-02-27
            [333] => 2021-02-28
            [334] => 2021-03-01
            [335] => 2021-03-02
            [336] => 2021-03-03
            [337] => 2021-03-04
            [338] => 2021-03-05
            [339] => 2021-03-06
            [340] => 2021-03-07
            [341] => 2021-03-08
            [342] => 2021-03-09
            [343] => 2021-03-10
            [344] => 2021-03-11
            [345] => 2021-03-12
            [346] => 2021-03-13
            [347] => 2021-03-14
            [348] => 2021-03-15
            [349] => 2021-03-16
            [350] => 2021-03-17
            [351] => 2021-03-18
            [352] => 2021-03-19
            [353] => 2021-03-20
            [354] => 2021-03-21
            [355] => 2021-03-22
            [356] => 2021-03-23
            [357] => 2021-03-24
            [358] => 2021-03-25
            [359] => 2021-03-26
            [360] => 2021-03-27
            [361] => 2021-03-28
            [362] => 2021-03-29
            [363] => 2021-03-30
            [364] => 2021-03-31
            [365] => 2021-04-01
        )

    [unavailable_dates] => Array
        (
        )

    [dry_dates] => Array
        (
        )

    [latest_global_sale] => 
)

[2026-03-02 20:13:38] [INFO] === PAGE ACCESS ===
[2026-03-02 20:13:38] [INFO] Request method: GET
[2026-03-02 20:13:38] [INFO] Search term: ''
[2026-03-02 20:13:38] [INFO] Current session ID: 0bl31fkqbnm1j053e39s5p8eqn
[2026-03-02 20:13:38] [INFO] Final session quantities count: 0
[2026-03-02 20:13:38] [INFO] Items in current view: 11
[2026-03-02 20:13:38] [INFO] Sales Page Load Debug Info:
Array
(
    [total_items] => 11
    [current_page] => 1
    [total_pages] => 1
    [session_quantities_count] => 0
    [post_quantities_count] => 0
    [date_range] => 2020-05-15 to 2020-06-15
    [days_count] => 32
    [user_id] => 2
    [comp_id] => 2
    [license_type] => FL-II
    [allowed_classes] => Array
        (
            [0] => W
            [1] => V
            [2] => M
            [3] => F
            [4] => D
            [5] => K
            [6] => G
            [7] => R
            [8] => O
        )

    [end_date_day] => 15
    [closing_column] => DAY_15_CLOSING
    [end_date_month] => 2020-06
    [stock_filter] => > 0
    [daily_stock_table] => tbldailystock_2_06_20
    [table_suffix] => _06_20
    [current_month] => 2026-03
    [has_restrictions] => 
    [available_dates] => Array
        (
            [0] => 2020-05-15
            [1] => 2020-05-16
            [2] => 2020-05-17
            [3] => 2020-05-18
            [4] => 2020-05-19
            [5] => 2020-05-20
            [6] => 2020-05-21
            [7] => 2020-05-22
            [8] => 2020-05-23
            [9] => 2020-05-24
            [10] => 2020-05-25
            [11] => 2020-05-26
            [12] => 2020-05-27
            [13] => 2020-05-28
            [14] => 2020-05-29
            [15] => 2020-05-30
            [16] => 2020-05-31
            [17] => 2020-06-01
            [18] => 2020-06-02
            [19] => 2020-06-03
            [20] => 2020-06-04
            [21] => 2020-06-05
            [22] => 2020-06-06
            [23] => 2020-06-07
            [24] => 2020-06-08
            [25] => 2020-06-09
            [26] => 2020-06-10
            [27] => 2020-06-11
            [28] => 2020-06-12
            [29] => 2020-06-13
            [30] => 2020-06-14
            [31] => 2020-06-15
        )

    [unavailable_dates] => Array
        (
        )

    [dry_dates] => Array
        (
        )

    [latest_global_sale] => 
)

[2026-03-02 20:13:44] [INFO] Session quantity updated: SCMPL0022277 = 240
[2026-03-02 20:13:44] [INFO] Session quantity updated: SCMPL0022277 = 240
[2026-03-02 20:13:46] [INFO] Session quantity updated: SCMPL0022277 = 228
[2026-03-02 20:13:46] [INFO] Session quantity updated: SCMPL0022277 = 228
[2026-03-02 20:13:47] [INFO] Session quantity updated: SCMPL0022277 = 120
[2026-03-02 20:13:47] [INFO] Session quantity updated: SCMPL0022277 = 120
[2026-03-02 20:13:49] [INFO] Session quantity updated: SCMPL0022276 = 265
[2026-03-02 20:13:49] [INFO] Session quantity updated: SCMPL0022276 = 265
[2026-03-02 20:13:51] [INFO] Session quantity updated: SCMPL0025692 = 217
[2026-03-02 20:13:51] [INFO] Session quantity updated: SCMPL0025692 = 217
[2026-03-02 20:13:52] [INFO] Session quantity updated: SCMPL0009770 = 476
[2026-03-02 20:13:52] [INFO] Session quantity updated: SCMPL0009770 = 436
[2026-03-02 20:13:52] [INFO] Session quantity updated: SCMPL0009770 = 436
[2026-03-02 20:13:53] [INFO] Session quantity updated: SCMPL0025692 = 237
[2026-03-02 20:13:53] [INFO] Session quantity updated: SCMPL0025692 = 237
[2026-03-02 20:13:54] [INFO] Session quantity updated: SCMPL0025692 = 208
[2026-03-02 20:13:54] [INFO] Session quantity updated: SCMPL0025692 = 208
[2026-03-02 20:13:54] [INFO] Session quantity updated: SCMPL0025692 = 0
[2026-03-02 20:13:54] [INFO] Session quantity updated: SCMPL0025692 = 0
[2026-03-02 20:13:56] [INFO] Session quantity updated: SCMPL0025692 = 216
[2026-03-02 20:13:56] [INFO] Session quantity updated: SCMPL0025692 = 216
[2026-03-02 20:13:56] [INFO] Session quantity updated: SCMPL0025692 = 0
[2026-03-02 20:13:57] [INFO] Session quantity updated: SCMPL0025692 = 0
[2026-03-02 20:13:57] [INFO] Session quantity updated: SCMPL0025692 = 216
[2026-03-02 20:13:57] [INFO] Session quantity updated: SCMPL0025692 = 0
[2026-03-02 20:13:58] [INFO] Session quantity updated: SCMPL0025692 = 216
[2026-03-02 20:13:58] [INFO] Session quantity updated: SCMPL0025692 = 216
[2026-03-02 20:13:58] [INFO] Session quantity updated: SCMPL0025692 = 238
[2026-03-02 20:13:59] [INFO] Session quantity updated: SCMPL0025692 = 238
[2026-03-02 20:13:59] [INFO] Session quantity updated: SCMPL0025692 = 240
[2026-03-02 20:13:59] [INFO] Session quantity updated: SCMPL0025692 = 240
[2026-03-02 20:13:59] [INFO] Session quantity updated: SCMPL0025692 = 238
[2026-03-02 20:14:00] [INFO] Session quantity updated: SCMPL0025692 = 217
[2026-03-02 20:14:00] [INFO] Session quantity updated: SCMPL0025692 = 217
[2026-03-02 20:14:01] [INFO] Session quantity updated: SCMPL0025692 = 240
[2026-03-02 20:14:02] [INFO] Session quantity updated: SCMPL0025692 = 240
[2026-03-02 20:14:02] [INFO] Session quantity updated: SCMPL0025692 = 236
[2026-03-02 20:14:02] [INFO] Session quantity updated: SCMPL0025692 = 195
[2026-03-02 20:14:02] [INFO] Session quantity updated: SCMPL0025692 = 195
[2026-03-02 20:14:11] [INFO] === PAGE ACCESS ===
[2026-03-02 20:14:11] [INFO] Request method: GET
[2026-03-02 20:14:11] [INFO] Search term: ''
[2026-03-02 20:14:11] [INFO] Current session ID: 0bl31fkqbnm1j053e39s5p8eqn
[2026-03-02 20:14:11] [INFO] GLOBAL CHECK: Latest existing sale: 2020-06-15
[2026-03-02 20:14:11] [INFO] Available dates: 
[2026-03-02 20:14:11] [INFO] Unavailable dates (has existing sales): 2020-05-15, 2020-05-16, 2020-05-17, 2020-05-18, 2020-05-19, 2020-05-20, 2020-05-21, 2020-05-22, 2020-05-23, 2020-05-24, 2020-05-25, 2020-05-26, 2020-05-27, 2020-05-28, 2020-05-29, 2020-05-30, 2020-05-31, 2020-06-01, 2020-06-02, 2020-06-03, 2020-06-04, 2020-06-05, 2020-06-06, 2020-06-07, 2020-06-08, 2020-06-09, 2020-06-10, 2020-06-11, 2020-06-12, 2020-06-13, 2020-06-14, 2020-06-15
[2026-03-02 20:14:11] [INFO] Final session quantities count: 0
[2026-03-02 20:14:11] [INFO] Items in current view: 11
[2026-03-02 20:14:11] [INFO] Sales Page Load Debug Info:
Array
(
    [total_items] => 11
    [current_page] => 1
    [total_pages] => 1
    [session_quantities_count] => 0
    [post_quantities_count] => 0
    [date_range] => 2020-05-15 to 2020-06-15
    [days_count] => 32
    [user_id] => 2
    [comp_id] => 2
    [license_type] => FL-II
    [allowed_classes] => Array
        (
            [0] => W
            [1] => V
            [2] => M
            [3] => F
            [4] => D
            [5] => K
            [6] => G
            [7] => R
            [8] => O
        )

    [end_date_day] => 15
    [closing_column] => DAY_15_CLOSING
    [end_date_month] => 2020-06
    [stock_filter] => > 0
    [daily_stock_table] => tbldailystock_2_06_20
    [table_suffix] => _06_20
    [current_month] => 2026-03
    [has_restrictions] => 1
    [available_dates] => Array
        (
        )

    [unavailable_dates] => Array
        (
            [0] => 2020-05-15
            [1] => 2020-05-16
            [2] => 2020-05-17
            [3] => 2020-05-18
            [4] => 2020-05-19
            [5] => 2020-05-20
            [6] => 2020-05-21
            [7] => 2020-05-22
            [8] => 2020-05-23
            [9] => 2020-05-24
            [10] => 2020-05-25
            [11] => 2020-05-26
            [12] => 2020-05-27
            [13] => 2020-05-28
            [14] => 2020-05-29
            [15] => 2020-05-30
            [16] => 2020-05-31
            [17] => 2020-06-01
            [18] => 2020-06-02
            [19] => 2020-06-03
            [20] => 2020-06-04
            [21] => 2020-06-05
            [22] => 2020-06-06
            [23] => 2020-06-07
            [24] => 2020-06-08
            [25] => 2020-06-09
            [26] => 2020-06-10
            [27] => 2020-06-11
            [28] => 2020-06-12
            [29] => 2020-06-13
            [30] => 2020-06-14
            [31] => 2020-06-15
        )

    [dry_dates] => Array
        (
        )

    [latest_global_sale] => 2020-06-15
)

[2026-03-02 20:31:34] [INFO] === PAGE ACCESS ===
[2026-03-02 20:31:34] [INFO] Request method: GET
[2026-03-02 20:31:34] [INFO] Search term: ''
[2026-03-02 20:31:34] [INFO] Current session ID: 5mh9sdeemmhjs6gi33ngi2s32a
[2026-03-02 20:31:34] [INFO] DRY DAYS FOUND: 2025-04-02, 2025-04-14, 2025-04-17, 2025-05-01, 2025-05-12, 2025-06-17, 2025-07-17, 2025-08-15, 2025-08-19, 2025-09-07, 2025-10-02, 2025-10-12, 2025-10-27, 2025-10-31, 2025-11-10, 2025-12-25, 2026-01-14, 2026-01-26, 2026-02-21
[2026-03-02 20:31:34] [INFO] Final session quantities count: 0
[2026-03-02 20:31:34] [INFO] Items in current view: 50
[2026-03-02 20:31:34] [INFO] Sales Page Load Debug Info:
Array
(
    [total_items] => 94
    [current_page] => 1
    [total_pages] => 2
    [session_quantities_count] => 0
    [post_quantities_count] => 0
    [date_range] => 2025-04-01 12:24:30 to 2026-03-02
    [days_count] => 336
    [user_id] => 1
    [comp_id] => 1
    [license_type] => FL-II
    [allowed_classes] => Array
        (
            [0] => W
            [1] => V
            [2] => M
            [3] => F
            [4] => D
            [5] => K
            [6] => G
            [7] => R
            [8] => O
        )

    [end_date_day] => 02
    [closing_column] => DAY_02_CLOSING
    [end_date_month] => 2026-03
    [stock_filter] => > 0
    [daily_stock_table] => tbldailystock_1
    [table_suffix] => 
    [current_month] => 2026-03
    [has_restrictions] => 1
    [available_dates] => Array
        (
            [0] => 2025-04-01
            [1] => 2025-04-03
            [2] => 2025-04-04
            [3] => 2025-04-05
            [4] => 2025-04-06
            [5] => 2025-04-07
            [6] => 2025-04-08
            [7] => 2025-04-09
            [8] => 2025-04-10
            [9] => 2025-04-11
            [10] => 2025-04-12
            [11] => 2025-04-13
            [12] => 2025-04-15
            [13] => 2025-04-16
            [14] => 2025-04-18
            [15] => 2025-04-19
            [16] => 2025-04-20
            [17] => 2025-04-21
            [18] => 2025-04-22
            [19] => 2025-04-23
            [20] => 2025-04-24
            [21] => 2025-04-25
            [22] => 2025-04-26
            [23] => 2025-04-27
            [24] => 2025-04-28
            [25] => 2025-04-29
            [26] => 2025-04-30
            [27] => 2025-05-02
            [28] => 2025-05-03
            [29] => 2025-05-04
            [30] => 2025-05-05
            [31] => 2025-05-06
            [32] => 2025-05-07
            [33] => 2025-05-08
            [34] => 2025-05-09
            [35] => 2025-05-10
            [36] => 2025-05-11
            [37] => 2025-05-13
            [38] => 2025-05-14
            [39] => 2025-05-15
            [40] => 2025-05-16
            [41] => 2025-05-17
            [42] => 2025-05-18
            [43] => 2025-05-19
            [44] => 2025-05-20
            [45] => 2025-05-21
            [46] => 2025-05-22
            [47] => 2025-05-23
            [48] => 2025-05-24
            [49] => 2025-05-25
            [50] => 2025-05-26
            [51] => 2025-05-27
            [52] => 2025-05-28
            [53] => 2025-05-29
            [54] => 2025-05-30
            [55] => 2025-05-31
            [56] => 2025-06-01
            [57] => 2025-06-02
            [58] => 2025-06-03
            [59] => 2025-06-04
            [60] => 2025-06-05
            [61] => 2025-06-06
            [62] => 2025-06-07
            [63] => 2025-06-08
            [64] => 2025-06-09
            [65] => 2025-06-10
            [66] => 2025-06-11
            [67] => 2025-06-12
            [68] => 2025-06-13
            [69] => 2025-06-14
            [70] => 2025-06-15
            [71] => 2025-06-16
            [72] => 2025-06-18
            [73] => 2025-06-19
            [74] => 2025-06-20
            [75] => 2025-06-21
            [76] => 2025-06-22
            [77] => 2025-06-23
            [78] => 2025-06-24
            [79] => 2025-06-25
            [80] => 2025-06-26
            [81] => 2025-06-27
            [82] => 2025-06-28
            [83] => 2025-06-29
            [84] => 2025-06-30
            [85] => 2025-07-01
            [86] => 2025-07-02
            [87] => 2025-07-03
            [88] => 2025-07-04
            [89] => 2025-07-05
            [90] => 2025-07-06
            [91] => 2025-07-07
            [92] => 2025-07-08
            [93] => 2025-07-09
            [94] => 2025-07-10
            [95] => 2025-07-11
            [96] => 2025-07-12
            [97] => 2025-07-13
            [98] => 2025-07-14
            [99] => 2025-07-15
            [100] => 2025-07-16
            [101] => 2025-07-18
            [102] => 2025-07-19
            [103] => 2025-07-20
            [104] => 2025-07-21
            [105] => 2025-07-22
            [106] => 2025-07-23
            [107] => 2025-07-24
            [108] => 2025-07-25
            [109] => 2025-07-26
            [110] => 2025-07-27
            [111] => 2025-07-28
            [112] => 2025-07-29
            [113] => 2025-07-30
            [114] => 2025-07-31
            [115] => 2025-08-01
            [116] => 2025-08-02
            [117] => 2025-08-03
            [118] => 2025-08-04
            [119] => 2025-08-05
            [120] => 2025-08-06
            [121] => 2025-08-07
            [122] => 2025-08-08
            [123] => 2025-08-09
            [124] => 2025-08-10
            [125] => 2025-08-11
            [126] => 2025-08-12
            [127] => 2025-08-13
            [128] => 2025-08-14
            [129] => 2025-08-16
            [130] => 2025-08-17
            [131] => 2025-08-18
            [132] => 2025-08-20
            [133] => 2025-08-21
            [134] => 2025-08-22
            [135] => 2025-08-23
            [136] => 2025-08-24
            [137] => 2025-08-25
            [138] => 2025-08-26
            [139] => 2025-08-27
            [140] => 2025-08-28
            [141] => 2025-08-29
            [142] => 2025-08-30
            [143] => 2025-08-31
            [144] => 2025-09-01
            [145] => 2025-09-02
            [146] => 2025-09-03
            [147] => 2025-09-04
            [148] => 2025-09-05
            [149] => 2025-09-06
            [150] => 2025-09-08
            [151] => 2025-09-09
            [152] => 2025-09-10
            [153] => 2025-09-11
            [154] => 2025-09-12
            [155] => 2025-09-13
            [156] => 2025-09-14
            [157] => 2025-09-15
            [158] => 2025-09-16
            [159] => 2025-09-17
            [160] => 2025-09-18
            [161] => 2025-09-19
            [162] => 2025-09-20
            [163] => 2025-09-21
            [164] => 2025-09-22
            [165] => 2025-09-23
            [166] => 2025-09-24
            [167] => 2025-09-25
            [168] => 2025-09-26
            [169] => 2025-09-27
            [170] => 2025-09-28
            [171] => 2025-09-29
            [172] => 2025-09-30
            [173] => 2025-10-01
            [174] => 2025-10-03
            [175] => 2025-10-04
            [176] => 2025-10-05
            [177] => 2025-10-06
            [178] => 2025-10-07
            [179] => 2025-10-08
            [180] => 2025-10-09
            [181] => 2025-10-10
            [182] => 2025-10-11
            [183] => 2025-10-13
            [184] => 2025-10-14
            [185] => 2025-10-15
            [186] => 2025-10-16
            [187] => 2025-10-17
            [188] => 2025-10-18
            [189] => 2025-10-19
            [190] => 2025-10-20
            [191] => 2025-10-21
            [192] => 2025-10-22
            [193] => 2025-10-23
            [194] => 2025-10-24
            [195] => 2025-10-25
            [196] => 2025-10-26
            [197] => 2025-10-28
            [198] => 2025-10-29
            [199] => 2025-10-30
            [200] => 2025-11-01
            [201] => 2025-11-02
            [202] => 2025-11-03
            [203] => 2025-11-04
            [204] => 2025-11-05
            [205] => 2025-11-06
            [206] => 2025-11-07
            [207] => 2025-11-08
            [208] => 2025-11-09
            [209] => 2025-11-11
            [210] => 2025-11-12
            [211] => 2025-11-13
            [212] => 2025-11-14
            [213] => 2025-11-15
            [214] => 2025-11-16
            [215] => 2025-11-17
            [216] => 2025-11-18
            [217] => 2025-11-19
            [218] => 2025-11-20
            [219] => 2025-11-21
            [220] => 2025-11-22
            [221] => 2025-11-23
            [222] => 2025-11-24
            [223] => 2025-11-25
            [224] => 2025-11-26
            [225] => 2025-11-27
            [226] => 2025-11-28
            [227] => 2025-11-29
            [228] => 2025-11-30
            [229] => 2025-12-01
            [230] => 2025-12-02
            [231] => 2025-12-03
            [232] => 2025-12-04
            [233] => 2025-12-05
            [234] => 2025-12-06
            [235] => 2025-12-07
            [236] => 2025-12-08
            [237] => 2025-12-09
            [238] => 2025-12-10
            [239] => 2025-12-11
            [240] => 2025-12-12
            [241] => 2025-12-13
            [242] => 2025-12-14
            [243] => 2025-12-15
            [244] => 2025-12-16
            [245] => 2025-12-17
            [246] => 2025-12-18
            [247] => 2025-12-19
            [248] => 2025-12-20
            [249] => 2025-12-21
            [250] => 2025-12-22
            [251] => 2025-12-23
            [252] => 2025-12-24
            [253] => 2025-12-26
            [254] => 2025-12-27
            [255] => 2025-12-28
            [256] => 2025-12-29
            [257] => 2025-12-30
            [258] => 2025-12-31
            [259] => 2026-01-01
            [260] => 2026-01-02
            [261] => 2026-01-03
            [262] => 2026-01-04
            [263] => 2026-01-05
            [264] => 2026-01-06
            [265] => 2026-01-07
            [266] => 2026-01-08
            [267] => 2026-01-09
            [268] => 2026-01-10
            [269] => 2026-01-11
            [270] => 2026-01-12
            [271] => 2026-01-13
            [272] => 2026-01-15
            [273] => 2026-01-16
            [274] => 2026-01-17
            [275] => 2026-01-18
            [276] => 2026-01-19
            [277] => 2026-01-20
            [278] => 2026-01-21
            [279] => 2026-01-22
            [280] => 2026-01-23
            [281] => 2026-01-24
            [282] => 2026-01-25
            [283] => 2026-01-27
            [284] => 2026-01-28
            [285] => 2026-01-29
            [286] => 2026-01-30
            [287] => 2026-01-31
            [288] => 2026-02-01
            [289] => 2026-02-02
            [290] => 2026-02-03
            [291] => 2026-02-04
            [292] => 2026-02-05
            [293] => 2026-02-06
            [294] => 2026-02-07
            [295] => 2026-02-08
            [296] => 2026-02-09
            [297] => 2026-02-10
            [298] => 2026-02-11
            [299] => 2026-02-12
            [300] => 2026-02-13
            [301] => 2026-02-14
            [302] => 2026-02-15
            [303] => 2026-02-16
            [304] => 2026-02-17
            [305] => 2026-02-18
            [306] => 2026-02-19
            [307] => 2026-02-20
            [308] => 2026-02-22
            [309] => 2026-02-23
            [310] => 2026-02-24
            [311] => 2026-02-25
            [312] => 2026-02-26
            [313] => 2026-02-27
            [314] => 2026-02-28
            [315] => 2026-03-01
            [316] => 2026-03-02
        )

    [unavailable_dates] => Array
        (
            [0] => 2025-04-02
            [1] => 2025-04-14
            [2] => 2025-04-17
            [3] => 2025-05-01
            [4] => 2025-05-12
            [5] => 2025-06-17
            [6] => 2025-07-17
            [7] => 2025-08-15
            [8] => 2025-08-19
            [9] => 2025-09-07
            [10] => 2025-10-02
            [11] => 2025-10-12
            [12] => 2025-10-27
            [13] => 2025-10-31
            [14] => 2025-11-10
            [15] => 2025-12-25
            [16] => 2026-01-14
            [17] => 2026-01-26
            [18] => 2026-02-21
        )

    [dry_dates] => Array
        (
            [0] => 2025-04-02
            [1] => 2025-04-14
            [2] => 2025-04-17
            [3] => 2025-05-01
            [4] => 2025-05-12
            [5] => 2025-06-17
            [6] => 2025-07-17
            [7] => 2025-08-15
            [8] => 2025-08-19
            [9] => 2025-09-07
            [10] => 2025-10-02
            [11] => 2025-10-12
            [12] => 2025-10-27
            [13] => 2025-10-31
            [14] => 2025-11-10
            [15] => 2025-12-25
            [16] => 2026-01-14
            [17] => 2026-01-26
            [18] => 2026-02-21
        )

    [latest_global_sale] => 
)

[2026-03-02 20:35:53] [INFO] === PAGE ACCESS ===
[2026-03-02 20:35:53] [INFO] Request method: GET
[2026-03-02 20:35:53] [INFO] Search term: ''
[2026-03-02 20:35:53] [INFO] Current session ID: dcjk3ef5l13qmqapjvbp8hjbm5
[2026-03-02 20:35:54] [INFO] DRY DAYS FOUND: 2025-04-02, 2025-04-14, 2025-04-17, 2025-05-01, 2025-05-12, 2025-06-17, 2025-07-17, 2025-08-15, 2025-08-19, 2025-09-07, 2025-10-02, 2025-10-12, 2025-10-27, 2025-10-31, 2025-11-10, 2025-12-25, 2026-01-14, 2026-01-26, 2026-02-21
[2026-03-02 20:35:54] [INFO] Final session quantities count: 0
[2026-03-02 20:35:54] [INFO] Items in current view: 50
[2026-03-02 20:35:54] [INFO] Sales Page Load Debug Info:
Array
(
    [total_items] => 94
    [current_page] => 1
    [total_pages] => 2
    [session_quantities_count] => 0
    [post_quantities_count] => 0
    [date_range] => 2025-04-01 12:24:30 to 2026-03-02
    [days_count] => 336
    [user_id] => 1
    [comp_id] => 1
    [license_type] => FL-II
    [allowed_classes] => Array
        (
            [0] => W
            [1] => V
            [2] => M
            [3] => F
            [4] => D
            [5] => K
            [6] => G
            [7] => R
            [8] => O
        )

    [end_date_day] => 02
    [closing_column] => DAY_02_CLOSING
    [end_date_month] => 2026-03
    [stock_filter] => > 0
    [daily_stock_table] => tbldailystock_1
    [table_suffix] => 
    [current_month] => 2026-03
    [has_restrictions] => 1
    [available_dates] => Array
        (
            [0] => 2025-04-01
            [1] => 2025-04-03
            [2] => 2025-04-04
            [3] => 2025-04-05
            [4] => 2025-04-06
            [5] => 2025-04-07
            [6] => 2025-04-08
            [7] => 2025-04-09
            [8] => 2025-04-10
            [9] => 2025-04-11
            [10] => 2025-04-12
            [11] => 2025-04-13
            [12] => 2025-04-15
            [13] => 2025-04-16
            [14] => 2025-04-18
            [15] => 2025-04-19
            [16] => 2025-04-20
            [17] => 2025-04-21
            [18] => 2025-04-22
            [19] => 2025-04-23
            [20] => 2025-04-24
            [21] => 2025-04-25
            [22] => 2025-04-26
            [23] => 2025-04-27
            [24] => 2025-04-28
            [25] => 2025-04-29
            [26] => 2025-04-30
            [27] => 2025-05-02
            [28] => 2025-05-03
            [29] => 2025-05-04
            [30] => 2025-05-05
            [31] => 2025-05-06
            [32] => 2025-05-07
            [33] => 2025-05-08
            [34] => 2025-05-09
            [35] => 2025-05-10
            [36] => 2025-05-11
            [37] => 2025-05-13
            [38] => 2025-05-14
            [39] => 2025-05-15
            [40] => 2025-05-16
            [41] => 2025-05-17
            [42] => 2025-05-18
            [43] => 2025-05-19
            [44] => 2025-05-20
            [45] => 2025-05-21
            [46] => 2025-05-22
            [47] => 2025-05-23
            [48] => 2025-05-24
            [49] => 2025-05-25
            [50] => 2025-05-26
            [51] => 2025-05-27
            [52] => 2025-05-28
            [53] => 2025-05-29
            [54] => 2025-05-30
            [55] => 2025-05-31
            [56] => 2025-06-01
            [57] => 2025-06-02
            [58] => 2025-06-03
            [59] => 2025-06-04
            [60] => 2025-06-05
            [61] => 2025-06-06
            [62] => 2025-06-07
            [63] => 2025-06-08
            [64] => 2025-06-09
            [65] => 2025-06-10
            [66] => 2025-06-11
            [67] => 2025-06-12
            [68] => 2025-06-13
            [69] => 2025-06-14
            [70] => 2025-06-15
            [71] => 2025-06-16
            [72] => 2025-06-18
            [73] => 2025-06-19
            [74] => 2025-06-20
            [75] => 2025-06-21
            [76] => 2025-06-22
            [77] => 2025-06-23
            [78] => 2025-06-24
            [79] => 2025-06-25
            [80] => 2025-06-26
            [81] => 2025-06-27
            [82] => 2025-06-28
            [83] => 2025-06-29
            [84] => 2025-06-30
            [85] => 2025-07-01
            [86] => 2025-07-02
            [87] => 2025-07-03
            [88] => 2025-07-04
            [89] => 2025-07-05
            [90] => 2025-07-06
            [91] => 2025-07-07
            [92] => 2025-07-08
            [93] => 2025-07-09
            [94] => 2025-07-10
            [95] => 2025-07-11
            [96] => 2025-07-12
            [97] => 2025-07-13
            [98] => 2025-07-14
            [99] => 2025-07-15
            [100] => 2025-07-16
            [101] => 2025-07-18
            [102] => 2025-07-19
            [103] => 2025-07-20
            [104] => 2025-07-21
            [105] => 2025-07-22
            [106] => 2025-07-23
            [107] => 2025-07-24
            [108] => 2025-07-25
            [109] => 2025-07-26
            [110] => 2025-07-27
            [111] => 2025-07-28
            [112] => 2025-07-29
            [113] => 2025-07-30
            [114] => 2025-07-31
            [115] => 2025-08-01
            [116] => 2025-08-02
            [117] => 2025-08-03
            [118] => 2025-08-04
            [119] => 2025-08-05
            [120] => 2025-08-06
            [121] => 2025-08-07
            [122] => 2025-08-08
            [123] => 2025-08-09
            [124] => 2025-08-10
            [125] => 2025-08-11
            [126] => 2025-08-12
            [127] => 2025-08-13
            [128] => 2025-08-14
            [129] => 2025-08-16
            [130] => 2025-08-17
            [131] => 2025-08-18
            [132] => 2025-08-20
            [133] => 2025-08-21
            [134] => 2025-08-22
            [135] => 2025-08-23
            [136] => 2025-08-24
            [137] => 2025-08-25
            [138] => 2025-08-26
            [139] => 2025-08-27
            [140] => 2025-08-28
            [141] => 2025-08-29
            [142] => 2025-08-30
            [143] => 2025-08-31
            [144] => 2025-09-01
            [145] => 2025-09-02
            [146] => 2025-09-03
            [147] => 2025-09-04
            [148] => 2025-09-05
            [149] => 2025-09-06
            [150] => 2025-09-08
            [151] => 2025-09-09
            [152] => 2025-09-10
            [153] => 2025-09-11
            [154] => 2025-09-12
            [155] => 2025-09-13
            [156] => 2025-09-14
            [157] => 2025-09-15
            [158] => 2025-09-16
            [159] => 2025-09-17
            [160] => 2025-09-18
            [161] => 2025-09-19
            [162] => 2025-09-20
            [163] => 2025-09-21
            [164] => 2025-09-22
            [165] => 2025-09-23
            [166] => 2025-09-24
            [167] => 2025-09-25
            [168] => 2025-09-26
            [169] => 2025-09-27
            [170] => 2025-09-28
            [171] => 2025-09-29
            [172] => 2025-09-30
            [173] => 2025-10-01
            [174] => 2025-10-03
            [175] => 2025-10-04
            [176] => 2025-10-05
            [177] => 2025-10-06
            [178] => 2025-10-07
            [179] => 2025-10-08
            [180] => 2025-10-09
            [181] => 2025-10-10
            [182] => 2025-10-11
            [183] => 2025-10-13
            [184] => 2025-10-14
            [185] => 2025-10-15
            [186] => 2025-10-16
            [187] => 2025-10-17
            [188] => 2025-10-18
            [189] => 2025-10-19
            [190] => 2025-10-20
            [191] => 2025-10-21
            [192] => 2025-10-22
            [193] => 2025-10-23
            [194] => 2025-10-24
            [195] => 2025-10-25
            [196] => 2025-10-26
            [197] => 2025-10-28
            [198] => 2025-10-29
            [199] => 2025-10-30
            [200] => 2025-11-01
            [201] => 2025-11-02
            [202] => 2025-11-03
            [203] => 2025-11-04
            [204] => 2025-11-05
            [205] => 2025-11-06
            [206] => 2025-11-07
            [207] => 2025-11-08
            [208] => 2025-11-09
            [209] => 2025-11-11
            [210] => 2025-11-12
            [211] => 2025-11-13
            [212] => 2025-11-14
            [213] => 2025-11-15
            [214] => 2025-11-16
            [215] => 2025-11-17
            [216] => 2025-11-18
            [217] => 2025-11-19
            [218] => 2025-11-20
            [219] => 2025-11-21
            [220] => 2025-11-22
            [221] => 2025-11-23
            [222] => 2025-11-24
            [223] => 2025-11-25
            [224] => 2025-11-26
            [225] => 2025-11-27
            [226] => 2025-11-28
            [227] => 2025-11-29
            [228] => 2025-11-30
            [229] => 2025-12-01
            [230] => 2025-12-02
            [231] => 2025-12-03
            [232] => 2025-12-04
            [233] => 2025-12-05
            [234] => 2025-12-06
            [235] => 2025-12-07
            [236] => 2025-12-08
            [237] => 2025-12-09
            [238] => 2025-12-10
            [239] => 2025-12-11
            [240] => 2025-12-12
            [241] => 2025-12-13
            [242] => 2025-12-14
            [243] => 2025-12-15
            [244] => 2025-12-16
            [245] => 2025-12-17
            [246] => 2025-12-18
            [247] => 2025-12-19
            [248] => 2025-12-20
            [249] => 2025-12-21
            [250] => 2025-12-22
            [251] => 2025-12-23
            [252] => 2025-12-24
            [253] => 2025-12-26
            [254] => 2025-12-27
            [255] => 2025-12-28
            [256] => 2025-12-29
            [257] => 2025-12-30
            [258] => 2025-12-31
            [259] => 2026-01-01
            [260] => 2026-01-02
            [261] => 2026-01-03
            [262] => 2026-01-04
            [263] => 2026-01-05
            [264] => 2026-01-06
            [265] => 2026-01-07
            [266] => 2026-01-08
            [267] => 2026-01-09
            [268] => 2026-01-10
            [269] => 2026-01-11
            [270] => 2026-01-12
            [271] => 2026-01-13
            [272] => 2026-01-15
            [273] => 2026-01-16
            [274] => 2026-01-17
            [275] => 2026-01-18
            [276] => 2026-01-19
            [277] => 2026-01-20
            [278] => 2026-01-21
            [279] => 2026-01-22
            [280] => 2026-01-23
            [281] => 2026-01-24
            [282] => 2026-01-25
            [283] => 2026-01-27
            [284] => 2026-01-28
            [285] => 2026-01-29
            [286] => 2026-01-30
            [287] => 2026-01-31
            [288] => 2026-02-01
            [289] => 2026-02-02
            [290] => 2026-02-03
            [291] => 2026-02-04
            [292] => 2026-02-05
            [293] => 2026-02-06
            [294] => 2026-02-07
            [295] => 2026-02-08
            [296] => 2026-02-09
            [297] => 2026-02-10
            [298] => 2026-02-11
            [299] => 2026-02-12
            [300] => 2026-02-13
            [301] => 2026-02-14
            [302] => 2026-02-15
            [303] => 2026-02-16
            [304] => 2026-02-17
            [305] => 2026-02-18
            [306] => 2026-02-19
            [307] => 2026-02-20
            [308] => 2026-02-22
            [309] => 2026-02-23
            [310] => 2026-02-24
            [311] => 2026-02-25
            [312] => 2026-02-26
            [313] => 2026-02-27
            [314] => 2026-02-28
            [315] => 2026-03-01
            [316] => 2026-03-02
        )

    [unavailable_dates] => Array
        (
            [0] => 2025-04-02
            [1] => 2025-04-14
            [2] => 2025-04-17
            [3] => 2025-05-01
            [4] => 2025-05-12
            [5] => 2025-06-17
            [6] => 2025-07-17
            [7] => 2025-08-15
            [8] => 2025-08-19
            [9] => 2025-09-07
            [10] => 2025-10-02
            [11] => 2025-10-12
            [12] => 2025-10-27
            [13] => 2025-10-31
            [14] => 2025-11-10
            [15] => 2025-12-25
            [16] => 2026-01-14
            [17] => 2026-01-26
            [18] => 2026-02-21
        )

    [dry_dates] => Array
        (
            [0] => 2025-04-02
            [1] => 2025-04-14
            [2] => 2025-04-17
            [3] => 2025-05-01
            [4] => 2025-05-12
            [5] => 2025-06-17
            [6] => 2025-07-17
            [7] => 2025-08-15
            [8] => 2025-08-19
            [9] => 2025-09-07
            [10] => 2025-10-02
            [11] => 2025-10-12
            [12] => 2025-10-27
            [13] => 2025-10-31
            [14] => 2025-11-10
            [15] => 2025-12-25
            [16] => 2026-01-14
            [17] => 2026-01-26
            [18] => 2026-02-21
        )

    [latest_global_sale] => 
)

[2026-03-02 20:35:57] [INFO] Session quantity updated: SCMPL0010694 = 0
[2026-03-02 20:35:57] [INFO] Session quantity updated: SCMPL0010694 = 23
[2026-03-02 20:35:58] [INFO] Session quantity updated: SCMPL0010694 = 23
[2026-03-02 20:36:00] [INFO] Session quantity updated: SCMPL0010694 = 23
[2026-03-02 20:36:04] [INFO] === PAGE ACCESS ===
[2026-03-02 20:36:04] [INFO] Request method: GET
[2026-03-02 20:36:04] [INFO] Search term: ''
[2026-03-02 20:36:04] [INFO] Current session ID: dcjk3ef5l13qmqapjvbp8hjbm5
[2026-03-02 20:36:04] [INFO] Final session quantities count: 1
[2026-03-02 20:36:04] [INFO] Items in current view: 50
[2026-03-02 20:36:04] [INFO] Sales Page Load Debug Info:
Array
(
    [total_items] => 94
    [current_page] => 1
    [total_pages] => 2
    [session_quantities_count] => 1
    [post_quantities_count] => 0
    [date_range] => 2026-03-03 to 2026-03-02
    [days_count] => 0
    [user_id] => 1
    [comp_id] => 1
    [license_type] => FL-II
    [allowed_classes] => Array
        (
            [0] => W
            [1] => V
            [2] => M
            [3] => F
            [4] => D
            [5] => K
            [6] => G
            [7] => R
            [8] => O
        )

    [end_date_day] => 02
    [closing_column] => DAY_02_CLOSING
    [end_date_month] => 2026-03
    [stock_filter] => > 0
    [daily_stock_table] => tbldailystock_1
    [table_suffix] => 
    [current_month] => 2026-03
    [has_restrictions] => 
    [available_dates] => Array
        (
        )

    [unavailable_dates] => Array
        (
        )

    [dry_dates] => Array
        (
        )

    [latest_global_sale] => 
)

[2026-03-02 20:36:12] [INFO] === PAGE ACCESS ===
[2026-03-02 20:36:12] [INFO] Request method: GET
[2026-03-02 20:36:12] [INFO] Search term: ''
[2026-03-02 20:36:12] [INFO] Current session ID: dcjk3ef5l13qmqapjvbp8hjbm5
[2026-03-02 20:36:13] [INFO] DRY DAYS FOUND: 2025-04-02, 2025-04-14, 2025-04-17, 2025-05-01, 2025-05-12, 2025-06-17, 2025-07-17, 2025-08-15, 2025-08-19, 2025-09-07, 2025-10-02, 2025-10-12, 2025-10-27, 2025-10-31, 2025-11-10, 2025-12-25, 2026-01-14, 2026-01-26, 2026-02-21
[2026-03-02 20:36:13] [INFO] Final session quantities count: 1
[2026-03-02 20:36:13] [INFO] Items in current view: 50
[2026-03-02 20:36:13] [INFO] Sales Page Load Debug Info:
Array
(
    [total_items] => 94
    [current_page] => 1
    [total_pages] => 2
    [session_quantities_count] => 1
    [post_quantities_count] => 0
    [date_range] => 2025-04-01 12:24:30 to 2026-03-02
    [days_count] => 336
    [user_id] => 1
    [comp_id] => 1
    [license_type] => FL-II
    [allowed_classes] => Array
        (
            [0] => W
            [1] => V
            [2] => M
            [3] => F
            [4] => D
            [5] => K
            [6] => G
            [7] => R
            [8] => O
        )

    [end_date_day] => 02
    [closing_column] => DAY_02_CLOSING
    [end_date_month] => 2026-03
    [stock_filter] => > 0
    [daily_stock_table] => tbldailystock_1
    [table_suffix] => 
    [current_month] => 2026-03
    [has_restrictions] => 1
    [available_dates] => Array
        (
            [0] => 2025-04-01
            [1] => 2025-04-03
            [2] => 2025-04-04
            [3] => 2025-04-05
            [4] => 2025-04-06
            [5] => 2025-04-07
            [6] => 2025-04-08
            [7] => 2025-04-09
            [8] => 2025-04-10
            [9] => 2025-04-11
            [10] => 2025-04-12
            [11] => 2025-04-13
            [12] => 2025-04-15
            [13] => 2025-04-16
            [14] => 2025-04-18
            [15] => 2025-04-19
            [16] => 2025-04-20
            [17] => 2025-04-21
            [18] => 2025-04-22
            [19] => 2025-04-23
            [20] => 2025-04-24
            [21] => 2025-04-25
            [22] => 2025-04-26
            [23] => 2025-04-27
            [24] => 2025-04-28
            [25] => 2025-04-29
            [26] => 2025-04-30
            [27] => 2025-05-02
            [28] => 2025-05-03
            [29] => 2025-05-04
            [30] => 2025-05-05
            [31] => 2025-05-06
            [32] => 2025-05-07
            [33] => 2025-05-08
            [34] => 2025-05-09
            [35] => 2025-05-10
            [36] => 2025-05-11
            [37] => 2025-05-13
            [38] => 2025-05-14
            [39] => 2025-05-15
            [40] => 2025-05-16
            [41] => 2025-05-17
            [42] => 2025-05-18
            [43] => 2025-05-19
            [44] => 2025-05-20
            [45] => 2025-05-21
            [46] => 2025-05-22
            [47] => 2025-05-23
            [48] => 2025-05-24
            [49] => 2025-05-25
            [50] => 2025-05-26
            [51] => 2025-05-27
            [52] => 2025-05-28
            [53] => 2025-05-29
            [54] => 2025-05-30
            [55] => 2025-05-31
            [56] => 2025-06-01
            [57] => 2025-06-02
            [58] => 2025-06-03
            [59] => 2025-06-04
            [60] => 2025-06-05
            [61] => 2025-06-06
            [62] => 2025-06-07
            [63] => 2025-06-08
            [64] => 2025-06-09
            [65] => 2025-06-10
            [66] => 2025-06-11
            [67] => 2025-06-12
            [68] => 2025-06-13
            [69] => 2025-06-14
            [70] => 2025-06-15
            [71] => 2025-06-16
            [72] => 2025-06-18
            [73] => 2025-06-19
            [74] => 2025-06-20
            [75] => 2025-06-21
            [76] => 2025-06-22
            [77] => 2025-06-23
            [78] => 2025-06-24
            [79] => 2025-06-25
            [80] => 2025-06-26
            [81] => 2025-06-27
            [82] => 2025-06-28
            [83] => 2025-06-29
            [84] => 2025-06-30
            [85] => 2025-07-01
            [86] => 2025-07-02
            [87] => 2025-07-03
            [88] => 2025-07-04
            [89] => 2025-07-05
            [90] => 2025-07-06
            [91] => 2025-07-07
            [92] => 2025-07-08
            [93] => 2025-07-09
            [94] => 2025-07-10
            [95] => 2025-07-11
            [96] => 2025-07-12
            [97] => 2025-07-13
            [98] => 2025-07-14
            [99] => 2025-07-15
            [100] => 2025-07-16
            [101] => 2025-07-18
            [102] => 2025-07-19
            [103] => 2025-07-20
            [104] => 2025-07-21
            [105] => 2025-07-22
            [106] => 2025-07-23
            [107] => 2025-07-24
            [108] => 2025-07-25
            [109] => 2025-07-26
            [110] => 2025-07-27
            [111] => 2025-07-28
            [112] => 2025-07-29
            [113] => 2025-07-30
            [114] => 2025-07-31
            [115] => 2025-08-01
            [116] => 2025-08-02
            [117] => 2025-08-03
            [118] => 2025-08-04
            [119] => 2025-08-05
            [120] => 2025-08-06
            [121] => 2025-08-07
            [122] => 2025-08-08
            [123] => 2025-08-09
            [124] => 2025-08-10
            [125] => 2025-08-11
            [126] => 2025-08-12
            [127] => 2025-08-13
            [128] => 2025-08-14
            [129] => 2025-08-16
            [130] => 2025-08-17
            [131] => 2025-08-18
            [132] => 2025-08-20
            [133] => 2025-08-21
            [134] => 2025-08-22
            [135] => 2025-08-23
            [136] => 2025-08-24
            [137] => 2025-08-25
            [138] => 2025-08-26
            [139] => 2025-08-27
            [140] => 2025-08-28
            [141] => 2025-08-29
            [142] => 2025-08-30
            [143] => 2025-08-31
            [144] => 2025-09-01
            [145] => 2025-09-02
            [146] => 2025-09-03
            [147] => 2025-09-04
            [148] => 2025-09-05
            [149] => 2025-09-06
            [150] => 2025-09-08
            [151] => 2025-09-09
            [152] => 2025-09-10
            [153] => 2025-09-11
            [154] => 2025-09-12
            [155] => 2025-09-13
            [156] => 2025-09-14
            [157] => 2025-09-15
            [158] => 2025-09-16
            [159] => 2025-09-17
            [160] => 2025-09-18
            [161] => 2025-09-19
            [162] => 2025-09-20
            [163] => 2025-09-21
            [164] => 2025-09-22
            [165] => 2025-09-23
            [166] => 2025-09-24
            [167] => 2025-09-25
            [168] => 2025-09-26
            [169] => 2025-09-27
            [170] => 2025-09-28
            [171] => 2025-09-29
            [172] => 2025-09-30
            [173] => 2025-10-01
            [174] => 2025-10-03
            [175] => 2025-10-04
            [176] => 2025-10-05
            [177] => 2025-10-06
            [178] => 2025-10-07
            [179] => 2025-10-08
            [180] => 2025-10-09
            [181] => 2025-10-10
            [182] => 2025-10-11
            [183] => 2025-10-13
            [184] => 2025-10-14
            [185] => 2025-10-15
            [186] => 2025-10-16
            [187] => 2025-10-17
            [188] => 2025-10-18
            [189] => 2025-10-19
            [190] => 2025-10-20
            [191] => 2025-10-21
            [192] => 2025-10-22
            [193] => 2025-10-23
            [194] => 2025-10-24
            [195] => 2025-10-25
            [196] => 2025-10-26
            [197] => 2025-10-28
            [198] => 2025-10-29
            [199] => 2025-10-30
            [200] => 2025-11-01
            [201] => 2025-11-02
            [202] => 2025-11-03
            [203] => 2025-11-04
            [204] => 2025-11-05
            [205] => 2025-11-06
            [206] => 2025-11-07
            [207] => 2025-11-08
            [208] => 2025-11-09
            [209] => 2025-11-11
            [210] => 2025-11-12
            [211] => 2025-11-13
            [212] => 2025-11-14
            [213] => 2025-11-15
            [214] => 2025-11-16
            [215] => 2025-11-17
            [216] => 2025-11-18
            [217] => 2025-11-19
            [218] => 2025-11-20
            [219] => 2025-11-21
            [220] => 2025-11-22
            [221] => 2025-11-23
            [222] => 2025-11-24
            [223] => 2025-11-25
            [224] => 2025-11-26
            [225] => 2025-11-27
            [226] => 2025-11-28
            [227] => 2025-11-29
            [228] => 2025-11-30
            [229] => 2025-12-01
            [230] => 2025-12-02
            [231] => 2025-12-03
            [232] => 2025-12-04
            [233] => 2025-12-05
            [234] => 2025-12-06
            [235] => 2025-12-07
            [236] => 2025-12-08
            [237] => 2025-12-09
            [238] => 2025-12-10
            [239] => 2025-12-11
            [240] => 2025-12-12
            [241] => 2025-12-13
            [242] => 2025-12-14
            [243] => 2025-12-15
            [244] => 2025-12-16
            [245] => 2025-12-17
            [246] => 2025-12-18
            [247] => 2025-12-19
            [248] => 2025-12-20
            [249] => 2025-12-21
            [250] => 2025-12-22
            [251] => 2025-12-23
            [252] => 2025-12-24
            [253] => 2025-12-26
            [254] => 2025-12-27
            [255] => 2025-12-28
            [256] => 2025-12-29
            [257] => 2025-12-30
            [258] => 2025-12-31
            [259] => 2026-01-01
            [260] => 2026-01-02
            [261] => 2026-01-03
            [262] => 2026-01-04
            [263] => 2026-01-05
            [264] => 2026-01-06
            [265] => 2026-01-07
            [266] => 2026-01-08
            [267] => 2026-01-09
            [268] => 2026-01-10
            [269] => 2026-01-11
            [270] => 2026-01-12
            [271] => 2026-01-13
            [272] => 2026-01-15
            [273] => 2026-01-16
            [274] => 2026-01-17
            [275] => 2026-01-18
            [276] => 2026-01-19
            [277] => 2026-01-20
            [278] => 2026-01-21
            [279] => 2026-01-22
            [280] => 2026-01-23
            [281] => 2026-01-24
            [282] => 2026-01-25
            [283] => 2026-01-27
            [284] => 2026-01-28
            [285] => 2026-01-29
            [286] => 2026-01-30
            [287] => 2026-01-31
            [288] => 2026-02-01
            [289] => 2026-02-02
            [290] => 2026-02-03
            [291] => 2026-02-04
            [292] => 2026-02-05
            [293] => 2026-02-06
            [294] => 2026-02-07
            [295] => 2026-02-08
            [296] => 2026-02-09
            [297] => 2026-02-10
            [298] => 2026-02-11
            [299] => 2026-02-12
            [300] => 2026-02-13
            [301] => 2026-02-14
            [302] => 2026-02-15
            [303] => 2026-02-16
            [304] => 2026-02-17
            [305] => 2026-02-18
            [306] => 2026-02-19
            [307] => 2026-02-20
            [308] => 2026-02-22
            [309] => 2026-02-23
            [310] => 2026-02-24
            [311] => 2026-02-25
            [312] => 2026-02-26
            [313] => 2026-02-27
            [314] => 2026-02-28
            [315] => 2026-03-01
            [316] => 2026-03-02
        )

    [unavailable_dates] => Array
        (
            [0] => 2025-04-02
            [1] => 2025-04-14
            [2] => 2025-04-17
            [3] => 2025-05-01
            [4] => 2025-05-12
            [5] => 2025-06-17
            [6] => 2025-07-17
            [7] => 2025-08-15
            [8] => 2025-08-19
            [9] => 2025-09-07
            [10] => 2025-10-02
            [11] => 2025-10-12
            [12] => 2025-10-27
            [13] => 2025-10-31
            [14] => 2025-11-10
            [15] => 2025-12-25
            [16] => 2026-01-14
            [17] => 2026-01-26
            [18] => 2026-02-21
        )

    [dry_dates] => Array
        (
            [0] => 2025-04-02
            [1] => 2025-04-14
            [2] => 2025-04-17
            [3] => 2025-05-01
            [4] => 2025-05-12
            [5] => 2025-06-17
            [6] => 2025-07-17
            [7] => 2025-08-15
            [8] => 2025-08-19
            [9] => 2025-09-07
            [10] => 2025-10-02
            [11] => 2025-10-12
            [12] => 2025-10-27
            [13] => 2025-10-31
            [14] => 2025-11-10
            [15] => 2025-12-25
            [16] => 2026-01-14
            [17] => 2026-01-26
            [18] => 2026-02-21
        )

    [latest_global_sale] => 
)

[2026-03-02 20:36:27] [INFO] === PAGE ACCESS ===
[2026-03-02 20:36:27] [INFO] Request method: GET
[2026-03-02 20:36:27] [INFO] Search term: ''
[2026-03-02 20:36:27] [INFO] Current session ID: dcjk3ef5l13qmqapjvbp8hjbm5
[2026-03-02 20:36:28] [INFO] DRY DAYS FOUND: 2026-02-21
[2026-03-02 20:36:28] [INFO] Final session quantities count: 1
[2026-03-02 20:36:28] [INFO] Items in current view: 50
[2026-03-02 20:36:28] [INFO] Sales Page Load Debug Info:
Array
(
    [total_items] => 94
    [current_page] => 1
    [total_pages] => 2
    [session_quantities_count] => 1
    [post_quantities_count] => 0
    [date_range] => 2026-02-03 to 2026-03-02
    [days_count] => 28
    [user_id] => 1
    [comp_id] => 1
    [license_type] => FL-II
    [allowed_classes] => Array
        (
            [0] => W
            [1] => V
            [2] => M
            [3] => F
            [4] => D
            [5] => K
            [6] => G
            [7] => R
            [8] => O
        )

    [end_date_day] => 02
    [closing_column] => DAY_02_CLOSING
    [end_date_month] => 2026-03
    [stock_filter] => > 0
    [daily_stock_table] => tbldailystock_1
    [table_suffix] => 
    [current_month] => 2026-03
    [has_restrictions] => 1
    [available_dates] => Array
        (
            [0] => 2026-02-03
            [1] => 2026-02-04
            [2] => 2026-02-05
            [3] => 2026-02-06
            [4] => 2026-02-07
            [5] => 2026-02-08
            [6] => 2026-02-09
            [7] => 2026-02-10
            [8] => 2026-02-11
            [9] => 2026-02-12
            [10] => 2026-02-13
            [11] => 2026-02-14
            [12] => 2026-02-15
            [13] => 2026-02-16
            [14] => 2026-02-17
            [15] => 2026-02-18
            [16] => 2026-02-19
            [17] => 2026-02-20
            [18] => 2026-02-22
            [19] => 2026-02-23
            [20] => 2026-02-24
            [21] => 2026-02-25
            [22] => 2026-02-26
            [23] => 2026-02-27
            [24] => 2026-02-28
            [25] => 2026-03-01
            [26] => 2026-03-02
        )

    [unavailable_dates] => Array
        (
            [0] => 2026-02-21
        )

    [dry_dates] => Array
        (
            [0] => 2026-02-21
        )

    [latest_global_sale] => 
)

[2026-03-02 20:36:40] [INFO] === PAGE ACCESS ===
[2026-03-02 20:36:40] [INFO] Request method: GET
[2026-03-02 20:36:40] [INFO] Search term: ''
[2026-03-02 20:36:40] [INFO] Current session ID: dcjk3ef5l13qmqapjvbp8hjbm5
[2026-03-02 20:36:41] [INFO] Final session quantities count: 1
[2026-03-02 20:36:41] [INFO] Items in current view: 50
[2026-03-02 20:36:41] [INFO] Sales Page Load Debug Info:
Array
(
    [total_items] => 94
    [current_page] => 1
    [total_pages] => 2
    [session_quantities_count] => 1
    [post_quantities_count] => 0
    [date_range] => 2026-03-02 to 2026-03-02
    [days_count] => 1
    [user_id] => 1
    [comp_id] => 1
    [license_type] => FL-II
    [allowed_classes] => Array
        (
            [0] => W
            [1] => V
            [2] => M
            [3] => F
            [4] => D
            [5] => K
            [6] => G
            [7] => R
            [8] => O
        )

    [end_date_day] => 02
    [closing_column] => DAY_02_CLOSING
    [end_date_month] => 2026-03
    [stock_filter] => > 0
    [daily_stock_table] => tbldailystock_1
    [table_suffix] => 
    [current_month] => 2026-03
    [has_restrictions] => 
    [available_dates] => Array
        (
            [0] => 2026-03-02
        )

    [unavailable_dates] => Array
        (
        )

    [dry_dates] => Array
        (
        )

    [latest_global_sale] => 
)

[2026-03-02 20:36:50] [INFO] === PAGE ACCESS ===
[2026-03-02 20:36:50] [INFO] Request method: GET
[2026-03-02 20:36:50] [INFO] Search term: ''
[2026-03-02 20:36:50] [INFO] Current session ID: dcjk3ef5l13qmqapjvbp8hjbm5
[2026-03-02 20:36:51] [INFO] GLOBAL CHECK: Latest existing sale: 2026-03-02
[2026-03-02 20:36:51] [INFO] Available dates: 
[2026-03-02 20:36:51] [INFO] Unavailable dates (has existing sales): 2026-03-02
[2026-03-02 20:36:51] [INFO] Final session quantities count: 0
[2026-03-02 20:36:51] [INFO] Items in current view: 50
[2026-03-02 20:36:51] [INFO] Sales Page Load Debug Info:
Array
(
    [total_items] => 94
    [current_page] => 1
    [total_pages] => 2
    [session_quantities_count] => 0
    [post_quantities_count] => 0
    [date_range] => 2026-03-02 to 2026-03-02
    [days_count] => 1
    [user_id] => 1
    [comp_id] => 1
    [license_type] => FL-II
    [allowed_classes] => Array
        (
            [0] => W
            [1] => V
            [2] => M
            [3] => F
            [4] => D
            [5] => K
            [6] => G
            [7] => R
            [8] => O
        )

    [end_date_day] => 02
    [closing_column] => DAY_02_CLOSING
    [end_date_month] => 2026-03
    [stock_filter] => > 0
    [daily_stock_table] => tbldailystock_1
    [table_suffix] => 
    [current_month] => 2026-03
    [has_restrictions] => 1
    [available_dates] => Array
        (
        )

    [unavailable_dates] => Array
        (
            [0] => 2026-03-02
        )

    [dry_dates] => Array
        (
        )

    [latest_global_sale] => 2026-03-02
)

