[2026-03-19 07:28:20] [INFO] === PAGE ACCESS ===
[2026-03-19 07:28:20] [INFO] Request method: GET
[2026-03-19 07:28:20] [INFO] Search term: ''
[2026-03-19 07:28:20] [INFO] Current session ID: s3p8b2fvo6jp6ht33p6e5t149t
[2026-03-19 07:28:20] [INFO] Final session quantities count: 0
[2026-03-19 07:28:20] [INFO] Items in current view: 0
[2026-03-19 07:28:20] [INFO] Sales Page Load Debug Info:
Array
(
    [total_items] => 0
    [current_page] => 1
    [total_pages] => 0
    [session_quantities_count] => 0
    [post_quantities_count] => 0
    [date_range] => 2026-03-19 to 2026-03-19
    [days_count] => 1
    [user_id] => 5
    [comp_id] => 5
    [license_type] => FL-III
    [allowed_classes] => Array
        (
            [0] => W
            [1] => V
            [2] => M
            [3] => F
            [4] => D
            [5] => K
            [6] => G
            [7] => R
        )

    [end_date_day] => 19
    [closing_column] => DAY_19_CLOSING
    [end_date_month] => 2026-03
    [stock_filter] => > 0
    [daily_stock_table] => tbldailystock_5
    [table_suffix] => 
    [current_month] => 2026-03
    [has_restrictions] => 
    [available_dates] => Array
        (
            [0] => 2026-03-19
        )

    [unavailable_dates] => Array
        (
        )

    [dry_dates] => Array
        (
        )

    [latest_global_sale] => 
)

[2026-03-19 07:28:26] [INFO] === PAGE ACCESS ===
[2026-03-19 07:28:26] [INFO] Request method: GET
[2026-03-19 07:28:26] [INFO] Search term: ''
[2026-03-19 07:28:26] [INFO] Current session ID: s3p8b2fvo6jp6ht33p6e5t149t
[2026-03-19 07:28:26] [INFO] Final session quantities count: 0
[2026-03-19 07:28:26] [INFO] Items in current view: 0
[2026-03-19 07:28:26] [INFO] Sales Page Load Debug Info:
Array
(
    [total_items] => 0
    [current_page] => 1
    [total_pages] => 0
    [session_quantities_count] => 0
    [post_quantities_count] => 0
    [date_range] => 2026-03-19 to 2026-03-19
    [days_count] => 1
    [user_id] => 5
    [comp_id] => 5
    [license_type] => FL-III
    [allowed_classes] => Array
        (
            [0] => W
            [1] => V
            [2] => M
            [3] => F
            [4] => D
            [5] => K
            [6] => G
            [7] => R
        )

    [end_date_day] => 19
    [closing_column] => DAY_19_CLOSING
    [end_date_month] => 2026-03
    [stock_filter] => > 0
    [daily_stock_table] => tbldailystock_5
    [table_suffix] => 
    [current_month] => 2026-03
    [has_restrictions] => 
    [available_dates] => Array
        (
            [0] => 2026-03-19
        )

    [unavailable_dates] => Array
        (
        )

    [dry_dates] => Array
        (
        )

    [latest_global_sale] => 
)

[2026-03-19 07:28:39] [INFO] === PAGE ACCESS ===
[2026-03-19 07:28:39] [INFO] Request method: GET
[2026-03-19 07:28:39] [INFO] Search term: ''
[2026-03-19 07:28:39] [INFO] Current session ID: s3p8b2fvo6jp6ht33p6e5t149t
[2026-03-19 07:28:39] [INFO] Final session quantities count: 0
[2026-03-19 07:28:39] [INFO] Items in current view: 50
[2026-03-19 07:28:39] [INFO] Sales Page Load Debug Info:
Array
(
    [total_items] => 72
    [current_page] => 1
    [total_pages] => 2
    [session_quantities_count] => 0
    [post_quantities_count] => 0
    [date_range] => 2021-04-01 00:00:00 to 2021-04-01
    [days_count] => 1
    [user_id] => 5
    [comp_id] => 5
    [license_type] => FL-III
    [allowed_classes] => Array
        (
            [0] => W
            [1] => V
            [2] => M
            [3] => F
            [4] => D
            [5] => K
            [6] => G
            [7] => R
        )

    [end_date_day] => 01
    [closing_column] => DAY_01_CLOSING
    [end_date_month] => 2021-04
    [stock_filter] => > 0
    [daily_stock_table] => tbldailystock_5_04_21
    [table_suffix] => _04_21
    [current_month] => 2026-03
    [has_restrictions] => 
    [available_dates] => Array
        (
            [0] => 2021-04-01
        )

    [unavailable_dates] => Array
        (
        )

    [dry_dates] => Array
        (
        )

    [latest_global_sale] => 
)

[2026-03-19 07:28:43] [INFO] Session quantity updated: SCMPL0028274 = 1
[2026-03-19 07:28:44] [INFO] Session quantity updated: SCMPL0028274 = 10
[2026-03-19 07:28:57] [INFO] === PAGE ACCESS ===
[2026-03-19 07:28:57] [INFO] Request method: GET
[2026-03-19 07:28:57] [INFO] Search term: ''
[2026-03-19 07:28:57] [INFO] Current session ID: s3p8b2fvo6jp6ht33p6e5t149t
[2026-03-19 07:28:57] [INFO] Final session quantities count: 1
[2026-03-19 07:28:57] [INFO] Items in current view: 0
[2026-03-19 07:28:57] [INFO] Sales Page Load Debug Info:
Array
(
    [total_items] => 0
    [current_page] => 1
    [total_pages] => 0
    [session_quantities_count] => 1
    [post_quantities_count] => 0
    [date_range] => 2026-03-19 to 2026-03-19
    [days_count] => 1
    [user_id] => 5
    [comp_id] => 5
    [license_type] => FL-III
    [allowed_classes] => Array
        (
            [0] => W
            [1] => V
            [2] => M
            [3] => F
            [4] => D
            [5] => K
            [6] => G
            [7] => R
        )

    [end_date_day] => 19
    [closing_column] => DAY_19_CLOSING
    [end_date_month] => 2026-03
    [stock_filter] => > 0
    [daily_stock_table] => tbldailystock_5
    [table_suffix] => 
    [current_month] => 2026-03
    [has_restrictions] => 
    [available_dates] => Array
        (
            [0] => 2026-03-19
        )

    [unavailable_dates] => Array
        (
        )

    [dry_dates] => Array
        (
        )

    [latest_global_sale] => 
)

[2026-03-19 07:36:22] [INFO] === PAGE ACCESS ===
[2026-03-19 07:36:22] [INFO] Request method: GET
[2026-03-19 07:36:22] [INFO] Search term: ''
[2026-03-19 07:36:22] [INFO] Current session ID: s3p8b2fvo6jp6ht33p6e5t149t
[2026-03-19 07:36:22] [INFO] Final session quantities count: 1
[2026-03-19 07:36:22] [INFO] Items in current view: 0
[2026-03-19 07:36:22] [INFO] Sales Page Load Debug Info:
Array
(
    [total_items] => 0
    [current_page] => 1
    [total_pages] => 0
    [session_quantities_count] => 1
    [post_quantities_count] => 0
    [date_range] => 2026-03-19 to 2026-03-19
    [days_count] => 1
    [user_id] => 5
    [comp_id] => 5
    [license_type] => FL-III
    [allowed_classes] => Array
        (
            [0] => W
            [1] => V
            [2] => M
            [3] => F
            [4] => D
            [5] => K
            [6] => G
            [7] => R
        )

    [end_date_day] => 19
    [closing_column] => DAY_19_CLOSING
    [end_date_month] => 2026-03
    [stock_filter] => > 0
    [daily_stock_table] => tbldailystock_5
    [table_suffix] => 
    [current_month] => 2026-03
    [has_restrictions] => 
    [available_dates] => Array
        (
            [0] => 2026-03-19
        )

    [unavailable_dates] => Array
        (
        )

    [dry_dates] => Array
        (
        )

    [latest_global_sale] => 
)

[2026-03-19 07:36:30] [INFO] === PAGE ACCESS ===
[2026-03-19 07:36:30] [INFO] Request method: GET
[2026-03-19 07:36:30] [INFO] Search term: ''
[2026-03-19 07:36:30] [INFO] Current session ID: s3p8b2fvo6jp6ht33p6e5t149t
[2026-03-19 07:36:30] [INFO] Final session quantities count: 1
[2026-03-19 07:36:30] [INFO] Items in current view: 0
[2026-03-19 07:36:30] [INFO] Sales Page Load Debug Info:
Array
(
    [total_items] => 0
    [current_page] => 1
    [total_pages] => 0
    [session_quantities_count] => 1
    [post_quantities_count] => 0
    [date_range] => 2026-03-19 to 2026-03-19
    [days_count] => 1
    [user_id] => 5
    [comp_id] => 5
    [license_type] => FL-III
    [allowed_classes] => Array
        (
            [0] => W
            [1] => V
            [2] => M
            [3] => F
            [4] => D
            [5] => K
            [6] => G
            [7] => R
        )

    [end_date_day] => 19
    [closing_column] => DAY_19_CLOSING
    [end_date_month] => 2026-03
    [stock_filter] => > 0
    [daily_stock_table] => tbldailystock_5
    [table_suffix] => 
    [current_month] => 2026-03
    [has_restrictions] => 
    [available_dates] => Array
        (
            [0] => 2026-03-19
        )

    [unavailable_dates] => Array
        (
        )

    [dry_dates] => Array
        (
        )

    [latest_global_sale] => 
)

[2026-03-19 07:43:47] [INFO] === PAGE ACCESS ===
[2026-03-19 07:43:47] [INFO] Request method: GET
[2026-03-19 07:43:47] [INFO] Search term: ''
[2026-03-19 07:43:47] [INFO] Current session ID: s3p8b2fvo6jp6ht33p6e5t149t
[2026-03-19 07:43:47] [INFO] Final session quantities count: 1
[2026-03-19 07:43:47] [INFO] Items in current view: 0
[2026-03-19 07:43:47] [INFO] Sales Page Load Debug Info:
Array
(
    [total_items] => 0
    [current_page] => 1
    [total_pages] => 0
    [session_quantities_count] => 1
    [post_quantities_count] => 0
    [date_range] => 2026-03-19 to 2026-03-19
    [days_count] => 1
    [user_id] => 5
    [comp_id] => 5
    [license_type] => FL-III
    [allowed_classes] => Array
        (
            [0] => W
            [1] => V
            [2] => M
            [3] => F
            [4] => D
            [5] => K
            [6] => G
            [7] => R
        )

    [end_date_day] => 19
    [closing_column] => DAY_19_CLOSING
    [end_date_month] => 2026-03
    [stock_filter] => > 0
    [daily_stock_table] => tbldailystock_5
    [table_suffix] => 
    [current_month] => 2026-03
    [has_restrictions] => 
    [available_dates] => Array
        (
            [0] => 2026-03-19
        )

    [unavailable_dates] => Array
        (
        )

    [dry_dates] => Array
        (
        )

    [latest_global_sale] => 
)

[2026-03-19 07:43:55] [INFO] === PAGE ACCESS ===
[2026-03-19 07:43:55] [INFO] Request method: GET
[2026-03-19 07:43:55] [INFO] Search term: ''
[2026-03-19 07:43:55] [INFO] Current session ID: s3p8b2fvo6jp6ht33p6e5t149t
[2026-03-19 07:43:56] [INFO] Daily stock data fetched for 50 items across 1 months
[2026-03-19 07:43:56] [INFO] Final session quantities count: 1
[2026-03-19 07:43:56] [INFO] Items in current view: 50
[2026-03-19 07:43:56] [INFO] Sales Page Load Debug Info:
Array
(
    [total_items] => 81
    [current_page] => 1
    [total_pages] => 2
    [session_quantities_count] => 1
    [post_quantities_count] => 0
    [date_range] => 2021-04-12 to 2021-04-16
    [days_count] => 5
    [user_id] => 5
    [comp_id] => 5
    [license_type] => FL-III
    [allowed_classes] => Array
        (
            [0] => W
            [1] => V
            [2] => M
            [3] => F
            [4] => D
            [5] => K
            [6] => G
            [7] => R
        )

    [end_date_day] => 16
    [closing_column] => DAY_16_CLOSING
    [end_date_month] => 2021-04
    [stock_filter] => > 0
    [daily_stock_table] => tbldailystock_5_04_21
    [table_suffix] => _04_21
    [current_month] => 2026-03
    [has_restrictions] => 
    [available_dates] => Array
        (
            [0] => 2021-04-12
            [1] => 2021-04-13
            [2] => 2021-04-14
            [3] => 2021-04-15
            [4] => 2021-04-16
        )

    [unavailable_dates] => Array
        (
        )

    [dry_dates] => Array
        (
        )

    [latest_global_sale] => 
)

[2026-03-19 07:44:00] [INFO] Session quantity updated: SCMPL0028274 = 800
[2026-03-19 07:44:00] [INFO] Session quantity updated: SCMPL0028274 = 800
[2026-03-19 07:44:03] [INFO] Session quantity updated: SCMPL0028274 = 0
[2026-03-19 07:44:03] [INFO] Session quantity updated: SCMPL0028274 = 0
[2026-03-19 07:44:10] [INFO] === PAGE ACCESS ===
[2026-03-19 07:44:10] [INFO] Request method: GET
[2026-03-19 07:44:10] [INFO] Search term: 'jambo'
[2026-03-19 07:44:10] [INFO] Current session ID: s3p8b2fvo6jp6ht33p6e5t149t
[2026-03-19 07:44:11] [INFO] Daily stock data fetched for 3 items across 1 months
[2026-03-19 07:44:11] [INFO] Final session quantities count: 1
[2026-03-19 07:44:11] [INFO] Items in current view: 3
[2026-03-19 07:44:11] [INFO] Sales Page Load Debug Info:
Array
(
    [total_items] => 3
    [current_page] => 1
    [total_pages] => 1
    [session_quantities_count] => 1
    [post_quantities_count] => 0
    [date_range] => 2021-04-12 to 2021-04-16
    [days_count] => 5
    [user_id] => 5
    [comp_id] => 5
    [license_type] => FL-III
    [allowed_classes] => Array
        (
            [0] => W
            [1] => V
            [2] => M
            [3] => F
            [4] => D
            [5] => K
            [6] => G
            [7] => R
        )

    [end_date_day] => 16
    [closing_column] => DAY_16_CLOSING
    [end_date_month] => 2021-04
    [stock_filter] => > 0
    [daily_stock_table] => tbldailystock_5_04_21
    [table_suffix] => _04_21
    [current_month] => 2026-03
    [has_restrictions] => 
    [available_dates] => Array
        (
            [0] => 2021-04-12
            [1] => 2021-04-13
            [2] => 2021-04-14
            [3] => 2021-04-15
            [4] => 2021-04-16
        )

    [unavailable_dates] => Array
        (
        )

    [dry_dates] => Array
        (
        )

    [latest_global_sale] => 
)

[2026-03-19 07:44:14] [INFO] Session quantity updated: SCMPL0012497 = 87
[2026-03-19 07:44:14] [INFO] Session quantity updated: SCMPL0012497 = 87
[2026-03-19 07:44:15] [INFO] Session quantity updated: SCMPL0012497 = 96
[2026-03-19 07:44:15] [INFO] Session quantity updated: SCMPL0012497 = 96
[2026-03-19 07:44:16] [INFO] Session quantity updated: SCMPL0012497 = 6
[2026-03-19 07:44:16] [INFO] Session quantity updated: SCMPL0012497 = 6
[2026-03-19 07:44:33] [INFO] === ULTRA FAST BILL GEN START ===
[2026-03-19 07:44:33] [INFO] Received 1 items and 1 saved distributions
[2026-03-19 07:44:33] [DEBUG] Items received: SCMPL0012497
[2026-03-19 07:44:33] [DEBUG] Distribution keys received: SCMPL0012497
[2026-03-19 07:44:33] [DEBUG] Distribution for SCMPL0012497 (type: string): [1,1,1,1,2]
[2026-03-19 07:44:33] [INFO] Date range: 2021-04-12 to 2021-04-16, Total days: 5, Dry days: 0, Available days: 5
[2026-03-19 07:44:33] [DEBUG] DEBUG: Checking distribution for item SCMPL0012497 - Total Qty: 6
[2026-03-19 07:44:33] [DEBUG] DEBUG: Available distributions: YES
[2026-03-19 07:44:33] [DEBUG] DEBUG: Distribution type for SCMPL0012497: string
[2026-03-19 07:44:33] [DEBUG] DEBUG: Raw distribution string for SCMPL0012497: [1,1,1,1,2]
[2026-03-19 07:44:33] [INFO] SAVED DIST USED (json decoded): SCMPL0012497 = 1, 1, 1, 1, 2
[2026-03-19 07:44:33] [DEBUG] DEBUG: Skipping stock validation for historical date 2021-04-12 (month: 2021-04)
[2026-03-19 07:44:33] [DEBUG] DEBUG: Skipping stock validation for historical date 2021-04-13 (month: 2021-04)
[2026-03-19 07:44:33] [DEBUG] DEBUG: Skipping stock validation for historical date 2021-04-14 (month: 2021-04)
[2026-03-19 07:44:33] [DEBUG] DEBUG: Skipping stock validation for historical date 2021-04-15 (month: 2021-04)
[2026-03-19 07:44:33] [DEBUG] DEBUG: Skipping stock validation for historical date 2021-04-16 (month: 2021-04)
[2026-03-19 07:44:33] [INFO] === FINAL DISTRIBUTION FOR BILLS === Item: SCMPL0012497 | Qty: 6 | Distribution: 1,1,1,1,2 | Sum: 6
[2026-03-19 07:44:33] [INFO] Starting batch processing: 5 bills in 1 batches of 100
[2026-03-19 07:44:33] [INFO] Note: Stock updates would need aggregation during batch processing
[2026-03-19 07:44:33] [INFO] Starting cascade to financial year end 2022-03-31 23:59:59 for item SCMPL0012497 from month 2021-04
[2026-03-19 07:44:34] [INFO] Updated opening for SCMPL0012497 in 2021-05 to 90
[2026-03-19 07:44:34] [INFO] Completed cascading for month 2021-05
[2026-03-19 07:44:34] [INFO] Updated opening for SCMPL0012497 in 2021-06 to 90
[2026-03-19 07:44:34] [INFO] Completed cascading for month 2021-06
[2026-03-19 07:44:34] [INFO] Updated opening for SCMPL0012497 in 2021-07 to 90
[2026-03-19 07:44:34] [INFO] Completed cascading for month 2021-07
[2026-03-19 07:44:34] [INFO] Updated opening for SCMPL0012497 in 2021-08 to 90
[2026-03-19 07:44:34] [INFO] Completed cascading for month 2021-08
[2026-03-19 07:44:34] [INFO] Updated opening for SCMPL0012497 in 2021-09 to 90
[2026-03-19 07:44:34] [INFO] Completed cascading for month 2021-09
[2026-03-19 07:44:34] [INFO] Updated opening for SCMPL0012497 in 2021-10 to 90
[2026-03-19 07:44:34] [INFO] Completed cascading for month 2021-10
[2026-03-19 07:44:35] [INFO] Updated opening for SCMPL0012497 in 2021-11 to 90
[2026-03-19 07:44:35] [INFO] Completed cascading for month 2021-11
[2026-03-19 07:44:35] [INFO] Updated opening for SCMPL0012497 in 2021-12 to 90
[2026-03-19 07:44:35] [INFO] Completed cascading for month 2021-12
[2026-03-19 07:44:35] [INFO] Updated opening for SCMPL0012497 in 2022-01 to 90
[2026-03-19 07:44:35] [INFO] Completed cascading for month 2022-01
[2026-03-19 07:44:35] [INFO] Updated opening for SCMPL0012497 in 2022-02 to 90
[2026-03-19 07:44:36] [INFO] Completed cascading for month 2022-02
[2026-03-19 07:44:36] [INFO] Updated opening for SCMPL0012497 in 2022-03 to 90
[2026-03-19 07:44:36] [INFO] Completed cascading for month 2022-03
[2026-03-19 07:44:36] [INFO] Reached month 2022-04 which extends beyond financial year end 2022-03-31 23:59:59, stopping cascade
[2026-03-19 07:44:36] [INFO] === PAGE ACCESS ===
[2026-03-19 07:44:36] [INFO] Request method: GET
[2026-03-19 07:44:36] [INFO] Search term: 'jambo'
[2026-03-19 07:44:36] [INFO] Current session ID: s3p8b2fvo6jp6ht33p6e5t149t
[2026-03-19 07:44:36] [INFO] Daily stock data fetched for 3 items across 1 months
[2026-03-19 07:44:36] [INFO] GLOBAL CHECK: Latest existing sale: 2021-04-16
[2026-03-19 07:44:36] [INFO] Available dates: 
[2026-03-19 07:44:36] [INFO] Unavailable dates (has existing sales): 2021-04-12, 2021-04-13, 2021-04-14, 2021-04-15, 2021-04-16
[2026-03-19 07:44:37] [INFO] Final session quantities count: 0
[2026-03-19 07:44:37] [INFO] Items in current view: 3
[2026-03-19 07:44:37] [INFO] Sales Page Load Debug Info:
Array
(
    [total_items] => 3
    [current_page] => 1
    [total_pages] => 1
    [session_quantities_count] => 0
    [post_quantities_count] => 0
    [date_range] => 2021-04-12 to 2021-04-16
    [days_count] => 5
    [user_id] => 5
    [comp_id] => 5
    [license_type] => FL-III
    [allowed_classes] => Array
        (
            [0] => W
            [1] => V
            [2] => M
            [3] => F
            [4] => D
            [5] => K
            [6] => G
            [7] => R
        )

    [end_date_day] => 16
    [closing_column] => DAY_16_CLOSING
    [end_date_month] => 2021-04
    [stock_filter] => > 0
    [daily_stock_table] => tbldailystock_5_04_21
    [table_suffix] => _04_21
    [current_month] => 2026-03
    [has_restrictions] => 1
    [available_dates] => Array
        (
        )

    [unavailable_dates] => Array
        (
            [0] => 2021-04-12
            [1] => 2021-04-13
            [2] => 2021-04-14
            [3] => 2021-04-15
            [4] => 2021-04-16
        )

    [dry_dates] => Array
        (
        )

    [latest_global_sale] => 2021-04-16
)

[2026-03-19 07:50:53] [INFO] === PAGE ACCESS ===
[2026-03-19 07:50:53] [INFO] Request method: GET
[2026-03-19 07:50:53] [INFO] Search term: ''
[2026-03-19 07:50:53] [INFO] Current session ID: s3p8b2fvo6jp6ht33p6e5t149t
[2026-03-19 07:50:53] [INFO] Final session quantities count: 0
[2026-03-19 07:50:53] [INFO] Items in current view: 0
[2026-03-19 07:50:53] [INFO] Sales Page Load Debug Info:
Array
(
    [total_items] => 0
    [current_page] => 1
    [total_pages] => 0
    [session_quantities_count] => 0
    [post_quantities_count] => 0
    [date_range] => 2026-03-19 to 2026-03-19
    [days_count] => 1
    [user_id] => 5
    [comp_id] => 5
    [license_type] => FL-III
    [allowed_classes] => Array
        (
            [0] => W
            [1] => V
            [2] => M
            [3] => F
            [4] => D
            [5] => K
            [6] => G
            [7] => R
        )

    [end_date_day] => 19
    [closing_column] => DAY_19_CLOSING
    [end_date_month] => 2026-03
    [stock_filter] => > 0
    [daily_stock_table] => tbldailystock_5
    [table_suffix] => 
    [current_month] => 2026-03
    [has_restrictions] => 
    [available_dates] => Array
        (
            [0] => 2026-03-19
        )

    [unavailable_dates] => Array
        (
        )

    [dry_dates] => Array
        (
        )

    [latest_global_sale] => 
)

[2026-03-19 07:51:00] [INFO] === PAGE ACCESS ===
[2026-03-19 07:51:00] [INFO] Request method: GET
[2026-03-19 07:51:00] [INFO] Search term: 'jambo'
[2026-03-19 07:51:00] [INFO] Current session ID: s3p8b2fvo6jp6ht33p6e5t149t
[2026-03-19 07:51:01] [INFO] Final session quantities count: 0
[2026-03-19 07:51:01] [INFO] Items in current view: 3
[2026-03-19 07:51:01] [INFO] Sales Page Load Debug Info:
Array
(
    [total_items] => 3
    [current_page] => 1
    [total_pages] => 1
    [session_quantities_count] => 0
    [post_quantities_count] => 0
    [date_range] => 2026-03-19 to 2022-03-31 23:59:59
    [days_count] => 0
    [user_id] => 5
    [comp_id] => 5
    [license_type] => FL-III
    [allowed_classes] => Array
        (
            [0] => W
            [1] => V
            [2] => M
            [3] => F
            [4] => D
            [5] => K
            [6] => G
            [7] => R
        )

    [end_date_day] => 31
    [closing_column] => DAY_31_CLOSING
    [end_date_month] => 2022-03
    [stock_filter] => > 0
    [daily_stock_table] => tbldailystock_5_03_22
    [table_suffix] => _03_22
    [current_month] => 2026-03
    [has_restrictions] => 
    [available_dates] => Array
        (
        )

    [unavailable_dates] => Array
        (
        )

    [dry_dates] => Array
        (
        )

    [latest_global_sale] => 
)

[2026-03-19 07:51:24] [INFO] === PAGE ACCESS ===
[2026-03-19 07:51:24] [INFO] Request method: GET
[2026-03-19 07:51:24] [INFO] Search term: ''
[2026-03-19 07:51:24] [INFO] Current session ID: s3p8b2fvo6jp6ht33p6e5t149t
[2026-03-19 07:51:25] [INFO] Final session quantities count: 0
[2026-03-19 07:51:25] [INFO] Items in current view: 50
[2026-03-19 07:51:25] [INFO] Sales Page Load Debug Info:
Array
(
    [total_items] => 113
    [current_page] => 1
    [total_pages] => 3
    [session_quantities_count] => 0
    [post_quantities_count] => 0
    [date_range] => 2026-03-19 to 2022-03-31 23:59:59
    [days_count] => 0
    [user_id] => 5
    [comp_id] => 5
    [license_type] => FL-III
    [allowed_classes] => Array
        (
            [0] => W
            [1] => V
            [2] => M
            [3] => F
            [4] => D
            [5] => K
            [6] => G
            [7] => R
        )

    [end_date_day] => 31
    [closing_column] => DAY_31_CLOSING
    [end_date_month] => 2022-03
    [stock_filter] => > 0
    [daily_stock_table] => tbldailystock_5_03_22
    [table_suffix] => _03_22
    [current_month] => 2026-03
    [has_restrictions] => 
    [available_dates] => Array
        (
        )

    [unavailable_dates] => Array
        (
        )

    [dry_dates] => Array
        (
        )

    [latest_global_sale] => 
)

[2026-03-19 07:52:14] [INFO] === PAGE ACCESS ===
[2026-03-19 07:52:14] [INFO] Request method: GET
[2026-03-19 07:52:14] [INFO] Search term: ''
[2026-03-19 07:52:14] [INFO] Current session ID: s3p8b2fvo6jp6ht33p6e5t149t
[2026-03-19 07:52:14] [INFO] Final session quantities count: 0
[2026-03-19 07:52:14] [INFO] Items in current view: 0
[2026-03-19 07:52:14] [INFO] Sales Page Load Debug Info:
Array
(
    [total_items] => 0
    [current_page] => 1
    [total_pages] => 0
    [session_quantities_count] => 0
    [post_quantities_count] => 0
    [date_range] => 2026-03-19 to 2026-03-19
    [days_count] => 1
    [user_id] => 5
    [comp_id] => 5
    [license_type] => FL-III
    [allowed_classes] => Array
        (
            [0] => W
            [1] => V
            [2] => M
            [3] => F
            [4] => D
            [5] => K
            [6] => G
            [7] => R
        )

    [end_date_day] => 19
    [closing_column] => DAY_19_CLOSING
    [end_date_month] => 2026-03
    [stock_filter] => > 0
    [daily_stock_table] => tbldailystock_5
    [table_suffix] => 
    [current_month] => 2026-03
    [has_restrictions] => 
    [available_dates] => Array
        (
            [0] => 2026-03-19
        )

    [unavailable_dates] => Array
        (
        )

    [dry_dates] => Array
        (
        )

    [latest_global_sale] => 
)

[2026-03-19 07:52:26] [INFO] === PAGE ACCESS ===
[2026-03-19 07:52:26] [INFO] Request method: GET
[2026-03-19 07:52:26] [INFO] Search term: ''
[2026-03-19 07:52:26] [INFO] Current session ID: s3p8b2fvo6jp6ht33p6e5t149t
[2026-03-19 07:52:28] [INFO] Daily stock data fetched for 50 items across 1 months
[2026-03-19 07:52:28] [INFO] Final session quantities count: 0
[2026-03-19 07:52:28] [INFO] Items in current view: 50
[2026-03-19 07:52:28] [INFO] Sales Page Load Debug Info:
Array
(
    [total_items] => 89
    [current_page] => 1
    [total_pages] => 2
    [session_quantities_count] => 0
    [post_quantities_count] => 0
    [date_range] => 2021-04-01 00:00:00 to 2021-04-30
    [days_count] => 30
    [user_id] => 5
    [comp_id] => 5
    [license_type] => FL-III
    [allowed_classes] => Array
        (
            [0] => W
            [1] => V
            [2] => M
            [3] => F
            [4] => D
            [5] => K
            [6] => G
            [7] => R
        )

    [end_date_day] => 30
    [closing_column] => DAY_30_CLOSING
    [end_date_month] => 2021-04
    [stock_filter] => > 0
    [daily_stock_table] => tbldailystock_5_04_21
    [table_suffix] => _04_21
    [current_month] => 2026-03
    [has_restrictions] => 
    [available_dates] => Array
        (
            [0] => 2021-04-01
            [1] => 2021-04-02
            [2] => 2021-04-03
            [3] => 2021-04-04
            [4] => 2021-04-05
            [5] => 2021-04-06
            [6] => 2021-04-07
            [7] => 2021-04-08
            [8] => 2021-04-09
            [9] => 2021-04-10
            [10] => 2021-04-11
            [11] => 2021-04-12
            [12] => 2021-04-13
            [13] => 2021-04-14
            [14] => 2021-04-15
            [15] => 2021-04-16
            [16] => 2021-04-17
            [17] => 2021-04-18
            [18] => 2021-04-19
            [19] => 2021-04-20
            [20] => 2021-04-21
            [21] => 2021-04-22
            [22] => 2021-04-23
            [23] => 2021-04-24
            [24] => 2021-04-25
            [25] => 2021-04-26
            [26] => 2021-04-27
            [27] => 2021-04-28
            [28] => 2021-04-29
            [29] => 2021-04-30
        )

    [unavailable_dates] => Array
        (
        )

    [dry_dates] => Array
        (
        )

    [latest_global_sale] => 
)

[2026-03-19 07:52:31] [INFO] Session quantity updated: SCMPL0028356 = 290
[2026-03-19 07:52:31] [INFO] Session quantity updated: SCMPL0028356 = 290
[2026-03-19 07:52:32] [INFO] Session quantity updated: SCMPL0028356 = 290
[2026-03-19 07:52:33] [INFO] Session quantity updated: SCMPL0028356 = 290
[2026-03-19 07:52:33] [INFO] Session quantity updated: SCMPL0028275 = 500
[2026-03-19 07:52:33] [INFO] Session quantity updated: SCMPL0028275 = 500
[2026-03-19 07:52:34] [INFO] Session quantity updated: SCMPL0028357 = 90
[2026-03-19 07:52:34] [INFO] Session quantity updated: SCMPL0028357 = 90
[2026-03-19 07:52:34] [INFO] Session quantity updated: SCMPL0028274 = 800
[2026-03-19 07:52:35] [INFO] Session quantity updated: SCMPL0028274 = 800
[2026-03-19 07:52:35] [INFO] Session quantity updated: SCMPL0028276 = 1836
[2026-03-19 07:52:35] [INFO] Session quantity updated: SCMPL0028276 = 1836
[2026-03-19 07:52:36] [INFO] Session quantity updated: SCMBR0021532 = 300
[2026-03-19 07:52:36] [INFO] Session quantity updated: SCMBR0021532 = 300
[2026-03-19 07:52:36] [INFO] Session quantity updated: SCMPL0009668 = 60
[2026-03-19 07:52:36] [INFO] Session quantity updated: SCMPL0009668 = 60
[2026-03-19 07:52:37] [INFO] Session quantity updated: SCMPL0009688 = 50
[2026-03-19 07:52:37] [INFO] Session quantity updated: SCMPL0022277 = 500
[2026-03-19 07:52:38] [INFO] Session quantity updated: SCMPL0022276 = 1248
[2026-03-19 07:52:38] [INFO] Session quantity updated: SCMPL0022278 = 24
[2026-03-19 07:52:38] [INFO] Session quantity updated: SCMPL0022280 = 68
[2026-03-19 07:52:39] [INFO] Session quantity updated: SCMPL0018737 = 500
[2026-03-19 07:52:39] [INFO] Session quantity updated: SCMPL0018737 = 500
[2026-03-19 07:52:40] [INFO] Session quantity updated: SCMKS0026878 = 50
[2026-03-19 07:52:40] [INFO] Session quantity updated: SCMPL0009775 = 500
[2026-03-19 07:52:41] [INFO] Session quantity updated: SCMPL0010678 = 1700
[2026-03-19 07:52:41] [INFO] Session quantity updated: SCMPL0010678 = 1700
[2026-03-19 07:52:55] [INFO] Session quantity updated: SCMKB0031391 = 500
[2026-03-19 07:52:56] [INFO] Session quantity updated: SCMKB0031391 = 500
[2026-03-19 07:52:56] [INFO] Session quantity updated: SCMKB0031391 = 500
[2026-03-19 07:52:57] [INFO] Session quantity updated: SCMKB0031391 = 500
[2026-03-19 07:52:57] [INFO] Session quantity updated: SCMBR0018142 = 300
[2026-03-19 07:52:57] [INFO] Session quantity updated: SCMBR0018137 = 300
[2026-03-19 07:52:58] [INFO] Session quantity updated: SCMBR0027089 = 300
[2026-03-19 07:52:58] [INFO] Session quantity updated: SCMBR0018132 = 121
[2026-03-19 07:53:00] [INFO] Session quantity updated: SCMPL0012499 = 294
[2026-03-19 07:53:01] [INFO] Session quantity updated: SCMPL0012499 = 294
[2026-03-19 07:53:07] [INFO] === ULTRA FAST BILL GEN START ===
[2026-03-19 07:53:07] [INFO] Received 22 items and 22 saved distributions
[2026-03-19 07:53:07] [DEBUG] Items received: SCMPL0028356, SCMPL0028275, SCMPL0028357, SCMPL0028274, SCMPL0028276, SCMBR0021532, SCMPL0009668, SCMPL0009688, SCMPL0022277, SCMPL0022276, SCMPL0022278, SCMPL0022280, SCMPL0018737, SCMKS0026878, SCMPL0009775, SCMPL0010678, SCMKB0031391, SCMBR0018142, SCMBR0018137, SCMBR0027089, SCMBR0018132, SCMPL0012499
[2026-03-19 07:53:07] [DEBUG] Distribution keys received: SCMPL0028356, SCMPL0028275, SCMPL0028357, SCMPL0028274, SCMPL0028276, SCMBR0021532, SCMPL0009668, SCMPL0009688, SCMPL0022277, SCMPL0022276, SCMPL0022278, SCMPL0022280, SCMPL0018737, SCMKS0026878, SCMPL0009775, SCMPL0010678, SCMKB0031391, SCMBR0018142, SCMBR0018137, SCMBR0027089, SCMBR0018132, SCMPL0012499
[2026-03-19 07:53:07] [DEBUG] Distribution for SCMPL0028356 (type: string): [11,8,14,8,6,12,10,12,6,5,8,15,12,8,10,7,10,8,14,9,10,19,8,6,10,8,10,12,6,8]
[2026-03-19 07:53:07] [DEBUG] Distribution for SCMPL0028275 (type: string): [14,13,21,28,14,19,19,17,12,17,25,16,12,20,12,13,13,19,17,12,13,15,16,16,22,22,13,15,19,16]
[2026-03-19 07:53:07] [DEBUG] Distribution for SCMPL0028357 (type: string): [1,7,2,1,5,4,3,5,2,3,5,3,5,5,5,5,1,0,0,3,1,1,4,3,3,3,3,5,1,1]
[2026-03-19 07:53:07] [DEBUG] Distribution for SCMPL0028274 (type: string): [27,18,24,33,25,21,24,20,35,31,24,35,36,29,21,30,31,18,29,31,29,24,24,30,25,24,36,24,19,23]
[2026-03-19 07:53:07] [DEBUG] Distribution for SCMPL0028276 (type: string): [74,65,74,86,58,59,67,52,61,66,59,63,69,55,51,65,48,62,56,56,46,60,62,52,66,58,62,61,65,58]
[2026-03-19 07:53:07] [DEBUG] Distribution for SCMBR0021532 (type: string): [9,9,13,7,12,14,13,14,7,9,12,7,5,8,15,16,7,9,6,7,7,7,15,8,14,10,8,11,12,9]
[2026-03-19 07:53:07] [DEBUG] Distribution for SCMPL0009668 (type: string): [1,4,2,2,3,3,2,3,1,2,1,2,1,2,1,2,1,2,3,1,0,3,3,4,1,1,3,2,2,2]
[2026-03-19 07:53:07] [DEBUG] Distribution for SCMPL0009688 (type: string): [2,0,4,1,2,1,1,3,4,2,2,2,2,1,0,2,1,1,4,0,2,1,1,1,2,2,2,0,2,2]
[2026-03-19 07:53:07] [DEBUG] Distribution for SCMPL0022277 (type: string): [28,15,12,16,17,14,17,10,14,20,21,11,17,19,14,13,12,16,19,10,15,22,12,17,17,18,18,20,21,25]
[2026-03-19 07:53:07] [DEBUG] Distribution for SCMPL0022276 (type: string): [43,49,43,36,29,49,38,53,39,46,41,39,35,38,41,38,37,42,41,38,60,46,40,35,41,52,45,42,30,42]
[2026-03-19 07:53:07] [DEBUG] Distribution for SCMPL0022278 (type: string): [2,1,0,1,3,0,1,0,0,1,1,0,0,1,0,0,2,0,0,1,2,0,2,1,2,1,0,1,1,0]
[2026-03-19 07:53:07] [DEBUG] Distribution for SCMPL0022280 (type: string): [3,3,2,1,1,1,2,4,4,1,0,4,3,1,4,3,0,3,2,6,2,3,2,1,0,2,4,1,0,5]
[2026-03-19 07:53:07] [DEBUG] Distribution for SCMPL0018737 (type: string): [14,12,28,14,15,16,10,14,21,18,15,21,16,24,13,13,20,17,17,13,20,18,15,20,20,13,23,13,12,15]
[2026-03-19 07:53:07] [DEBUG] Distribution for SCMKS0026878 (type: string): [1,0,2,1,3,2,0,2,2,3,2,2,4,1,1,1,1,2,1,2,2,1,1,0,1,2,3,2,2,3]
[2026-03-19 07:53:07] [DEBUG] Distribution for SCMPL0009775 (type: string): [20,13,19,22,15,14,21,19,13,17,22,22,18,21,12,13,17,20,19,14,16,15,12,18,18,13,14,21,10,12]
[2026-03-19 07:53:07] [DEBUG] Distribution for SCMPL0010678 (type: string): [58,54,51,49,53,67,55,63,67,57,74,45,46,57,42,57,63,50,47,67,55,73,46,49,72,53,59,69,54,48]
[2026-03-19 07:53:07] [DEBUG] Distribution for SCMKB0031391 (type: string): [14,20,21,17,9,18,12,12,20,20,21,23,17,14,8,17,9,12,11,14,21,27,13,20,21,22,22,14,19,12]
[2026-03-19 07:53:07] [DEBUG] Distribution for SCMBR0018142 (type: string): [9,9,15,12,13,11,10,10,11,4,8,8,10,10,6,12,13,5,9,5,17,12,17,9,9,8,7,12,11,8]
[2026-03-19 07:53:07] [DEBUG] Distribution for SCMBR0018137 (type: string): [7,13,8,11,6,8,8,15,9,13,6,9,12,11,10,11,5,16,5,7,7,14,10,10,10,7,9,11,15,17]
[2026-03-19 07:53:07] [DEBUG] Distribution for SCMBR0027089 (type: string): [12,9,11,8,14,8,8,13,5,6,6,10,14,7,8,16,4,11,11,14,10,11,9,9,14,14,9,12,9,8]
[2026-03-19 07:53:07] [DEBUG] Distribution for SCMBR0018132 (type: string): [6,8,2,11,3,5,2,2,6,1,4,4,4,4,4,5,3,3,4,6,2,3,4,5,3,1,2,5,7,2]
[2026-03-19 07:53:07] [DEBUG] Distribution for SCMPL0012499 (type: string): [8,4,13,9,10,7,14,8,12,12,10,11,11,15,9,12,6,8,6,7,4,17,8,11,8,10,16,12,8,8]
[2026-03-19 07:53:07] [INFO] Date range: 2021-04-01 00:00:00 to 2021-04-30, Total days: 30, Dry days: 0, Available days: 30
[2026-03-19 07:53:08] [DEBUG] DEBUG: Checking distribution for item SCMPL0028356 - Total Qty: 290
[2026-03-19 07:53:08] [DEBUG] DEBUG: Available distributions: YES
[2026-03-19 07:53:08] [DEBUG] DEBUG: Distribution type for SCMPL0028356: string
[2026-03-19 07:53:08] [DEBUG] DEBUG: Raw distribution string for SCMPL0028356: [11,8,14,8,6,12,10,12,6,5,8,15,12,8,10,7,10,8,14,9,10,19,8,6,10,8,10,12,6,8]
[2026-03-19 07:53:08] [INFO] SAVED DIST USED (json decoded): SCMPL0028356 = 11, 8, 14, 8, 6, 12, 10, 12, 6, 5, 8, 15, 12, 8, 10, 7, 10, 8, 14, 9, 10, 19, 8, 6, 10, 8, 10, 12, 6, 8
[2026-03-19 07:53:08] [DEBUG] DEBUG: Skipping stock validation for historical date 2021-04-01 (month: 2021-04)
[2026-03-19 07:53:08] [DEBUG] DEBUG: Skipping stock validation for historical date 2021-04-02 (month: 2021-04)
[2026-03-19 07:53:08] [DEBUG] DEBUG: Skipping stock validation for historical date 2021-04-03 (month: 2021-04)
[2026-03-19 07:53:08] [DEBUG] DEBUG: Skipping stock validation for historical date 2021-04-04 (month: 2021-04)
[2026-03-19 07:53:08] [DEBUG] DEBUG: Skipping stock validation for historical date 2021-04-05 (month: 2021-04)
[2026-03-19 07:53:08] [DEBUG] DEBUG: Skipping stock validation for historical date 2021-04-06 (month: 2021-04)
[2026-03-19 07:53:08] [DEBUG] DEBUG: Skipping stock validation for historical date 2021-04-07 (month: 2021-04)
[2026-03-19 07:53:08] [DEBUG] DEBUG: Skipping stock validation for historical date 2021-04-08 (month: 2021-04)
[2026-03-19 07:53:08] [DEBUG] DEBUG: Skipping stock validation for historical date 2021-04-09 (month: 2021-04)
[2026-03-19 07:53:08] [DEBUG] DEBUG: Skipping stock validation for historical date 2021-04-10 (month: 2021-04)
[2026-03-19 07:53:08] [DEBUG] DEBUG: Skipping stock validation for historical date 2021-04-11 (month: 2021-04)
[2026-03-19 07:53:08] [DEBUG] DEBUG: Skipping stock validation for historical date 2021-04-12 (month: 2021-04)
[2026-03-19 07:53:08] [DEBUG] DEBUG: Skipping stock validation for historical date 2021-04-13 (month: 2021-04)
[2026-03-19 07:53:08] [DEBUG] DEBUG: Skipping stock validation for historical date 2021-04-14 (month: 2021-04)
[2026-03-19 07:53:08] [DEBUG] DEBUG: Skipping stock validation for historical date 2021-04-15 (month: 2021-04)
[2026-03-19 07:53:08] [DEBUG] DEBUG: Skipping stock validation for historical date 2021-04-16 (month: 2021-04)
[2026-03-19 07:53:08] [DEBUG] DEBUG: Skipping stock validation for historical date 2021-04-17 (month: 2021-04)
[2026-03-19 07:53:08] [DEBUG] DEBUG: Skipping stock validation for historical date 2021-04-18 (month: 2021-04)
[2026-03-19 07:53:08] [DEBUG] DEBUG: Skipping stock validation for historical date 2021-04-19 (month: 2021-04)
[2026-03-19 07:53:08] [DEBUG] DEBUG: Skipping stock validation for historical date 2021-04-20 (month: 2021-04)
[2026-03-19 07:53:08] [DEBUG] DEBUG: Skipping stock validation for historical date 2021-04-21 (month: 2021-04)
[2026-03-19 07:53:08] [DEBUG] DEBUG: Skipping stock validation for historical date 2021-04-22 (month: 2021-04)
[2026-03-19 07:53:08] [DEBUG] DEBUG: Skipping stock validation for historical date 2021-04-23 (month: 2021-04)
[2026-03-19 07:53:08] [DEBUG] DEBUG: Skipping stock validation for historical date 2021-04-24 (month: 2021-04)
[2026-03-19 07:53:08] [DEBUG] DEBUG: Skipping stock validation for historical date 2021-04-25 (month: 2021-04)
[2026-03-19 07:53:08] [DEBUG] DEBUG: Skipping stock validation for historical date 2021-04-26 (month: 2021-04)
[2026-03-19 07:53:08] [DEBUG] DEBUG: Skipping stock validation for historical date 2021-04-27 (month: 2021-04)
[2026-03-19 07:53:08] [DEBUG] DEBUG: Skipping stock validation for historical date 2021-04-28 (month: 2021-04)
[2026-03-19 07:53:08] [DEBUG] DEBUG: Skipping stock validation for historical date 2021-04-29 (month: 2021-04)
[2026-03-19 07:53:08] [DEBUG] DEBUG: Skipping stock validation for historical date 2021-04-30 (month: 2021-04)
[2026-03-19 07:53:08] [INFO] === FINAL DISTRIBUTION FOR BILLS === Item: SCMPL0028356 | Qty: 290 | Distribution: 11,8,14,8,6,12,10,12,6,5,8,15,12,8,10,7,10,8,14,9,10,19,8,6,10,8,10,12,6,8 | Sum: 290
[2026-03-19 07:53:08] [DEBUG] DEBUG: Checking distribution for item SCMPL0028275 - Total Qty: 500
[2026-03-19 07:53:08] [DEBUG] DEBUG: Available distributions: YES
[2026-03-19 07:53:08] [DEBUG] DEBUG: Distribution type for SCMPL0028275: string
[2026-03-19 07:53:08] [DEBUG] DEBUG: Raw distribution string for SCMPL0028275: [14,13,21,28,14,19,19,17,12,17,25,16,12,20,12,13,13,19,17,12,13,15,16,16,22,22,13,15,19,16]
[2026-03-19 07:53:08] [INFO] SAVED DIST USED (json decoded): SCMPL0028275 = 14, 13, 21, 28, 14, 19, 19, 17, 12, 17, 25, 16, 12, 20, 12, 13, 13, 19, 17, 12, 13, 15, 16, 16, 22, 22, 13, 15, 19, 16
[2026-03-19 07:53:08] [DEBUG] DEBUG: Skipping stock validation for historical date 2021-04-01 (month: 2021-04)
[2026-03-19 07:53:08] [DEBUG] DEBUG: Skipping stock validation for historical date 2021-04-02 (month: 2021-04)
[2026-03-19 07:53:08] [DEBUG] DEBUG: Skipping stock validation for historical date 2021-04-03 (month: 2021-04)
[2026-03-19 07:53:08] [DEBUG] DEBUG: Skipping stock validation for historical date 2021-04-04 (month: 2021-04)
[2026-03-19 07:53:08] [DEBUG] DEBUG: Skipping stock validation for historical date 2021-04-05 (month: 2021-04)
[2026-03-19 07:53:08] [DEBUG] DEBUG: Skipping stock validation for historical date 2021-04-06 (month: 2021-04)
[2026-03-19 07:53:08] [DEBUG] DEBUG: Skipping stock validation for historical date 2021-04-07 (month: 2021-04)
[2026-03-19 07:53:08] [DEBUG] DEBUG: Skipping stock validation for historical date 2021-04-08 (month: 2021-04)
[2026-03-19 07:53:08] [DEBUG] DEBUG: Skipping stock validation for historical date 2021-04-09 (month: 2021-04)
[2026-03-19 07:53:08] [DEBUG] DEBUG: Skipping stock validation for historical date 2021-04-10 (month: 2021-04)
[2026-03-19 07:53:08] [DEBUG] DEBUG: Skipping stock validation for historical date 2021-04-11 (month: 2021-04)
[2026-03-19 07:53:08] [DEBUG] DEBUG: Skipping stock validation for historical date 2021-04-12 (month: 2021-04)
[2026-03-19 07:53:08] [DEBUG] DEBUG: Skipping stock validation for historical date 2021-04-13 (month: 2021-04)
[2026-03-19 07:53:08] [DEBUG] DEBUG: Skipping stock validation for historical date 2021-04-14 (month: 2021-04)
[2026-03-19 07:53:08] [DEBUG] DEBUG: Skipping stock validation for historical date 2021-04-15 (month: 2021-04)
[2026-03-19 07:53:08] [DEBUG] DEBUG: Skipping stock validation for historical date 2021-04-16 (month: 2021-04)
[2026-03-19 07:53:08] [DEBUG] DEBUG: Skipping stock validation for historical date 2021-04-17 (month: 2021-04)
[2026-03-19 07:53:08] [DEBUG] DEBUG: Skipping stock validation for historical date 2021-04-18 (month: 2021-04)
[2026-03-19 07:53:08] [DEBUG] DEBUG: Skipping stock validation for historical date 2021-04-19 (month: 2021-04)
[2026-03-19 07:53:08] [DEBUG] DEBUG: Skipping stock validation for historical date 2021-04-20 (month: 2021-04)
[2026-03-19 07:53:08] [DEBUG] DEBUG: Skipping stock validation for historical date 2021-04-21 (month: 2021-04)
[2026-03-19 07:53:08] [DEBUG] DEBUG: Skipping stock validation for historical date 2021-04-22 (month: 2021-04)
[2026-03-19 07:53:08] [DEBUG] DEBUG: Skipping stock validation for historical date 2021-04-23 (month: 2021-04)
[2026-03-19 07:53:08] [DEBUG] DEBUG: Skipping stock validation for historical date 2021-04-24 (month: 2021-04)
[2026-03-19 07:53:08] [DEBUG] DEBUG: Skipping stock validation for historical date 2021-04-25 (month: 2021-04)
[2026-03-19 07:53:08] [DEBUG] DEBUG: Skipping stock validation for historical date 2021-04-26 (month: 2021-04)
[2026-03-19 07:53:08] [DEBUG] DEBUG: Skipping stock validation for historical date 2021-04-27 (month: 2021-04)
[2026-03-19 07:53:08] [DEBUG] DEBUG: Skipping stock validation for historical date 2021-04-28 (month: 2021-04)
[2026-03-19 07:53:08] [DEBUG] DEBUG: Skipping stock validation for historical date 2021-04-29 (month: 2021-04)
[2026-03-19 07:53:08] [DEBUG] DEBUG: Skipping stock validation for historical date 2021-04-30 (month: 2021-04)
[2026-03-19 07:53:08] [INFO] === FINAL DISTRIBUTION FOR BILLS === Item: SCMPL0028275 | Qty: 500 | Distribution: 14,13,21,28,14,19,19,17,12,17,25,16,12,20,12,13,13,19,17,12,13,15,16,16,22,22,13,15,19,16 | Sum: 500
[2026-03-19 07:53:08] [DEBUG] DEBUG: Checking distribution for item SCMPL0028357 - Total Qty: 90
[2026-03-19 07:53:08] [DEBUG] DEBUG: Available distributions: YES
[2026-03-19 07:53:08] [DEBUG] DEBUG: Distribution type for SCMPL0028357: string
[2026-03-19 07:53:08] [DEBUG] DEBUG: Raw distribution string for SCMPL0028357: [1,7,2,1,5,4,3,5,2,3,5,3,5,5,5,5,1,0,0,3,1,1,4,3,3,3,3,5,1,1]
[2026-03-19 07:53:08] [INFO] SAVED DIST USED (json decoded): SCMPL0028357 = 1, 7, 2, 1, 5, 4, 3, 5, 2, 3, 5, 3, 5, 5, 5, 5, 1, 0, 0, 3, 1, 1, 4, 3, 3, 3, 3, 5, 1, 1
[2026-03-19 07:53:08] [DEBUG] DEBUG: Skipping stock validation for historical date 2021-04-01 (month: 2021-04)
[2026-03-19 07:53:08] [DEBUG] DEBUG: Skipping stock validation for historical date 2021-04-02 (month: 2021-04)
[2026-03-19 07:53:08] [DEBUG] DEBUG: Skipping stock validation for historical date 2021-04-03 (month: 2021-04)
[2026-03-19 07:53:08] [DEBUG] DEBUG: Skipping stock validation for historical date 2021-04-04 (month: 2021-04)
[2026-03-19 07:53:08] [DEBUG] DEBUG: Skipping stock validation for historical date 2021-04-05 (month: 2021-04)
[2026-03-19 07:53:08] [DEBUG] DEBUG: Skipping stock validation for historical date 2021-04-06 (month: 2021-04)
[2026-03-19 07:53:08] [DEBUG] DEBUG: Skipping stock validation for historical date 2021-04-07 (month: 2021-04)
[2026-03-19 07:53:08] [DEBUG] DEBUG: Skipping stock validation for historical date 2021-04-08 (month: 2021-04)
[2026-03-19 07:53:08] [DEBUG] DEBUG: Skipping stock validation for historical date 2021-04-09 (month: 2021-04)
[2026-03-19 07:53:08] [DEBUG] DEBUG: Skipping stock validation for historical date 2021-04-10 (month: 2021-04)
[2026-03-19 07:53:08] [DEBUG] DEBUG: Skipping stock validation for historical date 2021-04-11 (month: 2021-04)
[2026-03-19 07:53:08] [DEBUG] DEBUG: Skipping stock validation for historical date 2021-04-12 (month: 2021-04)
[2026-03-19 07:53:08] [DEBUG] DEBUG: Skipping stock validation for historical date 2021-04-13 (month: 2021-04)
[2026-03-19 07:53:08] [DEBUG] DEBUG: Skipping stock validation for historical date 2021-04-14 (month: 2021-04)
[2026-03-19 07:53:08] [DEBUG] DEBUG: Skipping stock validation for historical date 2021-04-15 (month: 2021-04)
[2026-03-19 07:53:08] [DEBUG] DEBUG: Skipping stock validation for historical date 2021-04-16 (month: 2021-04)
[2026-03-19 07:53:08] [DEBUG] DEBUG: Skipping stock validation for historical date 2021-04-17 (month: 2021-04)
[2026-03-19 07:53:08] [DEBUG] DEBUG: Skipping stock validation for historical date 2021-04-20 (month: 2021-04)
[2026-03-19 07:53:08] [DEBUG] DEBUG: Skipping stock validation for historical date 2021-04-21 (month: 2021-04)
[2026-03-19 07:53:08] [DEBUG] DEBUG: Skipping stock validation for historical date 2021-04-22 (month: 2021-04)
[2026-03-19 07:53:08] [DEBUG] DEBUG: Skipping stock validation for historical date 2021-04-23 (month: 2021-04)
[2026-03-19 07:53:08] [DEBUG] DEBUG: Skipping stock validation for historical date 2021-04-24 (month: 2021-04)
[2026-03-19 07:53:08] [DEBUG] DEBUG: Skipping stock validation for historical date 2021-04-25 (month: 2021-04)
[2026-03-19 07:53:08] [DEBUG] DEBUG: Skipping stock validation for historical date 2021-04-26 (month: 2021-04)
[2026-03-19 07:53:08] [DEBUG] DEBUG: Skipping stock validation for historical date 2021-04-27 (month: 2021-04)
[2026-03-19 07:53:08] [DEBUG] DEBUG: Skipping stock validation for historical date 2021-04-28 (month: 2021-04)
[2026-03-19 07:53:08] [DEBUG] DEBUG: Skipping stock validation for historical date 2021-04-29 (month: 2021-04)
[2026-03-19 07:53:08] [DEBUG] DEBUG: Skipping stock validation for historical date 2021-04-30 (month: 2021-04)
[2026-03-19 07:53:08] [INFO] === FINAL DISTRIBUTION FOR BILLS === Item: SCMPL0028357 | Qty: 90 | Distribution: 1,7,2,1,5,4,3,5,2,3,5,3,5,5,5,5,1,0,0,3,1,1,4,3,3,3,3,5,1,1 | Sum: 90
[2026-03-19 07:53:08] [DEBUG] DEBUG: Checking distribution for item SCMPL0028274 - Total Qty: 800
[2026-03-19 07:53:08] [DEBUG] DEBUG: Available distributions: YES
[2026-03-19 07:53:08] [DEBUG] DEBUG: Distribution type for SCMPL0028274: string
[2026-03-19 07:53:08] [DEBUG] DEBUG: Raw distribution string for SCMPL0028274: [27,18,24,33,25,21,24,20,35,31,24,35,36,29,21,30,31,18,29,31,29,24,24,30,25,24,36,24,19,23]
[2026-03-19 07:53:08] [INFO] SAVED DIST USED (json decoded): SCMPL0028274 = 27, 18, 24, 33, 25, 21, 24, 20, 35, 31, 24, 35, 36, 29, 21, 30, 31, 18, 29, 31, 29, 24, 24, 30, 25, 24, 36, 24, 19, 23
[2026-03-19 07:53:08] [DEBUG] DEBUG: Skipping stock validation for historical date 2021-04-01 (month: 2021-04)
[2026-03-19 07:53:08] [DEBUG] DEBUG: Skipping stock validation for historical date 2021-04-02 (month: 2021-04)
[2026-03-19 07:53:08] [DEBUG] DEBUG: Skipping stock validation for historical date 2021-04-03 (month: 2021-04)
[2026-03-19 07:53:08] [DEBUG] DEBUG: Skipping stock validation for historical date 2021-04-04 (month: 2021-04)
[2026-03-19 07:53:08] [DEBUG] DEBUG: Skipping stock validation for historical date 2021-04-05 (month: 2021-04)
[2026-03-19 07:53:08] [DEBUG] DEBUG: Skipping stock validation for historical date 2021-04-06 (month: 2021-04)
[2026-03-19 07:53:08] [DEBUG] DEBUG: Skipping stock validation for historical date 2021-04-07 (month: 2021-04)
[2026-03-19 07:53:08] [DEBUG] DEBUG: Skipping stock validation for historical date 2021-04-08 (month: 2021-04)
[2026-03-19 07:53:08] [DEBUG] DEBUG: Skipping stock validation for historical date 2021-04-09 (month: 2021-04)
[2026-03-19 07:53:08] [DEBUG] DEBUG: Skipping stock validation for historical date 2021-04-10 (month: 2021-04)
[2026-03-19 07:53:08] [DEBUG] DEBUG: Skipping stock validation for historical date 2021-04-11 (month: 2021-04)
[2026-03-19 07:53:08] [DEBUG] DEBUG: Skipping stock validation for historical date 2021-04-12 (month: 2021-04)
[2026-03-19 07:53:08] [DEBUG] DEBUG: Skipping stock validation for historical date 2021-04-13 (month: 2021-04)
[2026-03-19 07:53:08] [DEBUG] DEBUG: Skipping stock validation for historical date 2021-04-14 (month: 2021-04)
[2026-03-19 07:53:08] [DEBUG] DEBUG: Skipping stock validation for historical date 2021-04-15 (month: 2021-04)
[2026-03-19 07:53:08] [DEBUG] DEBUG: Skipping stock validation for historical date 2021-04-16 (month: 2021-04)
[2026-03-19 07:53:08] [DEBUG] DEBUG: Skipping stock validation for historical date 2021-04-17 (month: 2021-04)
[2026-03-19 07:53:08] [DEBUG] DEBUG: Skipping stock validation for historical date 2021-04-18 (month: 2021-04)
[2026-03-19 07:53:08] [DEBUG] DEBUG: Skipping stock validation for historical date 2021-04-19 (month: 2021-04)
[2026-03-19 07:53:08] [DEBUG] DEBUG: Skipping stock validation for historical date 2021-04-20 (month: 2021-04)
[2026-03-19 07:53:08] [DEBUG] DEBUG: Skipping stock validation for historical date 2021-04-21 (month: 2021-04)
[2026-03-19 07:53:08] [DEBUG] DEBUG: Skipping stock validation for historical date 2021-04-22 (month: 2021-04)
[2026-03-19 07:53:08] [DEBUG] DEBUG: Skipping stock validation for historical date 2021-04-23 (month: 2021-04)
[2026-03-19 07:53:08] [DEBUG] DEBUG: Skipping stock validation for historical date 2021-04-24 (month: 2021-04)
[2026-03-19 07:53:08] [DEBUG] DEBUG: Skipping stock validation for historical date 2021-04-25 (month: 2021-04)
[2026-03-19 07:53:08] [DEBUG] DEBUG: Skipping stock validation for historical date 2021-04-26 (month: 2021-04)
[2026-03-19 07:53:08] [DEBUG] DEBUG: Skipping stock validation for historical date 2021-04-27 (month: 2021-04)
[2026-03-19 07:53:08] [DEBUG] DEBUG: Skipping stock validation for historical date 2021-04-28 (month: 2021-04)
[2026-03-19 07:53:08] [DEBUG] DEBUG: Skipping stock validation for historical date 2021-04-29 (month: 2021-04)
[2026-03-19 07:53:08] [DEBUG] DEBUG: Skipping stock validation for historical date 2021-04-30 (month: 2021-04)
[2026-03-19 07:53:08] [INFO] === FINAL DISTRIBUTION FOR BILLS === Item: SCMPL0028274 | Qty: 800 | Distribution: 27,18,24,33,25,21,24,20,35,31,24,35,36,29,21,30,31,18,29,31,29,24,24,30,25,24,36,24,19,23 | Sum: 800
[2026-03-19 07:53:08] [DEBUG] DEBUG: Checking distribution for item SCMPL0028276 - Total Qty: 1836
[2026-03-19 07:53:08] [DEBUG] DEBUG: Available distributions: YES
[2026-03-19 07:53:08] [DEBUG] DEBUG: Distribution type for SCMPL0028276: string
[2026-03-19 07:53:08] [DEBUG] DEBUG: Raw distribution string for SCMPL0028276: [74,65,74,86,58,59,67,52,61,66,59,63,69,55,51,65,48,62,56,56,46,60,62,52,66,58,62,61,65,58]
[2026-03-19 07:53:08] [INFO] SAVED DIST USED (json decoded): SCMPL0028276 = 74, 65, 74, 86, 58, 59, 67, 52, 61, 66, 59, 63, 69, 55, 51, 65, 48, 62, 56, 56, 46, 60, 62, 52, 66, 58, 62, 61, 65, 58
[2026-03-19 07:53:08] [DEBUG] DEBUG: Skipping stock validation for historical date 2021-04-01 (month: 2021-04)
[2026-03-19 07:53:08] [DEBUG] DEBUG: Skipping stock validation for historical date 2021-04-02 (month: 2021-04)
[2026-03-19 07:53:08] [DEBUG] DEBUG: Skipping stock validation for historical date 2021-04-03 (month: 2021-04)
[2026-03-19 07:53:08] [DEBUG] DEBUG: Skipping stock validation for historical date 2021-04-04 (month: 2021-04)
[2026-03-19 07:53:08] [DEBUG] DEBUG: Skipping stock validation for historical date 2021-04-05 (month: 2021-04)
[2026-03-19 07:53:08] [DEBUG] DEBUG: Skipping stock validation for historical date 2021-04-06 (month: 2021-04)
[2026-03-19 07:53:08] [DEBUG] DEBUG: Skipping stock validation for historical date 2021-04-07 (month: 2021-04)
[2026-03-19 07:53:08] [DEBUG] DEBUG: Skipping stock validation for historical date 2021-04-08 (month: 2021-04)
[2026-03-19 07:53:08] [DEBUG] DEBUG: Skipping stock validation for historical date 2021-04-09 (month: 2021-04)
[2026-03-19 07:53:08] [DEBUG] DEBUG: Skipping stock validation for historical date 2021-04-10 (month: 2021-04)
[2026-03-19 07:53:08] [DEBUG] DEBUG: Skipping stock validation for historical date 2021-04-11 (month: 2021-04)
[2026-03-19 07:53:08] [DEBUG] DEBUG: Skipping stock validation for historical date 2021-04-12 (month: 2021-04)
[2026-03-19 07:53:08] [DEBUG] DEBUG: Skipping stock validation for historical date 2021-04-13 (month: 2021-04)
[2026-03-19 07:53:08] [DEBUG] DEBUG: Skipping stock validation for historical date 2021-04-14 (month: 2021-04)
[2026-03-19 07:53:08] [DEBUG] DEBUG: Skipping stock validation for historical date 2021-04-15 (month: 2021-04)
[2026-03-19 07:53:08] [DEBUG] DEBUG: Skipping stock validation for historical date 2021-04-16 (month: 2021-04)
[2026-03-19 07:53:08] [DEBUG] DEBUG: Skipping stock validation for historical date 2021-04-17 (month: 2021-04)
[2026-03-19 07:53:08] [DEBUG] DEBUG: Skipping stock validation for historical date 2021-04-18 (month: 2021-04)
[2026-03-19 07:53:08] [DEBUG] DEBUG: Skipping stock validation for historical date 2021-04-19 (month: 2021-04)
[2026-03-19 07:53:08] [DEBUG] DEBUG: Skipping stock validation for historical date 2021-04-20 (month: 2021-04)
[2026-03-19 07:53:08] [DEBUG] DEBUG: Skipping stock validation for historical date 2021-04-21 (month: 2021-04)
[2026-03-19 07:53:08] [DEBUG] DEBUG: Skipping stock validation for historical date 2021-04-22 (month: 2021-04)
[2026-03-19 07:53:08] [DEBUG] DEBUG: Skipping stock validation for historical date 2021-04-23 (month: 2021-04)
[2026-03-19 07:53:08] [DEBUG] DEBUG: Skipping stock validation for historical date 2021-04-24 (month: 2021-04)
[2026-03-19 07:53:08] [DEBUG] DEBUG: Skipping stock validation for historical date 2021-04-25 (month: 2021-04)
[2026-03-19 07:53:08] [DEBUG] DEBUG: Skipping stock validation for historical date 2021-04-26 (month: 2021-04)
[2026-03-19 07:53:08] [DEBUG] DEBUG: Skipping stock validation for historical date 2021-04-27 (month: 2021-04)
[2026-03-19 07:53:08] [DEBUG] DEBUG: Skipping stock validation for historical date 2021-04-28 (month: 2021-04)
[2026-03-19 07:53:08] [DEBUG] DEBUG: Skipping stock validation for historical date 2021-04-29 (month: 2021-04)
[2026-03-19 07:53:08] [DEBUG] DEBUG: Skipping stock validation for historical date 2021-04-30 (month: 2021-04)
[2026-03-19 07:53:08] [INFO] === FINAL DISTRIBUTION FOR BILLS === Item: SCMPL0028276 | Qty: 1836 | Distribution: 74,65,74,86,58,59,67,52,61,66,59,63,69,55,51,65,48,62,56,56,46,60,62,52,66,58,62,61,65,58 | Sum: 1836
[2026-03-19 07:53:08] [DEBUG] DEBUG: Checking distribution for item SCMBR0021532 - Total Qty: 300
[2026-03-19 07:53:08] [DEBUG] DEBUG: Available distributions: YES
[2026-03-19 07:53:08] [DEBUG] DEBUG: Distribution type for SCMBR0021532: string
[2026-03-19 07:53:08] [DEBUG] DEBUG: Raw distribution string for SCMBR0021532: [9,9,13,7,12,14,13,14,7,9,12,7,5,8,15,16,7,9,6,7,7,7,15,8,14,10,8,11,12,9]
[2026-03-19 07:53:08] [INFO] SAVED DIST USED (json decoded): SCMBR0021532 = 9, 9, 13, 7, 12, 14, 13, 14, 7, 9, 12, 7, 5, 8, 15, 16, 7, 9, 6, 7, 7, 7, 15, 8, 14, 10, 8, 11, 12, 9
[2026-03-19 07:53:08] [DEBUG] DEBUG: Skipping stock validation for historical date 2021-04-01 (month: 2021-04)
[2026-03-19 07:53:08] [DEBUG] DEBUG: Skipping stock validation for historical date 2021-04-02 (month: 2021-04)
[2026-03-19 07:53:08] [DEBUG] DEBUG: Skipping stock validation for historical date 2021-04-03 (month: 2021-04)
[2026-03-19 07:53:08] [DEBUG] DEBUG: Skipping stock validation for historical date 2021-04-04 (month: 2021-04)
[2026-03-19 07:53:08] [DEBUG] DEBUG: Skipping stock validation for historical date 2021-04-05 (month: 2021-04)
[2026-03-19 07:53:08] [DEBUG] DEBUG: Skipping stock validation for historical date 2021-04-06 (month: 2021-04)
[2026-03-19 07:53:08] [DEBUG] DEBUG: Skipping stock validation for historical date 2021-04-07 (month: 2021-04)
[2026-03-19 07:53:08] [DEBUG] DEBUG: Skipping stock validation for historical date 2021-04-08 (month: 2021-04)
[2026-03-19 07:53:08] [DEBUG] DEBUG: Skipping stock validation for historical date 2021-04-09 (month: 2021-04)
[2026-03-19 07:53:08] [DEBUG] DEBUG: Skipping stock validation for historical date 2021-04-10 (month: 2021-04)
[2026-03-19 07:53:08] [DEBUG] DEBUG: Skipping stock validation for historical date 2021-04-11 (month: 2021-04)
[2026-03-19 07:53:08] [DEBUG] DEBUG: Skipping stock validation for historical date 2021-04-12 (month: 2021-04)
[2026-03-19 07:53:08] [DEBUG] DEBUG: Skipping stock validation for historical date 2021-04-13 (month: 2021-04)
[2026-03-19 07:53:08] [DEBUG] DEBUG: Skipping stock validation for historical date 2021-04-14 (month: 2021-04)
[2026-03-19 07:53:08] [DEBUG] DEBUG: Skipping stock validation for historical date 2021-04-15 (month: 2021-04)
[2026-03-19 07:53:08] [DEBUG] DEBUG: Skipping stock validation for historical date 2021-04-16 (month: 2021-04)
[2026-03-19 07:53:08] [DEBUG] DEBUG: Skipping stock validation for historical date 2021-04-17 (month: 2021-04)
[2026-03-19 07:53:08] [DEBUG] DEBUG: Skipping stock validation for historical date 2021-04-18 (month: 2021-04)
[2026-03-19 07:53:08] [DEBUG] DEBUG: Skipping stock validation for historical date 2021-04-19 (month: 2021-04)
[2026-03-19 07:53:08] [DEBUG] DEBUG: Skipping stock validation for historical date 2021-04-20 (month: 2021-04)
[2026-03-19 07:53:08] [DEBUG] DEBUG: Skipping stock validation for historical date 2021-04-21 (month: 2021-04)
[2026-03-19 07:53:08] [DEBUG] DEBUG: Skipping stock validation for historical date 2021-04-22 (month: 2021-04)
[2026-03-19 07:53:08] [DEBUG] DEBUG: Skipping stock validation for historical date 2021-04-23 (month: 2021-04)
[2026-03-19 07:53:08] [DEBUG] DEBUG: Skipping stock validation for historical date 2021-04-24 (month: 2021-04)
[2026-03-19 07:53:08] [DEBUG] DEBUG: Skipping stock validation for historical date 2021-04-25 (month: 2021-04)
[2026-03-19 07:53:08] [DEBUG] DEBUG: Skipping stock validation for historical date 2021-04-26 (month: 2021-04)
[2026-03-19 07:53:08] [DEBUG] DEBUG: Skipping stock validation for historical date 2021-04-27 (month: 2021-04)
[2026-03-19 07:53:08] [DEBUG] DEBUG: Skipping stock validation for historical date 2021-04-28 (month: 2021-04)
[2026-03-19 07:53:08] [DEBUG] DEBUG: Skipping stock validation for historical date 2021-04-29 (month: 2021-04)
[2026-03-19 07:53:08] [DEBUG] DEBUG: Skipping stock validation for historical date 2021-04-30 (month: 2021-04)
[2026-03-19 07:53:08] [INFO] === FINAL DISTRIBUTION FOR BILLS === Item: SCMBR0021532 | Qty: 300 | Distribution: 9,9,13,7,12,14,13,14,7,9,12,7,5,8,15,16,7,9,6,7,7,7,15,8,14,10,8,11,12,9 | Sum: 300
[2026-03-19 07:53:08] [DEBUG] DEBUG: Checking distribution for item SCMPL0009668 - Total Qty: 60
[2026-03-19 07:53:08] [DEBUG] DEBUG: Available distributions: YES
[2026-03-19 07:53:08] [DEBUG] DEBUG: Distribution type for SCMPL0009668: string
[2026-03-19 07:53:08] [DEBUG] DEBUG: Raw distribution string for SCMPL0009668: [1,4,2,2,3,3,2,3,1,2,1,2,1,2,1,2,1,2,3,1,0,3,3,4,1,1,3,2,2,2]
[2026-03-19 07:53:08] [INFO] SAVED DIST USED (json decoded): SCMPL0009668 = 1, 4, 2, 2, 3, 3, 2, 3, 1, 2, 1, 2, 1, 2, 1, 2, 1, 2, 3, 1, 0, 3, 3, 4, 1, 1, 3, 2, 2, 2
[2026-03-19 07:53:08] [DEBUG] DEBUG: Skipping stock validation for historical date 2021-04-01 (month: 2021-04)
[2026-03-19 07:53:08] [DEBUG] DEBUG: Skipping stock validation for historical date 2021-04-02 (month: 2021-04)
[2026-03-19 07:53:08] [DEBUG] DEBUG: Skipping stock validation for historical date 2021-04-03 (month: 2021-04)
[2026-03-19 07:53:08] [DEBUG] DEBUG: Skipping stock validation for historical date 2021-04-04 (month: 2021-04)
[2026-03-19 07:53:08] [DEBUG] DEBUG: Skipping stock validation for historical date 2021-04-05 (month: 2021-04)
[2026-03-19 07:53:08] [DEBUG] DEBUG: Skipping stock validation for historical date 2021-04-06 (month: 2021-04)
[2026-03-19 07:53:08] [DEBUG] DEBUG: Skipping stock validation for historical date 2021-04-07 (month: 2021-04)
[2026-03-19 07:53:08] [DEBUG] DEBUG: Skipping stock validation for historical date 2021-04-08 (month: 2021-04)
[2026-03-19 07:53:08] [DEBUG] DEBUG: Skipping stock validation for historical date 2021-04-09 (month: 2021-04)
[2026-03-19 07:53:08] [DEBUG] DEBUG: Skipping stock validation for historical date 2021-04-10 (month: 2021-04)
[2026-03-19 07:53:08] [DEBUG] DEBUG: Skipping stock validation for historical date 2021-04-11 (month: 2021-04)
[2026-03-19 07:53:08] [DEBUG] DEBUG: Skipping stock validation for historical date 2021-04-12 (month: 2021-04)
[2026-03-19 07:53:08] [DEBUG] DEBUG: Skipping stock validation for historical date 2021-04-13 (month: 2021-04)
[2026-03-19 07:53:08] [DEBUG] DEBUG: Skipping stock validation for historical date 2021-04-14 (month: 2021-04)
[2026-03-19 07:53:08] [DEBUG] DEBUG: Skipping stock validation for historical date 2021-04-15 (month: 2021-04)
[2026-03-19 07:53:08] [DEBUG] DEBUG: Skipping stock validation for historical date 2021-04-16 (month: 2021-04)
[2026-03-19 07:53:08] [DEBUG] DEBUG: Skipping stock validation for historical date 2021-04-17 (month: 2021-04)
[2026-03-19 07:53:08] [DEBUG] DEBUG: Skipping stock validation for historical date 2021-04-18 (month: 2021-04)
[2026-03-19 07:53:08] [DEBUG] DEBUG: Skipping stock validation for historical date 2021-04-19 (month: 2021-04)
[2026-03-19 07:53:08] [DEBUG] DEBUG: Skipping stock validation for historical date 2021-04-20 (month: 2021-04)
[2026-03-19 07:53:08] [DEBUG] DEBUG: Skipping stock validation for historical date 2021-04-22 (month: 2021-04)
[2026-03-19 07:53:08] [DEBUG] DEBUG: Skipping stock validation for historical date 2021-04-23 (month: 2021-04)
[2026-03-19 07:53:08] [DEBUG] DEBUG: Skipping stock validation for historical date 2021-04-24 (month: 2021-04)
[2026-03-19 07:53:08] [DEBUG] DEBUG: Skipping stock validation for historical date 2021-04-25 (month: 2021-04)
[2026-03-19 07:53:08] [DEBUG] DEBUG: Skipping stock validation for historical date 2021-04-26 (month: 2021-04)
[2026-03-19 07:53:08] [DEBUG] DEBUG: Skipping stock validation for historical date 2021-04-27 (month: 2021-04)
[2026-03-19 07:53:08] [DEBUG] DEBUG: Skipping stock validation for historical date 2021-04-28 (month: 2021-04)
[2026-03-19 07:53:08] [DEBUG] DEBUG: Skipping stock validation for historical date 2021-04-29 (month: 2021-04)
[2026-03-19 07:53:08] [DEBUG] DEBUG: Skipping stock validation for historical date 2021-04-30 (month: 2021-04)
[2026-03-19 07:53:08] [INFO] === FINAL DISTRIBUTION FOR BILLS === Item: SCMPL0009668 | Qty: 60 | Distribution: 1,4,2,2,3,3,2,3,1,2,1,2,1,2,1,2,1,2,3,1,0,3,3,4,1,1,3,2,2,2 | Sum: 60
[2026-03-19 07:53:08] [DEBUG] DEBUG: Checking distribution for item SCMPL0009688 - Total Qty: 50
[2026-03-19 07:53:08] [DEBUG] DEBUG: Available distributions: YES
[2026-03-19 07:53:08] [DEBUG] DEBUG: Distribution type for SCMPL0009688: string
[2026-03-19 07:53:08] [DEBUG] DEBUG: Raw distribution string for SCMPL0009688: [2,0,4,1,2,1,1,3,4,2,2,2,2,1,0,2,1,1,4,0,2,1,1,1,2,2,2,0,2,2]
[2026-03-19 07:53:08] [INFO] SAVED DIST USED (json decoded): SCMPL0009688 = 2, 0, 4, 1, 2, 1, 1, 3, 4, 2, 2, 2, 2, 1, 0, 2, 1, 1, 4, 0, 2, 1, 1, 1, 2, 2, 2, 0, 2, 2
[2026-03-19 07:53:08] [DEBUG] DEBUG: Skipping stock validation for historical date 2021-04-01 (month: 2021-04)
[2026-03-19 07:53:08] [DEBUG] DEBUG: Skipping stock validation for historical date 2021-04-03 (month: 2021-04)
[2026-03-19 07:53:08] [DEBUG] DEBUG: Skipping stock validation for historical date 2021-04-04 (month: 2021-04)
[2026-03-19 07:53:08] [DEBUG] DEBUG: Skipping stock validation for historical date 2021-04-05 (month: 2021-04)
[2026-03-19 07:53:08] [DEBUG] DEBUG: Skipping stock validation for historical date 2021-04-06 (month: 2021-04)
[2026-03-19 07:53:08] [DEBUG] DEBUG: Skipping stock validation for historical date 2021-04-07 (month: 2021-04)
[2026-03-19 07:53:08] [DEBUG] DEBUG: Skipping stock validation for historical date 2021-04-08 (month: 2021-04)
[2026-03-19 07:53:08] [DEBUG] DEBUG: Skipping stock validation for historical date 2021-04-09 (month: 2021-04)
[2026-03-19 07:53:08] [DEBUG] DEBUG: Skipping stock validation for historical date 2021-04-10 (month: 2021-04)
[2026-03-19 07:53:08] [DEBUG] DEBUG: Skipping stock validation for historical date 2021-04-11 (month: 2021-04)
[2026-03-19 07:53:08] [DEBUG] DEBUG: Skipping stock validation for historical date 2021-04-12 (month: 2021-04)
[2026-03-19 07:53:08] [DEBUG] DEBUG: Skipping stock validation for historical date 2021-04-13 (month: 2021-04)
[2026-03-19 07:53:08] [DEBUG] DEBUG: Skipping stock validation for historical date 2021-04-14 (month: 2021-04)
[2026-03-19 07:53:08] [DEBUG] DEBUG: Skipping stock validation for historical date 2021-04-16 (month: 2021-04)
[2026-03-19 07:53:08] [DEBUG] DEBUG: Skipping stock validation for historical date 2021-04-17 (month: 2021-04)
[2026-03-19 07:53:08] [DEBUG] DEBUG: Skipping stock validation for historical date 2021-04-18 (month: 2021-04)
[2026-03-19 07:53:08] [DEBUG] DEBUG: Skipping stock validation for historical date 2021-04-19 (month: 2021-04)
[2026-03-19 07:53:08] [DEBUG] DEBUG: Skipping stock validation for historical date 2021-04-21 (month: 2021-04)
[2026-03-19 07:53:08] [DEBUG] DEBUG: Skipping stock validation for historical date 2021-04-22 (month: 2021-04)
[2026-03-19 07:53:08] [DEBUG] DEBUG: Skipping stock validation for historical date 2021-04-23 (month: 2021-04)
[2026-03-19 07:53:08] [DEBUG] DEBUG: Skipping stock validation for historical date 2021-04-24 (month: 2021-04)
[2026-03-19 07:53:08] [DEBUG] DEBUG: Skipping stock validation for historical date 2021-04-25 (month: 2021-04)
[2026-03-19 07:53:08] [DEBUG] DEBUG: Skipping stock validation for historical date 2021-04-26 (month: 2021-04)
[2026-03-19 07:53:08] [DEBUG] DEBUG: Skipping stock validation for historical date 2021-04-27 (month: 2021-04)
[2026-03-19 07:53:08] [DEBUG] DEBUG: Skipping stock validation for historical date 2021-04-29 (month: 2021-04)
[2026-03-19 07:53:08] [DEBUG] DEBUG: Skipping stock validation for historical date 2021-04-30 (month: 2021-04)
[2026-03-19 07:53:08] [INFO] === FINAL DISTRIBUTION FOR BILLS === Item: SCMPL0009688 | Qty: 50 | Distribution: 2,0,4,1,2,1,1,3,4,2,2,2,2,1,0,2,1,1,4,0,2,1,1,1,2,2,2,0,2,2 | Sum: 50
[2026-03-19 07:53:08] [DEBUG] DEBUG: Checking distribution for item SCMPL0022277 - Total Qty: 500
[2026-03-19 07:53:08] [DEBUG] DEBUG: Available distributions: YES
[2026-03-19 07:53:08] [DEBUG] DEBUG: Distribution type for SCMPL0022277: string
[2026-03-19 07:53:08] [DEBUG] DEBUG: Raw distribution string for SCMPL0022277: [28,15,12,16,17,14,17,10,14,20,21,11,17,19,14,13,12,16,19,10,15,22,12,17,17,18,18,20,21,25]
[2026-03-19 07:53:08] [INFO] SAVED DIST USED (json decoded): SCMPL0022277 = 28, 15, 12, 16, 17, 14, 17, 10, 14, 20, 21, 11, 17, 19, 14, 13, 12, 16, 19, 10, 15, 22, 12, 17, 17, 18, 18, 20, 21, 25
[2026-03-19 07:53:08] [DEBUG] DEBUG: Skipping stock validation for historical date 2021-04-01 (month: 2021-04)
[2026-03-19 07:53:08] [DEBUG] DEBUG: Skipping stock validation for historical date 2021-04-02 (month: 2021-04)
[2026-03-19 07:53:08] [DEBUG] DEBUG: Skipping stock validation for historical date 2021-04-03 (month: 2021-04)
[2026-03-19 07:53:08] [DEBUG] DEBUG: Skipping stock validation for historical date 2021-04-04 (month: 2021-04)
[2026-03-19 07:53:08] [DEBUG] DEBUG: Skipping stock validation for historical date 2021-04-05 (month: 2021-04)
[2026-03-19 07:53:08] [DEBUG] DEBUG: Skipping stock validation for historical date 2021-04-06 (month: 2021-04)
[2026-03-19 07:53:08] [DEBUG] DEBUG: Skipping stock validation for historical date 2021-04-07 (month: 2021-04)
[2026-03-19 07:53:08] [DEBUG] DEBUG: Skipping stock validation for historical date 2021-04-08 (month: 2021-04)
[2026-03-19 07:53:08] [DEBUG] DEBUG: Skipping stock validation for historical date 2021-04-09 (month: 2021-04)
[2026-03-19 07:53:08] [DEBUG] DEBUG: Skipping stock validation for historical date 2021-04-10 (month: 2021-04)
[2026-03-19 07:53:08] [DEBUG] DEBUG: Skipping stock validation for historical date 2021-04-11 (month: 2021-04)
[2026-03-19 07:53:08] [DEBUG] DEBUG: Skipping stock validation for historical date 2021-04-12 (month: 2021-04)
[2026-03-19 07:53:08] [DEBUG] DEBUG: Skipping stock validation for historical date 2021-04-13 (month: 2021-04)
[2026-03-19 07:53:08] [DEBUG] DEBUG: Skipping stock validation for historical date 2021-04-14 (month: 2021-04)
[2026-03-19 07:53:08] [DEBUG] DEBUG: Skipping stock validation for historical date 2021-04-15 (month: 2021-04)
[2026-03-19 07:53:08] [DEBUG] DEBUG: Skipping stock validation for historical date 2021-04-16 (month: 2021-04)
[2026-03-19 07:53:08] [DEBUG] DEBUG: Skipping stock validation for historical date 2021-04-17 (month: 2021-04)
[2026-03-19 07:53:08] [DEBUG] DEBUG: Skipping stock validation for historical date 2021-04-18 (month: 2021-04)
[2026-03-19 07:53:08] [DEBUG] DEBUG: Skipping stock validation for historical date 2021-04-19 (month: 2021-04)
[2026-03-19 07:53:08] [DEBUG] DEBUG: Skipping stock validation for historical date 2021-04-20 (month: 2021-04)
[2026-03-19 07:53:08] [DEBUG] DEBUG: Skipping stock validation for historical date 2021-04-21 (month: 2021-04)
[2026-03-19 07:53:08] [DEBUG] DEBUG: Skipping stock validation for historical date 2021-04-22 (month: 2021-04)
[2026-03-19 07:53:08] [DEBUG] DEBUG: Skipping stock validation for historical date 2021-04-23 (month: 2021-04)
[2026-03-19 07:53:08] [DEBUG] DEBUG: Skipping stock validation for historical date 2021-04-24 (month: 2021-04)
[2026-03-19 07:53:08] [DEBUG] DEBUG: Skipping stock validation for historical date 2021-04-25 (month: 2021-04)
[2026-03-19 07:53:08] [DEBUG] DEBUG: Skipping stock validation for historical date 2021-04-26 (month: 2021-04)
[2026-03-19 07:53:08] [DEBUG] DEBUG: Skipping stock validation for historical date 2021-04-27 (month: 2021-04)
[2026-03-19 07:53:08] [DEBUG] DEBUG: Skipping stock validation for historical date 2021-04-28 (month: 2021-04)
[2026-03-19 07:53:08] [DEBUG] DEBUG: Skipping stock validation for historical date 2021-04-29 (month: 2021-04)
[2026-03-19 07:53:08] [DEBUG] DEBUG: Skipping stock validation for historical date 2021-04-30 (month: 2021-04)
[2026-03-19 07:53:08] [INFO] === FINAL DISTRIBUTION FOR BILLS === Item: SCMPL0022277 | Qty: 500 | Distribution: 28,15,12,16,17,14,17,10,14,20,21,11,17,19,14,13,12,16,19,10,15,22,12,17,17,18,18,20,21,25 | Sum: 500
[2026-03-19 07:53:08] [DEBUG] DEBUG: Checking distribution for item SCMPL0022276 - Total Qty: 1248
[2026-03-19 07:53:08] [DEBUG] DEBUG: Available distributions: YES
[2026-03-19 07:53:08] [DEBUG] DEBUG: Distribution type for SCMPL0022276: string
[2026-03-19 07:53:08] [DEBUG] DEBUG: Raw distribution string for SCMPL0022276: [43,49,43,36,29,49,38,53,39,46,41,39,35,38,41,38,37,42,41,38,60,46,40,35,41,52,45,42,30,42]
[2026-03-19 07:53:08] [INFO] SAVED DIST USED (json decoded): SCMPL0022276 = 43, 49, 43, 36, 29, 49, 38, 53, 39, 46, 41, 39, 35, 38, 41, 38, 37, 42, 41, 38, 60, 46, 40, 35, 41, 52, 45, 42, 30, 42
[2026-03-19 07:53:08] [DEBUG] DEBUG: Skipping stock validation for historical date 2021-04-01 (month: 2021-04)
[2026-03-19 07:53:08] [DEBUG] DEBUG: Skipping stock validation for historical date 2021-04-02 (month: 2021-04)
[2026-03-19 07:53:08] [DEBUG] DEBUG: Skipping stock validation for historical date 2021-04-03 (month: 2021-04)
[2026-03-19 07:53:08] [DEBUG] DEBUG: Skipping stock validation for historical date 2021-04-04 (month: 2021-04)
[2026-03-19 07:53:08] [DEBUG] DEBUG: Skipping stock validation for historical date 2021-04-05 (month: 2021-04)
[2026-03-19 07:53:08] [DEBUG] DEBUG: Skipping stock validation for historical date 2021-04-06 (month: 2021-04)
[2026-03-19 07:53:08] [DEBUG] DEBUG: Skipping stock validation for historical date 2021-04-07 (month: 2021-04)
[2026-03-19 07:53:08] [DEBUG] DEBUG: Skipping stock validation for historical date 2021-04-08 (month: 2021-04)
[2026-03-19 07:53:08] [DEBUG] DEBUG: Skipping stock validation for historical date 2021-04-09 (month: 2021-04)
[2026-03-19 07:53:08] [DEBUG] DEBUG: Skipping stock validation for historical date 2021-04-10 (month: 2021-04)
[2026-03-19 07:53:08] [DEBUG] DEBUG: Skipping stock validation for historical date 2021-04-11 (month: 2021-04)
[2026-03-19 07:53:08] [DEBUG] DEBUG: Skipping stock validation for historical date 2021-04-12 (month: 2021-04)
[2026-03-19 07:53:08] [DEBUG] DEBUG: Skipping stock validation for historical date 2021-04-13 (month: 2021-04)
[2026-03-19 07:53:08] [DEBUG] DEBUG: Skipping stock validation for historical date 2021-04-14 (month: 2021-04)
[2026-03-19 07:53:08] [DEBUG] DEBUG: Skipping stock validation for historical date 2021-04-15 (month: 2021-04)
[2026-03-19 07:53:08] [DEBUG] DEBUG: Skipping stock validation for historical date 2021-04-16 (month: 2021-04)
[2026-03-19 07:53:08] [DEBUG] DEBUG: Skipping stock validation for historical date 2021-04-17 (month: 2021-04)
[2026-03-19 07:53:08] [DEBUG] DEBUG: Skipping stock validation for historical date 2021-04-18 (month: 2021-04)
[2026-03-19 07:53:08] [DEBUG] DEBUG: Skipping stock validation for historical date 2021-04-19 (month: 2021-04)
[2026-03-19 07:53:08] [DEBUG] DEBUG: Skipping stock validation for historical date 2021-04-20 (month: 2021-04)
[2026-03-19 07:53:08] [DEBUG] DEBUG: Skipping stock validation for historical date 2021-04-21 (month: 2021-04)
[2026-03-19 07:53:08] [DEBUG] DEBUG: Skipping stock validation for historical date 2021-04-22 (month: 2021-04)
[2026-03-19 07:53:08] [DEBUG] DEBUG: Skipping stock validation for historical date 2021-04-23 (month: 2021-04)
[2026-03-19 07:53:08] [DEBUG] DEBUG: Skipping stock validation for historical date 2021-04-24 (month: 2021-04)
[2026-03-19 07:53:08] [DEBUG] DEBUG: Skipping stock validation for historical date 2021-04-25 (month: 2021-04)
[2026-03-19 07:53:08] [DEBUG] DEBUG: Skipping stock validation for historical date 2021-04-26 (month: 2021-04)
[2026-03-19 07:53:08] [DEBUG] DEBUG: Skipping stock validation for historical date 2021-04-27 (month: 2021-04)
[2026-03-19 07:53:08] [DEBUG] DEBUG: Skipping stock validation for historical date 2021-04-28 (month: 2021-04)
[2026-03-19 07:53:08] [DEBUG] DEBUG: Skipping stock validation for historical date 2021-04-29 (month: 2021-04)
[2026-03-19 07:53:08] [DEBUG] DEBUG: Skipping stock validation for historical date 2021-04-30 (month: 2021-04)
[2026-03-19 07:53:08] [INFO] === FINAL DISTRIBUTION FOR BILLS === Item: SCMPL0022276 | Qty: 1248 | Distribution: 43,49,43,36,29,49,38,53,39,46,41,39,35,38,41,38,37,42,41,38,60,46,40,35,41,52,45,42,30,42 | Sum: 1248
[2026-03-19 07:53:08] [DEBUG] DEBUG: Checking distribution for item SCMPL0022278 - Total Qty: 24
[2026-03-19 07:53:08] [DEBUG] DEBUG: Available distributions: YES
[2026-03-19 07:53:08] [DEBUG] DEBUG: Distribution type for SCMPL0022278: string
[2026-03-19 07:53:08] [DEBUG] DEBUG: Raw distribution string for SCMPL0022278: [2,1,0,1,3,0,1,0,0,1,1,0,0,1,0,0,2,0,0,1,2,0,2,1,2,1,0,1,1,0]
[2026-03-19 07:53:08] [INFO] SAVED DIST USED (json decoded): SCMPL0022278 = 2, 1, 0, 1, 3, 0, 1, 0, 0, 1, 1, 0, 0, 1, 0, 0, 2, 0, 0, 1, 2, 0, 2, 1, 2, 1, 0, 1, 1, 0
[2026-03-19 07:53:08] [DEBUG] DEBUG: Skipping stock validation for historical date 2021-04-01 (month: 2021-04)
[2026-03-19 07:53:08] [DEBUG] DEBUG: Skipping stock validation for historical date 2021-04-02 (month: 2021-04)
[2026-03-19 07:53:08] [DEBUG] DEBUG: Skipping stock validation for historical date 2021-04-04 (month: 2021-04)
[2026-03-19 07:53:08] [DEBUG] DEBUG: Skipping stock validation for historical date 2021-04-05 (month: 2021-04)
[2026-03-19 07:53:08] [DEBUG] DEBUG: Skipping stock validation for historical date 2021-04-07 (month: 2021-04)
[2026-03-19 07:53:08] [DEBUG] DEBUG: Skipping stock validation for historical date 2021-04-10 (month: 2021-04)
[2026-03-19 07:53:08] [DEBUG] DEBUG: Skipping stock validation for historical date 2021-04-11 (month: 2021-04)
[2026-03-19 07:53:08] [DEBUG] DEBUG: Skipping stock validation for historical date 2021-04-14 (month: 2021-04)
[2026-03-19 07:53:08] [DEBUG] DEBUG: Skipping stock validation for historical date 2021-04-17 (month: 2021-04)
[2026-03-19 07:53:08] [DEBUG] DEBUG: Skipping stock validation for historical date 2021-04-20 (month: 2021-04)
[2026-03-19 07:53:08] [DEBUG] DEBUG: Skipping stock validation for historical date 2021-04-21 (month: 2021-04)
[2026-03-19 07:53:08] [DEBUG] DEBUG: Skipping stock validation for historical date 2021-04-23 (month: 2021-04)
[2026-03-19 07:53:08] [DEBUG] DEBUG: Skipping stock validation for historical date 2021-04-24 (month: 2021-04)
[2026-03-19 07:53:08] [DEBUG] DEBUG: Skipping stock validation for historical date 2021-04-25 (month: 2021-04)
[2026-03-19 07:53:08] [DEBUG] DEBUG: Skipping stock validation for historical date 2021-04-26 (month: 2021-04)
[2026-03-19 07:53:08] [DEBUG] DEBUG: Skipping stock validation for historical date 2021-04-28 (month: 2021-04)
[2026-03-19 07:53:08] [DEBUG] DEBUG: Skipping stock validation for historical date 2021-04-29 (month: 2021-04)
[2026-03-19 07:53:08] [INFO] === FINAL DISTRIBUTION FOR BILLS === Item: SCMPL0022278 | Qty: 24 | Distribution: 2,1,0,1,3,0,1,0,0,1,1,0,0,1,0,0,2,0,0,1,2,0,2,1,2,1,0,1,1,0 | Sum: 24
[2026-03-19 07:53:08] [DEBUG] DEBUG: Checking distribution for item SCMPL0022280 - Total Qty: 68
[2026-03-19 07:53:08] [DEBUG] DEBUG: Available distributions: YES
[2026-03-19 07:53:08] [DEBUG] DEBUG: Distribution type for SCMPL0022280: string
[2026-03-19 07:53:08] [DEBUG] DEBUG: Raw distribution string for SCMPL0022280: [3,3,2,1,1,1,2,4,4,1,0,4,3,1,4,3,0,3,2,6,2,3,2,1,0,2,4,1,0,5]
[2026-03-19 07:53:08] [INFO] SAVED DIST USED (json decoded): SCMPL0022280 = 3, 3, 2, 1, 1, 1, 2, 4, 4, 1, 0, 4, 3, 1, 4, 3, 0, 3, 2, 6, 2, 3, 2, 1, 0, 2, 4, 1, 0, 5
[2026-03-19 07:53:08] [DEBUG] DEBUG: Skipping stock validation for historical date 2021-04-01 (month: 2021-04)
[2026-03-19 07:53:08] [DEBUG] DEBUG: Skipping stock validation for historical date 2021-04-02 (month: 2021-04)
[2026-03-19 07:53:08] [DEBUG] DEBUG: Skipping stock validation for historical date 2021-04-03 (month: 2021-04)
[2026-03-19 07:53:08] [DEBUG] DEBUG: Skipping stock validation for historical date 2021-04-04 (month: 2021-04)
[2026-03-19 07:53:08] [DEBUG] DEBUG: Skipping stock validation for historical date 2021-04-05 (month: 2021-04)
[2026-03-19 07:53:08] [DEBUG] DEBUG: Skipping stock validation for historical date 2021-04-06 (month: 2021-04)
[2026-03-19 07:53:08] [DEBUG] DEBUG: Skipping stock validation for historical date 2021-04-07 (month: 2021-04)
[2026-03-19 07:53:08] [DEBUG] DEBUG: Skipping stock validation for historical date 2021-04-08 (month: 2021-04)
[2026-03-19 07:53:08] [DEBUG] DEBUG: Skipping stock validation for historical date 2021-04-09 (month: 2021-04)
[2026-03-19 07:53:08] [DEBUG] DEBUG: Skipping stock validation for historical date 2021-04-10 (month: 2021-04)
[2026-03-19 07:53:08] [DEBUG] DEBUG: Skipping stock validation for historical date 2021-04-12 (month: 2021-04)
[2026-03-19 07:53:08] [DEBUG] DEBUG: Skipping stock validation for historical date 2021-04-13 (month: 2021-04)
[2026-03-19 07:53:08] [DEBUG] DEBUG: Skipping stock validation for historical date 2021-04-14 (month: 2021-04)
[2026-03-19 07:53:08] [DEBUG] DEBUG: Skipping stock validation for historical date 2021-04-15 (month: 2021-04)
[2026-03-19 07:53:08] [DEBUG] DEBUG: Skipping stock validation for historical date 2021-04-16 (month: 2021-04)
[2026-03-19 07:53:08] [DEBUG] DEBUG: Skipping stock validation for historical date 2021-04-18 (month: 2021-04)
[2026-03-19 07:53:08] [DEBUG] DEBUG: Skipping stock validation for historical date 2021-04-19 (month: 2021-04)
[2026-03-19 07:53:08] [DEBUG] DEBUG: Skipping stock validation for historical date 2021-04-20 (month: 2021-04)
[2026-03-19 07:53:08] [DEBUG] DEBUG: Skipping stock validation for historical date 2021-04-21 (month: 2021-04)
[2026-03-19 07:53:08] [DEBUG] DEBUG: Skipping stock validation for historical date 2021-04-22 (month: 2021-04)
[2026-03-19 07:53:08] [DEBUG] DEBUG: Skipping stock validation for historical date 2021-04-23 (month: 2021-04)
[2026-03-19 07:53:08] [DEBUG] DEBUG: Skipping stock validation for historical date 2021-04-24 (month: 2021-04)
[2026-03-19 07:53:08] [DEBUG] DEBUG: Skipping stock validation for historical date 2021-04-26 (month: 2021-04)
[2026-03-19 07:53:08] [DEBUG] DEBUG: Skipping stock validation for historical date 2021-04-27 (month: 2021-04)
[2026-03-19 07:53:08] [DEBUG] DEBUG: Skipping stock validation for historical date 2021-04-28 (month: 2021-04)
[2026-03-19 07:53:08] [DEBUG] DEBUG: Skipping stock validation for historical date 2021-04-30 (month: 2021-04)
[2026-03-19 07:53:08] [INFO] === FINAL DISTRIBUTION FOR BILLS === Item: SCMPL0022280 | Qty: 68 | Distribution: 3,3,2,1,1,1,2,4,4,1,0,4,3,1,4,3,0,3,2,6,2,3,2,1,0,2,4,1,0,5 | Sum: 68
[2026-03-19 07:53:08] [DEBUG] DEBUG: Checking distribution for item SCMPL0018737 - Total Qty: 500
[2026-03-19 07:53:08] [DEBUG] DEBUG: Available distributions: YES
[2026-03-19 07:53:08] [DEBUG] DEBUG: Distribution type for SCMPL0018737: string
[2026-03-19 07:53:08] [DEBUG] DEBUG: Raw distribution string for SCMPL0018737: [14,12,28,14,15,16,10,14,21,18,15,21,16,24,13,13,20,17,17,13,20,18,15,20,20,13,23,13,12,15]
[2026-03-19 07:53:08] [INFO] SAVED DIST USED (json decoded): SCMPL0018737 = 14, 12, 28, 14, 15, 16, 10, 14, 21, 18, 15, 21, 16, 24, 13, 13, 20, 17, 17, 13, 20, 18, 15, 20, 20, 13, 23, 13, 12, 15
[2026-03-19 07:53:08] [DEBUG] DEBUG: Skipping stock validation for historical date 2021-04-01 (month: 2021-04)
[2026-03-19 07:53:08] [DEBUG] DEBUG: Skipping stock validation for historical date 2021-04-02 (month: 2021-04)
[2026-03-19 07:53:08] [DEBUG] DEBUG: Skipping stock validation for historical date 2021-04-03 (month: 2021-04)
[2026-03-19 07:53:08] [DEBUG] DEBUG: Skipping stock validation for historical date 2021-04-04 (month: 2021-04)
[2026-03-19 07:53:08] [DEBUG] DEBUG: Skipping stock validation for historical date 2021-04-05 (month: 2021-04)
[2026-03-19 07:53:08] [DEBUG] DEBUG: Skipping stock validation for historical date 2021-04-06 (month: 2021-04)
[2026-03-19 07:53:08] [DEBUG] DEBUG: Skipping stock validation for historical date 2021-04-07 (month: 2021-04)
[2026-03-19 07:53:08] [DEBUG] DEBUG: Skipping stock validation for historical date 2021-04-08 (month: 2021-04)
[2026-03-19 07:53:08] [DEBUG] DEBUG: Skipping stock validation for historical date 2021-04-09 (month: 2021-04)
[2026-03-19 07:53:08] [DEBUG] DEBUG: Skipping stock validation for historical date 2021-04-10 (month: 2021-04)
[2026-03-19 07:53:08] [DEBUG] DEBUG: Skipping stock validation for historical date 2021-04-11 (month: 2021-04)
[2026-03-19 07:53:08] [DEBUG] DEBUG: Skipping stock validation for historical date 2021-04-12 (month: 2021-04)
[2026-03-19 07:53:08] [DEBUG] DEBUG: Skipping stock validation for historical date 2021-04-13 (month: 2021-04)
[2026-03-19 07:53:08] [DEBUG] DEBUG: Skipping stock validation for historical date 2021-04-14 (month: 2021-04)
[2026-03-19 07:53:08] [DEBUG] DEBUG: Skipping stock validation for historical date 2021-04-15 (month: 2021-04)
[2026-03-19 07:53:08] [DEBUG] DEBUG: Skipping stock validation for historical date 2021-04-16 (month: 2021-04)
[2026-03-19 07:53:08] [DEBUG] DEBUG: Skipping stock validation for historical date 2021-04-17 (month: 2021-04)
[2026-03-19 07:53:08] [DEBUG] DEBUG: Skipping stock validation for historical date 2021-04-18 (month: 2021-04)
[2026-03-19 07:53:08] [DEBUG] DEBUG: Skipping stock validation for historical date 2021-04-19 (month: 2021-04)
[2026-03-19 07:53:08] [DEBUG] DEBUG: Skipping stock validation for historical date 2021-04-20 (month: 2021-04)
[2026-03-19 07:53:08] [DEBUG] DEBUG: Skipping stock validation for historical date 2021-04-21 (month: 2021-04)
[2026-03-19 07:53:08] [DEBUG] DEBUG: Skipping stock validation for historical date 2021-04-22 (month: 2021-04)
[2026-03-19 07:53:08] [DEBUG] DEBUG: Skipping stock validation for historical date 2021-04-23 (month: 2021-04)
[2026-03-19 07:53:08] [DEBUG] DEBUG: Skipping stock validation for historical date 2021-04-24 (month: 2021-04)
[2026-03-19 07:53:08] [DEBUG] DEBUG: Skipping stock validation for historical date 2021-04-25 (month: 2021-04)
[2026-03-19 07:53:08] [DEBUG] DEBUG: Skipping stock validation for historical date 2021-04-26 (month: 2021-04)
[2026-03-19 07:53:08] [DEBUG] DEBUG: Skipping stock validation for historical date 2021-04-27 (month: 2021-04)
[2026-03-19 07:53:08] [DEBUG] DEBUG: Skipping stock validation for historical date 2021-04-28 (month: 2021-04)
[2026-03-19 07:53:08] [DEBUG] DEBUG: Skipping stock validation for historical date 2021-04-29 (month: 2021-04)
[2026-03-19 07:53:08] [DEBUG] DEBUG: Skipping stock validation for historical date 2021-04-30 (month: 2021-04)
[2026-03-19 07:53:08] [INFO] === FINAL DISTRIBUTION FOR BILLS === Item: SCMPL0018737 | Qty: 500 | Distribution: 14,12,28,14,15,16,10,14,21,18,15,21,16,24,13,13,20,17,17,13,20,18,15,20,20,13,23,13,12,15 | Sum: 500
[2026-03-19 07:53:08] [DEBUG] DEBUG: Checking distribution for item SCMKS0026878 - Total Qty: 50
[2026-03-19 07:53:08] [DEBUG] DEBUG: Available distributions: YES
[2026-03-19 07:53:08] [DEBUG] DEBUG: Distribution type for SCMKS0026878: string
[2026-03-19 07:53:08] [DEBUG] DEBUG: Raw distribution string for SCMKS0026878: [1,0,2,1,3,2,0,2,2,3,2,2,4,1,1,1,1,2,1,2,2,1,1,0,1,2,3,2,2,3]
[2026-03-19 07:53:08] [INFO] SAVED DIST USED (json decoded): SCMKS0026878 = 1, 0, 2, 1, 3, 2, 0, 2, 2, 3, 2, 2, 4, 1, 1, 1, 1, 2, 1, 2, 2, 1, 1, 0, 1, 2, 3, 2, 2, 3
[2026-03-19 07:53:08] [DEBUG] DEBUG: Skipping stock validation for historical date 2021-04-01 (month: 2021-04)
[2026-03-19 07:53:08] [DEBUG] DEBUG: Skipping stock validation for historical date 2021-04-03 (month: 2021-04)
[2026-03-19 07:53:08] [DEBUG] DEBUG: Skipping stock validation for historical date 2021-04-04 (month: 2021-04)
[2026-03-19 07:53:08] [DEBUG] DEBUG: Skipping stock validation for historical date 2021-04-05 (month: 2021-04)
[2026-03-19 07:53:08] [DEBUG] DEBUG: Skipping stock validation for historical date 2021-04-06 (month: 2021-04)
[2026-03-19 07:53:08] [DEBUG] DEBUG: Skipping stock validation for historical date 2021-04-08 (month: 2021-04)
[2026-03-19 07:53:08] [DEBUG] DEBUG: Skipping stock validation for historical date 2021-04-09 (month: 2021-04)
[2026-03-19 07:53:08] [DEBUG] DEBUG: Skipping stock validation for historical date 2021-04-10 (month: 2021-04)
[2026-03-19 07:53:08] [DEBUG] DEBUG: Skipping stock validation for historical date 2021-04-11 (month: 2021-04)
[2026-03-19 07:53:08] [DEBUG] DEBUG: Skipping stock validation for historical date 2021-04-12 (month: 2021-04)
[2026-03-19 07:53:08] [DEBUG] DEBUG: Skipping stock validation for historical date 2021-04-13 (month: 2021-04)
[2026-03-19 07:53:08] [DEBUG] DEBUG: Skipping stock validation for historical date 2021-04-14 (month: 2021-04)
[2026-03-19 07:53:08] [DEBUG] DEBUG: Skipping stock validation for historical date 2021-04-15 (month: 2021-04)
[2026-03-19 07:53:08] [DEBUG] DEBUG: Skipping stock validation for historical date 2021-04-16 (month: 2021-04)
[2026-03-19 07:53:08] [DEBUG] DEBUG: Skipping stock validation for historical date 2021-04-17 (month: 2021-04)
[2026-03-19 07:53:08] [DEBUG] DEBUG: Skipping stock validation for historical date 2021-04-18 (month: 2021-04)
[2026-03-19 07:53:08] [DEBUG] DEBUG: Skipping stock validation for historical date 2021-04-19 (month: 2021-04)
[2026-03-19 07:53:08] [DEBUG] DEBUG: Skipping stock validation for historical date 2021-04-20 (month: 2021-04)
[2026-03-19 07:53:08] [DEBUG] DEBUG: Skipping stock validation for historical date 2021-04-21 (month: 2021-04)
[2026-03-19 07:53:08] [DEBUG] DEBUG: Skipping stock validation for historical date 2021-04-22 (month: 2021-04)
[2026-03-19 07:53:08] [DEBUG] DEBUG: Skipping stock validation for historical date 2021-04-23 (month: 2021-04)
[2026-03-19 07:53:08] [DEBUG] DEBUG: Skipping stock validation for historical date 2021-04-25 (month: 2021-04)
[2026-03-19 07:53:08] [DEBUG] DEBUG: Skipping stock validation for historical date 2021-04-26 (month: 2021-04)
[2026-03-19 07:53:08] [DEBUG] DEBUG: Skipping stock validation for historical date 2021-04-27 (month: 2021-04)
[2026-03-19 07:53:08] [DEBUG] DEBUG: Skipping stock validation for historical date 2021-04-28 (month: 2021-04)
[2026-03-19 07:53:08] [DEBUG] DEBUG: Skipping stock validation for historical date 2021-04-29 (month: 2021-04)
[2026-03-19 07:53:08] [DEBUG] DEBUG: Skipping stock validation for historical date 2021-04-30 (month: 2021-04)
[2026-03-19 07:53:08] [INFO] === FINAL DISTRIBUTION FOR BILLS === Item: SCMKS0026878 | Qty: 50 | Distribution: 1,0,2,1,3,2,0,2,2,3,2,2,4,1,1,1,1,2,1,2,2,1,1,0,1,2,3,2,2,3 | Sum: 50
[2026-03-19 07:53:08] [DEBUG] DEBUG: Checking distribution for item SCMPL0009775 - Total Qty: 500
[2026-03-19 07:53:08] [DEBUG] DEBUG: Available distributions: YES
[2026-03-19 07:53:08] [DEBUG] DEBUG: Distribution type for SCMPL0009775: string
[2026-03-19 07:53:08] [DEBUG] DEBUG: Raw distribution string for SCMPL0009775: [20,13,19,22,15,14,21,19,13,17,22,22,18,21,12,13,17,20,19,14,16,15,12,18,18,13,14,21,10,12]
[2026-03-19 07:53:08] [INFO] SAVED DIST USED (json decoded): SCMPL0009775 = 20, 13, 19, 22, 15, 14, 21, 19, 13, 17, 22, 22, 18, 21, 12, 13, 17, 20, 19, 14, 16, 15, 12, 18, 18, 13, 14, 21, 10, 12
[2026-03-19 07:53:08] [DEBUG] DEBUG: Skipping stock validation for historical date 2021-04-01 (month: 2021-04)
[2026-03-19 07:53:08] [DEBUG] DEBUG: Skipping stock validation for historical date 2021-04-02 (month: 2021-04)
[2026-03-19 07:53:08] [DEBUG] DEBUG: Skipping stock validation for historical date 2021-04-03 (month: 2021-04)
[2026-03-19 07:53:08] [DEBUG] DEBUG: Skipping stock validation for historical date 2021-04-04 (month: 2021-04)
[2026-03-19 07:53:08] [DEBUG] DEBUG: Skipping stock validation for historical date 2021-04-05 (month: 2021-04)
[2026-03-19 07:53:08] [DEBUG] DEBUG: Skipping stock validation for historical date 2021-04-06 (month: 2021-04)
[2026-03-19 07:53:08] [DEBUG] DEBUG: Skipping stock validation for historical date 2021-04-07 (month: 2021-04)
[2026-03-19 07:53:08] [DEBUG] DEBUG: Skipping stock validation for historical date 2021-04-08 (month: 2021-04)
[2026-03-19 07:53:08] [DEBUG] DEBUG: Skipping stock validation for historical date 2021-04-09 (month: 2021-04)
[2026-03-19 07:53:08] [DEBUG] DEBUG: Skipping stock validation for historical date 2021-04-10 (month: 2021-04)
[2026-03-19 07:53:08] [DEBUG] DEBUG: Skipping stock validation for historical date 2021-04-11 (month: 2021-04)
[2026-03-19 07:53:08] [DEBUG] DEBUG: Skipping stock validation for historical date 2021-04-12 (month: 2021-04)
[2026-03-19 07:53:08] [DEBUG] DEBUG: Skipping stock validation for historical date 2021-04-13 (month: 2021-04)
[2026-03-19 07:53:08] [DEBUG] DEBUG: Skipping stock validation for historical date 2021-04-14 (month: 2021-04)
[2026-03-19 07:53:08] [DEBUG] DEBUG: Skipping stock validation for historical date 2021-04-15 (month: 2021-04)
[2026-03-19 07:53:08] [DEBUG] DEBUG: Skipping stock validation for historical date 2021-04-16 (month: 2021-04)
[2026-03-19 07:53:08] [DEBUG] DEBUG: Skipping stock validation for historical date 2021-04-17 (month: 2021-04)
[2026-03-19 07:53:08] [DEBUG] DEBUG: Skipping stock validation for historical date 2021-04-18 (month: 2021-04)
[2026-03-19 07:53:08] [DEBUG] DEBUG: Skipping stock validation for historical date 2021-04-19 (month: 2021-04)
[2026-03-19 07:53:08] [DEBUG] DEBUG: Skipping stock validation for historical date 2021-04-20 (month: 2021-04)
[2026-03-19 07:53:08] [DEBUG] DEBUG: Skipping stock validation for historical date 2021-04-21 (month: 2021-04)
[2026-03-19 07:53:08] [DEBUG] DEBUG: Skipping stock validation for historical date 2021-04-22 (month: 2021-04)
[2026-03-19 07:53:08] [DEBUG] DEBUG: Skipping stock validation for historical date 2021-04-23 (month: 2021-04)
[2026-03-19 07:53:08] [DEBUG] DEBUG: Skipping stock validation for historical date 2021-04-24 (month: 2021-04)
[2026-03-19 07:53:08] [DEBUG] DEBUG: Skipping stock validation for historical date 2021-04-25 (month: 2021-04)
[2026-03-19 07:53:08] [DEBUG] DEBUG: Skipping stock validation for historical date 2021-04-26 (month: 2021-04)
[2026-03-19 07:53:08] [DEBUG] DEBUG: Skipping stock validation for historical date 2021-04-27 (month: 2021-04)
[2026-03-19 07:53:08] [DEBUG] DEBUG: Skipping stock validation for historical date 2021-04-28 (month: 2021-04)
[2026-03-19 07:53:08] [DEBUG] DEBUG: Skipping stock validation for historical date 2021-04-29 (month: 2021-04)
[2026-03-19 07:53:08] [DEBUG] DEBUG: Skipping stock validation for historical date 2021-04-30 (month: 2021-04)
[2026-03-19 07:53:08] [INFO] === FINAL DISTRIBUTION FOR BILLS === Item: SCMPL0009775 | Qty: 500 | Distribution: 20,13,19,22,15,14,21,19,13,17,22,22,18,21,12,13,17,20,19,14,16,15,12,18,18,13,14,21,10,12 | Sum: 500
[2026-03-19 07:53:08] [DEBUG] DEBUG: Checking distribution for item SCMPL0010678 - Total Qty: 1700
[2026-03-19 07:53:08] [DEBUG] DEBUG: Available distributions: YES
[2026-03-19 07:53:08] [DEBUG] DEBUG: Distribution type for SCMPL0010678: string
[2026-03-19 07:53:08] [DEBUG] DEBUG: Raw distribution string for SCMPL0010678: [58,54,51,49,53,67,55,63,67,57,74,45,46,57,42,57,63,50,47,67,55,73,46,49,72,53,59,69,54,48]
[2026-03-19 07:53:08] [INFO] SAVED DIST USED (json decoded): SCMPL0010678 = 58, 54, 51, 49, 53, 67, 55, 63, 67, 57, 74, 45, 46, 57, 42, 57, 63, 50, 47, 67, 55, 73, 46, 49, 72, 53, 59, 69, 54, 48
[2026-03-19 07:53:08] [DEBUG] DEBUG: Skipping stock validation for historical date 2021-04-01 (month: 2021-04)
[2026-03-19 07:53:08] [DEBUG] DEBUG: Skipping stock validation for historical date 2021-04-02 (month: 2021-04)
[2026-03-19 07:53:08] [DEBUG] DEBUG: Skipping stock validation for historical date 2021-04-03 (month: 2021-04)
[2026-03-19 07:53:08] [DEBUG] DEBUG: Skipping stock validation for historical date 2021-04-04 (month: 2021-04)
[2026-03-19 07:53:08] [DEBUG] DEBUG: Skipping stock validation for historical date 2021-04-05 (month: 2021-04)
[2026-03-19 07:53:08] [DEBUG] DEBUG: Skipping stock validation for historical date 2021-04-06 (month: 2021-04)
[2026-03-19 07:53:08] [DEBUG] DEBUG: Skipping stock validation for historical date 2021-04-07 (month: 2021-04)
[2026-03-19 07:53:08] [DEBUG] DEBUG: Skipping stock validation for historical date 2021-04-08 (month: 2021-04)
[2026-03-19 07:53:08] [DEBUG] DEBUG: Skipping stock validation for historical date 2021-04-09 (month: 2021-04)
[2026-03-19 07:53:08] [DEBUG] DEBUG: Skipping stock validation for historical date 2021-04-10 (month: 2021-04)
[2026-03-19 07:53:08] [DEBUG] DEBUG: Skipping stock validation for historical date 2021-04-11 (month: 2021-04)
[2026-03-19 07:53:08] [DEBUG] DEBUG: Skipping stock validation for historical date 2021-04-12 (month: 2021-04)
[2026-03-19 07:53:08] [DEBUG] DEBUG: Skipping stock validation for historical date 2021-04-13 (month: 2021-04)
[2026-03-19 07:53:08] [DEBUG] DEBUG: Skipping stock validation for historical date 2021-04-14 (month: 2021-04)
[2026-03-19 07:53:08] [DEBUG] DEBUG: Skipping stock validation for historical date 2021-04-15 (month: 2021-04)
[2026-03-19 07:53:08] [DEBUG] DEBUG: Skipping stock validation for historical date 2021-04-16 (month: 2021-04)
[2026-03-19 07:53:08] [DEBUG] DEBUG: Skipping stock validation for historical date 2021-04-17 (month: 2021-04)
[2026-03-19 07:53:08] [DEBUG] DEBUG: Skipping stock validation for historical date 2021-04-18 (month: 2021-04)
[2026-03-19 07:53:08] [DEBUG] DEBUG: Skipping stock validation for historical date 2021-04-19 (month: 2021-04)
[2026-03-19 07:53:08] [DEBUG] DEBUG: Skipping stock validation for historical date 2021-04-20 (month: 2021-04)
[2026-03-19 07:53:08] [DEBUG] DEBUG: Skipping stock validation for historical date 2021-04-21 (month: 2021-04)
[2026-03-19 07:53:08] [DEBUG] DEBUG: Skipping stock validation for historical date 2021-04-22 (month: 2021-04)
[2026-03-19 07:53:08] [DEBUG] DEBUG: Skipping stock validation for historical date 2021-04-23 (month: 2021-04)
[2026-03-19 07:53:08] [DEBUG] DEBUG: Skipping stock validation for historical date 2021-04-24 (month: 2021-04)
[2026-03-19 07:53:08] [DEBUG] DEBUG: Skipping stock validation for historical date 2021-04-25 (month: 2021-04)
[2026-03-19 07:53:08] [DEBUG] DEBUG: Skipping stock validation for historical date 2021-04-26 (month: 2021-04)
[2026-03-19 07:53:08] [DEBUG] DEBUG: Skipping stock validation for historical date 2021-04-27 (month: 2021-04)
[2026-03-19 07:53:08] [DEBUG] DEBUG: Skipping stock validation for historical date 2021-04-28 (month: 2021-04)
[2026-03-19 07:53:08] [DEBUG] DEBUG: Skipping stock validation for historical date 2021-04-29 (month: 2021-04)
[2026-03-19 07:53:08] [DEBUG] DEBUG: Skipping stock validation for historical date 2021-04-30 (month: 2021-04)
[2026-03-19 07:53:08] [INFO] === FINAL DISTRIBUTION FOR BILLS === Item: SCMPL0010678 | Qty: 1700 | Distribution: 58,54,51,49,53,67,55,63,67,57,74,45,46,57,42,57,63,50,47,67,55,73,46,49,72,53,59,69,54,48 | Sum: 1700
[2026-03-19 07:53:08] [DEBUG] DEBUG: Checking distribution for item SCMKB0031391 - Total Qty: 500
[2026-03-19 07:53:08] [DEBUG] DEBUG: Available distributions: YES
[2026-03-19 07:53:08] [DEBUG] DEBUG: Distribution type for SCMKB0031391: string
[2026-03-19 07:53:08] [DEBUG] DEBUG: Raw distribution string for SCMKB0031391: [14,20,21,17,9,18,12,12,20,20,21,23,17,14,8,17,9,12,11,14,21,27,13,20,21,22,22,14,19,12]
[2026-03-19 07:53:08] [INFO] SAVED DIST USED (json decoded): SCMKB0031391 = 14, 20, 21, 17, 9, 18, 12, 12, 20, 20, 21, 23, 17, 14, 8, 17, 9, 12, 11, 14, 21, 27, 13, 20, 21, 22, 22, 14, 19, 12
[2026-03-19 07:53:08] [DEBUG] DEBUG: Skipping stock validation for historical date 2021-04-01 (month: 2021-04)
[2026-03-19 07:53:08] [DEBUG] DEBUG: Skipping stock validation for historical date 2021-04-02 (month: 2021-04)
[2026-03-19 07:53:08] [DEBUG] DEBUG: Skipping stock validation for historical date 2021-04-03 (month: 2021-04)
[2026-03-19 07:53:08] [DEBUG] DEBUG: Skipping stock validation for historical date 2021-04-04 (month: 2021-04)
[2026-03-19 07:53:08] [DEBUG] DEBUG: Skipping stock validation for historical date 2021-04-05 (month: 2021-04)
[2026-03-19 07:53:08] [DEBUG] DEBUG: Skipping stock validation for historical date 2021-04-06 (month: 2021-04)
[2026-03-19 07:53:08] [DEBUG] DEBUG: Skipping stock validation for historical date 2021-04-07 (month: 2021-04)
[2026-03-19 07:53:08] [DEBUG] DEBUG: Skipping stock validation for historical date 2021-04-08 (month: 2021-04)
[2026-03-19 07:53:08] [DEBUG] DEBUG: Skipping stock validation for historical date 2021-04-09 (month: 2021-04)
[2026-03-19 07:53:08] [DEBUG] DEBUG: Skipping stock validation for historical date 2021-04-10 (month: 2021-04)
[2026-03-19 07:53:08] [DEBUG] DEBUG: Skipping stock validation for historical date 2021-04-11 (month: 2021-04)
[2026-03-19 07:53:08] [DEBUG] DEBUG: Skipping stock validation for historical date 2021-04-12 (month: 2021-04)
[2026-03-19 07:53:08] [DEBUG] DEBUG: Skipping stock validation for historical date 2021-04-13 (month: 2021-04)
[2026-03-19 07:53:08] [DEBUG] DEBUG: Skipping stock validation for historical date 2021-04-14 (month: 2021-04)
[2026-03-19 07:53:08] [DEBUG] DEBUG: Skipping stock validation for historical date 2021-04-15 (month: 2021-04)
[2026-03-19 07:53:08] [DEBUG] DEBUG: Skipping stock validation for historical date 2021-04-16 (month: 2021-04)
[2026-03-19 07:53:08] [DEBUG] DEBUG: Skipping stock validation for historical date 2021-04-17 (month: 2021-04)
[2026-03-19 07:53:08] [DEBUG] DEBUG: Skipping stock validation for historical date 2021-04-18 (month: 2021-04)
[2026-03-19 07:53:08] [DEBUG] DEBUG: Skipping stock validation for historical date 2021-04-19 (month: 2021-04)
[2026-03-19 07:53:08] [DEBUG] DEBUG: Skipping stock validation for historical date 2021-04-20 (month: 2021-04)
[2026-03-19 07:53:08] [DEBUG] DEBUG: Skipping stock validation for historical date 2021-04-21 (month: 2021-04)
[2026-03-19 07:53:08] [DEBUG] DEBUG: Skipping stock validation for historical date 2021-04-22 (month: 2021-04)
[2026-03-19 07:53:08] [DEBUG] DEBUG: Skipping stock validation for historical date 2021-04-23 (month: 2021-04)
[2026-03-19 07:53:08] [DEBUG] DEBUG: Skipping stock validation for historical date 2021-04-24 (month: 2021-04)
[2026-03-19 07:53:08] [DEBUG] DEBUG: Skipping stock validation for historical date 2021-04-25 (month: 2021-04)
[2026-03-19 07:53:08] [DEBUG] DEBUG: Skipping stock validation for historical date 2021-04-26 (month: 2021-04)
[2026-03-19 07:53:08] [DEBUG] DEBUG: Skipping stock validation for historical date 2021-04-27 (month: 2021-04)
[2026-03-19 07:53:08] [DEBUG] DEBUG: Skipping stock validation for historical date 2021-04-28 (month: 2021-04)
[2026-03-19 07:53:08] [DEBUG] DEBUG: Skipping stock validation for historical date 2021-04-29 (month: 2021-04)
[2026-03-19 07:53:08] [DEBUG] DEBUG: Skipping stock validation for historical date 2021-04-30 (month: 2021-04)
[2026-03-19 07:53:08] [INFO] === FINAL DISTRIBUTION FOR BILLS === Item: SCMKB0031391 | Qty: 500 | Distribution: 14,20,21,17,9,18,12,12,20,20,21,23,17,14,8,17,9,12,11,14,21,27,13,20,21,22,22,14,19,12 | Sum: 500
[2026-03-19 07:53:08] [DEBUG] DEBUG: Checking distribution for item SCMBR0018142 - Total Qty: 300
[2026-03-19 07:53:08] [DEBUG] DEBUG: Available distributions: YES
[2026-03-19 07:53:08] [DEBUG] DEBUG: Distribution type for SCMBR0018142: string
[2026-03-19 07:53:08] [DEBUG] DEBUG: Raw distribution string for SCMBR0018142: [9,9,15,12,13,11,10,10,11,4,8,8,10,10,6,12,13,5,9,5,17,12,17,9,9,8,7,12,11,8]
[2026-03-19 07:53:08] [INFO] SAVED DIST USED (json decoded): SCMBR0018142 = 9, 9, 15, 12, 13, 11, 10, 10, 11, 4, 8, 8, 10, 10, 6, 12, 13, 5, 9, 5, 17, 12, 17, 9, 9, 8, 7, 12, 11, 8
[2026-03-19 07:53:08] [DEBUG] DEBUG: Skipping stock validation for historical date 2021-04-01 (month: 2021-04)
[2026-03-19 07:53:08] [DEBUG] DEBUG: Skipping stock validation for historical date 2021-04-02 (month: 2021-04)
[2026-03-19 07:53:08] [DEBUG] DEBUG: Skipping stock validation for historical date 2021-04-03 (month: 2021-04)
[2026-03-19 07:53:08] [DEBUG] DEBUG: Skipping stock validation for historical date 2021-04-04 (month: 2021-04)
[2026-03-19 07:53:08] [DEBUG] DEBUG: Skipping stock validation for historical date 2021-04-05 (month: 2021-04)
[2026-03-19 07:53:08] [DEBUG] DEBUG: Skipping stock validation for historical date 2021-04-06 (month: 2021-04)
[2026-03-19 07:53:08] [DEBUG] DEBUG: Skipping stock validation for historical date 2021-04-07 (month: 2021-04)
[2026-03-19 07:53:08] [DEBUG] DEBUG: Skipping stock validation for historical date 2021-04-08 (month: 2021-04)
[2026-03-19 07:53:08] [DEBUG] DEBUG: Skipping stock validation for historical date 2021-04-09 (month: 2021-04)
[2026-03-19 07:53:08] [DEBUG] DEBUG: Skipping stock validation for historical date 2021-04-10 (month: 2021-04)
[2026-03-19 07:53:08] [DEBUG] DEBUG: Skipping stock validation for historical date 2021-04-11 (month: 2021-04)
[2026-03-19 07:53:08] [DEBUG] DEBUG: Skipping stock validation for historical date 2021-04-12 (month: 2021-04)
[2026-03-19 07:53:08] [DEBUG] DEBUG: Skipping stock validation for historical date 2021-04-13 (month: 2021-04)
[2026-03-19 07:53:08] [DEBUG] DEBUG: Skipping stock validation for historical date 2021-04-14 (month: 2021-04)
[2026-03-19 07:53:08] [DEBUG] DEBUG: Skipping stock validation for historical date 2021-04-15 (month: 2021-04)
[2026-03-19 07:53:08] [DEBUG] DEBUG: Skipping stock validation for historical date 2021-04-16 (month: 2021-04)
[2026-03-19 07:53:08] [DEBUG] DEBUG: Skipping stock validation for historical date 2021-04-17 (month: 2021-04)
[2026-03-19 07:53:08] [DEBUG] DEBUG: Skipping stock validation for historical date 2021-04-18 (month: 2021-04)
[2026-03-19 07:53:08] [DEBUG] DEBUG: Skipping stock validation for historical date 2021-04-19 (month: 2021-04)
[2026-03-19 07:53:08] [DEBUG] DEBUG: Skipping stock validation for historical date 2021-04-20 (month: 2021-04)
[2026-03-19 07:53:08] [DEBUG] DEBUG: Skipping stock validation for historical date 2021-04-21 (month: 2021-04)
[2026-03-19 07:53:08] [DEBUG] DEBUG: Skipping stock validation for historical date 2021-04-22 (month: 2021-04)
[2026-03-19 07:53:08] [DEBUG] DEBUG: Skipping stock validation for historical date 2021-04-23 (month: 2021-04)
[2026-03-19 07:53:08] [DEBUG] DEBUG: Skipping stock validation for historical date 2021-04-24 (month: 2021-04)
[2026-03-19 07:53:08] [DEBUG] DEBUG: Skipping stock validation for historical date 2021-04-25 (month: 2021-04)
[2026-03-19 07:53:08] [DEBUG] DEBUG: Skipping stock validation for historical date 2021-04-26 (month: 2021-04)
[2026-03-19 07:53:08] [DEBUG] DEBUG: Skipping stock validation for historical date 2021-04-27 (month: 2021-04)
[2026-03-19 07:53:08] [DEBUG] DEBUG: Skipping stock validation for historical date 2021-04-28 (month: 2021-04)
[2026-03-19 07:53:08] [DEBUG] DEBUG: Skipping stock validation for historical date 2021-04-29 (month: 2021-04)
[2026-03-19 07:53:08] [DEBUG] DEBUG: Skipping stock validation for historical date 2021-04-30 (month: 2021-04)
[2026-03-19 07:53:08] [INFO] === FINAL DISTRIBUTION FOR BILLS === Item: SCMBR0018142 | Qty: 300 | Distribution: 9,9,15,12,13,11,10,10,11,4,8,8,10,10,6,12,13,5,9,5,17,12,17,9,9,8,7,12,11,8 | Sum: 300
[2026-03-19 07:53:08] [DEBUG] DEBUG: Checking distribution for item SCMBR0018137 - Total Qty: 300
[2026-03-19 07:53:08] [DEBUG] DEBUG: Available distributions: YES
[2026-03-19 07:53:08] [DEBUG] DEBUG: Distribution type for SCMBR0018137: string
[2026-03-19 07:53:08] [DEBUG] DEBUG: Raw distribution string for SCMBR0018137: [7,13,8,11,6,8,8,15,9,13,6,9,12,11,10,11,5,16,5,7,7,14,10,10,10,7,9,11,15,17]
[2026-03-19 07:53:08] [INFO] SAVED DIST USED (json decoded): SCMBR0018137 = 7, 13, 8, 11, 6, 8, 8, 15, 9, 13, 6, 9, 12, 11, 10, 11, 5, 16, 5, 7, 7, 14, 10, 10, 10, 7, 9, 11, 15, 17
[2026-03-19 07:53:08] [DEBUG] DEBUG: Skipping stock validation for historical date 2021-04-01 (month: 2021-04)
[2026-03-19 07:53:08] [DEBUG] DEBUG: Skipping stock validation for historical date 2021-04-02 (month: 2021-04)
[2026-03-19 07:53:08] [DEBUG] DEBUG: Skipping stock validation for historical date 2021-04-03 (month: 2021-04)
[2026-03-19 07:53:08] [DEBUG] DEBUG: Skipping stock validation for historical date 2021-04-04 (month: 2021-04)
[2026-03-19 07:53:08] [DEBUG] DEBUG: Skipping stock validation for historical date 2021-04-05 (month: 2021-04)
[2026-03-19 07:53:08] [DEBUG] DEBUG: Skipping stock validation for historical date 2021-04-06 (month: 2021-04)
[2026-03-19 07:53:08] [DEBUG] DEBUG: Skipping stock validation for historical date 2021-04-07 (month: 2021-04)
[2026-03-19 07:53:08] [DEBUG] DEBUG: Skipping stock validation for historical date 2021-04-08 (month: 2021-04)
[2026-03-19 07:53:08] [DEBUG] DEBUG: Skipping stock validation for historical date 2021-04-09 (month: 2021-04)
[2026-03-19 07:53:08] [DEBUG] DEBUG: Skipping stock validation for historical date 2021-04-10 (month: 2021-04)
[2026-03-19 07:53:08] [DEBUG] DEBUG: Skipping stock validation for historical date 2021-04-11 (month: 2021-04)
[2026-03-19 07:53:08] [DEBUG] DEBUG: Skipping stock validation for historical date 2021-04-12 (month: 2021-04)
[2026-03-19 07:53:08] [DEBUG] DEBUG: Skipping stock validation for historical date 2021-04-13 (month: 2021-04)
[2026-03-19 07:53:08] [DEBUG] DEBUG: Skipping stock validation for historical date 2021-04-14 (month: 2021-04)
[2026-03-19 07:53:08] [DEBUG] DEBUG: Skipping stock validation for historical date 2021-04-15 (month: 2021-04)
[2026-03-19 07:53:08] [DEBUG] DEBUG: Skipping stock validation for historical date 2021-04-16 (month: 2021-04)
[2026-03-19 07:53:08] [DEBUG] DEBUG: Skipping stock validation for historical date 2021-04-17 (month: 2021-04)
[2026-03-19 07:53:08] [DEBUG] DEBUG: Skipping stock validation for historical date 2021-04-18 (month: 2021-04)
[2026-03-19 07:53:08] [DEBUG] DEBUG: Skipping stock validation for historical date 2021-04-19 (month: 2021-04)
[2026-03-19 07:53:08] [DEBUG] DEBUG: Skipping stock validation for historical date 2021-04-20 (month: 2021-04)
[2026-03-19 07:53:08] [DEBUG] DEBUG: Skipping stock validation for historical date 2021-04-21 (month: 2021-04)
[2026-03-19 07:53:08] [DEBUG] DEBUG: Skipping stock validation for historical date 2021-04-22 (month: 2021-04)
[2026-03-19 07:53:08] [DEBUG] DEBUG: Skipping stock validation for historical date 2021-04-23 (month: 2021-04)
[2026-03-19 07:53:08] [DEBUG] DEBUG: Skipping stock validation for historical date 2021-04-24 (month: 2021-04)
[2026-03-19 07:53:08] [DEBUG] DEBUG: Skipping stock validation for historical date 2021-04-25 (month: 2021-04)
[2026-03-19 07:53:08] [DEBUG] DEBUG: Skipping stock validation for historical date 2021-04-26 (month: 2021-04)
[2026-03-19 07:53:08] [DEBUG] DEBUG: Skipping stock validation for historical date 2021-04-27 (month: 2021-04)
[2026-03-19 07:53:08] [DEBUG] DEBUG: Skipping stock validation for historical date 2021-04-28 (month: 2021-04)
[2026-03-19 07:53:08] [DEBUG] DEBUG: Skipping stock validation for historical date 2021-04-29 (month: 2021-04)
[2026-03-19 07:53:08] [DEBUG] DEBUG: Skipping stock validation for historical date 2021-04-30 (month: 2021-04)
[2026-03-19 07:53:08] [INFO] === FINAL DISTRIBUTION FOR BILLS === Item: SCMBR0018137 | Qty: 300 | Distribution: 7,13,8,11,6,8,8,15,9,13,6,9,12,11,10,11,5,16,5,7,7,14,10,10,10,7,9,11,15,17 | Sum: 300
[2026-03-19 07:53:08] [DEBUG] DEBUG: Checking distribution for item SCMBR0027089 - Total Qty: 300
[2026-03-19 07:53:08] [DEBUG] DEBUG: Available distributions: YES
[2026-03-19 07:53:08] [DEBUG] DEBUG: Distribution type for SCMBR0027089: string
[2026-03-19 07:53:08] [DEBUG] DEBUG: Raw distribution string for SCMBR0027089: [12,9,11,8,14,8,8,13,5,6,6,10,14,7,8,16,4,11,11,14,10,11,9,9,14,14,9,12,9,8]
[2026-03-19 07:53:08] [INFO] SAVED DIST USED (json decoded): SCMBR0027089 = 12, 9, 11, 8, 14, 8, 8, 13, 5, 6, 6, 10, 14, 7, 8, 16, 4, 11, 11, 14, 10, 11, 9, 9, 14, 14, 9, 12, 9, 8
[2026-03-19 07:53:08] [DEBUG] DEBUG: Skipping stock validation for historical date 2021-04-01 (month: 2021-04)
[2026-03-19 07:53:08] [DEBUG] DEBUG: Skipping stock validation for historical date 2021-04-02 (month: 2021-04)
[2026-03-19 07:53:08] [DEBUG] DEBUG: Skipping stock validation for historical date 2021-04-03 (month: 2021-04)
[2026-03-19 07:53:08] [DEBUG] DEBUG: Skipping stock validation for historical date 2021-04-04 (month: 2021-04)
[2026-03-19 07:53:08] [DEBUG] DEBUG: Skipping stock validation for historical date 2021-04-05 (month: 2021-04)
[2026-03-19 07:53:08] [DEBUG] DEBUG: Skipping stock validation for historical date 2021-04-06 (month: 2021-04)
[2026-03-19 07:53:08] [DEBUG] DEBUG: Skipping stock validation for historical date 2021-04-07 (month: 2021-04)
[2026-03-19 07:53:08] [DEBUG] DEBUG: Skipping stock validation for historical date 2021-04-08 (month: 2021-04)
[2026-03-19 07:53:08] [DEBUG] DEBUG: Skipping stock validation for historical date 2021-04-09 (month: 2021-04)
[2026-03-19 07:53:08] [DEBUG] DEBUG: Skipping stock validation for historical date 2021-04-10 (month: 2021-04)
[2026-03-19 07:53:08] [DEBUG] DEBUG: Skipping stock validation for historical date 2021-04-11 (month: 2021-04)
[2026-03-19 07:53:08] [DEBUG] DEBUG: Skipping stock validation for historical date 2021-04-12 (month: 2021-04)
[2026-03-19 07:53:08] [DEBUG] DEBUG: Skipping stock validation for historical date 2021-04-13 (month: 2021-04)
[2026-03-19 07:53:08] [DEBUG] DEBUG: Skipping stock validation for historical date 2021-04-14 (month: 2021-04)
[2026-03-19 07:53:08] [DEBUG] DEBUG: Skipping stock validation for historical date 2021-04-15 (month: 2021-04)
[2026-03-19 07:53:08] [DEBUG] DEBUG: Skipping stock validation for historical date 2021-04-16 (month: 2021-04)
[2026-03-19 07:53:08] [DEBUG] DEBUG: Skipping stock validation for historical date 2021-04-17 (month: 2021-04)
[2026-03-19 07:53:08] [DEBUG] DEBUG: Skipping stock validation for historical date 2021-04-18 (month: 2021-04)
[2026-03-19 07:53:08] [DEBUG] DEBUG: Skipping stock validation for historical date 2021-04-19 (month: 2021-04)
[2026-03-19 07:53:08] [DEBUG] DEBUG: Skipping stock validation for historical date 2021-04-20 (month: 2021-04)
[2026-03-19 07:53:08] [DEBUG] DEBUG: Skipping stock validation for historical date 2021-04-21 (month: 2021-04)
[2026-03-19 07:53:08] [DEBUG] DEBUG: Skipping stock validation for historical date 2021-04-22 (month: 2021-04)
[2026-03-19 07:53:08] [DEBUG] DEBUG: Skipping stock validation for historical date 2021-04-23 (month: 2021-04)
[2026-03-19 07:53:08] [DEBUG] DEBUG: Skipping stock validation for historical date 2021-04-24 (month: 2021-04)
[2026-03-19 07:53:08] [DEBUG] DEBUG: Skipping stock validation for historical date 2021-04-25 (month: 2021-04)
[2026-03-19 07:53:08] [DEBUG] DEBUG: Skipping stock validation for historical date 2021-04-26 (month: 2021-04)
[2026-03-19 07:53:08] [DEBUG] DEBUG: Skipping stock validation for historical date 2021-04-27 (month: 2021-04)
[2026-03-19 07:53:08] [DEBUG] DEBUG: Skipping stock validation for historical date 2021-04-28 (month: 2021-04)
[2026-03-19 07:53:08] [DEBUG] DEBUG: Skipping stock validation for historical date 2021-04-29 (month: 2021-04)
[2026-03-19 07:53:08] [DEBUG] DEBUG: Skipping stock validation for historical date 2021-04-30 (month: 2021-04)
[2026-03-19 07:53:08] [INFO] === FINAL DISTRIBUTION FOR BILLS === Item: SCMBR0027089 | Qty: 300 | Distribution: 12,9,11,8,14,8,8,13,5,6,6,10,14,7,8,16,4,11,11,14,10,11,9,9,14,14,9,12,9,8 | Sum: 300
[2026-03-19 07:53:08] [DEBUG] DEBUG: Checking distribution for item SCMBR0018132 - Total Qty: 121
[2026-03-19 07:53:08] [DEBUG] DEBUG: Available distributions: YES
[2026-03-19 07:53:08] [DEBUG] DEBUG: Distribution type for SCMBR0018132: string
[2026-03-19 07:53:08] [DEBUG] DEBUG: Raw distribution string for SCMBR0018132: [6,8,2,11,3,5,2,2,6,1,4,4,4,4,4,5,3,3,4,6,2,3,4,5,3,1,2,5,7,2]
[2026-03-19 07:53:08] [INFO] SAVED DIST USED (json decoded): SCMBR0018132 = 6, 8, 2, 11, 3, 5, 2, 2, 6, 1, 4, 4, 4, 4, 4, 5, 3, 3, 4, 6, 2, 3, 4, 5, 3, 1, 2, 5, 7, 2
[2026-03-19 07:53:08] [DEBUG] DEBUG: Skipping stock validation for historical date 2021-04-01 (month: 2021-04)
[2026-03-19 07:53:08] [DEBUG] DEBUG: Skipping stock validation for historical date 2021-04-02 (month: 2021-04)
[2026-03-19 07:53:08] [DEBUG] DEBUG: Skipping stock validation for historical date 2021-04-03 (month: 2021-04)
[2026-03-19 07:53:08] [DEBUG] DEBUG: Skipping stock validation for historical date 2021-04-04 (month: 2021-04)
[2026-03-19 07:53:08] [DEBUG] DEBUG: Skipping stock validation for historical date 2021-04-05 (month: 2021-04)
[2026-03-19 07:53:08] [DEBUG] DEBUG: Skipping stock validation for historical date 2021-04-06 (month: 2021-04)
[2026-03-19 07:53:08] [DEBUG] DEBUG: Skipping stock validation for historical date 2021-04-07 (month: 2021-04)
[2026-03-19 07:53:08] [DEBUG] DEBUG: Skipping stock validation for historical date 2021-04-08 (month: 2021-04)
[2026-03-19 07:53:08] [DEBUG] DEBUG: Skipping stock validation for historical date 2021-04-09 (month: 2021-04)
[2026-03-19 07:53:08] [DEBUG] DEBUG: Skipping stock validation for historical date 2021-04-10 (month: 2021-04)
[2026-03-19 07:53:08] [DEBUG] DEBUG: Skipping stock validation for historical date 2021-04-11 (month: 2021-04)
[2026-03-19 07:53:08] [DEBUG] DEBUG: Skipping stock validation for historical date 2021-04-12 (month: 2021-04)
[2026-03-19 07:53:08] [DEBUG] DEBUG: Skipping stock validation for historical date 2021-04-13 (month: 2021-04)
[2026-03-19 07:53:08] [DEBUG] DEBUG: Skipping stock validation for historical date 2021-04-14 (month: 2021-04)
[2026-03-19 07:53:08] [DEBUG] DEBUG: Skipping stock validation for historical date 2021-04-15 (month: 2021-04)
[2026-03-19 07:53:08] [DEBUG] DEBUG: Skipping stock validation for historical date 2021-04-16 (month: 2021-04)
[2026-03-19 07:53:08] [DEBUG] DEBUG: Skipping stock validation for historical date 2021-04-17 (month: 2021-04)
[2026-03-19 07:53:08] [DEBUG] DEBUG: Skipping stock validation for historical date 2021-04-18 (month: 2021-04)
[2026-03-19 07:53:08] [DEBUG] DEBUG: Skipping stock validation for historical date 2021-04-19 (month: 2021-04)
[2026-03-19 07:53:08] [DEBUG] DEBUG: Skipping stock validation for historical date 2021-04-20 (month: 2021-04)
[2026-03-19 07:53:08] [DEBUG] DEBUG: Skipping stock validation for historical date 2021-04-21 (month: 2021-04)
[2026-03-19 07:53:08] [DEBUG] DEBUG: Skipping stock validation for historical date 2021-04-22 (month: 2021-04)
[2026-03-19 07:53:08] [DEBUG] DEBUG: Skipping stock validation for historical date 2021-04-23 (month: 2021-04)
[2026-03-19 07:53:08] [DEBUG] DEBUG: Skipping stock validation for historical date 2021-04-24 (month: 2021-04)
[2026-03-19 07:53:08] [DEBUG] DEBUG: Skipping stock validation for historical date 2021-04-25 (month: 2021-04)
[2026-03-19 07:53:08] [DEBUG] DEBUG: Skipping stock validation for historical date 2021-04-26 (month: 2021-04)
[2026-03-19 07:53:08] [DEBUG] DEBUG: Skipping stock validation for historical date 2021-04-27 (month: 2021-04)
[2026-03-19 07:53:08] [DEBUG] DEBUG: Skipping stock validation for historical date 2021-04-28 (month: 2021-04)
[2026-03-19 07:53:08] [DEBUG] DEBUG: Skipping stock validation for historical date 2021-04-29 (month: 2021-04)
[2026-03-19 07:53:08] [DEBUG] DEBUG: Skipping stock validation for historical date 2021-04-30 (month: 2021-04)
[2026-03-19 07:53:08] [INFO] === FINAL DISTRIBUTION FOR BILLS === Item: SCMBR0018132 | Qty: 121 | Distribution: 6,8,2,11,3,5,2,2,6,1,4,4,4,4,4,5,3,3,4,6,2,3,4,5,3,1,2,5,7,2 | Sum: 121
[2026-03-19 07:53:08] [DEBUG] DEBUG: Checking distribution for item SCMPL0012499 - Total Qty: 294
[2026-03-19 07:53:08] [DEBUG] DEBUG: Available distributions: YES
[2026-03-19 07:53:08] [DEBUG] DEBUG: Distribution type for SCMPL0012499: string
[2026-03-19 07:53:08] [DEBUG] DEBUG: Raw distribution string for SCMPL0012499: [8,4,13,9,10,7,14,8,12,12,10,11,11,15,9,12,6,8,6,7,4,17,8,11,8,10,16,12,8,8]
[2026-03-19 07:53:08] [INFO] SAVED DIST USED (json decoded): SCMPL0012499 = 8, 4, 13, 9, 10, 7, 14, 8, 12, 12, 10, 11, 11, 15, 9, 12, 6, 8, 6, 7, 4, 17, 8, 11, 8, 10, 16, 12, 8, 8
[2026-03-19 07:53:08] [DEBUG] DEBUG: Skipping stock validation for historical date 2021-04-01 (month: 2021-04)
[2026-03-19 07:53:08] [DEBUG] DEBUG: Skipping stock validation for historical date 2021-04-02 (month: 2021-04)
[2026-03-19 07:53:08] [DEBUG] DEBUG: Skipping stock validation for historical date 2021-04-03 (month: 2021-04)
[2026-03-19 07:53:08] [DEBUG] DEBUG: Skipping stock validation for historical date 2021-04-04 (month: 2021-04)
[2026-03-19 07:53:08] [DEBUG] DEBUG: Skipping stock validation for historical date 2021-04-05 (month: 2021-04)
[2026-03-19 07:53:08] [DEBUG] DEBUG: Skipping stock validation for historical date 2021-04-06 (month: 2021-04)
[2026-03-19 07:53:08] [DEBUG] DEBUG: Skipping stock validation for historical date 2021-04-07 (month: 2021-04)
[2026-03-19 07:53:08] [DEBUG] DEBUG: Skipping stock validation for historical date 2021-04-08 (month: 2021-04)
[2026-03-19 07:53:08] [DEBUG] DEBUG: Skipping stock validation for historical date 2021-04-09 (month: 2021-04)
[2026-03-19 07:53:08] [DEBUG] DEBUG: Skipping stock validation for historical date 2021-04-10 (month: 2021-04)
[2026-03-19 07:53:08] [DEBUG] DEBUG: Skipping stock validation for historical date 2021-04-11 (month: 2021-04)
[2026-03-19 07:53:08] [DEBUG] DEBUG: Skipping stock validation for historical date 2021-04-12 (month: 2021-04)
[2026-03-19 07:53:08] [DEBUG] DEBUG: Skipping stock validation for historical date 2021-04-13 (month: 2021-04)
[2026-03-19 07:53:08] [DEBUG] DEBUG: Skipping stock validation for historical date 2021-04-14 (month: 2021-04)
[2026-03-19 07:53:08] [DEBUG] DEBUG: Skipping stock validation for historical date 2021-04-15 (month: 2021-04)
[2026-03-19 07:53:08] [DEBUG] DEBUG: Skipping stock validation for historical date 2021-04-16 (month: 2021-04)
[2026-03-19 07:53:08] [DEBUG] DEBUG: Skipping stock validation for historical date 2021-04-17 (month: 2021-04)
[2026-03-19 07:53:08] [DEBUG] DEBUG: Skipping stock validation for historical date 2021-04-18 (month: 2021-04)
[2026-03-19 07:53:08] [DEBUG] DEBUG: Skipping stock validation for historical date 2021-04-19 (month: 2021-04)
[2026-03-19 07:53:08] [DEBUG] DEBUG: Skipping stock validation for historical date 2021-04-20 (month: 2021-04)
[2026-03-19 07:53:08] [DEBUG] DEBUG: Skipping stock validation for historical date 2021-04-21 (month: 2021-04)
[2026-03-19 07:53:08] [DEBUG] DEBUG: Skipping stock validation for historical date 2021-04-22 (month: 2021-04)
[2026-03-19 07:53:08] [DEBUG] DEBUG: Skipping stock validation for historical date 2021-04-23 (month: 2021-04)
[2026-03-19 07:53:08] [DEBUG] DEBUG: Skipping stock validation for historical date 2021-04-24 (month: 2021-04)
[2026-03-19 07:53:08] [DEBUG] DEBUG: Skipping stock validation for historical date 2021-04-25 (month: 2021-04)
[2026-03-19 07:53:08] [DEBUG] DEBUG: Skipping stock validation for historical date 2021-04-26 (month: 2021-04)
[2026-03-19 07:53:08] [DEBUG] DEBUG: Skipping stock validation for historical date 2021-04-27 (month: 2021-04)
[2026-03-19 07:53:08] [DEBUG] DEBUG: Skipping stock validation for historical date 2021-04-28 (month: 2021-04)
[2026-03-19 07:53:08] [DEBUG] DEBUG: Skipping stock validation for historical date 2021-04-29 (month: 2021-04)
[2026-03-19 07:53:08] [DEBUG] DEBUG: Skipping stock validation for historical date 2021-04-30 (month: 2021-04)
[2026-03-19 07:53:08] [INFO] === FINAL DISTRIBUTION FOR BILLS === Item: SCMPL0012499 | Qty: 294 | Distribution: 8,4,13,9,10,7,14,8,12,12,10,11,11,15,9,12,6,8,6,7,4,17,8,11,8,10,16,12,8,8 | Sum: 294
[2026-03-19 07:53:09] [INFO] Starting batch processing: 1712 bills in 18 batches of 100
[2026-03-19 07:53:10] [INFO] Note: Stock updates would need aggregation during batch processing
[2026-03-19 07:53:10] [INFO] Starting cascade to financial year end 2022-03-31 23:59:59 for item SCMBR0018132 from month 2021-04
[2026-03-19 07:53:10] [INFO] Updated opening for SCMBR0018132 in 2021-05 to 0
[2026-03-19 07:53:10] [INFO] Completed cascading for month 2021-05
[2026-03-19 07:53:10] [INFO] Updated opening for SCMBR0018132 in 2021-06 to 0
[2026-03-19 07:53:10] [INFO] Completed cascading for month 2021-06
[2026-03-19 07:53:10] [INFO] Updated opening for SCMBR0018132 in 2021-07 to 0
[2026-03-19 07:53:10] [INFO] Completed cascading for month 2021-07
[2026-03-19 07:53:10] [INFO] Updated opening for SCMBR0018132 in 2021-08 to 0
[2026-03-19 07:53:10] [INFO] Completed cascading for month 2021-08
[2026-03-19 07:53:10] [INFO] Updated opening for SCMBR0018132 in 2021-09 to 0
[2026-03-19 07:53:11] [INFO] Completed cascading for month 2021-09
[2026-03-19 07:53:11] [INFO] Updated opening for SCMBR0018132 in 2021-10 to 0
[2026-03-19 07:53:11] [INFO] Completed cascading for month 2021-10
[2026-03-19 07:53:11] [INFO] Updated opening for SCMBR0018132 in 2021-11 to 0
[2026-03-19 07:53:11] [INFO] Completed cascading for month 2021-11
[2026-03-19 07:53:11] [INFO] Updated opening for SCMBR0018132 in 2021-12 to 0
[2026-03-19 07:53:11] [INFO] Completed cascading for month 2021-12
[2026-03-19 07:53:11] [INFO] Updated opening for SCMBR0018132 in 2022-01 to 0
[2026-03-19 07:53:11] [INFO] Completed cascading for month 2022-01
[2026-03-19 07:53:11] [INFO] Updated opening for SCMBR0018132 in 2022-02 to 0
[2026-03-19 07:53:11] [INFO] Completed cascading for month 2022-02
[2026-03-19 07:53:11] [INFO] Updated opening for SCMBR0018132 in 2022-03 to 36
[2026-03-19 07:53:11] [INFO] Completed cascading for month 2022-03
[2026-03-19 07:53:11] [INFO] Reached month 2022-04 which extends beyond financial year end 2022-03-31 23:59:59, stopping cascade
[2026-03-19 07:53:11] [INFO] Starting cascade to financial year end 2022-03-31 23:59:59 for item SCMBR0018137 from month 2021-04
[2026-03-19 07:53:11] [INFO] Updated opening for SCMBR0018137 in 2021-05 to 0
[2026-03-19 07:53:11] [INFO] Completed cascading for month 2021-05
[2026-03-19 07:53:11] [INFO] Updated opening for SCMBR0018137 in 2021-06 to 0
[2026-03-19 07:53:11] [INFO] Completed cascading for month 2021-06
[2026-03-19 07:53:11] [INFO] Updated opening for SCMBR0018137 in 2021-07 to 0
[2026-03-19 07:53:12] [INFO] Completed cascading for month 2021-07
[2026-03-19 07:53:12] [INFO] Updated opening for SCMBR0018137 in 2021-08 to 0
[2026-03-19 07:53:12] [INFO] Completed cascading for month 2021-08
[2026-03-19 07:53:12] [INFO] Updated opening for SCMBR0018137 in 2021-09 to 0
[2026-03-19 07:53:12] [INFO] Completed cascading for month 2021-09
[2026-03-19 07:53:12] [INFO] Updated opening for SCMBR0018137 in 2021-10 to 0
[2026-03-19 07:53:12] [INFO] Completed cascading for month 2021-10
[2026-03-19 07:53:12] [INFO] Updated opening for SCMBR0018137 in 2021-11 to 0
[2026-03-19 07:53:12] [INFO] Completed cascading for month 2021-11
[2026-03-19 07:53:12] [INFO] Updated opening for SCMBR0018137 in 2021-12 to 0
[2026-03-19 07:53:12] [INFO] Completed cascading for month 2021-12
[2026-03-19 07:53:12] [INFO] Updated opening for SCMBR0018137 in 2022-01 to 0
[2026-03-19 07:53:12] [INFO] Completed cascading for month 2022-01
[2026-03-19 07:53:12] [INFO] Updated opening for SCMBR0018137 in 2022-02 to 0
[2026-03-19 07:53:12] [INFO] Completed cascading for month 2022-02
[2026-03-19 07:53:12] [INFO] Updated opening for SCMBR0018137 in 2022-03 to 0
[2026-03-19 07:53:12] [INFO] Completed cascading for month 2022-03
[2026-03-19 07:53:12] [INFO] Reached month 2022-04 which extends beyond financial year end 2022-03-31 23:59:59, stopping cascade
[2026-03-19 07:53:12] [INFO] Starting cascade to financial year end 2022-03-31 23:59:59 for item SCMBR0018142 from month 2021-04
[2026-03-19 07:53:12] [INFO] Updated opening for SCMBR0018142 in 2021-05 to 0
[2026-03-19 07:53:12] [INFO] Completed cascading for month 2021-05
[2026-03-19 07:53:12] [INFO] Updated opening for SCMBR0018142 in 2021-06 to 0
[2026-03-19 07:53:12] [INFO] Completed cascading for month 2021-06
[2026-03-19 07:53:12] [INFO] Updated opening for SCMBR0018142 in 2021-07 to 36
[2026-03-19 07:53:12] [INFO] Completed cascading for month 2021-07
[2026-03-19 07:53:12] [INFO] Updated opening for SCMBR0018142 in 2021-08 to 36
[2026-03-19 07:53:12] [INFO] Completed cascading for month 2021-08
[2026-03-19 07:53:12] [INFO] Updated opening for SCMBR0018142 in 2021-09 to 36
[2026-03-19 07:53:13] [INFO] Completed cascading for month 2021-09
[2026-03-19 07:53:13] [INFO] Updated opening for SCMBR0018142 in 2021-10 to 36
[2026-03-19 07:53:13] [INFO] Completed cascading for month 2021-10
[2026-03-19 07:53:13] [INFO] Updated opening for SCMBR0018142 in 2021-11 to 36
[2026-03-19 07:53:13] [INFO] Completed cascading for month 2021-11
[2026-03-19 07:53:13] [INFO] Updated opening for SCMBR0018142 in 2021-12 to 36
[2026-03-19 07:53:13] [INFO] Completed cascading for month 2021-12
[2026-03-19 07:53:13] [INFO] Updated opening for SCMBR0018142 in 2022-01 to 36
[2026-03-19 07:53:13] [INFO] Completed cascading for month 2022-01
[2026-03-19 07:53:13] [INFO] Updated opening for SCMBR0018142 in 2022-02 to 36
[2026-03-19 07:53:13] [INFO] Completed cascading for month 2022-02
[2026-03-19 07:53:13] [INFO] Updated opening for SCMBR0018142 in 2022-03 to 36
[2026-03-19 07:53:13] [INFO] Completed cascading for month 2022-03
[2026-03-19 07:53:13] [INFO] Reached month 2022-04 which extends beyond financial year end 2022-03-31 23:59:59, stopping cascade
[2026-03-19 07:53:13] [INFO] Starting cascade to financial year end 2022-03-31 23:59:59 for item SCMBR0021532 from month 2021-04
[2026-03-19 07:53:13] [INFO] Updated opening for SCMBR0021532 in 2021-05 to 0
[2026-03-19 07:53:13] [INFO] Completed cascading for month 2021-05
[2026-03-19 07:53:13] [INFO] Updated opening for SCMBR0021532 in 2021-06 to 0
[2026-03-19 07:53:13] [INFO] Completed cascading for month 2021-06
[2026-03-19 07:53:13] [INFO] Updated opening for SCMBR0021532 in 2021-07 to 0
[2026-03-19 07:53:13] [INFO] Completed cascading for month 2021-07
[2026-03-19 07:53:13] [INFO] Updated opening for SCMBR0021532 in 2021-08 to 0
[2026-03-19 07:53:13] [INFO] Completed cascading for month 2021-08
[2026-03-19 07:53:13] [INFO] Updated opening for SCMBR0021532 in 2021-09 to 6
[2026-03-19 07:53:13] [INFO] Completed cascading for month 2021-09
[2026-03-19 07:53:13] [INFO] Updated opening for SCMBR0021532 in 2021-10 to 6
[2026-03-19 07:53:13] [INFO] Completed cascading for month 2021-10
[2026-03-19 07:53:13] [INFO] Updated opening for SCMBR0021532 in 2021-11 to 6
[2026-03-19 07:53:13] [INFO] Completed cascading for month 2021-11
[2026-03-19 07:53:13] [INFO] Updated opening for SCMBR0021532 in 2021-12 to 6
[2026-03-19 07:53:13] [INFO] Completed cascading for month 2021-12
[2026-03-19 07:53:14] [INFO] Updated opening for SCMBR0021532 in 2022-01 to 6
[2026-03-19 07:53:14] [INFO] Completed cascading for month 2022-01
[2026-03-19 07:53:14] [INFO] Updated opening for SCMBR0021532 in 2022-02 to 18
[2026-03-19 07:53:14] [INFO] Completed cascading for month 2022-02
[2026-03-19 07:53:14] [INFO] Updated opening for SCMBR0021532 in 2022-03 to 18
[2026-03-19 07:53:14] [INFO] Completed cascading for month 2022-03
[2026-03-19 07:53:14] [INFO] Reached month 2022-04 which extends beyond financial year end 2022-03-31 23:59:59, stopping cascade
[2026-03-19 07:53:14] [INFO] Starting cascade to financial year end 2022-03-31 23:59:59 for item SCMBR0027089 from month 2021-04
[2026-03-19 07:53:14] [INFO] Updated opening for SCMBR0027089 in 2021-05 to 0
[2026-03-19 07:53:14] [INFO] Completed cascading for month 2021-05
[2026-03-19 07:53:14] [INFO] Updated opening for SCMBR0027089 in 2021-06 to 0
[2026-03-19 07:53:14] [INFO] Completed cascading for month 2021-06
[2026-03-19 07:53:14] [INFO] Updated opening for SCMBR0027089 in 2021-07 to 0
[2026-03-19 07:53:14] [INFO] Completed cascading for month 2021-07
[2026-03-19 07:53:14] [INFO] Updated opening for SCMBR0027089 in 2021-08 to 0
[2026-03-19 07:53:14] [INFO] Completed cascading for month 2021-08
[2026-03-19 07:53:14] [INFO] Updated opening for SCMBR0027089 in 2021-09 to 60
[2026-03-19 07:53:14] [INFO] Completed cascading for month 2021-09
[2026-03-19 07:53:14] [INFO] Updated opening for SCMBR0027089 in 2021-10 to 60
[2026-03-19 07:53:14] [INFO] Completed cascading for month 2021-10
[2026-03-19 07:53:14] [INFO] Updated opening for SCMBR0027089 in 2021-11 to 60
[2026-03-19 07:53:14] [INFO] Completed cascading for month 2021-11
[2026-03-19 07:53:14] [INFO] Updated opening for SCMBR0027089 in 2021-12 to 60
[2026-03-19 07:53:14] [INFO] Completed cascading for month 2021-12
[2026-03-19 07:53:14] [INFO] Updated opening for SCMBR0027089 in 2022-01 to 60
[2026-03-19 07:53:14] [INFO] Completed cascading for month 2022-01
[2026-03-19 07:53:14] [INFO] Updated opening for SCMBR0027089 in 2022-02 to 60
[2026-03-19 07:53:14] [INFO] Completed cascading for month 2022-02
[2026-03-19 07:53:14] [INFO] Updated opening for SCMBR0027089 in 2022-03 to 60
[2026-03-19 07:53:14] [INFO] Completed cascading for month 2022-03
[2026-03-19 07:53:14] [INFO] Reached month 2022-04 which extends beyond financial year end 2022-03-31 23:59:59, stopping cascade
[2026-03-19 07:53:15] [INFO] Starting cascade to financial year end 2022-03-31 23:59:59 for item SCMKB0031391 from month 2021-04
[2026-03-19 07:53:15] [INFO] Updated opening for SCMKB0031391 in 2021-05 to 0
[2026-03-19 07:53:15] [INFO] Completed cascading for month 2021-05
[2026-03-19 07:53:15] [INFO] Updated opening for SCMKB0031391 in 2021-06 to 0
[2026-03-19 07:53:15] [INFO] Completed cascading for month 2021-06
[2026-03-19 07:53:15] [INFO] Updated opening for SCMKB0031391 in 2021-07 to 0
[2026-03-19 07:53:15] [INFO] Completed cascading for month 2021-07
[2026-03-19 07:53:15] [INFO] Updated opening for SCMKB0031391 in 2021-08 to 0
[2026-03-19 07:53:15] [INFO] Completed cascading for month 2021-08
[2026-03-19 07:53:15] [INFO] Updated opening for SCMKB0031391 in 2021-09 to 0
[2026-03-19 07:53:15] [INFO] Completed cascading for month 2021-09
[2026-03-19 07:53:15] [INFO] Updated opening for SCMKB0031391 in 2021-10 to 0
[2026-03-19 07:53:15] [INFO] Completed cascading for month 2021-10
[2026-03-19 07:53:15] [INFO] Updated opening for SCMKB0031391 in 2021-11 to 0
[2026-03-19 07:53:15] [INFO] Completed cascading for month 2021-11
[2026-03-19 07:53:15] [INFO] Updated opening for SCMKB0031391 in 2021-12 to 0
[2026-03-19 07:53:15] [INFO] Completed cascading for month 2021-12
[2026-03-19 07:53:15] [INFO] Updated opening for SCMKB0031391 in 2022-01 to 0
[2026-03-19 07:53:15] [INFO] Completed cascading for month 2022-01
[2026-03-19 07:53:15] [INFO] Updated opening for SCMKB0031391 in 2022-02 to 0
[2026-03-19 07:53:15] [INFO] Completed cascading for month 2022-02
[2026-03-19 07:53:15] [INFO] Updated opening for SCMKB0031391 in 2022-03 to 0
[2026-03-19 07:53:15] [INFO] Completed cascading for month 2022-03
[2026-03-19 07:53:15] [INFO] Reached month 2022-04 which extends beyond financial year end 2022-03-31 23:59:59, stopping cascade
[2026-03-19 07:53:15] [INFO] Starting cascade to financial year end 2022-03-31 23:59:59 for item SCMKS0026878 from month 2021-04
[2026-03-19 07:53:15] [INFO] Updated opening for SCMKS0026878 in 2021-05 to 0
[2026-03-19 07:53:15] [INFO] Completed cascading for month 2021-05
[2026-03-19 07:53:15] [INFO] Updated opening for SCMKS0026878 in 2021-06 to 0
[2026-03-19 07:53:15] [INFO] Completed cascading for month 2021-06
[2026-03-19 07:53:15] [INFO] Updated opening for SCMKS0026878 in 2021-07 to 0
[2026-03-19 07:53:16] [INFO] Completed cascading for month 2021-07
[2026-03-19 07:53:16] [INFO] Updated opening for SCMKS0026878 in 2021-08 to 0
[2026-03-19 07:53:16] [INFO] Completed cascading for month 2021-08
[2026-03-19 07:53:16] [INFO] Updated opening for SCMKS0026878 in 2021-09 to 3
[2026-03-19 07:53:16] [INFO] Completed cascading for month 2021-09
[2026-03-19 07:53:16] [INFO] Updated opening for SCMKS0026878 in 2021-10 to 6
[2026-03-19 07:53:16] [INFO] Completed cascading for month 2021-10
[2026-03-19 07:53:16] [INFO] Updated opening for SCMKS0026878 in 2021-11 to 6
[2026-03-19 07:53:16] [INFO] Completed cascading for month 2021-11
[2026-03-19 07:53:16] [INFO] Updated opening for SCMKS0026878 in 2021-12 to 6
[2026-03-19 07:53:16] [INFO] Completed cascading for month 2021-12
[2026-03-19 07:53:16] [INFO] Updated opening for SCMKS0026878 in 2022-01 to 9
[2026-03-19 07:53:16] [INFO] Completed cascading for month 2022-01
[2026-03-19 07:53:16] [INFO] Updated opening for SCMKS0026878 in 2022-02 to 9
[2026-03-19 07:53:16] [INFO] Completed cascading for month 2022-02
[2026-03-19 07:53:16] [INFO] Updated opening for SCMKS0026878 in 2022-03 to 18
[2026-03-19 07:53:16] [INFO] Completed cascading for month 2022-03
[2026-03-19 07:53:16] [INFO] Reached month 2022-04 which extends beyond financial year end 2022-03-31 23:59:59, stopping cascade
[2026-03-19 07:53:16] [INFO] Starting cascade to financial year end 2022-03-31 23:59:59 for item SCMPL0009668 from month 2021-04
[2026-03-19 07:53:16] [INFO] Updated opening for SCMPL0009668 in 2021-05 to 0
[2026-03-19 07:53:16] [INFO] Completed cascading for month 2021-05
[2026-03-19 07:53:16] [INFO] Updated opening for SCMPL0009668 in 2021-06 to 0
[2026-03-19 07:53:16] [INFO] Completed cascading for month 2021-06
[2026-03-19 07:53:16] [INFO] Updated opening for SCMPL0009668 in 2021-07 to 0
[2026-03-19 07:53:16] [INFO] Completed cascading for month 2021-07
[2026-03-19 07:53:16] [INFO] Updated opening for SCMPL0009668 in 2021-08 to 12
[2026-03-19 07:53:16] [INFO] Completed cascading for month 2021-08
[2026-03-19 07:53:16] [INFO] Updated opening for SCMPL0009668 in 2021-09 to 12
[2026-03-19 07:53:16] [INFO] Completed cascading for month 2021-09
[2026-03-19 07:53:16] [INFO] Updated opening for SCMPL0009668 in 2021-10 to 12
[2026-03-19 07:53:16] [INFO] Completed cascading for month 2021-10
[2026-03-19 07:53:16] [INFO] Updated opening for SCMPL0009668 in 2021-11 to 12
[2026-03-19 07:53:16] [INFO] Completed cascading for month 2021-11
[2026-03-19 07:53:16] [INFO] Updated opening for SCMPL0009668 in 2021-12 to 18
[2026-03-19 07:53:17] [INFO] Completed cascading for month 2021-12
[2026-03-19 07:53:17] [INFO] Updated opening for SCMPL0009668 in 2022-01 to 24
[2026-03-19 07:53:17] [INFO] Completed cascading for month 2022-01
[2026-03-19 07:53:17] [INFO] Updated opening for SCMPL0009668 in 2022-02 to 24
[2026-03-19 07:53:17] [INFO] Completed cascading for month 2022-02
[2026-03-19 07:53:17] [INFO] Updated opening for SCMPL0009668 in 2022-03 to 24
[2026-03-19 07:53:17] [INFO] Completed cascading for month 2022-03
[2026-03-19 07:53:17] [INFO] Reached month 2022-04 which extends beyond financial year end 2022-03-31 23:59:59, stopping cascade
[2026-03-19 07:53:17] [INFO] Starting cascade to financial year end 2022-03-31 23:59:59 for item SCMPL0009688 from month 2021-04
[2026-03-19 07:53:17] [INFO] Updated opening for SCMPL0009688 in 2021-05 to 0
[2026-03-19 07:53:17] [INFO] Completed cascading for month 2021-05
[2026-03-19 07:53:17] [INFO] Updated opening for SCMPL0009688 in 2021-06 to 0
[2026-03-19 07:53:17] [INFO] Completed cascading for month 2021-06
[2026-03-19 07:53:17] [INFO] Updated opening for SCMPL0009688 in 2021-07 to 0
[2026-03-19 07:53:17] [INFO] Completed cascading for month 2021-07
[2026-03-19 07:53:17] [INFO] Updated opening for SCMPL0009688 in 2021-08 to 0
[2026-03-19 07:53:17] [INFO] Completed cascading for month 2021-08
[2026-03-19 07:53:17] [INFO] Updated opening for SCMPL0009688 in 2021-09 to 0
[2026-03-19 07:53:17] [INFO] Completed cascading for month 2021-09
[2026-03-19 07:53:17] [INFO] Updated opening for SCMPL0009688 in 2021-10 to 0
[2026-03-19 07:53:17] [INFO] Completed cascading for month 2021-10
[2026-03-19 07:53:17] [INFO] Updated opening for SCMPL0009688 in 2021-11 to 0
[2026-03-19 07:53:17] [INFO] Completed cascading for month 2021-11
[2026-03-19 07:53:17] [INFO] Updated opening for SCMPL0009688 in 2021-12 to 0
[2026-03-19 07:53:17] [INFO] Completed cascading for month 2021-12
[2026-03-19 07:53:17] [INFO] Updated opening for SCMPL0009688 in 2022-01 to 0
[2026-03-19 07:53:17] [INFO] Completed cascading for month 2022-01
[2026-03-19 07:53:17] [INFO] Updated opening for SCMPL0009688 in 2022-02 to 0
[2026-03-19 07:53:17] [INFO] Completed cascading for month 2022-02
[2026-03-19 07:53:17] [INFO] Updated opening for SCMPL0009688 in 2022-03 to 0
[2026-03-19 07:53:18] [INFO] Completed cascading for month 2022-03
[2026-03-19 07:53:18] [INFO] Reached month 2022-04 which extends beyond financial year end 2022-03-31 23:59:59, stopping cascade
[2026-03-19 07:53:18] [INFO] Starting cascade to financial year end 2022-03-31 23:59:59 for item SCMPL0009775 from month 2021-04
[2026-03-19 07:53:18] [INFO] Updated opening for SCMPL0009775 in 2021-05 to 0
[2026-03-19 07:53:18] [INFO] Completed cascading for month 2021-05
[2026-03-19 07:53:18] [INFO] Updated opening for SCMPL0009775 in 2021-06 to 0
[2026-03-19 07:53:18] [INFO] Completed cascading for month 2021-06
[2026-03-19 07:53:18] [INFO] Updated opening for SCMPL0009775 in 2021-07 to 0
[2026-03-19 07:53:18] [INFO] Completed cascading for month 2021-07
[2026-03-19 07:53:18] [INFO] Updated opening for SCMPL0009775 in 2021-08 to 0
[2026-03-19 07:53:18] [INFO] Completed cascading for month 2021-08
[2026-03-19 07:53:18] [INFO] Updated opening for SCMPL0009775 in 2021-09 to 144
[2026-03-19 07:53:18] [INFO] Completed cascading for month 2021-09
[2026-03-19 07:53:18] [INFO] Updated opening for SCMPL0009775 in 2021-10 to 144
[2026-03-19 07:53:18] [INFO] Completed cascading for month 2021-10
[2026-03-19 07:53:18] [INFO] Updated opening for SCMPL0009775 in 2021-11 to 144
[2026-03-19 07:53:18] [INFO] Completed cascading for month 2021-11
[2026-03-19 07:53:18] [INFO] Updated opening for SCMPL0009775 in 2021-12 to 144
[2026-03-19 07:53:18] [INFO] Completed cascading for month 2021-12
[2026-03-19 07:53:18] [INFO] Updated opening for SCMPL0009775 in 2022-01 to 144
[2026-03-19 07:53:18] [INFO] Completed cascading for month 2022-01
[2026-03-19 07:53:18] [INFO] Updated opening for SCMPL0009775 in 2022-02 to 144
[2026-03-19 07:53:18] [INFO] Completed cascading for month 2022-02
[2026-03-19 07:53:18] [INFO] Updated opening for SCMPL0009775 in 2022-03 to 144
[2026-03-19 07:53:18] [INFO] Completed cascading for month 2022-03
[2026-03-19 07:53:18] [INFO] Reached month 2022-04 which extends beyond financial year end 2022-03-31 23:59:59, stopping cascade
[2026-03-19 07:53:19] [INFO] Starting cascade to financial year end 2022-03-31 23:59:59 for item SCMPL0010678 from month 2021-04
[2026-03-19 07:53:19] [INFO] Updated opening for SCMPL0010678 in 2021-05 to 0
[2026-03-19 07:53:19] [INFO] Completed cascading for month 2021-05
[2026-03-19 07:53:19] [INFO] Updated opening for SCMPL0010678 in 2021-06 to 0
[2026-03-19 07:53:19] [INFO] Completed cascading for month 2021-06
[2026-03-19 07:53:19] [INFO] Updated opening for SCMPL0010678 in 2021-07 to 500
[2026-03-19 07:53:19] [INFO] Completed cascading for month 2021-07
[2026-03-19 07:53:19] [INFO] Updated opening for SCMPL0010678 in 2021-08 to 700
[2026-03-19 07:53:19] [INFO] Completed cascading for month 2021-08
[2026-03-19 07:53:19] [INFO] Updated opening for SCMPL0010678 in 2021-09 to 1400
[2026-03-19 07:53:19] [INFO] Completed cascading for month 2021-09
[2026-03-19 07:53:19] [INFO] Updated opening for SCMPL0010678 in 2021-10 to 1600
[2026-03-19 07:53:19] [INFO] Completed cascading for month 2021-10
[2026-03-19 07:53:19] [INFO] Updated opening for SCMPL0010678 in 2021-11 to 1800
[2026-03-19 07:53:19] [INFO] Completed cascading for month 2021-11
[2026-03-19 07:53:19] [INFO] Updated opening for SCMPL0010678 in 2021-12 to 2300
[2026-03-19 07:53:19] [INFO] Completed cascading for month 2021-12
[2026-03-19 07:53:19] [INFO] Updated opening for SCMPL0010678 in 2022-01 to 2500
[2026-03-19 07:53:19] [INFO] Completed cascading for month 2022-01
[2026-03-19 07:53:19] [INFO] Updated opening for SCMPL0010678 in 2022-02 to 2700
[2026-03-19 07:53:19] [INFO] Completed cascading for month 2022-02
[2026-03-19 07:53:19] [INFO] Updated opening for SCMPL0010678 in 2022-03 to 2900
[2026-03-19 07:53:19] [INFO] Completed cascading for month 2022-03
[2026-03-19 07:53:19] [INFO] Reached month 2022-04 which extends beyond financial year end 2022-03-31 23:59:59, stopping cascade
[2026-03-19 07:53:19] [INFO] Starting cascade to financial year end 2022-03-31 23:59:59 for item SCMPL0012499 from month 2021-04
[2026-03-19 07:53:19] [INFO] Updated opening for SCMPL0012499 in 2021-05 to 0
[2026-03-19 07:53:19] [INFO] Completed cascading for month 2021-05
[2026-03-19 07:53:19] [INFO] Updated opening for SCMPL0012499 in 2021-06 to 0
[2026-03-19 07:53:19] [INFO] Completed cascading for month 2021-06
[2026-03-19 07:53:19] [INFO] Updated opening for SCMPL0012499 in 2021-07 to 0
[2026-03-19 07:53:19] [INFO] Completed cascading for month 2021-07
[2026-03-19 07:53:19] [INFO] Updated opening for SCMPL0012499 in 2021-08 to 0
[2026-03-19 07:53:20] [INFO] Completed cascading for month 2021-08
[2026-03-19 07:53:20] [INFO] Updated opening for SCMPL0012499 in 2021-09 to 0
[2026-03-19 07:53:20] [INFO] Completed cascading for month 2021-09
[2026-03-19 07:53:20] [INFO] Updated opening for SCMPL0012499 in 2021-10 to 0
[2026-03-19 07:53:20] [INFO] Completed cascading for month 2021-10
[2026-03-19 07:53:20] [INFO] Updated opening for SCMPL0012499 in 2021-11 to 0
[2026-03-19 07:53:20] [INFO] Completed cascading for month 2021-11
[2026-03-19 07:53:20] [INFO] Updated opening for SCMPL0012499 in 2021-12 to 0
[2026-03-19 07:53:20] [INFO] Completed cascading for month 2021-12
[2026-03-19 07:53:20] [INFO] Updated opening for SCMPL0012499 in 2022-01 to 18
[2026-03-19 07:53:20] [INFO] Completed cascading for month 2022-01
[2026-03-19 07:53:20] [INFO] Updated opening for SCMPL0012499 in 2022-02 to 18
[2026-03-19 07:53:20] [INFO] Completed cascading for month 2022-02
[2026-03-19 07:53:20] [INFO] Updated opening for SCMPL0012499 in 2022-03 to 18
[2026-03-19 07:53:20] [INFO] Completed cascading for month 2022-03
[2026-03-19 07:53:20] [INFO] Reached month 2022-04 which extends beyond financial year end 2022-03-31 23:59:59, stopping cascade
[2026-03-19 07:53:20] [INFO] Starting cascade to financial year end 2022-03-31 23:59:59 for item SCMPL0018737 from month 2021-04
[2026-03-19 07:53:20] [INFO] Updated opening for SCMPL0018737 in 2021-05 to 0
[2026-03-19 07:53:20] [INFO] Completed cascading for month 2021-05
[2026-03-19 07:53:20] [INFO] Updated opening for SCMPL0018737 in 2021-06 to 0
[2026-03-19 07:53:20] [INFO] Completed cascading for month 2021-06
[2026-03-19 07:53:20] [INFO] Updated opening for SCMPL0018737 in 2021-07 to 0
[2026-03-19 07:53:20] [INFO] Completed cascading for month 2021-07
[2026-03-19 07:53:20] [INFO] Updated opening for SCMPL0018737 in 2021-08 to 0
[2026-03-19 07:53:20] [INFO] Completed cascading for month 2021-08
[2026-03-19 07:53:20] [INFO] Updated opening for SCMPL0018737 in 2021-09 to 0
[2026-03-19 07:53:21] [INFO] Completed cascading for month 2021-09
[2026-03-19 07:53:21] [INFO] Updated opening for SCMPL0018737 in 2021-10 to 0
[2026-03-19 07:53:21] [INFO] Completed cascading for month 2021-10
[2026-03-19 07:53:21] [INFO] Updated opening for SCMPL0018737 in 2021-11 to 0
[2026-03-19 07:53:21] [INFO] Completed cascading for month 2021-11
[2026-03-19 07:53:21] [INFO] Updated opening for SCMPL0018737 in 2021-12 to 0
[2026-03-19 07:53:21] [INFO] Completed cascading for month 2021-12
[2026-03-19 07:53:21] [INFO] Updated opening for SCMPL0018737 in 2022-01 to 0
[2026-03-19 07:53:21] [INFO] Completed cascading for month 2022-01
[2026-03-19 07:53:21] [INFO] Updated opening for SCMPL0018737 in 2022-02 to 0
[2026-03-19 07:53:21] [INFO] Completed cascading for month 2022-02
[2026-03-19 07:53:21] [INFO] Updated opening for SCMPL0018737 in 2022-03 to 0
[2026-03-19 07:53:21] [INFO] Completed cascading for month 2022-03
[2026-03-19 07:53:21] [INFO] Reached month 2022-04 which extends beyond financial year end 2022-03-31 23:59:59, stopping cascade
[2026-03-19 07:53:21] [INFO] Starting cascade to financial year end 2022-03-31 23:59:59 for item SCMPL0022276 from month 2021-04
[2026-03-19 07:53:21] [INFO] Updated opening for SCMPL0022276 in 2021-05 to 0
[2026-03-19 07:53:21] [INFO] Completed cascading for month 2021-05
[2026-03-19 07:53:21] [INFO] Updated opening for SCMPL0022276 in 2021-06 to 0
[2026-03-19 07:53:21] [INFO] Completed cascading for month 2021-06
[2026-03-19 07:53:21] [INFO] Updated opening for SCMPL0022276 in 2021-07 to 0
[2026-03-19 07:53:21] [INFO] Completed cascading for month 2021-07
[2026-03-19 07:53:21] [INFO] Updated opening for SCMPL0022276 in 2021-08 to 0
[2026-03-19 07:53:21] [INFO] Completed cascading for month 2021-08
[2026-03-19 07:53:21] [INFO] Updated opening for SCMPL0022276 in 2021-09 to 96
[2026-03-19 07:53:21] [INFO] Completed cascading for month 2021-09
[2026-03-19 07:53:21] [INFO] Updated opening for SCMPL0022276 in 2021-10 to 288
[2026-03-19 07:53:22] [INFO] Completed cascading for month 2021-10
[2026-03-19 07:53:22] [INFO] Updated opening for SCMPL0022276 in 2021-11 to 288
[2026-03-19 07:53:22] [INFO] Completed cascading for month 2021-11
[2026-03-19 07:53:22] [INFO] Updated opening for SCMPL0022276 in 2021-12 to 288
[2026-03-19 07:53:22] [INFO] Completed cascading for month 2021-12
[2026-03-19 07:53:22] [INFO] Updated opening for SCMPL0022276 in 2022-01 to 288
[2026-03-19 07:53:22] [INFO] Completed cascading for month 2022-01
[2026-03-19 07:53:22] [INFO] Updated opening for SCMPL0022276 in 2022-02 to 288
[2026-03-19 07:53:22] [INFO] Completed cascading for month 2022-02
[2026-03-19 07:53:22] [INFO] Updated opening for SCMPL0022276 in 2022-03 to 288
[2026-03-19 07:53:22] [INFO] Completed cascading for month 2022-03
[2026-03-19 07:53:22] [INFO] Reached month 2022-04 which extends beyond financial year end 2022-03-31 23:59:59, stopping cascade
[2026-03-19 07:53:22] [INFO] Starting cascade to financial year end 2022-03-31 23:59:59 for item SCMPL0022277 from month 2021-04
[2026-03-19 07:53:22] [INFO] Updated opening for SCMPL0022277 in 2021-05 to 0
[2026-03-19 07:53:22] [INFO] Completed cascading for month 2021-05
[2026-03-19 07:53:22] [INFO] Updated opening for SCMPL0022277 in 2021-06 to 0
[2026-03-19 07:53:22] [INFO] Completed cascading for month 2021-06
[2026-03-19 07:53:22] [INFO] Updated opening for SCMPL0022277 in 2021-07 to 336
[2026-03-19 07:53:22] [INFO] Completed cascading for month 2021-07
[2026-03-19 07:53:22] [INFO] Updated opening for SCMPL0022277 in 2021-08 to 624
[2026-03-19 07:53:22] [INFO] Completed cascading for month 2021-08
[2026-03-19 07:53:22] [INFO] Updated opening for SCMPL0022277 in 2021-09 to 720
[2026-03-19 07:53:22] [INFO] Completed cascading for month 2021-09
[2026-03-19 07:53:22] [INFO] Updated opening for SCMPL0022277 in 2021-10 to 720
[2026-03-19 07:53:22] [INFO] Completed cascading for month 2021-10
[2026-03-19 07:53:22] [INFO] Updated opening for SCMPL0022277 in 2021-11 to 720
[2026-03-19 07:53:23] [INFO] Completed cascading for month 2021-11
[2026-03-19 07:53:23] [INFO] Updated opening for SCMPL0022277 in 2021-12 to 816
[2026-03-19 07:53:23] [INFO] Completed cascading for month 2021-12
[2026-03-19 07:53:23] [INFO] Updated opening for SCMPL0022277 in 2022-01 to 864
[2026-03-19 07:53:23] [INFO] Completed cascading for month 2022-01
[2026-03-19 07:53:23] [INFO] Updated opening for SCMPL0022277 in 2022-02 to 912
[2026-03-19 07:53:23] [INFO] Completed cascading for month 2022-02
[2026-03-19 07:53:23] [INFO] Updated opening for SCMPL0022277 in 2022-03 to 1104
[2026-03-19 07:53:23] [INFO] Completed cascading for month 2022-03
[2026-03-19 07:53:23] [INFO] Reached month 2022-04 which extends beyond financial year end 2022-03-31 23:59:59, stopping cascade
[2026-03-19 07:53:23] [INFO] Starting cascade to financial year end 2022-03-31 23:59:59 for item SCMPL0022278 from month 2021-04
[2026-03-19 07:53:23] [INFO] Updated opening for SCMPL0022278 in 2021-05 to 0
[2026-03-19 07:53:23] [INFO] Completed cascading for month 2021-05
[2026-03-19 07:53:23] [INFO] Updated opening for SCMPL0022278 in 2021-06 to 0
[2026-03-19 07:53:23] [INFO] Completed cascading for month 2021-06
[2026-03-19 07:53:23] [INFO] Updated opening for SCMPL0022278 in 2021-07 to 0
[2026-03-19 07:53:23] [INFO] Completed cascading for month 2021-07
[2026-03-19 07:53:23] [INFO] Updated opening for SCMPL0022278 in 2021-08 to 0
[2026-03-19 07:53:23] [INFO] Completed cascading for month 2021-08
[2026-03-19 07:53:23] [INFO] Updated opening for SCMPL0022278 in 2021-09 to 0
[2026-03-19 07:53:23] [INFO] Completed cascading for month 2021-09
[2026-03-19 07:53:23] [INFO] Updated opening for SCMPL0022278 in 2021-10 to 0
[2026-03-19 07:53:23] [INFO] Completed cascading for month 2021-10
[2026-03-19 07:53:23] [INFO] Updated opening for SCMPL0022278 in 2021-11 to 0
[2026-03-19 07:53:23] [INFO] Completed cascading for month 2021-11
[2026-03-19 07:53:23] [INFO] Updated opening for SCMPL0022278 in 2021-12 to 24
[2026-03-19 07:53:23] [INFO] Completed cascading for month 2021-12
[2026-03-19 07:53:23] [INFO] Updated opening for SCMPL0022278 in 2022-01 to 48
[2026-03-19 07:53:23] [INFO] Completed cascading for month 2022-01
[2026-03-19 07:53:23] [INFO] Updated opening for SCMPL0022278 in 2022-02 to 48
[2026-03-19 07:53:23] [INFO] Completed cascading for month 2022-02
[2026-03-19 07:53:23] [INFO] Updated opening for SCMPL0022278 in 2022-03 to 48
[2026-03-19 07:53:23] [INFO] Completed cascading for month 2022-03
[2026-03-19 07:53:23] [INFO] Reached month 2022-04 which extends beyond financial year end 2022-03-31 23:59:59, stopping cascade
[2026-03-19 07:53:24] [INFO] Starting cascade to financial year end 2022-03-31 23:59:59 for item SCMPL0022280 from month 2021-04
[2026-03-19 07:53:24] [INFO] Updated opening for SCMPL0022280 in 2021-05 to 0
[2026-03-19 07:53:24] [INFO] Completed cascading for month 2021-05
[2026-03-19 07:53:24] [INFO] Updated opening for SCMPL0022280 in 2021-06 to 0
[2026-03-19 07:53:24] [INFO] Completed cascading for month 2021-06
[2026-03-19 07:53:24] [INFO] Updated opening for SCMPL0022280 in 2021-07 to 0
[2026-03-19 07:53:24] [INFO] Completed cascading for month 2021-07
[2026-03-19 07:53:24] [INFO] Updated opening for SCMPL0022280 in 2021-08 to 9
[2026-03-19 07:53:24] [INFO] Completed cascading for month 2021-08
[2026-03-19 07:53:24] [INFO] Updated opening for SCMPL0022280 in 2021-09 to 9
[2026-03-19 07:53:24] [INFO] Completed cascading for month 2021-09
[2026-03-19 07:53:24] [INFO] Updated opening for SCMPL0022280 in 2021-10 to 18
[2026-03-19 07:53:24] [INFO] Completed cascading for month 2021-10
[2026-03-19 07:53:24] [INFO] Updated opening for SCMPL0022280 in 2021-11 to 27
[2026-03-19 07:53:24] [INFO] Completed cascading for month 2021-11
[2026-03-19 07:53:24] [INFO] Updated opening for SCMPL0022280 in 2021-12 to 36
[2026-03-19 07:53:24] [INFO] Completed cascading for month 2021-12
[2026-03-19 07:53:24] [INFO] Updated opening for SCMPL0022280 in 2022-01 to 45
[2026-03-19 07:53:24] [INFO] Completed cascading for month 2022-01
[2026-03-19 07:53:24] [INFO] Updated opening for SCMPL0022280 in 2022-02 to 45
[2026-03-19 07:53:24] [INFO] Completed cascading for month 2022-02
[2026-03-19 07:53:24] [INFO] Updated opening for SCMPL0022280 in 2022-03 to 72
[2026-03-19 07:53:24] [INFO] Completed cascading for month 2022-03
[2026-03-19 07:53:24] [INFO] Reached month 2022-04 which extends beyond financial year end 2022-03-31 23:59:59, stopping cascade
[2026-03-19 07:53:24] [INFO] Starting cascade to financial year end 2022-03-31 23:59:59 for item SCMPL0028274 from month 2021-04
[2026-03-19 07:53:24] [INFO] Updated opening for SCMPL0028274 in 2021-05 to 0
[2026-03-19 07:53:25] [INFO] Completed cascading for month 2021-05
[2026-03-19 07:53:25] [INFO] Updated opening for SCMPL0028274 in 2021-06 to 0
[2026-03-19 07:53:25] [INFO] Completed cascading for month 2021-06
[2026-03-19 07:53:25] [INFO] Updated opening for SCMPL0028274 in 2021-07 to 400
[2026-03-19 07:53:25] [INFO] Completed cascading for month 2021-07
[2026-03-19 07:53:25] [INFO] Updated opening for SCMPL0028274 in 2021-08 to 400
[2026-03-19 07:53:25] [INFO] Completed cascading for month 2021-08
[2026-03-19 07:53:25] [INFO] Updated opening for SCMPL0028274 in 2021-09 to 900
[2026-03-19 07:53:25] [INFO] Completed cascading for month 2021-09
[2026-03-19 07:53:25] [INFO] Updated opening for SCMPL0028274 in 2021-10 to 900
[2026-03-19 07:53:25] [INFO] Completed cascading for month 2021-10
[2026-03-19 07:53:25] [INFO] Updated opening for SCMPL0028274 in 2021-11 to 1100
[2026-03-19 07:53:25] [INFO] Completed cascading for month 2021-11
[2026-03-19 07:53:25] [INFO] Updated opening for SCMPL0028274 in 2021-12 to 1100
[2026-03-19 07:53:25] [INFO] Completed cascading for month 2021-12
[2026-03-19 07:53:25] [INFO] Updated opening for SCMPL0028274 in 2022-01 to 1205
[2026-03-19 07:53:25] [INFO] Completed cascading for month 2022-01
[2026-03-19 07:53:25] [INFO] Updated opening for SCMPL0028274 in 2022-02 to 1305
[2026-03-19 07:53:25] [INFO] Completed cascading for month 2022-02
[2026-03-19 07:53:25] [INFO] Updated opening for SCMPL0028274 in 2022-03 to 1605
[2026-03-19 07:53:25] [INFO] Completed cascading for month 2022-03
[2026-03-19 07:53:25] [INFO] Reached month 2022-04 which extends beyond financial year end 2022-03-31 23:59:59, stopping cascade
[2026-03-19 07:53:25] [INFO] Starting cascade to financial year end 2022-03-31 23:59:59 for item SCMPL0028275 from month 2021-04
[2026-03-19 07:53:25] [INFO] Updated opening for SCMPL0028275 in 2021-05 to 0
[2026-03-19 07:53:25] [INFO] Completed cascading for month 2021-05
[2026-03-19 07:53:25] [INFO] Updated opening for SCMPL0028275 in 2021-06 to 0
[2026-03-19 07:53:25] [INFO] Completed cascading for month 2021-06
[2026-03-19 07:53:25] [INFO] Updated opening for SCMPL0028275 in 2021-07 to 96
[2026-03-19 07:53:25] [INFO] Completed cascading for month 2021-07
[2026-03-19 07:53:25] [INFO] Updated opening for SCMPL0028275 in 2021-08 to 96
[2026-03-19 07:53:25] [INFO] Completed cascading for month 2021-08
[2026-03-19 07:53:25] [INFO] Updated opening for SCMPL0028275 in 2021-09 to 480
[2026-03-19 07:53:25] [INFO] Completed cascading for month 2021-09
[2026-03-19 07:53:25] [INFO] Updated opening for SCMPL0028275 in 2021-10 to 480
[2026-03-19 07:53:25] [INFO] Completed cascading for month 2021-10
[2026-03-19 07:53:25] [INFO] Updated opening for SCMPL0028275 in 2021-11 to 480
[2026-03-19 07:53:25] [INFO] Completed cascading for month 2021-11
[2026-03-19 07:53:25] [INFO] Updated opening for SCMPL0028275 in 2021-12 to 480
[2026-03-19 07:53:26] [INFO] Completed cascading for month 2021-12
[2026-03-19 07:53:26] [INFO] Updated opening for SCMPL0028275 in 2022-01 to 480
[2026-03-19 07:53:26] [INFO] Completed cascading for month 2022-01
[2026-03-19 07:53:26] [INFO] Updated opening for SCMPL0028275 in 2022-02 to 480
[2026-03-19 07:53:26] [INFO] Completed cascading for month 2022-02
[2026-03-19 07:53:26] [INFO] Updated opening for SCMPL0028275 in 2022-03 to 480
[2026-03-19 07:53:26] [INFO] Completed cascading for month 2022-03
[2026-03-19 07:53:26] [INFO] Reached month 2022-04 which extends beyond financial year end 2022-03-31 23:59:59, stopping cascade
[2026-03-19 07:53:26] [INFO] Starting cascade to financial year end 2022-03-31 23:59:59 for item SCMPL0028276 from month 2021-04
[2026-03-19 07:53:26] [INFO] Updated opening for SCMPL0028276 in 2021-05 to 0
[2026-03-19 07:53:26] [INFO] Completed cascading for month 2021-05
[2026-03-19 07:53:26] [INFO] Updated opening for SCMPL0028276 in 2021-06 to 0
[2026-03-19 07:53:26] [INFO] Completed cascading for month 2021-06
[2026-03-19 07:53:26] [INFO] Updated opening for SCMPL0028276 in 2021-07 to 480
[2026-03-19 07:53:26] [INFO] Completed cascading for month 2021-07
[2026-03-19 07:53:26] [INFO] Updated opening for SCMPL0028276 in 2021-08 to 480
[2026-03-19 07:53:26] [INFO] Completed cascading for month 2021-08
[2026-03-19 07:53:26] [INFO] Updated opening for SCMPL0028276 in 2021-09 to 720
[2026-03-19 07:53:26] [INFO] Completed cascading for month 2021-09
[2026-03-19 07:53:26] [INFO] Updated opening for SCMPL0028276 in 2021-10 to 720
[2026-03-19 07:53:26] [INFO] Completed cascading for month 2021-10
[2026-03-19 07:53:26] [INFO] Updated opening for SCMPL0028276 in 2021-11 to 864
[2026-03-19 07:53:26] [INFO] Completed cascading for month 2021-11
[2026-03-19 07:53:26] [INFO] Updated opening for SCMPL0028276 in 2021-12 to 864
[2026-03-19 07:53:26] [INFO] Completed cascading for month 2021-12
[2026-03-19 07:53:26] [INFO] Updated opening for SCMPL0028276 in 2022-01 to 960
[2026-03-19 07:53:26] [INFO] Completed cascading for month 2022-01
[2026-03-19 07:53:26] [INFO] Updated opening for SCMPL0028276 in 2022-02 to 1104
[2026-03-19 07:53:26] [INFO] Completed cascading for month 2022-02
[2026-03-19 07:53:26] [INFO] Updated opening for SCMPL0028276 in 2022-03 to 1584
[2026-03-19 07:53:26] [INFO] Completed cascading for month 2022-03
[2026-03-19 07:53:26] [INFO] Reached month 2022-04 which extends beyond financial year end 2022-03-31 23:59:59, stopping cascade
[2026-03-19 07:53:26] [INFO] Starting cascade to financial year end 2022-03-31 23:59:59 for item SCMPL0028356 from month 2021-04
[2026-03-19 07:53:26] [INFO] Updated opening for SCMPL0028356 in 2021-05 to 0
[2026-03-19 07:53:26] [INFO] Completed cascading for month 2021-05
[2026-03-19 07:53:26] [INFO] Updated opening for SCMPL0028356 in 2021-06 to 0
[2026-03-19 07:53:26] [INFO] Completed cascading for month 2021-06
[2026-03-19 07:53:27] [INFO] Updated opening for SCMPL0028356 in 2021-07 to 0
[2026-03-19 07:53:27] [INFO] Completed cascading for month 2021-07
[2026-03-19 07:53:27] [INFO] Updated opening for SCMPL0028356 in 2021-08 to 0
[2026-03-19 07:53:27] [INFO] Completed cascading for month 2021-08
[2026-03-19 07:53:27] [INFO] Updated opening for SCMPL0028356 in 2021-09 to 0
[2026-03-19 07:53:27] [INFO] Completed cascading for month 2021-09
[2026-03-19 07:53:27] [INFO] Updated opening for SCMPL0028356 in 2021-10 to 0
[2026-03-19 07:53:27] [INFO] Completed cascading for month 2021-10
[2026-03-19 07:53:27] [INFO] Updated opening for SCMPL0028356 in 2021-11 to 24
[2026-03-19 07:53:27] [INFO] Completed cascading for month 2021-11
[2026-03-19 07:53:27] [INFO] Updated opening for SCMPL0028356 in 2021-12 to 24
[2026-03-19 07:53:27] [INFO] Completed cascading for month 2021-12
[2026-03-19 07:53:27] [INFO] Updated opening for SCMPL0028356 in 2022-01 to 48
[2026-03-19 07:53:27] [INFO] Completed cascading for month 2022-01
[2026-03-19 07:53:27] [INFO] Updated opening for SCMPL0028356 in 2022-02 to 48
[2026-03-19 07:53:27] [INFO] Completed cascading for month 2022-02
[2026-03-19 07:53:27] [INFO] Updated opening for SCMPL0028356 in 2022-03 to 48
[2026-03-19 07:53:27] [INFO] Completed cascading for month 2022-03
[2026-03-19 07:53:27] [INFO] Reached month 2022-04 which extends beyond financial year end 2022-03-31 23:59:59, stopping cascade
[2026-03-19 07:53:27] [INFO] Starting cascade to financial year end 2022-03-31 23:59:59 for item SCMPL0028357 from month 2021-04
[2026-03-19 07:53:27] [INFO] Updated opening for SCMPL0028357 in 2021-05 to 0
[2026-03-19 07:53:27] [INFO] Completed cascading for month 2021-05
[2026-03-19 07:53:27] [INFO] Updated opening for SCMPL0028357 in 2021-06 to 0
[2026-03-19 07:53:27] [INFO] Completed cascading for month 2021-06
[2026-03-19 07:53:27] [INFO] Updated opening for SCMPL0028357 in 2021-07 to 0
[2026-03-19 07:53:27] [INFO] Completed cascading for month 2021-07
[2026-03-19 07:53:27] [INFO] Updated opening for SCMPL0028357 in 2021-08 to 0
[2026-03-19 07:53:27] [INFO] Completed cascading for month 2021-08
[2026-03-19 07:53:27] [INFO] Updated opening for SCMPL0028357 in 2021-09 to 0
[2026-03-19 07:53:27] [INFO] Completed cascading for month 2021-09
[2026-03-19 07:53:27] [INFO] Updated opening for SCMPL0028357 in 2021-10 to 0
[2026-03-19 07:53:27] [INFO] Completed cascading for month 2021-10
[2026-03-19 07:53:27] [INFO] Updated opening for SCMPL0028357 in 2021-11 to 0
[2026-03-19 07:53:27] [INFO] Completed cascading for month 2021-11
[2026-03-19 07:53:27] [INFO] Updated opening for SCMPL0028357 in 2021-12 to 0
[2026-03-19 07:53:27] [INFO] Completed cascading for month 2021-12
[2026-03-19 07:53:27] [INFO] Updated opening for SCMPL0028357 in 2022-01 to 0
[2026-03-19 07:53:28] [INFO] Completed cascading for month 2022-01
[2026-03-19 07:53:28] [INFO] Updated opening for SCMPL0028357 in 2022-02 to 9
[2026-03-19 07:53:28] [INFO] Completed cascading for month 2022-02
[2026-03-19 07:53:28] [INFO] Updated opening for SCMPL0028357 in 2022-03 to 18
[2026-03-19 07:53:28] [INFO] Completed cascading for month 2022-03
[2026-03-19 07:53:28] [INFO] Reached month 2022-04 which extends beyond financial year end 2022-03-31 23:59:59, stopping cascade
[2026-03-19 07:53:28] [INFO] === PAGE ACCESS ===
[2026-03-19 07:53:28] [INFO] Request method: GET
[2026-03-19 07:53:28] [INFO] Search term: ''
[2026-03-19 07:53:28] [INFO] Current session ID: s3p8b2fvo6jp6ht33p6e5t149t
[2026-03-19 07:53:29] [INFO] Daily stock data fetched for 50 items across 1 months
[2026-03-19 07:53:29] [INFO] GLOBAL CHECK: Latest existing sale: 2021-04-30
[2026-03-19 07:53:29] [INFO] Available dates: 
[2026-03-19 07:53:29] [INFO] Unavailable dates (has existing sales): 2021-04-01, 2021-04-02, 2021-04-03, 2021-04-04, 2021-04-05, 2021-04-06, 2021-04-07, 2021-04-08, 2021-04-09, 2021-04-10, 2021-04-11, 2021-04-12, 2021-04-13, 2021-04-14, 2021-04-15, 2021-04-16, 2021-04-17, 2021-04-18, 2021-04-19, 2021-04-20, 2021-04-21, 2021-04-22, 2021-04-23, 2021-04-24, 2021-04-25, 2021-04-26, 2021-04-27, 2021-04-28, 2021-04-29, 2021-04-30
[2026-03-19 07:53:29] [INFO] Final session quantities count: 0
[2026-03-19 07:53:29] [INFO] Items in current view: 50
[2026-03-19 07:53:29] [INFO] Sales Page Load Debug Info:
Array
(
    [total_items] => 67
    [current_page] => 1
    [total_pages] => 2
    [session_quantities_count] => 0
    [post_quantities_count] => 0
    [date_range] => 2021-04-01 00:00:00 to 2021-04-30
    [days_count] => 30
    [user_id] => 5
    [comp_id] => 5
    [license_type] => FL-III
    [allowed_classes] => Array
        (
            [0] => W
            [1] => V
            [2] => M
            [3] => F
            [4] => D
            [5] => K
            [6] => G
            [7] => R
        )

    [end_date_day] => 30
    [closing_column] => DAY_30_CLOSING
    [end_date_month] => 2021-04
    [stock_filter] => > 0
    [daily_stock_table] => tbldailystock_5_04_21
    [table_suffix] => _04_21
    [current_month] => 2026-03
    [has_restrictions] => 1
    [available_dates] => Array
        (
        )

    [unavailable_dates] => Array
        (
            [0] => 2021-04-01
            [1] => 2021-04-02
            [2] => 2021-04-03
            [3] => 2021-04-04
            [4] => 2021-04-05
            [5] => 2021-04-06
            [6] => 2021-04-07
            [7] => 2021-04-08
            [8] => 2021-04-09
            [9] => 2021-04-10
            [10] => 2021-04-11
            [11] => 2021-04-12
            [12] => 2021-04-13
            [13] => 2021-04-14
            [14] => 2021-04-15
            [15] => 2021-04-16
            [16] => 2021-04-17
            [17] => 2021-04-18
            [18] => 2021-04-19
            [19] => 2021-04-20
            [20] => 2021-04-21
            [21] => 2021-04-22
            [22] => 2021-04-23
            [23] => 2021-04-24
            [24] => 2021-04-25
            [25] => 2021-04-26
            [26] => 2021-04-27
            [27] => 2021-04-28
            [28] => 2021-04-29
            [29] => 2021-04-30
        )

    [dry_dates] => Array
        (
        )

    [latest_global_sale] => 2021-04-30
)

