[2026-03-13 06:40:58] [INFO] === PAGE ACCESS ===
[2026-03-13 06:40:58] [INFO] Request method: GET
[2026-03-13 06:40:58] [INFO] Search term: ''
[2026-03-13 06:40:58] [INFO] Current session ID: v4usm3imcrg71c8n6r9pgh79f0
[2026-03-13 06:40:59] [INFO] Final session quantities count: 0
[2026-03-13 06:40:59] [INFO] Items in current view: 0
[2026-03-13 06:40:59] [INFO] Sales Page Load Debug Info:
Array
(
    [total_items] => 0
    [current_page] => 1
    [total_pages] => 0
    [session_quantities_count] => 0
    [post_quantities_count] => 0
    [date_range] => 2026-03-13 to 2026-03-13
    [days_count] => 1
    [user_id] => 5
    [comp_id] => 5
    [license_type] => FL-III
    [allowed_classes] => Array
        (
            [0] => W
            [1] => V
            [2] => M
            [3] => F
            [4] => D
            [5] => K
            [6] => G
            [7] => R
        )

    [end_date_day] => 13
    [closing_column] => DAY_13_CLOSING
    [end_date_month] => 2026-03
    [stock_filter] => > 0
    [daily_stock_table] => tbldailystock_5
    [table_suffix] => 
    [current_month] => 2026-03
    [has_restrictions] => 
    [available_dates] => Array
        (
            [0] => 2026-03-13
        )

    [unavailable_dates] => Array
        (
        )

    [dry_dates] => Array
        (
        )

    [latest_global_sale] => 
)

[2026-03-13 06:41:18] [INFO] === PAGE ACCESS ===
[2026-03-13 06:41:18] [INFO] Request method: GET
[2026-03-13 06:41:18] [INFO] Search term: ''
[2026-03-13 06:41:18] [INFO] Current session ID: v4usm3imcrg71c8n6r9pgh79f0
[2026-03-13 06:41:19] [INFO] Final session quantities count: 0
[2026-03-13 06:41:19] [INFO] Items in current view: 27
[2026-03-13 06:41:19] [INFO] Sales Page Load Debug Info:
Array
(
    [total_items] => 27
    [current_page] => 1
    [total_pages] => 1
    [session_quantities_count] => 0
    [post_quantities_count] => 0
    [date_range] => 2021-04-01 00:00:00 to 2021-04-10
    [days_count] => 10
    [user_id] => 5
    [comp_id] => 5
    [license_type] => FL-III
    [allowed_classes] => Array
        (
            [0] => W
            [1] => V
            [2] => M
            [3] => F
            [4] => D
            [5] => K
            [6] => G
            [7] => R
        )

    [end_date_day] => 10
    [closing_column] => DAY_10_CLOSING
    [end_date_month] => 2021-04
    [stock_filter] => > 0
    [daily_stock_table] => tbldailystock_5_04_21
    [table_suffix] => _04_21
    [current_month] => 2026-03
    [has_restrictions] => 
    [available_dates] => Array
        (
            [0] => 2021-04-01
            [1] => 2021-04-02
            [2] => 2021-04-03
            [3] => 2021-04-04
            [4] => 2021-04-05
            [5] => 2021-04-06
            [6] => 2021-04-07
            [7] => 2021-04-08
            [8] => 2021-04-09
            [9] => 2021-04-10
        )

    [unavailable_dates] => Array
        (
        )

    [dry_dates] => Array
        (
        )

    [latest_global_sale] => 
)

[2026-03-13 06:54:52] [INFO] === PAGE ACCESS ===
[2026-03-13 06:54:52] [INFO] Request method: GET
[2026-03-13 06:54:52] [INFO] Search term: ''
[2026-03-13 06:54:52] [INFO] Current session ID: d6gnn6c4f5rdatjvaqjib6379o
[2026-03-13 06:54:52] [INFO] Final session quantities count: 0
[2026-03-13 06:54:52] [INFO] Items in current view: 0
[2026-03-13 06:54:52] [INFO] Sales Page Load Debug Info:
Array
(
    [total_items] => 0
    [current_page] => 1
    [total_pages] => 0
    [session_quantities_count] => 0
    [post_quantities_count] => 0
    [date_range] => 2026-03-13 to 2026-03-13
    [days_count] => 1
    [user_id] => 5
    [comp_id] => 5
    [license_type] => FL-III
    [allowed_classes] => Array
        (
            [0] => W
            [1] => V
            [2] => M
            [3] => F
            [4] => D
            [5] => K
            [6] => G
            [7] => R
        )

    [end_date_day] => 13
    [closing_column] => DAY_13_CLOSING
    [end_date_month] => 2026-03
    [stock_filter] => > 0
    [daily_stock_table] => tbldailystock_5
    [table_suffix] => 
    [current_month] => 2026-03
    [has_restrictions] => 
    [available_dates] => Array
        (
            [0] => 2026-03-13
        )

    [unavailable_dates] => Array
        (
        )

    [dry_dates] => Array
        (
        )

    [latest_global_sale] => 
)

[2026-03-13 06:55:21] [INFO] === PAGE ACCESS ===
[2026-03-13 06:55:21] [INFO] Request method: GET
[2026-03-13 06:55:21] [INFO] Search term: ''
[2026-03-13 06:55:21] [INFO] Current session ID: d6gnn6c4f5rdatjvaqjib6379o
[2026-03-13 06:55:21] [INFO] Final session quantities count: 0
[2026-03-13 06:55:21] [INFO] Items in current view: 50
[2026-03-13 06:55:21] [INFO] Sales Page Load Debug Info:
Array
(
    [total_items] => 110
    [current_page] => 1
    [total_pages] => 3
    [session_quantities_count] => 0
    [post_quantities_count] => 0
    [date_range] => 2021-04-01 00:00:00 to 2022-03-31
    [days_count] => 365
    [user_id] => 5
    [comp_id] => 5
    [license_type] => FL-III
    [allowed_classes] => Array
        (
            [0] => W
            [1] => V
            [2] => M
            [3] => F
            [4] => D
            [5] => K
            [6] => G
            [7] => R
        )

    [end_date_day] => 31
    [closing_column] => DAY_31_CLOSING
    [end_date_month] => 2022-03
    [stock_filter] => > 0
    [daily_stock_table] => tbldailystock_5_03_22
    [table_suffix] => _03_22
    [current_month] => 2026-03
    [has_restrictions] => 
    [available_dates] => Array
        (
            [0] => 2021-04-01
            [1] => 2021-04-02
            [2] => 2021-04-03
            [3] => 2021-04-04
            [4] => 2021-04-05
            [5] => 2021-04-06
            [6] => 2021-04-07
            [7] => 2021-04-08
            [8] => 2021-04-09
            [9] => 2021-04-10
            [10] => 2021-04-11
            [11] => 2021-04-12
            [12] => 2021-04-13
            [13] => 2021-04-14
            [14] => 2021-04-15
            [15] => 2021-04-16
            [16] => 2021-04-17
            [17] => 2021-04-18
            [18] => 2021-04-19
            [19] => 2021-04-20
            [20] => 2021-04-21
            [21] => 2021-04-22
            [22] => 2021-04-23
            [23] => 2021-04-24
            [24] => 2021-04-25
            [25] => 2021-04-26
            [26] => 2021-04-27
            [27] => 2021-04-28
            [28] => 2021-04-29
            [29] => 2021-04-30
            [30] => 2021-05-01
            [31] => 2021-05-02
            [32] => 2021-05-03
            [33] => 2021-05-04
            [34] => 2021-05-05
            [35] => 2021-05-06
            [36] => 2021-05-07
            [37] => 2021-05-08
            [38] => 2021-05-09
            [39] => 2021-05-10
            [40] => 2021-05-11
            [41] => 2021-05-12
            [42] => 2021-05-13
            [43] => 2021-05-14
            [44] => 2021-05-15
            [45] => 2021-05-16
            [46] => 2021-05-17
            [47] => 2021-05-18
            [48] => 2021-05-19
            [49] => 2021-05-20
            [50] => 2021-05-21
            [51] => 2021-05-22
            [52] => 2021-05-23
            [53] => 2021-05-24
            [54] => 2021-05-25
            [55] => 2021-05-26
            [56] => 2021-05-27
            [57] => 2021-05-28
            [58] => 2021-05-29
            [59] => 2021-05-30
            [60] => 2021-05-31
            [61] => 2021-06-01
            [62] => 2021-06-02
            [63] => 2021-06-03
            [64] => 2021-06-04
            [65] => 2021-06-05
            [66] => 2021-06-06
            [67] => 2021-06-07
            [68] => 2021-06-08
            [69] => 2021-06-09
            [70] => 2021-06-10
            [71] => 2021-06-11
            [72] => 2021-06-12
            [73] => 2021-06-13
            [74] => 2021-06-14
            [75] => 2021-06-15
            [76] => 2021-06-16
            [77] => 2021-06-17
            [78] => 2021-06-18
            [79] => 2021-06-19
            [80] => 2021-06-20
            [81] => 2021-06-21
            [82] => 2021-06-22
            [83] => 2021-06-23
            [84] => 2021-06-24
            [85] => 2021-06-25
            [86] => 2021-06-26
            [87] => 2021-06-27
            [88] => 2021-06-28
            [89] => 2021-06-29
            [90] => 2021-06-30
            [91] => 2021-07-01
            [92] => 2021-07-02
            [93] => 2021-07-03
            [94] => 2021-07-04
            [95] => 2021-07-05
            [96] => 2021-07-06
            [97] => 2021-07-07
            [98] => 2021-07-08
            [99] => 2021-07-09
            [100] => 2021-07-10
            [101] => 2021-07-11
            [102] => 2021-07-12
            [103] => 2021-07-13
            [104] => 2021-07-14
            [105] => 2021-07-15
            [106] => 2021-07-16
            [107] => 2021-07-17
            [108] => 2021-07-18
            [109] => 2021-07-19
            [110] => 2021-07-20
            [111] => 2021-07-21
            [112] => 2021-07-22
            [113] => 2021-07-23
            [114] => 2021-07-24
            [115] => 2021-07-25
            [116] => 2021-07-26
            [117] => 2021-07-27
            [118] => 2021-07-28
            [119] => 2021-07-29
            [120] => 2021-07-30
            [121] => 2021-07-31
            [122] => 2021-08-01
            [123] => 2021-08-02
            [124] => 2021-08-03
            [125] => 2021-08-04
            [126] => 2021-08-05
            [127] => 2021-08-06
            [128] => 2021-08-07
            [129] => 2021-08-08
            [130] => 2021-08-09
            [131] => 2021-08-10
            [132] => 2021-08-11
            [133] => 2021-08-12
            [134] => 2021-08-13
            [135] => 2021-08-14
            [136] => 2021-08-15
            [137] => 2021-08-16
            [138] => 2021-08-17
            [139] => 2021-08-18
            [140] => 2021-08-19
            [141] => 2021-08-20
            [142] => 2021-08-21
            [143] => 2021-08-22
            [144] => 2021-08-23
            [145] => 2021-08-24
            [146] => 2021-08-25
            [147] => 2021-08-26
            [148] => 2021-08-27
            [149] => 2021-08-28
            [150] => 2021-08-29
            [151] => 2021-08-30
            [152] => 2021-08-31
            [153] => 2021-09-01
            [154] => 2021-09-02
            [155] => 2021-09-03
            [156] => 2021-09-04
            [157] => 2021-09-05
            [158] => 2021-09-06
            [159] => 2021-09-07
            [160] => 2021-09-08
            [161] => 2021-09-09
            [162] => 2021-09-10
            [163] => 2021-09-11
            [164] => 2021-09-12
            [165] => 2021-09-13
            [166] => 2021-09-14
            [167] => 2021-09-15
            [168] => 2021-09-16
            [169] => 2021-09-17
            [170] => 2021-09-18
            [171] => 2021-09-19
            [172] => 2021-09-20
            [173] => 2021-09-21
            [174] => 2021-09-22
            [175] => 2021-09-23
            [176] => 2021-09-24
            [177] => 2021-09-25
            [178] => 2021-09-26
            [179] => 2021-09-27
            [180] => 2021-09-28
            [181] => 2021-09-29
            [182] => 2021-09-30
            [183] => 2021-10-01
            [184] => 2021-10-02
            [185] => 2021-10-03
            [186] => 2021-10-04
            [187] => 2021-10-05
            [188] => 2021-10-06
            [189] => 2021-10-07
            [190] => 2021-10-08
            [191] => 2021-10-09
            [192] => 2021-10-10
            [193] => 2021-10-11
            [194] => 2021-10-12
            [195] => 2021-10-13
            [196] => 2021-10-14
            [197] => 2021-10-15
            [198] => 2021-10-16
            [199] => 2021-10-17
            [200] => 2021-10-18
            [201] => 2021-10-19
            [202] => 2021-10-20
            [203] => 2021-10-21
            [204] => 2021-10-22
            [205] => 2021-10-23
            [206] => 2021-10-24
            [207] => 2021-10-25
            [208] => 2021-10-26
            [209] => 2021-10-27
            [210] => 2021-10-28
            [211] => 2021-10-29
            [212] => 2021-10-30
            [213] => 2021-10-31
            [214] => 2021-11-01
            [215] => 2021-11-02
            [216] => 2021-11-03
            [217] => 2021-11-04
            [218] => 2021-11-05
            [219] => 2021-11-06
            [220] => 2021-11-07
            [221] => 2021-11-08
            [222] => 2021-11-09
            [223] => 2021-11-10
            [224] => 2021-11-11
            [225] => 2021-11-12
            [226] => 2021-11-13
            [227] => 2021-11-14
            [228] => 2021-11-15
            [229] => 2021-11-16
            [230] => 2021-11-17
            [231] => 2021-11-18
            [232] => 2021-11-19
            [233] => 2021-11-20
            [234] => 2021-11-21
            [235] => 2021-11-22
            [236] => 2021-11-23
            [237] => 2021-11-24
            [238] => 2021-11-25
            [239] => 2021-11-26
            [240] => 2021-11-27
            [241] => 2021-11-28
            [242] => 2021-11-29
            [243] => 2021-11-30
            [244] => 2021-12-01
            [245] => 2021-12-02
            [246] => 2021-12-03
            [247] => 2021-12-04
            [248] => 2021-12-05
            [249] => 2021-12-06
            [250] => 2021-12-07
            [251] => 2021-12-08
            [252] => 2021-12-09
            [253] => 2021-12-10
            [254] => 2021-12-11
            [255] => 2021-12-12
            [256] => 2021-12-13
            [257] => 2021-12-14
            [258] => 2021-12-15
            [259] => 2021-12-16
            [260] => 2021-12-17
            [261] => 2021-12-18
            [262] => 2021-12-19
            [263] => 2021-12-20
            [264] => 2021-12-21
            [265] => 2021-12-22
            [266] => 2021-12-23
            [267] => 2021-12-24
            [268] => 2021-12-25
            [269] => 2021-12-26
            [270] => 2021-12-27
            [271] => 2021-12-28
            [272] => 2021-12-29
            [273] => 2021-12-30
            [274] => 2021-12-31
            [275] => 2022-01-01
            [276] => 2022-01-02
            [277] => 2022-01-03
            [278] => 2022-01-04
            [279] => 2022-01-05
            [280] => 2022-01-06
            [281] => 2022-01-07
            [282] => 2022-01-08
            [283] => 2022-01-09
            [284] => 2022-01-10
            [285] => 2022-01-11
            [286] => 2022-01-12
            [287] => 2022-01-13
            [288] => 2022-01-14
            [289] => 2022-01-15
            [290] => 2022-01-16
            [291] => 2022-01-17
            [292] => 2022-01-18
            [293] => 2022-01-19
            [294] => 2022-01-20
            [295] => 2022-01-21
            [296] => 2022-01-22
            [297] => 2022-01-23
            [298] => 2022-01-24
            [299] => 2022-01-25
            [300] => 2022-01-26
            [301] => 2022-01-27
            [302] => 2022-01-28
            [303] => 2022-01-29
            [304] => 2022-01-30
            [305] => 2022-01-31
            [306] => 2022-02-01
            [307] => 2022-02-02
            [308] => 2022-02-03
            [309] => 2022-02-04
            [310] => 2022-02-05
            [311] => 2022-02-06
            [312] => 2022-02-07
            [313] => 2022-02-08
            [314] => 2022-02-09
            [315] => 2022-02-10
            [316] => 2022-02-11
            [317] => 2022-02-12
            [318] => 2022-02-13
            [319] => 2022-02-14
            [320] => 2022-02-15
            [321] => 2022-02-16
            [322] => 2022-02-17
            [323] => 2022-02-18
            [324] => 2022-02-19
            [325] => 2022-02-20
            [326] => 2022-02-21
            [327] => 2022-02-22
            [328] => 2022-02-23
            [329] => 2022-02-24
            [330] => 2022-02-25
            [331] => 2022-02-26
            [332] => 2022-02-27
            [333] => 2022-02-28
            [334] => 2022-03-01
            [335] => 2022-03-02
            [336] => 2022-03-03
            [337] => 2022-03-04
            [338] => 2022-03-05
            [339] => 2022-03-06
            [340] => 2022-03-07
            [341] => 2022-03-08
            [342] => 2022-03-09
            [343] => 2022-03-10
            [344] => 2022-03-11
            [345] => 2022-03-12
            [346] => 2022-03-13
            [347] => 2022-03-14
            [348] => 2022-03-15
            [349] => 2022-03-16
            [350] => 2022-03-17
            [351] => 2022-03-18
            [352] => 2022-03-19
            [353] => 2022-03-20
            [354] => 2022-03-21
            [355] => 2022-03-22
            [356] => 2022-03-23
            [357] => 2022-03-24
            [358] => 2022-03-25
            [359] => 2022-03-26
            [360] => 2022-03-27
            [361] => 2022-03-28
            [362] => 2022-03-29
            [363] => 2022-03-30
            [364] => 2022-03-31
        )

    [unavailable_dates] => Array
        (
        )

    [dry_dates] => Array
        (
        )

    [latest_global_sale] => 
)

[2026-03-13 07:18:35] [INFO] === PAGE ACCESS ===
[2026-03-13 07:18:35] [INFO] Request method: GET
[2026-03-13 07:18:35] [INFO] Search term: ''
[2026-03-13 07:18:35] [INFO] Current session ID: d6gnn6c4f5rdatjvaqjib6379o
[2026-03-13 07:18:35] [INFO] Final session quantities count: 0
[2026-03-13 07:18:35] [INFO] Items in current view: 0
[2026-03-13 07:18:35] [INFO] Sales Page Load Debug Info:
Array
(
    [total_items] => 0
    [current_page] => 1
    [total_pages] => 0
    [session_quantities_count] => 0
    [post_quantities_count] => 0
    [date_range] => 2026-03-13 to 2026-03-13
    [days_count] => 1
    [user_id] => 5
    [comp_id] => 5
    [license_type] => FL-III
    [allowed_classes] => Array
        (
            [0] => W
            [1] => V
            [2] => M
            [3] => F
            [4] => D
            [5] => K
            [6] => G
            [7] => R
        )

    [end_date_day] => 13
    [closing_column] => DAY_13_CLOSING
    [end_date_month] => 2026-03
    [stock_filter] => > 0
    [daily_stock_table] => tbldailystock_5
    [table_suffix] => 
    [current_month] => 2026-03
    [has_restrictions] => 
    [available_dates] => Array
        (
            [0] => 2026-03-13
        )

    [unavailable_dates] => Array
        (
        )

    [dry_dates] => Array
        (
        )

    [latest_global_sale] => 
)

[2026-03-13 07:18:59] [INFO] === PAGE ACCESS ===
[2026-03-13 07:18:59] [INFO] Request method: GET
[2026-03-13 07:18:59] [INFO] Search term: ''
[2026-03-13 07:18:59] [INFO] Current session ID: d6gnn6c4f5rdatjvaqjib6379o
[2026-03-13 07:18:59] [INFO] Final session quantities count: 0
[2026-03-13 07:18:59] [INFO] Items in current view: 50
[2026-03-13 07:18:59] [INFO] Sales Page Load Debug Info:
Array
(
    [total_items] => 75
    [current_page] => 1
    [total_pages] => 2
    [session_quantities_count] => 0
    [post_quantities_count] => 0
    [date_range] => 2021-04-01 00:00:00 to 2021-04-10
    [days_count] => 10
    [user_id] => 5
    [comp_id] => 5
    [license_type] => FL-III
    [allowed_classes] => Array
        (
            [0] => W
            [1] => V
            [2] => M
            [3] => F
            [4] => D
            [5] => K
            [6] => G
            [7] => R
        )

    [end_date_day] => 10
    [closing_column] => DAY_10_CLOSING
    [end_date_month] => 2021-04
    [stock_filter] => > 0
    [daily_stock_table] => tbldailystock_5_04_21
    [table_suffix] => _04_21
    [current_month] => 2026-03
    [has_restrictions] => 
    [available_dates] => Array
        (
            [0] => 2021-04-01
            [1] => 2021-04-02
            [2] => 2021-04-03
            [3] => 2021-04-04
            [4] => 2021-04-05
            [5] => 2021-04-06
            [6] => 2021-04-07
            [7] => 2021-04-08
            [8] => 2021-04-09
            [9] => 2021-04-10
        )

    [unavailable_dates] => Array
        (
        )

    [dry_dates] => Array
        (
        )

    [latest_global_sale] => 
)

[2026-03-13 07:19:02] [INFO] Session quantity updated: SCMPL0028274 = 0
[2026-03-13 07:19:02] [INFO] Session quantity updated: SCMPL0028274 = 0
[2026-03-13 07:19:03] [INFO] Session quantity updated: SCMPL0028274 = 345
[2026-03-13 07:19:04] [INFO] Session quantity updated: SCMPL0028274 = 345
[2026-03-13 07:19:06] [INFO] Session quantity updated: SCMPL0028274 = 34
[2026-03-13 07:19:06] [INFO] Session quantity updated: SCMPL0028274 = 34
[2026-03-13 07:19:09] [INFO] Session quantity updated: SCMPL0028274 = 34
[2026-03-13 07:21:27] [INFO] === PAGE ACCESS ===
[2026-03-13 07:21:27] [INFO] Request method: GET
[2026-03-13 07:21:27] [INFO] Search term: ''
[2026-03-13 07:21:27] [INFO] Current session ID: d6gnn6c4f5rdatjvaqjib6379o
[2026-03-13 07:21:27] [INFO] Final session quantities count: 1
[2026-03-13 07:21:27] [INFO] Items in current view: 0
[2026-03-13 07:21:27] [INFO] Sales Page Load Debug Info:
Array
(
    [total_items] => 0
    [current_page] => 1
    [total_pages] => 0
    [session_quantities_count] => 1
    [post_quantities_count] => 0
    [date_range] => 2026-03-13 to 2026-03-13
    [days_count] => 1
    [user_id] => 5
    [comp_id] => 5
    [license_type] => FL-III
    [allowed_classes] => Array
        (
            [0] => W
            [1] => V
            [2] => M
            [3] => F
            [4] => D
            [5] => K
            [6] => G
            [7] => R
        )

    [end_date_day] => 13
    [closing_column] => DAY_13_CLOSING
    [end_date_month] => 2026-03
    [stock_filter] => > 0
    [daily_stock_table] => tbldailystock_5
    [table_suffix] => 
    [current_month] => 2026-03
    [has_restrictions] => 
    [available_dates] => Array
        (
            [0] => 2026-03-13
        )

    [unavailable_dates] => Array
        (
        )

    [dry_dates] => Array
        (
        )

    [latest_global_sale] => 
)

[2026-03-13 07:21:46] [INFO] === PAGE ACCESS ===
[2026-03-13 07:21:46] [INFO] Request method: GET
[2026-03-13 07:21:46] [INFO] Search term: ''
[2026-03-13 07:21:46] [INFO] Current session ID: d6gnn6c4f5rdatjvaqjib6379o
[2026-03-13 07:21:46] [INFO] Final session quantities count: 1
[2026-03-13 07:21:46] [INFO] Items in current view: 0
[2026-03-13 07:21:46] [INFO] Sales Page Load Debug Info:
Array
(
    [total_items] => 0
    [current_page] => 1
    [total_pages] => 0
    [session_quantities_count] => 1
    [post_quantities_count] => 0
    [date_range] => 2026-03-13 to 2026-03-13
    [days_count] => 1
    [user_id] => 5
    [comp_id] => 5
    [license_type] => FL-III
    [allowed_classes] => Array
        (
            [0] => W
            [1] => V
            [2] => M
            [3] => F
            [4] => D
            [5] => K
            [6] => G
            [7] => R
        )

    [end_date_day] => 13
    [closing_column] => DAY_13_CLOSING
    [end_date_month] => 2026-03
    [stock_filter] => > 0
    [daily_stock_table] => tbldailystock_5
    [table_suffix] => 
    [current_month] => 2026-03
    [has_restrictions] => 
    [available_dates] => Array
        (
            [0] => 2026-03-13
        )

    [unavailable_dates] => Array
        (
        )

    [dry_dates] => Array
        (
        )

    [latest_global_sale] => 
)

[2026-03-13 07:21:50] [INFO] === PAGE ACCESS ===
[2026-03-13 07:21:50] [INFO] Request method: GET
[2026-03-13 07:21:50] [INFO] Search term: ''
[2026-03-13 07:21:50] [INFO] Current session ID: d6gnn6c4f5rdatjvaqjib6379o
[2026-03-13 07:21:50] [INFO] Final session quantities count: 1
[2026-03-13 07:21:50] [INFO] Items in current view: 0
[2026-03-13 07:21:50] [INFO] Sales Page Load Debug Info:
Array
(
    [total_items] => 0
    [current_page] => 1
    [total_pages] => 0
    [session_quantities_count] => 1
    [post_quantities_count] => 0
    [date_range] => 2026-03-13 to 2026-03-13
    [days_count] => 1
    [user_id] => 5
    [comp_id] => 5
    [license_type] => FL-III
    [allowed_classes] => Array
        (
            [0] => W
            [1] => V
            [2] => M
            [3] => F
            [4] => D
            [5] => K
            [6] => G
            [7] => R
        )

    [end_date_day] => 13
    [closing_column] => DAY_13_CLOSING
    [end_date_month] => 2026-03
    [stock_filter] => > 0
    [daily_stock_table] => tbldailystock_5
    [table_suffix] => 
    [current_month] => 2026-03
    [has_restrictions] => 
    [available_dates] => Array
        (
            [0] => 2026-03-13
        )

    [unavailable_dates] => Array
        (
        )

    [dry_dates] => Array
        (
        )

    [latest_global_sale] => 
)

[2026-03-13 07:22:16] [INFO] === PAGE ACCESS ===
[2026-03-13 07:22:16] [INFO] Request method: GET
[2026-03-13 07:22:16] [INFO] Search term: ''
[2026-03-13 07:22:16] [INFO] Current session ID: d6gnn6c4f5rdatjvaqjib6379o
[2026-03-13 07:22:16] [INFO] Final session quantities count: 1
[2026-03-13 07:22:16] [INFO] Items in current view: 50
[2026-03-13 07:22:16] [INFO] Sales Page Load Debug Info:
Array
(
    [total_items] => 75
    [current_page] => 1
    [total_pages] => 2
    [session_quantities_count] => 1
    [post_quantities_count] => 0
    [date_range] => 2021-04-01 00:00:00 to 2021-04-10
    [days_count] => 10
    [user_id] => 5
    [comp_id] => 5
    [license_type] => FL-III
    [allowed_classes] => Array
        (
            [0] => W
            [1] => V
            [2] => M
            [3] => F
            [4] => D
            [5] => K
            [6] => G
            [7] => R
        )

    [end_date_day] => 10
    [closing_column] => DAY_10_CLOSING
    [end_date_month] => 2021-04
    [stock_filter] => > 0
    [daily_stock_table] => tbldailystock_5_04_21
    [table_suffix] => _04_21
    [current_month] => 2026-03
    [has_restrictions] => 
    [available_dates] => Array
        (
            [0] => 2021-04-01
            [1] => 2021-04-02
            [2] => 2021-04-03
            [3] => 2021-04-04
            [4] => 2021-04-05
            [5] => 2021-04-06
            [6] => 2021-04-07
            [7] => 2021-04-08
            [8] => 2021-04-09
            [9] => 2021-04-10
        )

    [unavailable_dates] => Array
        (
        )

    [dry_dates] => Array
        (
        )

    [latest_global_sale] => 
)

[2026-03-13 07:22:56] [INFO] === PAGE ACCESS ===
[2026-03-13 07:22:56] [INFO] Request method: GET
[2026-03-13 07:22:56] [INFO] Search term: ''
[2026-03-13 07:22:56] [INFO] Current session ID: d6gnn6c4f5rdatjvaqjib6379o
[2026-03-13 07:22:56] [INFO] Final session quantities count: 1
[2026-03-13 07:22:56] [INFO] Items in current view: 50
[2026-03-13 07:22:56] [INFO] Sales Page Load Debug Info:
Array
(
    [total_items] => 72
    [current_page] => 1
    [total_pages] => 2
    [session_quantities_count] => 1
    [post_quantities_count] => 0
    [date_range] => 2021-04-01 00:00:00 to 2021-04-07
    [days_count] => 7
    [user_id] => 5
    [comp_id] => 5
    [license_type] => FL-III
    [allowed_classes] => Array
        (
            [0] => W
            [1] => V
            [2] => M
            [3] => F
            [4] => D
            [5] => K
            [6] => G
            [7] => R
        )

    [end_date_day] => 07
    [closing_column] => DAY_07_CLOSING
    [end_date_month] => 2021-04
    [stock_filter] => > 0
    [daily_stock_table] => tbldailystock_5_04_21
    [table_suffix] => _04_21
    [current_month] => 2026-03
    [has_restrictions] => 
    [available_dates] => Array
        (
            [0] => 2021-04-01
            [1] => 2021-04-02
            [2] => 2021-04-03
            [3] => 2021-04-04
            [4] => 2021-04-05
            [5] => 2021-04-06
            [6] => 2021-04-07
        )

    [unavailable_dates] => Array
        (
        )

    [dry_dates] => Array
        (
        )

    [latest_global_sale] => 
)

[2026-03-13 07:23:07] [INFO] === PAGE ACCESS ===
[2026-03-13 07:23:07] [INFO] Request method: GET
[2026-03-13 07:23:07] [INFO] Search term: ''
[2026-03-13 07:23:07] [INFO] Current session ID: d6gnn6c4f5rdatjvaqjib6379o
[2026-03-13 07:23:07] [INFO] Final session quantities count: 1
[2026-03-13 07:23:07] [INFO] Items in current view: 50
[2026-03-13 07:23:07] [INFO] Sales Page Load Debug Info:
Array
(
    [total_items] => 72
    [current_page] => 1
    [total_pages] => 2
    [session_quantities_count] => 1
    [post_quantities_count] => 0
    [date_range] => 2021-04-01 00:00:00 to 2021-04-07
    [days_count] => 7
    [user_id] => 5
    [comp_id] => 5
    [license_type] => FL-III
    [allowed_classes] => Array
        (
            [0] => W
            [1] => V
            [2] => M
            [3] => F
            [4] => D
            [5] => K
            [6] => G
            [7] => R
        )

    [end_date_day] => 07
    [closing_column] => DAY_07_CLOSING
    [end_date_month] => 2021-04
    [stock_filter] => > 0
    [daily_stock_table] => tbldailystock_5_04_21
    [table_suffix] => _04_21
    [current_month] => 2026-03
    [has_restrictions] => 
    [available_dates] => Array
        (
            [0] => 2021-04-01
            [1] => 2021-04-02
            [2] => 2021-04-03
            [3] => 2021-04-04
            [4] => 2021-04-05
            [5] => 2021-04-06
            [6] => 2021-04-07
        )

    [unavailable_dates] => Array
        (
        )

    [dry_dates] => Array
        (
        )

    [latest_global_sale] => 
)

[2026-03-13 07:23:23] [INFO] Date range: 2021-04-01 00:00:00 to 2021-04-07, Total days: 7, Dry days: 0, Available days: 7
[2026-03-13 07:23:23] [INFO] === PAGE ACCESS ===
[2026-03-13 07:23:23] [INFO] Request method: GET
[2026-03-13 07:23:23] [INFO] Search term: ''
[2026-03-13 07:23:23] [INFO] Current session ID: d6gnn6c4f5rdatjvaqjib6379o
[2026-03-13 07:23:23] [INFO] GLOBAL CHECK: Latest existing sale: 2021-04-07
[2026-03-13 07:23:23] [INFO] Available dates: 
[2026-03-13 07:23:23] [INFO] Unavailable dates (has existing sales): 2021-04-01, 2021-04-02, 2021-04-03, 2021-04-04, 2021-04-05, 2021-04-06, 2021-04-07
[2026-03-13 07:23:23] [INFO] Final session quantities count: 0
[2026-03-13 07:23:23] [INFO] Items in current view: 50
[2026-03-13 07:23:23] [INFO] Sales Page Load Debug Info:
Array
(
    [total_items] => 72
    [current_page] => 1
    [total_pages] => 2
    [session_quantities_count] => 0
    [post_quantities_count] => 0
    [date_range] => 2021-04-01 00:00:00 to 2021-04-07
    [days_count] => 7
    [user_id] => 5
    [comp_id] => 5
    [license_type] => FL-III
    [allowed_classes] => Array
        (
            [0] => W
            [1] => V
            [2] => M
            [3] => F
            [4] => D
            [5] => K
            [6] => G
            [7] => R
        )

    [end_date_day] => 07
    [closing_column] => DAY_07_CLOSING
    [end_date_month] => 2021-04
    [stock_filter] => > 0
    [daily_stock_table] => tbldailystock_5_04_21
    [table_suffix] => _04_21
    [current_month] => 2026-03
    [has_restrictions] => 1
    [available_dates] => Array
        (
        )

    [unavailable_dates] => Array
        (
            [0] => 2021-04-01
            [1] => 2021-04-02
            [2] => 2021-04-03
            [3] => 2021-04-04
            [4] => 2021-04-05
            [5] => 2021-04-06
            [6] => 2021-04-07
        )

    [dry_dates] => Array
        (
        )

    [latest_global_sale] => 2021-04-07
)

[2026-03-13 07:23:26] [INFO] === PAGE ACCESS ===
[2026-03-13 07:23:26] [INFO] Request method: GET
[2026-03-13 07:23:26] [INFO] Search term: ''
[2026-03-13 07:23:26] [INFO] Current session ID: d6gnn6c4f5rdatjvaqjib6379o
[2026-03-13 07:23:26] [INFO] GLOBAL CHECK: Latest existing sale: 2021-04-07
[2026-03-13 07:23:26] [INFO] Available dates: 2021-04-08, 2021-04-09, 2021-04-10
[2026-03-13 07:23:26] [INFO] Unavailable dates (has existing sales): 2021-04-01, 2021-04-02, 2021-04-03, 2021-04-04, 2021-04-05, 2021-04-06, 2021-04-07
[2026-03-13 07:23:26] [INFO] Final session quantities count: 0
[2026-03-13 07:23:26] [INFO] Items in current view: 50
[2026-03-13 07:23:26] [INFO] Sales Page Load Debug Info:
Array
(
    [total_items] => 75
    [current_page] => 1
    [total_pages] => 2
    [session_quantities_count] => 0
    [post_quantities_count] => 0
    [date_range] => 2021-04-01 00:00:00 to 2021-04-10
    [days_count] => 10
    [user_id] => 5
    [comp_id] => 5
    [license_type] => FL-III
    [allowed_classes] => Array
        (
            [0] => W
            [1] => V
            [2] => M
            [3] => F
            [4] => D
            [5] => K
            [6] => G
            [7] => R
        )

    [end_date_day] => 10
    [closing_column] => DAY_10_CLOSING
    [end_date_month] => 2021-04
    [stock_filter] => > 0
    [daily_stock_table] => tbldailystock_5_04_21
    [table_suffix] => _04_21
    [current_month] => 2026-03
    [has_restrictions] => 1
    [available_dates] => Array
        (
            [0] => 2021-04-08
            [1] => 2021-04-09
            [2] => 2021-04-10
        )

    [unavailable_dates] => Array
        (
            [0] => 2021-04-01
            [1] => 2021-04-02
            [2] => 2021-04-03
            [3] => 2021-04-04
            [4] => 2021-04-05
            [5] => 2021-04-06
            [6] => 2021-04-07
        )

    [dry_dates] => Array
        (
        )

    [latest_global_sale] => 2021-04-07
)

[2026-03-13 07:25:50] [INFO] === PAGE ACCESS ===
[2026-03-13 07:25:50] [INFO] Request method: GET
[2026-03-13 07:25:50] [INFO] Search term: ''
[2026-03-13 07:25:50] [INFO] Current session ID: d6gnn6c4f5rdatjvaqjib6379o
[2026-03-13 07:25:51] [INFO] Final session quantities count: 0
[2026-03-13 07:25:51] [INFO] Items in current view: 0
[2026-03-13 07:25:51] [INFO] Sales Page Load Debug Info:
Array
(
    [total_items] => 0
    [current_page] => 1
    [total_pages] => 0
    [session_quantities_count] => 0
    [post_quantities_count] => 0
    [date_range] => 2026-03-13 to 2026-03-13
    [days_count] => 1
    [user_id] => 5
    [comp_id] => 5
    [license_type] => FL-III
    [allowed_classes] => Array
        (
            [0] => W
            [1] => V
            [2] => M
            [3] => F
            [4] => D
            [5] => K
            [6] => G
            [7] => R
        )

    [end_date_day] => 13
    [closing_column] => DAY_13_CLOSING
    [end_date_month] => 2026-03
    [stock_filter] => > 0
    [daily_stock_table] => tbldailystock_5
    [table_suffix] => 
    [current_month] => 2026-03
    [has_restrictions] => 
    [available_dates] => Array
        (
            [0] => 2026-03-13
        )

    [unavailable_dates] => Array
        (
        )

    [dry_dates] => Array
        (
        )

    [latest_global_sale] => 
)

[2026-03-13 07:26:20] [INFO] === PAGE ACCESS ===
[2026-03-13 07:26:20] [INFO] Request method: GET
[2026-03-13 07:26:20] [INFO] Search term: ''
[2026-03-13 07:26:20] [INFO] Current session ID: d6gnn6c4f5rdatjvaqjib6379o
[2026-03-13 07:26:20] [INFO] Final session quantities count: 0
[2026-03-13 07:26:20] [INFO] Items in current view: 50
[2026-03-13 07:26:20] [INFO] Sales Page Load Debug Info:
Array
(
    [total_items] => 72
    [current_page] => 1
    [total_pages] => 2
    [session_quantities_count] => 0
    [post_quantities_count] => 0
    [date_range] => 2021-04-01 00:00:00 to 2021-04-05
    [days_count] => 5
    [user_id] => 5
    [comp_id] => 5
    [license_type] => FL-III
    [allowed_classes] => Array
        (
            [0] => W
            [1] => V
            [2] => M
            [3] => F
            [4] => D
            [5] => K
            [6] => G
            [7] => R
        )

    [end_date_day] => 05
    [closing_column] => DAY_05_CLOSING
    [end_date_month] => 2021-04
    [stock_filter] => > 0
    [daily_stock_table] => tbldailystock_5_04_21
    [table_suffix] => _04_21
    [current_month] => 2026-03
    [has_restrictions] => 
    [available_dates] => Array
        (
            [0] => 2021-04-01
            [1] => 2021-04-02
            [2] => 2021-04-03
            [3] => 2021-04-04
            [4] => 2021-04-05
        )

    [unavailable_dates] => Array
        (
        )

    [dry_dates] => Array
        (
        )

    [latest_global_sale] => 
)

[2026-03-13 07:26:23] [INFO] Session quantity updated: SCMPL0028274 = 0
[2026-03-13 07:26:23] [INFO] Session quantity updated: SCMPL0028274 = 0
[2026-03-13 07:26:26] [INFO] Session quantity updated: SCMPL0028274 = 3
[2026-03-13 07:26:27] [INFO] Session quantity updated: SCMPL0028274 = 38
[2026-03-13 07:26:27] [INFO] Session quantity updated: SCMPL0028274 = 38
[2026-03-13 07:26:45] [INFO] Session quantity updated: SCMPL0028274 = 38
[2026-03-13 07:26:47] [INFO] Date range: 2021-04-01 00:00:00 to 2021-04-05, Total days: 5, Dry days: 0, Available days: 5
[2026-03-13 07:26:47] [INFO] === PAGE ACCESS ===
[2026-03-13 07:26:47] [INFO] Request method: GET
[2026-03-13 07:26:47] [INFO] Search term: ''
[2026-03-13 07:26:47] [INFO] Current session ID: d6gnn6c4f5rdatjvaqjib6379o
[2026-03-13 07:26:47] [INFO] GLOBAL CHECK: Latest existing sale: 2021-04-05
[2026-03-13 07:26:47] [INFO] Available dates: 
[2026-03-13 07:26:47] [INFO] Unavailable dates (has existing sales): 2021-04-01, 2021-04-02, 2021-04-03, 2021-04-04, 2021-04-05
[2026-03-13 07:26:47] [INFO] Final session quantities count: 0
[2026-03-13 07:26:47] [INFO] Items in current view: 50
[2026-03-13 07:26:47] [INFO] Sales Page Load Debug Info:
Array
(
    [total_items] => 72
    [current_page] => 1
    [total_pages] => 2
    [session_quantities_count] => 0
    [post_quantities_count] => 0
    [date_range] => 2021-04-01 00:00:00 to 2021-04-05
    [days_count] => 5
    [user_id] => 5
    [comp_id] => 5
    [license_type] => FL-III
    [allowed_classes] => Array
        (
            [0] => W
            [1] => V
            [2] => M
            [3] => F
            [4] => D
            [5] => K
            [6] => G
            [7] => R
        )

    [end_date_day] => 05
    [closing_column] => DAY_05_CLOSING
    [end_date_month] => 2021-04
    [stock_filter] => > 0
    [daily_stock_table] => tbldailystock_5_04_21
    [table_suffix] => _04_21
    [current_month] => 2026-03
    [has_restrictions] => 1
    [available_dates] => Array
        (
        )

    [unavailable_dates] => Array
        (
            [0] => 2021-04-01
            [1] => 2021-04-02
            [2] => 2021-04-03
            [3] => 2021-04-04
            [4] => 2021-04-05
        )

    [dry_dates] => Array
        (
        )

    [latest_global_sale] => 2021-04-05
)

[2026-03-13 07:26:50] [INFO] === PAGE ACCESS ===
[2026-03-13 07:26:50] [INFO] Request method: GET
[2026-03-13 07:26:50] [INFO] Search term: ''
[2026-03-13 07:26:50] [INFO] Current session ID: d6gnn6c4f5rdatjvaqjib6379o
[2026-03-13 07:26:50] [INFO] Final session quantities count: 0
[2026-03-13 07:26:50] [INFO] Items in current view: 0
[2026-03-13 07:26:50] [INFO] Sales Page Load Debug Info:
Array
(
    [total_items] => 0
    [current_page] => 1
    [total_pages] => 0
    [session_quantities_count] => 0
    [post_quantities_count] => 0
    [date_range] => 2026-03-13 to 2026-03-13
    [days_count] => 1
    [user_id] => 5
    [comp_id] => 5
    [license_type] => FL-III
    [allowed_classes] => Array
        (
            [0] => W
            [1] => V
            [2] => M
            [3] => F
            [4] => D
            [5] => K
            [6] => G
            [7] => R
        )

    [end_date_day] => 13
    [closing_column] => DAY_13_CLOSING
    [end_date_month] => 2026-03
    [stock_filter] => > 0
    [daily_stock_table] => tbldailystock_5
    [table_suffix] => 
    [current_month] => 2026-03
    [has_restrictions] => 
    [available_dates] => Array
        (
            [0] => 2026-03-13
        )

    [unavailable_dates] => Array
        (
        )

    [dry_dates] => Array
        (
        )

    [latest_global_sale] => 
)

[2026-03-13 07:27:16] [INFO] === PAGE ACCESS ===
[2026-03-13 07:27:16] [INFO] Request method: GET
[2026-03-13 07:27:16] [INFO] Search term: ''
[2026-03-13 07:27:16] [INFO] Current session ID: d6gnn6c4f5rdatjvaqjib6379o
[2026-03-13 07:27:17] [INFO] Final session quantities count: 0
[2026-03-13 07:27:17] [INFO] Items in current view: 0
[2026-03-13 07:27:17] [INFO] Sales Page Load Debug Info:
Array
(
    [total_items] => 0
    [current_page] => 1
    [total_pages] => 0
    [session_quantities_count] => 0
    [post_quantities_count] => 0
    [date_range] => 2026-03-13 to 2026-03-13
    [days_count] => 1
    [user_id] => 5
    [comp_id] => 5
    [license_type] => FL-III
    [allowed_classes] => Array
        (
            [0] => W
            [1] => V
            [2] => M
            [3] => F
            [4] => D
            [5] => K
            [6] => G
            [7] => R
        )

    [end_date_day] => 13
    [closing_column] => DAY_13_CLOSING
    [end_date_month] => 2026-03
    [stock_filter] => > 0
    [daily_stock_table] => tbldailystock_5
    [table_suffix] => 
    [current_month] => 2026-03
    [has_restrictions] => 
    [available_dates] => Array
        (
            [0] => 2026-03-13
        )

    [unavailable_dates] => Array
        (
        )

    [dry_dates] => Array
        (
        )

    [latest_global_sale] => 
)

[2026-03-13 07:33:45] [INFO] === PAGE ACCESS ===
[2026-03-13 07:33:45] [INFO] Request method: GET
[2026-03-13 07:33:45] [INFO] Search term: ''
[2026-03-13 07:33:45] [INFO] Current session ID: d6gnn6c4f5rdatjvaqjib6379o
[2026-03-13 07:33:45] [INFO] Final session quantities count: 0
[2026-03-13 07:33:45] [INFO] Items in current view: 0
[2026-03-13 07:33:45] [INFO] Sales Page Load Debug Info:
Array
(
    [total_items] => 0
    [current_page] => 1
    [total_pages] => 0
    [session_quantities_count] => 0
    [post_quantities_count] => 0
    [date_range] => 2026-03-13 to 2026-03-13
    [days_count] => 1
    [user_id] => 5
    [comp_id] => 5
    [license_type] => FL-III
    [allowed_classes] => Array
        (
            [0] => W
            [1] => V
            [2] => M
            [3] => F
            [4] => D
            [5] => K
            [6] => G
            [7] => R
        )

    [end_date_day] => 13
    [closing_column] => DAY_13_CLOSING
    [end_date_month] => 2026-03
    [stock_filter] => > 0
    [daily_stock_table] => tbldailystock_5
    [table_suffix] => 
    [current_month] => 2026-03
    [has_restrictions] => 
    [available_dates] => Array
        (
            [0] => 2026-03-13
        )

    [unavailable_dates] => Array
        (
        )

    [dry_dates] => Array
        (
        )

    [latest_global_sale] => 
)

[2026-03-13 07:34:07] [INFO] === PAGE ACCESS ===
[2026-03-13 07:34:07] [INFO] Request method: GET
[2026-03-13 07:34:07] [INFO] Search term: ''
[2026-03-13 07:34:07] [INFO] Current session ID: d6gnn6c4f5rdatjvaqjib6379o
[2026-03-13 07:34:08] [INFO] Final session quantities count: 0
[2026-03-13 07:34:08] [INFO] Items in current view: 50
[2026-03-13 07:34:08] [INFO] Sales Page Load Debug Info:
Array
(
    [total_items] => 75
    [current_page] => 1
    [total_pages] => 2
    [session_quantities_count] => 0
    [post_quantities_count] => 0
    [date_range] => 2021-04-01 00:00:00 to 2021-04-10
    [days_count] => 10
    [user_id] => 5
    [comp_id] => 5
    [license_type] => FL-III
    [allowed_classes] => Array
        (
            [0] => W
            [1] => V
            [2] => M
            [3] => F
            [4] => D
            [5] => K
            [6] => G
            [7] => R
        )

    [end_date_day] => 10
    [closing_column] => DAY_10_CLOSING
    [end_date_month] => 2021-04
    [stock_filter] => > 0
    [daily_stock_table] => tbldailystock_5_04_21
    [table_suffix] => _04_21
    [current_month] => 2026-03
    [has_restrictions] => 
    [available_dates] => Array
        (
            [0] => 2021-04-01
            [1] => 2021-04-02
            [2] => 2021-04-03
            [3] => 2021-04-04
            [4] => 2021-04-05
            [5] => 2021-04-06
            [6] => 2021-04-07
            [7] => 2021-04-08
            [8] => 2021-04-09
            [9] => 2021-04-10
        )

    [unavailable_dates] => Array
        (
        )

    [dry_dates] => Array
        (
        )

    [latest_global_sale] => 
)

[2026-03-13 07:34:12] [INFO] Session quantity updated: SCMPL0028274 = 1
[2026-03-13 07:34:12] [INFO] Session quantity updated: SCMPL0028274 = 1
[2026-03-13 07:34:13] [INFO] Session quantity updated: SCMPL0028274 = 0
[2026-03-13 07:34:13] [INFO] Session quantity updated: SCMPL0028274 = 0
[2026-03-13 07:34:14] [INFO] Session quantity updated: SCMPL0028274 = 0
[2026-03-13 07:34:15] [INFO] Session quantity updated: SCMPL0028274 = 343
[2026-03-13 07:34:15] [INFO] Session quantity updated: SCMPL0028274 = 343
[2026-03-13 07:34:17] [INFO] Session quantity updated: SCMPL0028274 = 34
[2026-03-13 07:34:17] [INFO] Session quantity updated: SCMPL0028274 = 34
[2026-03-13 07:34:22] [INFO] Session quantity updated: SCMPL0028274 = 33
[2026-03-13 07:34:22] [INFO] Session quantity updated: SCMPL0028274 = 33
[2026-03-13 07:34:24] [INFO] Session quantity updated: SCMPL0028274 = 3
[2026-03-13 07:34:24] [INFO] Session quantity updated: SCMPL0028274 = 35
[2026-03-13 07:34:24] [INFO] Session quantity updated: SCMPL0028274 = 35
[2026-03-13 07:34:25] [INFO] Session quantity updated: SCMPL0028274 = 3
[2026-03-13 07:34:25] [INFO] Session quantity updated: SCMPL0028274 = 37
[2026-03-13 07:34:26] [INFO] Session quantity updated: SCMPL0028274 = 37
[2026-03-13 07:34:27] [INFO] Session quantity updated: SCMPL0028274 = 3
[2026-03-13 07:34:28] [INFO] Session quantity updated: SCMPL0028274 = 3
[2026-03-13 07:34:29] [INFO] Session quantity updated: SCMPL0028274 = 0
[2026-03-13 07:34:29] [INFO] Session quantity updated: SCMPL0028274 = 3
[2026-03-13 07:34:30] [INFO] Session quantity updated: SCMPL0028274 = 1064
[2026-03-13 07:34:30] [INFO] Session quantity updated: SCMPL0028274 = 1064
[2026-03-13 07:34:31] [INFO] Session quantity updated: SCMPL0028274 = 1
[2026-03-13 07:34:31] [INFO] Session quantity updated: SCMPL0028274 = 1
[2026-03-13 07:34:31] [INFO] Session quantity updated: SCMPL0028274 = 134
[2026-03-13 07:34:32] [INFO] Session quantity updated: SCMPL0028274 = 134
[2026-03-13 07:34:34] [INFO] Session quantity updated: SCMPL0028274 = 134
[2026-03-13 07:34:46] [INFO] Session quantity updated: SCMPL0028274 = 1064
[2026-03-13 07:34:46] [INFO] Session quantity updated: SCMPL0028274 = 1064
[2026-03-13 07:34:48] [INFO] Session quantity updated: SCMPL0028274 = 106
[2026-03-13 07:34:48] [INFO] Session quantity updated: SCMPL0028274 = 1
[2026-03-13 07:34:49] [INFO] Session quantity updated: SCMPL0028274 = 1
[2026-03-13 07:34:49] [INFO] Session quantity updated: SCMPL0028274 = 13
[2026-03-13 07:34:49] [INFO] Session quantity updated: SCMPL0028274 = 13
[2026-03-13 07:34:53] [INFO] Session quantity updated: SCMPL0028274 = 1
[2026-03-13 07:34:54] [INFO] Session quantity updated: SCMPL0028274 = 1
[2026-03-13 07:34:54] [INFO] Session quantity updated: SCMPL0028274 = 0
[2026-03-13 07:34:55] [INFO] Session quantity updated: SCMPL0028274 = 0
[2026-03-13 07:34:56] [INFO] Session quantity updated: SCMPL0028274 = 4
[2026-03-13 07:34:56] [INFO] Session quantity updated: SCMPL0028274 = 4
[2026-03-13 07:34:57] [INFO] Session quantity updated: SCMPL0028274 = 48
[2026-03-13 07:34:57] [INFO] Session quantity updated: SCMPL0028274 = 48
[2026-03-13 07:35:01] [INFO] Session quantity updated: SCMPL0028274 = 48
[2026-03-13 07:35:29] [INFO] Session quantity updated: SCMPL0028274 = 0
[2026-03-13 07:35:29] [INFO] Session quantity updated: SCMPL0028274 = 0
[2026-03-13 07:35:30] [INFO] Session quantity updated: SCMPL0028274 = 0
[2026-03-13 07:36:34] [INFO] Session quantity updated: SCMPL0009775 = 0
[2026-03-13 07:36:35] [INFO] Session quantity updated: SCMPL0009775 = 0
[2026-03-13 07:36:35] [INFO] Session quantity updated: SCMPL0009775 = 3
[2026-03-13 07:36:36] [INFO] Session quantity updated: SCMPL0009775 = 300
[2026-03-13 07:36:36] [INFO] Session quantity updated: SCMPL0009775 = 300
[2026-03-13 07:37:23] [INFO] Session quantity updated: SCMPL0009775 = 300
[2026-03-13 07:38:02] [INFO] === PAGE ACCESS ===
[2026-03-13 07:38:02] [INFO] Request method: GET
[2026-03-13 07:38:02] [INFO] Search term: ''
[2026-03-13 07:38:02] [INFO] Current session ID: d6gnn6c4f5rdatjvaqjib6379o
[2026-03-13 07:38:02] [INFO] Final session quantities count: 2
[2026-03-13 07:38:02] [INFO] Items in current view: 0
[2026-03-13 07:38:02] [INFO] Sales Page Load Debug Info:
Array
(
    [total_items] => 0
    [current_page] => 1
    [total_pages] => 0
    [session_quantities_count] => 2
    [post_quantities_count] => 0
    [date_range] => 2026-03-13 to 2026-03-13
    [days_count] => 1
    [user_id] => 5
    [comp_id] => 5
    [license_type] => FL-III
    [allowed_classes] => Array
        (
            [0] => W
            [1] => V
            [2] => M
            [3] => F
            [4] => D
            [5] => K
            [6] => G
            [7] => R
        )

    [end_date_day] => 13
    [closing_column] => DAY_13_CLOSING
    [end_date_month] => 2026-03
    [stock_filter] => > 0
    [daily_stock_table] => tbldailystock_5
    [table_suffix] => 
    [current_month] => 2026-03
    [has_restrictions] => 
    [available_dates] => Array
        (
            [0] => 2026-03-13
        )

    [unavailable_dates] => Array
        (
        )

    [dry_dates] => Array
        (
        )

    [latest_global_sale] => 
)

[2026-03-13 07:38:43] [INFO] === PAGE ACCESS ===
[2026-03-13 07:38:43] [INFO] Request method: GET
[2026-03-13 07:38:43] [INFO] Search term: ''
[2026-03-13 07:38:43] [INFO] Current session ID: d6gnn6c4f5rdatjvaqjib6379o
[2026-03-13 07:38:43] [INFO] Final session quantities count: 2
[2026-03-13 07:38:43] [INFO] Items in current view: 50
[2026-03-13 07:38:43] [INFO] Sales Page Load Debug Info:
Array
(
    [total_items] => 75
    [current_page] => 1
    [total_pages] => 2
    [session_quantities_count] => 2
    [post_quantities_count] => 0
    [date_range] => 2021-04-01 00:00:00 to 2021-04-10
    [days_count] => 10
    [user_id] => 5
    [comp_id] => 5
    [license_type] => FL-III
    [allowed_classes] => Array
        (
            [0] => W
            [1] => V
            [2] => M
            [3] => F
            [4] => D
            [5] => K
            [6] => G
            [7] => R
        )

    [end_date_day] => 10
    [closing_column] => DAY_10_CLOSING
    [end_date_month] => 2021-04
    [stock_filter] => > 0
    [daily_stock_table] => tbldailystock_5_04_21
    [table_suffix] => _04_21
    [current_month] => 2026-03
    [has_restrictions] => 
    [available_dates] => Array
        (
            [0] => 2021-04-01
            [1] => 2021-04-02
            [2] => 2021-04-03
            [3] => 2021-04-04
            [4] => 2021-04-05
            [5] => 2021-04-06
            [6] => 2021-04-07
            [7] => 2021-04-08
            [8] => 2021-04-09
            [9] => 2021-04-10
        )

    [unavailable_dates] => Array
        (
        )

    [dry_dates] => Array
        (
        )

    [latest_global_sale] => 
)

[2026-03-13 07:38:47] [INFO] Session quantity updated: SCMBR0021532 = 0
[2026-03-13 07:38:47] [INFO] Session quantity updated: SCMBR0021532 = 0
[2026-03-13 07:38:48] [INFO] Session quantity updated: SCMBR0021532 = 2
[2026-03-13 07:38:48] [INFO] Session quantity updated: SCMBR0021532 = 200
[2026-03-13 07:38:48] [INFO] Session quantity updated: SCMBR0021532 = 200
[2026-03-13 07:38:50] [INFO] Session quantity updated: SCMBR0021532 = 200
[2026-03-13 07:43:15] [INFO] Date range: 2021-04-01 00:00:00 to 2021-04-10, Total days: 10, Dry days: 0, Available days: 10
[2026-03-13 07:43:15] [INFO] === PAGE ACCESS ===
[2026-03-13 07:43:15] [INFO] Request method: GET
[2026-03-13 07:43:15] [INFO] Search term: ''
[2026-03-13 07:43:15] [INFO] Current session ID: d6gnn6c4f5rdatjvaqjib6379o
[2026-03-13 07:43:16] [INFO] GLOBAL CHECK: Latest existing sale: 2021-04-10
[2026-03-13 07:43:16] [INFO] Available dates: 
[2026-03-13 07:43:16] [INFO] Unavailable dates (has existing sales): 2021-04-01, 2021-04-02, 2021-04-03, 2021-04-04, 2021-04-05, 2021-04-06, 2021-04-07, 2021-04-08, 2021-04-09, 2021-04-10
[2026-03-13 07:43:16] [INFO] Final session quantities count: 0
[2026-03-13 07:43:16] [INFO] Items in current view: 50
[2026-03-13 07:43:16] [INFO] Sales Page Load Debug Info:
Array
(
    [total_items] => 75
    [current_page] => 1
    [total_pages] => 2
    [session_quantities_count] => 0
    [post_quantities_count] => 0
    [date_range] => 2021-04-01 00:00:00 to 2021-04-10
    [days_count] => 10
    [user_id] => 5
    [comp_id] => 5
    [license_type] => FL-III
    [allowed_classes] => Array
        (
            [0] => W
            [1] => V
            [2] => M
            [3] => F
            [4] => D
            [5] => K
            [6] => G
            [7] => R
        )

    [end_date_day] => 10
    [closing_column] => DAY_10_CLOSING
    [end_date_month] => 2021-04
    [stock_filter] => > 0
    [daily_stock_table] => tbldailystock_5_04_21
    [table_suffix] => _04_21
    [current_month] => 2026-03
    [has_restrictions] => 1
    [available_dates] => Array
        (
        )

    [unavailable_dates] => Array
        (
            [0] => 2021-04-01
            [1] => 2021-04-02
            [2] => 2021-04-03
            [3] => 2021-04-04
            [4] => 2021-04-05
            [5] => 2021-04-06
            [6] => 2021-04-07
            [7] => 2021-04-08
            [8] => 2021-04-09
            [9] => 2021-04-10
        )

    [dry_dates] => Array
        (
        )

    [latest_global_sale] => 2021-04-10
)

[2026-03-13 07:43:50] [INFO] === PAGE ACCESS ===
[2026-03-13 07:43:50] [INFO] Request method: GET
[2026-03-13 07:43:50] [INFO] Search term: ''
[2026-03-13 07:43:50] [INFO] Current session ID: d6gnn6c4f5rdatjvaqjib6379o
[2026-03-13 07:43:50] [INFO] Final session quantities count: 0
[2026-03-13 07:43:50] [INFO] Items in current view: 0
[2026-03-13 07:43:50] [INFO] Sales Page Load Debug Info:
Array
(
    [total_items] => 0
    [current_page] => 1
    [total_pages] => 0
    [session_quantities_count] => 0
    [post_quantities_count] => 0
    [date_range] => 2026-03-13 to 2026-03-13
    [days_count] => 1
    [user_id] => 5
    [comp_id] => 5
    [license_type] => FL-III
    [allowed_classes] => Array
        (
            [0] => W
            [1] => V
            [2] => M
            [3] => F
            [4] => D
            [5] => K
            [6] => G
            [7] => R
        )

    [end_date_day] => 13
    [closing_column] => DAY_13_CLOSING
    [end_date_month] => 2026-03
    [stock_filter] => > 0
    [daily_stock_table] => tbldailystock_5
    [table_suffix] => 
    [current_month] => 2026-03
    [has_restrictions] => 
    [available_dates] => Array
        (
            [0] => 2026-03-13
        )

    [unavailable_dates] => Array
        (
        )

    [dry_dates] => Array
        (
        )

    [latest_global_sale] => 
)

[2026-03-13 07:44:13] [INFO] === PAGE ACCESS ===
[2026-03-13 07:44:13] [INFO] Request method: GET
[2026-03-13 07:44:13] [INFO] Search term: ''
[2026-03-13 07:44:13] [INFO] Current session ID: d6gnn6c4f5rdatjvaqjib6379o
[2026-03-13 07:44:13] [INFO] Final session quantities count: 0
[2026-03-13 07:44:13] [INFO] Items in current view: 50
[2026-03-13 07:44:13] [INFO] Sales Page Load Debug Info:
Array
(
    [total_items] => 75
    [current_page] => 1
    [total_pages] => 2
    [session_quantities_count] => 0
    [post_quantities_count] => 0
    [date_range] => 2021-04-01 00:00:00 to 2021-04-10
    [days_count] => 10
    [user_id] => 5
    [comp_id] => 5
    [license_type] => FL-III
    [allowed_classes] => Array
        (
            [0] => W
            [1] => V
            [2] => M
            [3] => F
            [4] => D
            [5] => K
            [6] => G
            [7] => R
        )

    [end_date_day] => 10
    [closing_column] => DAY_10_CLOSING
    [end_date_month] => 2021-04
    [stock_filter] => > 0
    [daily_stock_table] => tbldailystock_5_04_21
    [table_suffix] => _04_21
    [current_month] => 2026-03
    [has_restrictions] => 
    [available_dates] => Array
        (
            [0] => 2021-04-01
            [1] => 2021-04-02
            [2] => 2021-04-03
            [3] => 2021-04-04
            [4] => 2021-04-05
            [5] => 2021-04-06
            [6] => 2021-04-07
            [7] => 2021-04-08
            [8] => 2021-04-09
            [9] => 2021-04-10
        )

    [unavailable_dates] => Array
        (
        )

    [dry_dates] => Array
        (
        )

    [latest_global_sale] => 
)

[2026-03-13 07:44:16] [INFO] Session quantity updated: SCMPL0028274 = 0
[2026-03-13 07:44:17] [INFO] Session quantity updated: SCMPL0028274 = 0
[2026-03-13 07:44:17] [INFO] Session quantity updated: SCMPL0028274 = 1
[2026-03-13 07:44:18] [INFO] Session quantity updated: SCMPL0028274 = 14
[2026-03-13 07:44:18] [INFO] Session quantity updated: SCMPL0028274 = 14
[2026-03-13 07:44:20] [INFO] Session quantity updated: SCMPL0028274 = 146
[2026-03-13 07:44:20] [INFO] Session quantity updated: SCMPL0028274 = 146
[2026-03-13 07:44:22] [INFO] Session quantity updated: SCMPL0028274 = 146
[2026-03-13 07:48:40] [INFO] === PAGE ACCESS ===
[2026-03-13 07:48:40] [INFO] Request method: GET
[2026-03-13 07:48:40] [INFO] Search term: ''
[2026-03-13 07:48:40] [INFO] Current session ID: d6gnn6c4f5rdatjvaqjib6379o
[2026-03-13 07:48:41] [INFO] Final session quantities count: 1
[2026-03-13 07:48:41] [INFO] Items in current view: 50
[2026-03-13 07:48:41] [INFO] Sales Page Load Debug Info:
Array
(
    [total_items] => 75
    [current_page] => 1
    [total_pages] => 2
    [session_quantities_count] => 1
    [post_quantities_count] => 0
    [date_range] => 2021-04-01 00:00:00 to 2021-04-10
    [days_count] => 10
    [user_id] => 5
    [comp_id] => 5
    [license_type] => FL-III
    [allowed_classes] => Array
        (
            [0] => W
            [1] => V
            [2] => M
            [3] => F
            [4] => D
            [5] => K
            [6] => G
            [7] => R
        )

    [end_date_day] => 10
    [closing_column] => DAY_10_CLOSING
    [end_date_month] => 2021-04
    [stock_filter] => > 0
    [daily_stock_table] => tbldailystock_5_04_21
    [table_suffix] => _04_21
    [current_month] => 2026-03
    [has_restrictions] => 
    [available_dates] => Array
        (
            [0] => 2021-04-01
            [1] => 2021-04-02
            [2] => 2021-04-03
            [3] => 2021-04-04
            [4] => 2021-04-05
            [5] => 2021-04-06
            [6] => 2021-04-07
            [7] => 2021-04-08
            [8] => 2021-04-09
            [9] => 2021-04-10
        )

    [unavailable_dates] => Array
        (
        )

    [dry_dates] => Array
        (
        )

    [latest_global_sale] => 
)

[2026-03-13 07:49:24] [INFO] === PAGE ACCESS ===
[2026-03-13 07:49:24] [INFO] Request method: GET
[2026-03-13 07:49:24] [INFO] Search term: ''
[2026-03-13 07:49:24] [INFO] Current session ID: d6gnn6c4f5rdatjvaqjib6379o
[2026-03-13 07:49:25] [INFO] Final session quantities count: 1
[2026-03-13 07:49:25] [INFO] Items in current view: 50
[2026-03-13 07:49:25] [INFO] Sales Page Load Debug Info:
Array
(
    [total_items] => 72
    [current_page] => 1
    [total_pages] => 2
    [session_quantities_count] => 1
    [post_quantities_count] => 0
    [date_range] => 2021-04-01 00:00:00 to 2021-04-05
    [days_count] => 5
    [user_id] => 5
    [comp_id] => 5
    [license_type] => FL-III
    [allowed_classes] => Array
        (
            [0] => W
            [1] => V
            [2] => M
            [3] => F
            [4] => D
            [5] => K
            [6] => G
            [7] => R
        )

    [end_date_day] => 05
    [closing_column] => DAY_05_CLOSING
    [end_date_month] => 2021-04
    [stock_filter] => > 0
    [daily_stock_table] => tbldailystock_5_04_21
    [table_suffix] => _04_21
    [current_month] => 2026-03
    [has_restrictions] => 
    [available_dates] => Array
        (
            [0] => 2021-04-01
            [1] => 2021-04-02
            [2] => 2021-04-03
            [3] => 2021-04-04
            [4] => 2021-04-05
        )

    [unavailable_dates] => Array
        (
        )

    [dry_dates] => Array
        (
        )

    [latest_global_sale] => 
)

[2026-03-13 07:49:28] [INFO] Session quantity updated: SCMPL0028274 = 14
[2026-03-13 07:49:28] [INFO] Session quantity updated: SCMPL0028274 = 0
[2026-03-13 07:49:28] [INFO] Session quantity updated: SCMPL0028274 = 0
[2026-03-13 07:49:34] [INFO] Session quantity updated: SCMPL0028274 = 6
[2026-03-13 07:49:35] [INFO] Session quantity updated: SCMPL0028274 = 6
[2026-03-13 07:49:36] [INFO] Session quantity updated: SCMPL0028274 = 68
[2026-03-13 07:49:36] [INFO] Session quantity updated: SCMPL0028274 = 68
[2026-03-13 07:49:44] [INFO] Session quantity updated: SCMPL0028274 = 0
[2026-03-13 07:49:44] [INFO] Session quantity updated: SCMPL0028274 = 0
[2026-03-13 07:49:48] [INFO] Session quantity updated: SCMPL0028274 = 47
[2026-03-13 07:49:48] [INFO] Session quantity updated: SCMPL0028274 = 47
[2026-03-13 07:49:59] [INFO] Session quantity updated: SCMPL0028274 = 47
[2026-03-13 07:50:00] [INFO] Date range: 2021-04-01 00:00:00 to 2021-04-05, Total days: 5, Dry days: 0, Available days: 5
[2026-03-13 07:50:01] [INFO] === PAGE ACCESS ===
[2026-03-13 07:50:01] [INFO] Request method: GET
[2026-03-13 07:50:01] [INFO] Search term: ''
[2026-03-13 07:50:01] [INFO] Current session ID: d6gnn6c4f5rdatjvaqjib6379o
[2026-03-13 07:50:01] [INFO] GLOBAL CHECK: Latest existing sale: 2021-04-05
[2026-03-13 07:50:01] [INFO] Available dates: 
[2026-03-13 07:50:01] [INFO] Unavailable dates (has existing sales): 2021-04-01, 2021-04-02, 2021-04-03, 2021-04-04, 2021-04-05
[2026-03-13 07:50:01] [INFO] Final session quantities count: 0
[2026-03-13 07:50:01] [INFO] Items in current view: 50
[2026-03-13 07:50:01] [INFO] Sales Page Load Debug Info:
Array
(
    [total_items] => 72
    [current_page] => 1
    [total_pages] => 2
    [session_quantities_count] => 0
    [post_quantities_count] => 0
    [date_range] => 2021-04-01 00:00:00 to 2021-04-05
    [days_count] => 5
    [user_id] => 5
    [comp_id] => 5
    [license_type] => FL-III
    [allowed_classes] => Array
        (
            [0] => W
            [1] => V
            [2] => M
            [3] => F
            [4] => D
            [5] => K
            [6] => G
            [7] => R
        )

    [end_date_day] => 05
    [closing_column] => DAY_05_CLOSING
    [end_date_month] => 2021-04
    [stock_filter] => > 0
    [daily_stock_table] => tbldailystock_5_04_21
    [table_suffix] => _04_21
    [current_month] => 2026-03
    [has_restrictions] => 1
    [available_dates] => Array
        (
        )

    [unavailable_dates] => Array
        (
            [0] => 2021-04-01
            [1] => 2021-04-02
            [2] => 2021-04-03
            [3] => 2021-04-04
            [4] => 2021-04-05
        )

    [dry_dates] => Array
        (
        )

    [latest_global_sale] => 2021-04-05
)

[2026-03-13 07:53:29] [INFO] === PAGE ACCESS ===
[2026-03-13 07:53:29] [INFO] Request method: GET
[2026-03-13 07:53:29] [INFO] Search term: ''
[2026-03-13 07:53:29] [INFO] Current session ID: d6gnn6c4f5rdatjvaqjib6379o
[2026-03-13 07:53:30] [INFO] Final session quantities count: 0
[2026-03-13 07:53:30] [INFO] Items in current view: 0
[2026-03-13 07:53:30] [INFO] Sales Page Load Debug Info:
Array
(
    [total_items] => 0
    [current_page] => 1
    [total_pages] => 0
    [session_quantities_count] => 0
    [post_quantities_count] => 0
    [date_range] => 2026-03-13 to 2026-03-13
    [days_count] => 1
    [user_id] => 5
    [comp_id] => 5
    [license_type] => FL-III
    [allowed_classes] => Array
        (
            [0] => W
            [1] => V
            [2] => M
            [3] => F
            [4] => D
            [5] => K
            [6] => G
            [7] => R
        )

    [end_date_day] => 13
    [closing_column] => DAY_13_CLOSING
    [end_date_month] => 2026-03
    [stock_filter] => > 0
    [daily_stock_table] => tbldailystock_5
    [table_suffix] => 
    [current_month] => 2026-03
    [has_restrictions] => 
    [available_dates] => Array
        (
            [0] => 2026-03-13
        )

    [unavailable_dates] => Array
        (
        )

    [dry_dates] => Array
        (
        )

    [latest_global_sale] => 
)

[2026-03-13 07:53:50] [INFO] === PAGE ACCESS ===
[2026-03-13 07:53:50] [INFO] Request method: GET
[2026-03-13 07:53:50] [INFO] Search term: ''
[2026-03-13 07:53:50] [INFO] Current session ID: d6gnn6c4f5rdatjvaqjib6379o
[2026-03-13 07:53:50] [INFO] GLOBAL CHECK: Latest existing sale: 2021-04-05
[2026-03-13 07:53:50] [INFO] Available dates: 2021-04-06, 2021-04-07, 2021-04-08, 2021-04-09, 2021-04-10
[2026-03-13 07:53:50] [INFO] Unavailable dates (has existing sales): 2021-04-01, 2021-04-02, 2021-04-03, 2021-04-04, 2021-04-05
[2026-03-13 07:53:50] [INFO] Final session quantities count: 0
[2026-03-13 07:53:50] [INFO] Items in current view: 50
[2026-03-13 07:53:50] [INFO] Sales Page Load Debug Info:
Array
(
    [total_items] => 75
    [current_page] => 1
    [total_pages] => 2
    [session_quantities_count] => 0
    [post_quantities_count] => 0
    [date_range] => 2021-04-01 00:00:00 to 2021-04-10
    [days_count] => 10
    [user_id] => 5
    [comp_id] => 5
    [license_type] => FL-III
    [allowed_classes] => Array
        (
            [0] => W
            [1] => V
            [2] => M
            [3] => F
            [4] => D
            [5] => K
            [6] => G
            [7] => R
        )

    [end_date_day] => 10
    [closing_column] => DAY_10_CLOSING
    [end_date_month] => 2021-04
    [stock_filter] => > 0
    [daily_stock_table] => tbldailystock_5_04_21
    [table_suffix] => _04_21
    [current_month] => 2026-03
    [has_restrictions] => 1
    [available_dates] => Array
        (
            [0] => 2021-04-06
            [1] => 2021-04-07
            [2] => 2021-04-08
            [3] => 2021-04-09
            [4] => 2021-04-10
        )

    [unavailable_dates] => Array
        (
            [0] => 2021-04-01
            [1] => 2021-04-02
            [2] => 2021-04-03
            [3] => 2021-04-04
            [4] => 2021-04-05
        )

    [dry_dates] => Array
        (
        )

    [latest_global_sale] => 2021-04-05
)

[2026-03-13 07:53:55] [INFO] Session quantity updated: SCMPL0028276 = 908
[2026-03-13 07:53:55] [INFO] Session quantity updated: SCMPL0028276 = 908
[2026-03-13 07:54:00] [INFO] Session quantity updated: SCMPL0028276 = 905
[2026-03-13 07:54:00] [INFO] Session quantity updated: SCMPL0028276 = 905
[2026-03-13 07:54:01] [INFO] Session quantity updated: SCMPL0028276 = 1008
[2026-03-13 07:54:01] [INFO] Session quantity updated: SCMPL0028276 = 1008
[2026-03-13 07:54:15] [INFO] === PAGE ACCESS ===
[2026-03-13 07:54:15] [INFO] Request method: GET
[2026-03-13 07:54:15] [INFO] Search term: ''
[2026-03-13 07:54:15] [INFO] Current session ID: d6gnn6c4f5rdatjvaqjib6379o
[2026-03-13 07:54:16] [INFO] GLOBAL CHECK: Latest existing sale: 2021-04-05
[2026-03-13 07:54:16] [INFO] Available dates: 
[2026-03-13 07:54:16] [INFO] Unavailable dates (has existing sales): 2021-04-01, 2021-04-02, 2021-04-03, 2021-04-04, 2021-04-05
[2026-03-13 07:54:16] [INFO] Final session quantities count: 1
[2026-03-13 07:54:16] [INFO] Items in current view: 50
[2026-03-13 07:54:16] [INFO] Sales Page Load Debug Info:
Array
(
    [total_items] => 72
    [current_page] => 1
    [total_pages] => 2
    [session_quantities_count] => 1
    [post_quantities_count] => 0
    [date_range] => 2021-04-01 00:00:00 to 2021-04-05
    [days_count] => 5
    [user_id] => 5
    [comp_id] => 5
    [license_type] => FL-III
    [allowed_classes] => Array
        (
            [0] => W
            [1] => V
            [2] => M
            [3] => F
            [4] => D
            [5] => K
            [6] => G
            [7] => R
        )

    [end_date_day] => 05
    [closing_column] => DAY_05_CLOSING
    [end_date_month] => 2021-04
    [stock_filter] => > 0
    [daily_stock_table] => tbldailystock_5_04_21
    [table_suffix] => _04_21
    [current_month] => 2026-03
    [has_restrictions] => 1
    [available_dates] => Array
        (
        )

    [unavailable_dates] => Array
        (
            [0] => 2021-04-01
            [1] => 2021-04-02
            [2] => 2021-04-03
            [3] => 2021-04-04
            [4] => 2021-04-05
        )

    [dry_dates] => Array
        (
        )

    [latest_global_sale] => 2021-04-05
)

[2026-03-13 07:54:36] [INFO] === PAGE ACCESS ===
[2026-03-13 07:54:36] [INFO] Request method: GET
[2026-03-13 07:54:36] [INFO] Search term: ''
[2026-03-13 07:54:36] [INFO] Current session ID: d6gnn6c4f5rdatjvaqjib6379o
[2026-03-13 07:54:37] [INFO] Final session quantities count: 1
[2026-03-13 07:54:37] [INFO] Items in current view: 0
[2026-03-13 07:54:37] [INFO] Sales Page Load Debug Info:
Array
(
    [total_items] => 0
    [current_page] => 1
    [total_pages] => 0
    [session_quantities_count] => 1
    [post_quantities_count] => 0
    [date_range] => 2026-03-13 to 2026-03-13
    [days_count] => 1
    [user_id] => 5
    [comp_id] => 5
    [license_type] => FL-III
    [allowed_classes] => Array
        (
            [0] => W
            [1] => V
            [2] => M
            [3] => F
            [4] => D
            [5] => K
            [6] => G
            [7] => R
        )

    [end_date_day] => 13
    [closing_column] => DAY_13_CLOSING
    [end_date_month] => 2026-03
    [stock_filter] => > 0
    [daily_stock_table] => tbldailystock_5
    [table_suffix] => 
    [current_month] => 2026-03
    [has_restrictions] => 
    [available_dates] => Array
        (
            [0] => 2026-03-13
        )

    [unavailable_dates] => Array
        (
        )

    [dry_dates] => Array
        (
        )

    [latest_global_sale] => 
)

[2026-03-13 07:54:54] [INFO] === PAGE ACCESS ===
[2026-03-13 07:54:54] [INFO] Request method: GET
[2026-03-13 07:54:54] [INFO] Search term: ''
[2026-03-13 07:54:54] [INFO] Current session ID: d6gnn6c4f5rdatjvaqjib6379o
[2026-03-13 07:54:55] [INFO] Final session quantities count: 1
[2026-03-13 07:54:55] [INFO] Items in current view: 50
[2026-03-13 07:54:55] [INFO] Sales Page Load Debug Info:
Array
(
    [total_items] => 72
    [current_page] => 1
    [total_pages] => 2
    [session_quantities_count] => 1
    [post_quantities_count] => 0
    [date_range] => 2021-04-01 00:00:00 to 2021-04-05
    [days_count] => 5
    [user_id] => 5
    [comp_id] => 5
    [license_type] => FL-III
    [allowed_classes] => Array
        (
            [0] => W
            [1] => V
            [2] => M
            [3] => F
            [4] => D
            [5] => K
            [6] => G
            [7] => R
        )

    [end_date_day] => 05
    [closing_column] => DAY_05_CLOSING
    [end_date_month] => 2021-04
    [stock_filter] => > 0
    [daily_stock_table] => tbldailystock_5_04_21
    [table_suffix] => _04_21
    [current_month] => 2026-03
    [has_restrictions] => 
    [available_dates] => Array
        (
            [0] => 2021-04-01
            [1] => 2021-04-02
            [2] => 2021-04-03
            [3] => 2021-04-04
            [4] => 2021-04-05
        )

    [unavailable_dates] => Array
        (
        )

    [dry_dates] => Array
        (
        )

    [latest_global_sale] => 
)

[2026-03-13 07:55:01] [INFO] Session quantity updated: SCMPL0028274 = 495
[2026-03-13 07:55:02] [INFO] Session quantity updated: SCMPL0028274 = 495
[2026-03-13 07:55:03] [INFO] Session quantity updated: SCMPL0028274 = 500
[2026-03-13 07:55:03] [INFO] Session quantity updated: SCMPL0028274 = 500
[2026-03-13 07:55:04] [INFO] Session quantity updated: SCMPL0028274 = 455
[2026-03-13 07:55:04] [INFO] Session quantity updated: SCMPL0028274 = 455
[2026-03-13 07:55:05] [INFO] Session quantity updated: SCMPL0028274 = 500
[2026-03-13 07:55:06] [INFO] Session quantity updated: SCMPL0028274 = 500
[2026-03-13 07:55:08] [INFO] Session quantity updated: SCMPL0028274 = 496
[2026-03-13 07:55:08] [INFO] Session quantity updated: SCMPL0028274 = 496
[2026-03-13 07:55:09] [INFO] Session quantity updated: SCMPL0028274 = 456
[2026-03-13 07:55:09] [INFO] Session quantity updated: SCMPL0028274 = 456
[2026-03-13 07:55:10] [INFO] Session quantity updated: SCMPL0028274 = 53
[2026-03-13 07:55:10] [INFO] Session quantity updated: SCMPL0028274 = 53
[2026-03-13 07:55:13] [INFO] Session quantity updated: SCMPL0028274 = 456
[2026-03-13 07:55:13] [INFO] Session quantity updated: SCMPL0028274 = 456
[2026-03-13 07:55:14] [INFO] Session quantity updated: SCMPL0028274 = 496
[2026-03-13 07:55:14] [INFO] Session quantity updated: SCMPL0028274 = 496
[2026-03-13 07:55:16] [INFO] Session quantity updated: SCMPL0028274 = 42
[2026-03-13 07:55:16] [INFO] Session quantity updated: SCMPL0028274 = 42
[2026-03-13 07:55:18] [INFO] Distribution saved for item SCMPL0028274: 8, 7, 11, 10, 6
[2026-03-13 07:55:19] [INFO] Distribution saved for item SCMPL0028274: 8, 12, 6, 8, 8
[2026-03-13 07:55:20] [INFO] Distribution saved for item SCMPL0028274: 7, 8, 7, 11, 9
[2026-03-13 07:55:22] [INFO] Distribution saved for item SCMPL0028274: 7, 4, 11, 11, 9
[2026-03-13 07:55:37] [INFO] Date range: 2021-04-01 00:00:00 to 2021-04-05, Total days: 5, Dry days: 0, Available days: 5
[2026-03-13 07:55:38] [INFO] === PAGE ACCESS ===
[2026-03-13 07:55:38] [INFO] Request method: GET
[2026-03-13 07:55:38] [INFO] Search term: ''
[2026-03-13 07:55:38] [INFO] Current session ID: d6gnn6c4f5rdatjvaqjib6379o
[2026-03-13 07:55:38] [INFO] GLOBAL CHECK: Latest existing sale: 2021-04-05
[2026-03-13 07:55:38] [INFO] Available dates: 
[2026-03-13 07:55:38] [INFO] Unavailable dates (has existing sales): 2021-04-01, 2021-04-02, 2021-04-03, 2021-04-04, 2021-04-05
[2026-03-13 07:55:39] [INFO] Final session quantities count: 0
[2026-03-13 07:55:39] [INFO] Items in current view: 50
[2026-03-13 07:55:39] [INFO] Sales Page Load Debug Info:
Array
(
    [total_items] => 72
    [current_page] => 1
    [total_pages] => 2
    [session_quantities_count] => 0
    [post_quantities_count] => 0
    [date_range] => 2021-04-01 00:00:00 to 2021-04-05
    [days_count] => 5
    [user_id] => 5
    [comp_id] => 5
    [license_type] => FL-III
    [allowed_classes] => Array
        (
            [0] => W
            [1] => V
            [2] => M
            [3] => F
            [4] => D
            [5] => K
            [6] => G
            [7] => R
        )

    [end_date_day] => 05
    [closing_column] => DAY_05_CLOSING
    [end_date_month] => 2021-04
    [stock_filter] => > 0
    [daily_stock_table] => tbldailystock_5_04_21
    [table_suffix] => _04_21
    [current_month] => 2026-03
    [has_restrictions] => 1
    [available_dates] => Array
        (
        )

    [unavailable_dates] => Array
        (
            [0] => 2021-04-01
            [1] => 2021-04-02
            [2] => 2021-04-03
            [3] => 2021-04-04
            [4] => 2021-04-05
        )

    [dry_dates] => Array
        (
        )

    [latest_global_sale] => 2021-04-05
)

[2026-03-13 07:55:42] [INFO] === PAGE ACCESS ===
[2026-03-13 07:55:42] [INFO] Request method: GET
[2026-03-13 07:55:42] [INFO] Search term: ''
[2026-03-13 07:55:42] [INFO] Current session ID: d6gnn6c4f5rdatjvaqjib6379o
[2026-03-13 07:55:42] [INFO] Final session quantities count: 0
[2026-03-13 07:55:42] [INFO] Items in current view: 0
[2026-03-13 07:55:42] [INFO] Sales Page Load Debug Info:
Array
(
    [total_items] => 0
    [current_page] => 1
    [total_pages] => 0
    [session_quantities_count] => 0
    [post_quantities_count] => 0
    [date_range] => 2026-03-13 to 2026-03-13
    [days_count] => 1
    [user_id] => 5
    [comp_id] => 5
    [license_type] => FL-III
    [allowed_classes] => Array
        (
            [0] => W
            [1] => V
            [2] => M
            [3] => F
            [4] => D
            [5] => K
            [6] => G
            [7] => R
        )

    [end_date_day] => 13
    [closing_column] => DAY_13_CLOSING
    [end_date_month] => 2026-03
    [stock_filter] => > 0
    [daily_stock_table] => tbldailystock_5
    [table_suffix] => 
    [current_month] => 2026-03
    [has_restrictions] => 
    [available_dates] => Array
        (
            [0] => 2026-03-13
        )

    [unavailable_dates] => Array
        (
        )

    [dry_dates] => Array
        (
        )

    [latest_global_sale] => 
)

[2026-03-13 07:56:24] [INFO] === PAGE ACCESS ===
[2026-03-13 07:56:24] [INFO] Request method: GET
[2026-03-13 07:56:24] [INFO] Search term: ''
[2026-03-13 07:56:24] [INFO] Current session ID: d6gnn6c4f5rdatjvaqjib6379o
[2026-03-13 07:56:24] [INFO] Final session quantities count: 0
[2026-03-13 07:56:24] [INFO] Items in current view: 0
[2026-03-13 07:56:24] [INFO] Sales Page Load Debug Info:
Array
(
    [total_items] => 0
    [current_page] => 1
    [total_pages] => 0
    [session_quantities_count] => 0
    [post_quantities_count] => 0
    [date_range] => 2026-03-13 to 2026-03-13
    [days_count] => 1
    [user_id] => 5
    [comp_id] => 5
    [license_type] => FL-III
    [allowed_classes] => Array
        (
            [0] => W
            [1] => V
            [2] => M
            [3] => F
            [4] => D
            [5] => K
            [6] => G
            [7] => R
        )

    [end_date_day] => 13
    [closing_column] => DAY_13_CLOSING
    [end_date_month] => 2026-03
    [stock_filter] => > 0
    [daily_stock_table] => tbldailystock_5
    [table_suffix] => 
    [current_month] => 2026-03
    [has_restrictions] => 
    [available_dates] => Array
        (
            [0] => 2026-03-13
        )

    [unavailable_dates] => Array
        (
        )

    [dry_dates] => Array
        (
        )

    [latest_global_sale] => 
)

[2026-03-13 07:56:42] [INFO] === PAGE ACCESS ===
[2026-03-13 07:56:42] [INFO] Request method: GET
[2026-03-13 07:56:42] [INFO] Search term: ''
[2026-03-13 07:56:42] [INFO] Current session ID: d6gnn6c4f5rdatjvaqjib6379o
[2026-03-13 07:56:43] [INFO] Final session quantities count: 0
[2026-03-13 07:56:43] [INFO] Items in current view: 50
[2026-03-13 07:56:43] [INFO] Sales Page Load Debug Info:
Array
(
    [total_items] => 72
    [current_page] => 1
    [total_pages] => 2
    [session_quantities_count] => 0
    [post_quantities_count] => 0
    [date_range] => 2021-04-01 00:00:00 to 2021-04-05
    [days_count] => 5
    [user_id] => 5
    [comp_id] => 5
    [license_type] => FL-III
    [allowed_classes] => Array
        (
            [0] => W
            [1] => V
            [2] => M
            [3] => F
            [4] => D
            [5] => K
            [6] => G
            [7] => R
        )

    [end_date_day] => 05
    [closing_column] => DAY_05_CLOSING
    [end_date_month] => 2021-04
    [stock_filter] => > 0
    [daily_stock_table] => tbldailystock_5_04_21
    [table_suffix] => _04_21
    [current_month] => 2026-03
    [has_restrictions] => 
    [available_dates] => Array
        (
            [0] => 2021-04-01
            [1] => 2021-04-02
            [2] => 2021-04-03
            [3] => 2021-04-04
            [4] => 2021-04-05
        )

    [unavailable_dates] => Array
        (
        )

    [dry_dates] => Array
        (
        )

    [latest_global_sale] => 
)

[2026-03-13 07:56:46] [INFO] Distribution saved for item SCMPL0028274: 89, 85, 89, 94, 93
[2026-03-13 07:56:46] [INFO] Distribution saved for item SCMPL0028274: 98, 96, 96, 102, 103
[2026-03-13 07:56:46] [INFO] Session quantity updated: SCMPL0028274 = 495
[2026-03-13 07:56:46] [INFO] Distribution saved for item SCMPL0028274: 107, 98, 97, 92, 101
[2026-03-13 07:56:47] [INFO] Session quantity updated: SCMPL0028274 = 495
[2026-03-13 07:56:47] [INFO] Distribution saved for item SCMPL0028274: 102, 97, 94, 107, 100
[2026-03-13 07:56:47] [INFO] Session quantity updated: SCMPL0028274 = 500
[2026-03-13 07:56:47] [INFO] Distribution saved for item SCMPL0028274: 100, 91, 94, 105, 110
[2026-03-13 07:56:47] [INFO] Session quantity updated: SCMPL0028274 = 500
[2026-03-13 07:56:47] [INFO] Distribution saved for item SCMPL0028274: 98, 92, 104, 103, 99
[2026-03-13 07:56:48] [INFO] Distribution saved for item SCMPL0028274: 101, 85, 91, 90, 88
[2026-03-13 07:56:48] [INFO] Session quantity updated: SCMPL0028274 = 455
[2026-03-13 07:56:48] [INFO] Distribution saved for item SCMPL0028274: 89, 90, 90, 87, 99
[2026-03-13 07:56:48] [INFO] Session quantity updated: SCMPL0028274 = 455
[2026-03-13 07:56:48] [INFO] Distribution saved for item SCMPL0028274: 9, 5, 5, 12, 11
[2026-03-13 07:56:48] [INFO] Session quantity updated: SCMPL0028274 = 42
[2026-03-13 07:56:48] [INFO] Distribution saved for item SCMPL0028274: 7, 8, 3, 14, 10
[2026-03-13 07:56:48] [INFO] Session quantity updated: SCMPL0028274 = 42
[2026-03-13 07:57:01] [INFO] Date range: 2021-04-01 00:00:00 to 2021-04-05, Total days: 5, Dry days: 0, Available days: 5
[2026-03-13 07:57:01] [INFO] === PAGE ACCESS ===
[2026-03-13 07:57:01] [INFO] Request method: GET
[2026-03-13 07:57:01] [INFO] Search term: ''
[2026-03-13 07:57:01] [INFO] Current session ID: d6gnn6c4f5rdatjvaqjib6379o
[2026-03-13 07:57:02] [INFO] GLOBAL CHECK: Latest existing sale: 2021-04-05
[2026-03-13 07:57:02] [INFO] Available dates: 
[2026-03-13 07:57:02] [INFO] Unavailable dates (has existing sales): 2021-04-01, 2021-04-02, 2021-04-03, 2021-04-04, 2021-04-05
[2026-03-13 07:57:02] [INFO] Final session quantities count: 0
[2026-03-13 07:57:02] [INFO] Items in current view: 50
[2026-03-13 07:57:02] [INFO] Sales Page Load Debug Info:
Array
(
    [total_items] => 72
    [current_page] => 1
    [total_pages] => 2
    [session_quantities_count] => 0
    [post_quantities_count] => 0
    [date_range] => 2021-04-01 00:00:00 to 2021-04-05
    [days_count] => 5
    [user_id] => 5
    [comp_id] => 5
    [license_type] => FL-III
    [allowed_classes] => Array
        (
            [0] => W
            [1] => V
            [2] => M
            [3] => F
            [4] => D
            [5] => K
            [6] => G
            [7] => R
        )

    [end_date_day] => 05
    [closing_column] => DAY_05_CLOSING
    [end_date_month] => 2021-04
    [stock_filter] => > 0
    [daily_stock_table] => tbldailystock_5_04_21
    [table_suffix] => _04_21
    [current_month] => 2026-03
    [has_restrictions] => 1
    [available_dates] => Array
        (
        )

    [unavailable_dates] => Array
        (
            [0] => 2021-04-01
            [1] => 2021-04-02
            [2] => 2021-04-03
            [3] => 2021-04-04
            [4] => 2021-04-05
        )

    [dry_dates] => Array
        (
        )

    [latest_global_sale] => 2021-04-05
)

[2026-03-13 07:58:30] [INFO] === PAGE ACCESS ===
[2026-03-13 07:58:30] [INFO] Request method: GET
[2026-03-13 07:58:30] [INFO] Search term: ''
[2026-03-13 07:58:30] [INFO] Current session ID: d6gnn6c4f5rdatjvaqjib6379o
[2026-03-13 07:58:30] [INFO] Final session quantities count: 0
[2026-03-13 07:58:30] [INFO] Items in current view: 0
[2026-03-13 07:58:30] [INFO] Sales Page Load Debug Info:
Array
(
    [total_items] => 0
    [current_page] => 1
    [total_pages] => 0
    [session_quantities_count] => 0
    [post_quantities_count] => 0
    [date_range] => 2026-03-13 to 2026-03-13
    [days_count] => 1
    [user_id] => 5
    [comp_id] => 5
    [license_type] => FL-III
    [allowed_classes] => Array
        (
            [0] => W
            [1] => V
            [2] => M
            [3] => F
            [4] => D
            [5] => K
            [6] => G
            [7] => R
        )

    [end_date_day] => 13
    [closing_column] => DAY_13_CLOSING
    [end_date_month] => 2026-03
    [stock_filter] => > 0
    [daily_stock_table] => tbldailystock_5
    [table_suffix] => 
    [current_month] => 2026-03
    [has_restrictions] => 
    [available_dates] => Array
        (
            [0] => 2026-03-13
        )

    [unavailable_dates] => Array
        (
        )

    [dry_dates] => Array
        (
        )

    [latest_global_sale] => 
)

[2026-03-13 11:42:40] [INFO] === PAGE ACCESS ===
[2026-03-13 11:42:40] [INFO] Request method: GET
[2026-03-13 11:42:40] [INFO] Search term: ''
[2026-03-13 11:42:40] [INFO] Current session ID: l7f4b8h2qk9of4d0gj2vr64t2l
[2026-03-13 11:42:40] [INFO] Final session quantities count: 0
[2026-03-13 11:42:40] [INFO] Items in current view: 0
[2026-03-13 11:42:40] [INFO] Sales Page Load Debug Info:
Array
(
    [total_items] => 0
    [current_page] => 1
    [total_pages] => 0
    [session_quantities_count] => 0
    [post_quantities_count] => 0
    [date_range] => 2026-03-13 to 2026-03-13
    [days_count] => 1
    [user_id] => 5
    [comp_id] => 5
    [license_type] => FL-III
    [allowed_classes] => Array
        (
            [0] => W
            [1] => V
            [2] => M
            [3] => F
            [4] => D
            [5] => K
            [6] => G
            [7] => R
        )

    [end_date_day] => 13
    [closing_column] => DAY_13_CLOSING
    [end_date_month] => 2026-03
    [stock_filter] => > 0
    [daily_stock_table] => tbldailystock_5
    [table_suffix] => 
    [current_month] => 2026-03
    [has_restrictions] => 
    [available_dates] => Array
        (
            [0] => 2026-03-13
        )

    [unavailable_dates] => Array
        (
        )

    [dry_dates] => Array
        (
        )

    [latest_global_sale] => 
)

[2026-03-13 11:43:01] [INFO] === PAGE ACCESS ===
[2026-03-13 11:43:01] [INFO] Request method: GET
[2026-03-13 11:43:01] [INFO] Search term: ''
[2026-03-13 11:43:01] [INFO] Current session ID: l7f4b8h2qk9of4d0gj2vr64t2l
[2026-03-13 11:43:01] [INFO] Final session quantities count: 0
[2026-03-13 11:43:01] [INFO] Items in current view: 50
[2026-03-13 11:43:01] [INFO] Sales Page Load Debug Info:
Array
(
    [total_items] => 72
    [current_page] => 1
    [total_pages] => 2
    [session_quantities_count] => 0
    [post_quantities_count] => 0
    [date_range] => 2021-04-01 00:00:00 to 2021-04-05
    [days_count] => 5
    [user_id] => 5
    [comp_id] => 5
    [license_type] => FL-III
    [allowed_classes] => Array
        (
            [0] => W
            [1] => V
            [2] => M
            [3] => F
            [4] => D
            [5] => K
            [6] => G
            [7] => R
        )

    [end_date_day] => 05
    [closing_column] => DAY_05_CLOSING
    [end_date_month] => 2021-04
    [stock_filter] => > 0
    [daily_stock_table] => tbldailystock_5_04_21
    [table_suffix] => _04_21
    [current_month] => 2026-03
    [has_restrictions] => 
    [available_dates] => Array
        (
            [0] => 2021-04-01
            [1] => 2021-04-02
            [2] => 2021-04-03
            [3] => 2021-04-04
            [4] => 2021-04-05
        )

    [unavailable_dates] => Array
        (
        )

    [dry_dates] => Array
        (
        )

    [latest_global_sale] => 
)

[2026-03-13 11:50:57] [INFO] === PAGE ACCESS ===
[2026-03-13 11:50:57] [INFO] Request method: GET
[2026-03-13 11:50:57] [INFO] Search term: ''
[2026-03-13 11:50:57] [INFO] Current session ID: l7f4b8h2qk9of4d0gj2vr64t2l
[2026-03-13 11:50:57] [INFO] Final session quantities count: 0
[2026-03-13 11:50:57] [INFO] Items in current view: 50
[2026-03-13 11:50:57] [INFO] Sales Page Load Debug Info:
Array
(
    [total_items] => 72
    [current_page] => 1
    [total_pages] => 2
    [session_quantities_count] => 0
    [post_quantities_count] => 0
    [date_range] => 2021-04-01 00:00:00 to 2021-04-05
    [days_count] => 5
    [user_id] => 5
    [comp_id] => 5
    [license_type] => FL-III
    [allowed_classes] => Array
        (
            [0] => W
            [1] => V
            [2] => M
            [3] => F
            [4] => D
            [5] => K
            [6] => G
            [7] => R
        )

    [end_date_day] => 05
    [closing_column] => DAY_05_CLOSING
    [end_date_month] => 2021-04
    [stock_filter] => > 0
    [daily_stock_table] => tbldailystock_5_04_21
    [table_suffix] => _04_21
    [current_month] => 2026-03
    [has_restrictions] => 
    [available_dates] => Array
        (
            [0] => 2021-04-01
            [1] => 2021-04-02
            [2] => 2021-04-03
            [3] => 2021-04-04
            [4] => 2021-04-05
        )

    [unavailable_dates] => Array
        (
        )

    [dry_dates] => Array
        (
        )

    [latest_global_sale] => 
)

[2026-03-13 11:51:04] [INFO] === PAGE ACCESS ===
[2026-03-13 11:51:04] [INFO] Request method: GET
[2026-03-13 11:51:04] [INFO] Search term: ''
[2026-03-13 11:51:04] [INFO] Current session ID: l7f4b8h2qk9of4d0gj2vr64t2l
[2026-03-13 11:51:04] [INFO] Final session quantities count: 0
[2026-03-13 11:51:04] [INFO] Items in current view: 50
[2026-03-13 11:51:04] [INFO] Sales Page Load Debug Info:
Array
(
    [total_items] => 72
    [current_page] => 1
    [total_pages] => 2
    [session_quantities_count] => 0
    [post_quantities_count] => 0
    [date_range] => 2021-04-01 00:00:00 to 2021-04-05
    [days_count] => 5
    [user_id] => 5
    [comp_id] => 5
    [license_type] => FL-III
    [allowed_classes] => Array
        (
            [0] => W
            [1] => V
            [2] => M
            [3] => F
            [4] => D
            [5] => K
            [6] => G
            [7] => R
        )

    [end_date_day] => 05
    [closing_column] => DAY_05_CLOSING
    [end_date_month] => 2021-04
    [stock_filter] => > 0
    [daily_stock_table] => tbldailystock_5_04_21
    [table_suffix] => _04_21
    [current_month] => 2026-03
    [has_restrictions] => 
    [available_dates] => Array
        (
            [0] => 2021-04-01
            [1] => 2021-04-02
            [2] => 2021-04-03
            [3] => 2021-04-04
            [4] => 2021-04-05
        )

    [unavailable_dates] => Array
        (
        )

    [dry_dates] => Array
        (
        )

    [latest_global_sale] => 
)

[2026-03-13 11:57:56] [INFO] === PAGE ACCESS ===
[2026-03-13 11:57:56] [INFO] Request method: GET
[2026-03-13 11:57:56] [INFO] Search term: ''
[2026-03-13 11:57:56] [INFO] Current session ID: l7f4b8h2qk9of4d0gj2vr64t2l
[2026-03-13 11:57:56] [INFO] Final session quantities count: 0
[2026-03-13 11:57:56] [INFO] Items in current view: 50
[2026-03-13 11:57:56] [INFO] Sales Page Load Debug Info:
Array
(
    [total_items] => 72
    [current_page] => 1
    [total_pages] => 2
    [session_quantities_count] => 0
    [post_quantities_count] => 0
    [date_range] => 2021-04-01 00:00:00 to 2021-04-05
    [days_count] => 5
    [user_id] => 5
    [comp_id] => 5
    [license_type] => FL-III
    [allowed_classes] => Array
        (
            [0] => W
            [1] => V
            [2] => M
            [3] => F
            [4] => D
            [5] => K
            [6] => G
            [7] => R
        )

    [end_date_day] => 05
    [closing_column] => DAY_05_CLOSING
    [end_date_month] => 2021-04
    [stock_filter] => > 0
    [daily_stock_table] => tbldailystock_5_04_21
    [table_suffix] => _04_21
    [current_month] => 2026-03
    [has_restrictions] => 
    [available_dates] => Array
        (
            [0] => 2021-04-01
            [1] => 2021-04-02
            [2] => 2021-04-03
            [3] => 2021-04-04
            [4] => 2021-04-05
        )

    [unavailable_dates] => Array
        (
        )

    [dry_dates] => Array
        (
        )

    [latest_global_sale] => 
)

[2026-03-13 11:58:01] [INFO] Session quantity updated: SCMPL0028275 = 0
[2026-03-13 11:58:01] [INFO] Session quantity updated: SCMPL0028275 = 0
[2026-03-13 11:58:01] [INFO] Session quantity updated: SCMPL0028275 = 3
[2026-03-13 11:58:01] [INFO] Session quantity updated: SCMPL0028275 = 3
[2026-03-13 11:58:02] [INFO] Session quantity updated: SCMPL0028275 = 0
[2026-03-13 11:58:02] [INFO] Session quantity updated: SCMPL0028275 = 0
[2026-03-13 11:58:05] [INFO] Session quantity updated: SCMPL0028275 = 0
[2026-03-13 11:58:07] [INFO] Session quantity updated: SCMPL0028274 = 0
[2026-03-13 11:58:07] [INFO] Session quantity updated: SCMPL0028274 = 0
[2026-03-13 11:58:08] [INFO] Session quantity updated: SCMPL0028274 = 6
[2026-03-13 11:58:08] [INFO] Session quantity updated: SCMPL0028274 = 6
[2026-03-13 11:58:09] [INFO] Session quantity updated: SCMPL0028274 = 0
[2026-03-13 11:58:10] [INFO] Session quantity updated: SCMPL0028274 = 0
[2026-03-13 11:58:10] [INFO] Session quantity updated: SCMPL0028274 = 34
[2026-03-13 11:58:10] [INFO] Session quantity updated: SCMPL0028274 = 34
[2026-03-13 11:58:12] [INFO] Session quantity updated: SCMPL0028274 = 3
[2026-03-13 11:58:12] [INFO] Session quantity updated: SCMPL0028274 = 33
[2026-03-13 11:58:12] [INFO] Session quantity updated: SCMPL0028274 = 33
[2026-03-13 11:58:13] [INFO] Session quantity updated: SCMPL0028274 = 334
[2026-03-13 11:58:13] [INFO] Session quantity updated: SCMPL0028274 = 334
[2026-03-13 11:58:14] [INFO] Session quantity updated: SCMPL0028274 = 33
[2026-03-13 11:58:14] [INFO] Session quantity updated: SCMPL0028274 = 33
[2026-03-13 11:58:16] [INFO] Session quantity updated: SCMPL0028274 = 33
[2026-03-13 11:58:37] [INFO] Date range: 2021-04-01 00:00:00 to 2021-04-05, Total days: 5, Dry days: 0, Available days: 5
[2026-03-13 11:58:38] [INFO] === PAGE ACCESS ===
[2026-03-13 11:58:38] [INFO] Request method: GET
[2026-03-13 11:58:38] [INFO] Search term: ''
[2026-03-13 11:58:38] [INFO] Current session ID: l7f4b8h2qk9of4d0gj2vr64t2l
[2026-03-13 11:58:38] [INFO] GLOBAL CHECK: Latest existing sale: 2021-04-05
[2026-03-13 11:58:38] [INFO] Available dates: 
[2026-03-13 11:58:38] [INFO] Unavailable dates (has existing sales): 2021-04-01, 2021-04-02, 2021-04-03, 2021-04-04, 2021-04-05
[2026-03-13 11:58:38] [INFO] Final session quantities count: 0
[2026-03-13 11:58:38] [INFO] Items in current view: 50
[2026-03-13 11:58:38] [INFO] Sales Page Load Debug Info:
Array
(
    [total_items] => 72
    [current_page] => 1
    [total_pages] => 2
    [session_quantities_count] => 0
    [post_quantities_count] => 0
    [date_range] => 2021-04-01 00:00:00 to 2021-04-05
    [days_count] => 5
    [user_id] => 5
    [comp_id] => 5
    [license_type] => FL-III
    [allowed_classes] => Array
        (
            [0] => W
            [1] => V
            [2] => M
            [3] => F
            [4] => D
            [5] => K
            [6] => G
            [7] => R
        )

    [end_date_day] => 05
    [closing_column] => DAY_05_CLOSING
    [end_date_month] => 2021-04
    [stock_filter] => > 0
    [daily_stock_table] => tbldailystock_5_04_21
    [table_suffix] => _04_21
    [current_month] => 2026-03
    [has_restrictions] => 1
    [available_dates] => Array
        (
        )

    [unavailable_dates] => Array
        (
            [0] => 2021-04-01
            [1] => 2021-04-02
            [2] => 2021-04-03
            [3] => 2021-04-04
            [4] => 2021-04-05
        )

    [dry_dates] => Array
        (
        )

    [latest_global_sale] => 2021-04-05
)

[2026-03-13 12:10:06] [INFO] === PAGE ACCESS ===
[2026-03-13 12:10:06] [INFO] Request method: GET
[2026-03-13 12:10:06] [INFO] Search term: ''
[2026-03-13 12:10:06] [INFO] Current session ID: l7f4b8h2qk9of4d0gj2vr64t2l
[2026-03-13 12:10:06] [INFO] Final session quantities count: 0
[2026-03-13 12:10:06] [INFO] Items in current view: 0
[2026-03-13 12:10:06] [INFO] Sales Page Load Debug Info:
Array
(
    [total_items] => 0
    [current_page] => 1
    [total_pages] => 0
    [session_quantities_count] => 0
    [post_quantities_count] => 0
    [date_range] => 2026-03-13 to 2026-03-13
    [days_count] => 1
    [user_id] => 5
    [comp_id] => 5
    [license_type] => FL-III
    [allowed_classes] => Array
        (
            [0] => W
            [1] => V
            [2] => M
            [3] => F
            [4] => D
            [5] => K
            [6] => G
            [7] => R
        )

    [end_date_day] => 13
    [closing_column] => DAY_13_CLOSING
    [end_date_month] => 2026-03
    [stock_filter] => > 0
    [daily_stock_table] => tbldailystock_5
    [table_suffix] => 
    [current_month] => 2026-03
    [has_restrictions] => 
    [available_dates] => Array
        (
            [0] => 2026-03-13
        )

    [unavailable_dates] => Array
        (
        )

    [dry_dates] => Array
        (
        )

    [latest_global_sale] => 
)

[2026-03-13 12:10:26] [INFO] === PAGE ACCESS ===
[2026-03-13 12:10:26] [INFO] Request method: GET
[2026-03-13 12:10:26] [INFO] Search term: ''
[2026-03-13 12:10:26] [INFO] Current session ID: l7f4b8h2qk9of4d0gj2vr64t2l
[2026-03-13 12:10:26] [INFO] Final session quantities count: 0
[2026-03-13 12:10:26] [INFO] Items in current view: 50
[2026-03-13 12:10:26] [INFO] Sales Page Load Debug Info:
Array
(
    [total_items] => 72
    [current_page] => 1
    [total_pages] => 2
    [session_quantities_count] => 0
    [post_quantities_count] => 0
    [date_range] => 2021-04-01 00:00:00 to 2021-04-05
    [days_count] => 5
    [user_id] => 5
    [comp_id] => 5
    [license_type] => FL-III
    [allowed_classes] => Array
        (
            [0] => W
            [1] => V
            [2] => M
            [3] => F
            [4] => D
            [5] => K
            [6] => G
            [7] => R
        )

    [end_date_day] => 05
    [closing_column] => DAY_05_CLOSING
    [end_date_month] => 2021-04
    [stock_filter] => > 0
    [daily_stock_table] => tbldailystock_5_04_21
    [table_suffix] => _04_21
    [current_month] => 2026-03
    [has_restrictions] => 
    [available_dates] => Array
        (
            [0] => 2021-04-01
            [1] => 2021-04-02
            [2] => 2021-04-03
            [3] => 2021-04-04
            [4] => 2021-04-05
        )

    [unavailable_dates] => Array
        (
        )

    [dry_dates] => Array
        (
        )

    [latest_global_sale] => 
)

[2026-03-13 12:10:30] [INFO] Session quantity updated: SCMPL0028274 = 0
[2026-03-13 12:10:30] [INFO] Session quantity updated: SCMPL0028274 = 0
[2026-03-13 12:10:30] [INFO] Session quantity updated: SCMPL0028274 = 4
[2026-03-13 12:10:31] [INFO] Session quantity updated: SCMPL0028274 = 4
[2026-03-13 12:10:31] [INFO] Session quantity updated: SCMPL0028274 = 43
[2026-03-13 12:10:31] [INFO] Session quantity updated: SCMPL0028274 = 43
[2026-03-13 12:10:37] [INFO] Session quantity updated: SCMPL0028274 = 43
[2026-03-13 12:10:44] [INFO] === PAGE ACCESS ===
[2026-03-13 12:10:44] [INFO] Request method: GET
[2026-03-13 12:10:44] [INFO] Search term: ''
[2026-03-13 12:10:44] [INFO] Current session ID: l7f4b8h2qk9of4d0gj2vr64t2l
[2026-03-13 12:10:44] [INFO] Final session quantities count: 0
[2026-03-13 12:10:44] [INFO] Items in current view: 50
[2026-03-13 12:10:44] [INFO] Sales Page Load Debug Info:
Array
(
    [total_items] => 72
    [current_page] => 1
    [total_pages] => 2
    [session_quantities_count] => 0
    [post_quantities_count] => 0
    [date_range] => 2021-04-01 00:00:00 to 2021-04-05
    [days_count] => 5
    [user_id] => 5
    [comp_id] => 5
    [license_type] => FL-III
    [allowed_classes] => Array
        (
            [0] => W
            [1] => V
            [2] => M
            [3] => F
            [4] => D
            [5] => K
            [6] => G
            [7] => R
        )

    [end_date_day] => 05
    [closing_column] => DAY_05_CLOSING
    [end_date_month] => 2021-04
    [stock_filter] => > 0
    [daily_stock_table] => tbldailystock_5_04_21
    [table_suffix] => _04_21
    [current_month] => 2026-03
    [has_restrictions] => 
    [available_dates] => Array
        (
            [0] => 2021-04-01
            [1] => 2021-04-02
            [2] => 2021-04-03
            [3] => 2021-04-04
            [4] => 2021-04-05
        )

    [unavailable_dates] => Array
        (
        )

    [dry_dates] => Array
        (
        )

    [latest_global_sale] => 
)

[2026-03-13 12:10:46] [INFO] Session quantity updated: SCMPL0028274 = 0
[2026-03-13 12:10:46] [INFO] Session quantity updated: SCMPL0028274 = 0
[2026-03-13 12:10:47] [INFO] Session quantity updated: SCMPL0028274 = 0
[2026-03-13 12:10:47] [INFO] Session quantity updated: SCMPL0028274 = 0
[2026-03-13 12:10:47] [INFO] Session quantity updated: SCMPL0028274 = 0
[2026-03-13 12:10:47] [INFO] Session quantity updated: SCMPL0028274 = 0
[2026-03-13 12:10:48] [INFO] Session quantity updated: SCMPL0028274 = 34
[2026-03-13 12:10:48] [INFO] Session quantity updated: SCMPL0028274 = 34
[2026-03-13 12:11:22] [INFO] Session quantity updated: SCMPL0028274 = 34
[2026-03-13 12:11:27] [INFO] Saving pending sales for user 5, company 5
[2026-03-13 12:11:27] [INFO] Items to save:
Array
(
    [SCMPL0028274] => 34
)

[2026-03-13 12:11:27] [INFO] Date range spans 5 days: 2021-04-01, 2021-04-02, 2021-04-03, 2021-04-04, 2021-04-05
[2026-03-13 12:11:27] [INFO] Distributing 34 units across 5 days (random distribution)
[2026-03-13 12:11:27] [INFO] Distribution for 34 units: 4, 10, 7, 4, 9
[2026-03-13 12:11:27] [INFO] Item SCMPL0028274 distribution: 4, 10, 7, 4, 9
[2026-03-13 12:11:27] [INFO] Starting bill generation with volume limits
[2026-03-13 12:11:27] [INFO] Getting category limits for company 5
[2026-03-13 12:11:27] [INFO] Category limits: {"IMFL":"1000.00","BEER":"4000.00","CL":"2000.00"}
[2026-03-13 12:11:27] [INFO] Category Limits - IMFL: 1000.00, BEER: 4000.00, CL: 2000.00
[2026-03-13 12:11:27] [INFO] Getting next bill number
[2026-03-13 12:11:27] [INFO] Next bill number: 1
[2026-03-13 12:11:27] [INFO] Processing date: 2021-04-01 (index: 0)
[2026-03-13 12:11:27] [INFO] Determining category for item SCMPL0028274, mode: F
[2026-03-13 12:11:27] [INFO] Item SCMPL0028274 - DETAILS2: 90 ML (PET)-100
[2026-03-13 12:11:27] [INFO] Item SCMPL0028274 categorized as IMFL (Foreign Liquor with ML size)
[2026-03-13 12:11:27] [INFO] Getting size for item SCMPL0028274, mode: F
[2026-03-13 12:11:27] [INFO] Item SCMPL0028274 - Size from DETAILS2: 90ml
[2026-03-13 12:11:27] [INFO] Date 2021-04-01 - Item SCMPL0028274: Qty=4, Size=90ml, Volume=360ml, Category=IMFL
[2026-03-13 12:11:27] [INFO] Date 2021-04-01 - Categories with items: IMFL
[2026-03-13 12:11:27] [INFO] Processing category: IMFL with limit: 1000.00ml
[2026-03-13 12:11:27] [INFO] Items in category: 1
[2026-03-13 12:11:27] [INFO] Sorted items by volume (descending) for category IMFL:
[2026-03-13 12:11:27] [INFO]   - SCMPL0028274: 360ml
[2026-03-13 12:11:27] [INFO] Added SCMPL0028274 (360ml) to bill. Current volume: 360ml
[2026-03-13 12:11:27] [INFO] Category IMFL - Final bill 1: Volume=360ml, Items=1
[2026-03-13 12:11:27] [INFO] Created 1 bills for category IMFL
[2026-03-13 12:11:27] [INFO] Created bill BL1 for date 2021-04-01 with 1 items, total amount: 4524
[2026-03-13 12:11:27] [INFO] Processing date: 2021-04-02 (index: 1)
[2026-03-13 12:11:27] [INFO] Determining category for item SCMPL0028274, mode: F
[2026-03-13 12:11:27] [INFO] Item SCMPL0028274 - DETAILS2: 90 ML (PET)-100
[2026-03-13 12:11:27] [INFO] Item SCMPL0028274 categorized as IMFL (Foreign Liquor with ML size)
[2026-03-13 12:11:27] [INFO] Getting size for item SCMPL0028274, mode: F
[2026-03-13 12:11:27] [INFO] Item SCMPL0028274 - Size from DETAILS2: 90ml
[2026-03-13 12:11:27] [INFO] Date 2021-04-02 - Item SCMPL0028274: Qty=10, Size=90ml, Volume=900ml, Category=IMFL
[2026-03-13 12:11:27] [INFO] Date 2021-04-02 - Categories with items: IMFL
[2026-03-13 12:11:27] [INFO] Processing category: IMFL with limit: 1000.00ml
[2026-03-13 12:11:27] [INFO] Items in category: 1
[2026-03-13 12:11:27] [INFO] Sorted items by volume (descending) for category IMFL:
[2026-03-13 12:11:27] [INFO]   - SCMPL0028274: 900ml
[2026-03-13 12:11:27] [INFO] Added SCMPL0028274 (900ml) to bill. Current volume: 900ml
[2026-03-13 12:11:27] [INFO] Category IMFL - Final bill 1: Volume=900ml, Items=1
[2026-03-13 12:11:27] [INFO] Created 1 bills for category IMFL
[2026-03-13 12:11:27] [INFO] Created bill BL2 for date 2021-04-02 with 1 items, total amount: 11310
[2026-03-13 12:11:27] [INFO] Processing date: 2021-04-03 (index: 2)
[2026-03-13 12:11:27] [INFO] Determining category for item SCMPL0028274, mode: F
[2026-03-13 12:11:27] [INFO] Item SCMPL0028274 - DETAILS2: 90 ML (PET)-100
[2026-03-13 12:11:27] [INFO] Item SCMPL0028274 categorized as IMFL (Foreign Liquor with ML size)
[2026-03-13 12:11:27] [INFO] Getting size for item SCMPL0028274, mode: F
[2026-03-13 12:11:27] [INFO] Item SCMPL0028274 - Size from DETAILS2: 90ml
[2026-03-13 12:11:27] [INFO] Date 2021-04-03 - Item SCMPL0028274: Qty=7, Size=90ml, Volume=630ml, Category=IMFL
[2026-03-13 12:11:27] [INFO] Date 2021-04-03 - Categories with items: IMFL
[2026-03-13 12:11:27] [INFO] Processing category: IMFL with limit: 1000.00ml
[2026-03-13 12:11:27] [INFO] Items in category: 1
[2026-03-13 12:11:27] [INFO] Sorted items by volume (descending) for category IMFL:
[2026-03-13 12:11:27] [INFO]   - SCMPL0028274: 630ml
[2026-03-13 12:11:27] [INFO] Added SCMPL0028274 (630ml) to bill. Current volume: 630ml
[2026-03-13 12:11:27] [INFO] Category IMFL - Final bill 1: Volume=630ml, Items=1
[2026-03-13 12:11:27] [INFO] Created 1 bills for category IMFL
[2026-03-13 12:11:27] [INFO] Created bill BL3 for date 2021-04-03 with 1 items, total amount: 7917
[2026-03-13 12:11:27] [INFO] Processing date: 2021-04-04 (index: 3)
[2026-03-13 12:11:27] [INFO] Determining category for item SCMPL0028274, mode: F
[2026-03-13 12:11:27] [INFO] Item SCMPL0028274 - DETAILS2: 90 ML (PET)-100
[2026-03-13 12:11:27] [INFO] Item SCMPL0028274 categorized as IMFL (Foreign Liquor with ML size)
[2026-03-13 12:11:27] [INFO] Getting size for item SCMPL0028274, mode: F
[2026-03-13 12:11:27] [INFO] Item SCMPL0028274 - Size from DETAILS2: 90ml
[2026-03-13 12:11:27] [INFO] Date 2021-04-04 - Item SCMPL0028274: Qty=4, Size=90ml, Volume=360ml, Category=IMFL
[2026-03-13 12:11:27] [INFO] Date 2021-04-04 - Categories with items: IMFL
[2026-03-13 12:11:27] [INFO] Processing category: IMFL with limit: 1000.00ml
[2026-03-13 12:11:27] [INFO] Items in category: 1
[2026-03-13 12:11:27] [INFO] Sorted items by volume (descending) for category IMFL:
[2026-03-13 12:11:27] [INFO]   - SCMPL0028274: 360ml
[2026-03-13 12:11:27] [INFO] Added SCMPL0028274 (360ml) to bill. Current volume: 360ml
[2026-03-13 12:11:27] [INFO] Category IMFL - Final bill 1: Volume=360ml, Items=1
[2026-03-13 12:11:27] [INFO] Created 1 bills for category IMFL
[2026-03-13 12:11:27] [INFO] Created bill BL4 for date 2021-04-04 with 1 items, total amount: 4524
[2026-03-13 12:11:27] [INFO] Processing date: 2021-04-05 (index: 4)
[2026-03-13 12:11:27] [INFO] Determining category for item SCMPL0028274, mode: F
[2026-03-13 12:11:27] [INFO] Item SCMPL0028274 - DETAILS2: 90 ML (PET)-100
[2026-03-13 12:11:27] [INFO] Item SCMPL0028274 categorized as IMFL (Foreign Liquor with ML size)
[2026-03-13 12:11:27] [INFO] Getting size for item SCMPL0028274, mode: F
[2026-03-13 12:11:27] [INFO] Item SCMPL0028274 - Size from DETAILS2: 90ml
[2026-03-13 12:11:27] [INFO] Date 2021-04-05 - Item SCMPL0028274: Qty=9, Size=90ml, Volume=810ml, Category=IMFL
[2026-03-13 12:11:27] [INFO] Date 2021-04-05 - Categories with items: IMFL
[2026-03-13 12:11:27] [INFO] Processing category: IMFL with limit: 1000.00ml
[2026-03-13 12:11:27] [INFO] Items in category: 1
[2026-03-13 12:11:27] [INFO] Sorted items by volume (descending) for category IMFL:
[2026-03-13 12:11:27] [INFO]   - SCMPL0028274: 810ml
[2026-03-13 12:11:27] [INFO] Added SCMPL0028274 (810ml) to bill. Current volume: 810ml
[2026-03-13 12:11:27] [INFO] Category IMFL - Final bill 1: Volume=810ml, Items=1
[2026-03-13 12:11:27] [INFO] Created 1 bills for category IMFL
[2026-03-13 12:11:27] [INFO] Created bill BL5 for date 2021-04-05 with 1 items, total amount: 10179
[2026-03-13 12:11:27] [INFO] Total bills created: 5
[2026-03-13 12:11:27] [INFO] Generated 5 bills with volume limits
[2026-03-13 12:11:27] [INFO] Saved 5 bills for later posting. Date range: 2021-04-01 00:00:00 to 2021-04-05. Total Amount: ₹38,454.00
[2026-03-13 12:11:29] [INFO] === PAGE ACCESS ===
[2026-03-13 12:11:29] [INFO] Request method: GET
[2026-03-13 12:11:29] [INFO] Search term: ''
[2026-03-13 12:11:29] [INFO] Current session ID: l7f4b8h2qk9of4d0gj2vr64t2l
[2026-03-13 12:11:29] [INFO] Final session quantities count: 0
[2026-03-13 12:11:29] [INFO] Items in current view: 50
[2026-03-13 12:11:29] [INFO] Sales Page Load Debug Info:
Array
(
    [total_items] => 72
    [current_page] => 1
    [total_pages] => 2
    [session_quantities_count] => 0
    [post_quantities_count] => 0
    [date_range] => 2021-04-01 00:00:00 to 2021-04-05
    [days_count] => 5
    [user_id] => 5
    [comp_id] => 5
    [license_type] => FL-III
    [allowed_classes] => Array
        (
            [0] => W
            [1] => V
            [2] => M
            [3] => F
            [4] => D
            [5] => K
            [6] => G
            [7] => R
        )

    [end_date_day] => 05
    [closing_column] => DAY_05_CLOSING
    [end_date_month] => 2021-04
    [stock_filter] => > 0
    [daily_stock_table] => tbldailystock_5_04_21
    [table_suffix] => _04_21
    [current_month] => 2026-03
    [has_restrictions] => 
    [available_dates] => Array
        (
            [0] => 2021-04-01
            [1] => 2021-04-02
            [2] => 2021-04-03
            [3] => 2021-04-04
            [4] => 2021-04-05
        )

    [unavailable_dates] => Array
        (
        )

    [dry_dates] => Array
        (
        )

    [latest_global_sale] => 
)

[2026-03-13 12:11:33] [INFO] Session quantity updated: SCMPL0028274 = 0
[2026-03-13 12:11:33] [INFO] Session quantity updated: SCMPL0028274 = 0
[2026-03-13 12:11:39] [INFO] Session quantity updated: SCMPL0028274 = 46
[2026-03-13 12:11:39] [INFO] Session quantity updated: SCMPL0028274 = 46
[2026-03-13 12:11:40] [INFO] Session quantity updated: SCMPL0028274 = 0
[2026-03-13 12:11:40] [INFO] Session quantity updated: SCMPL0028274 = 0
[2026-03-13 12:11:41] [INFO] Session quantity updated: SCMPL0028274 = 34
[2026-03-13 12:11:41] [INFO] Session quantity updated: SCMPL0028274 = 34
[2026-03-13 12:11:58] [INFO] Session quantity updated: SCMPL0028274 = 34
[2026-03-13 12:12:01] [INFO] Date range: 2021-04-01 00:00:00 to 2021-04-05, Total days: 5, Dry days: 0, Available days: 5
[2026-03-13 12:12:02] [INFO] === PAGE ACCESS ===
[2026-03-13 12:12:02] [INFO] Request method: GET
[2026-03-13 12:12:02] [INFO] Search term: ''
[2026-03-13 12:12:02] [INFO] Current session ID: l7f4b8h2qk9of4d0gj2vr64t2l
[2026-03-13 12:12:02] [INFO] GLOBAL CHECK: Latest existing sale: 2021-04-05
[2026-03-13 12:12:02] [INFO] Available dates: 
[2026-03-13 12:12:02] [INFO] Unavailable dates (has existing sales): 2021-04-01, 2021-04-02, 2021-04-03, 2021-04-04, 2021-04-05
[2026-03-13 12:12:02] [INFO] Final session quantities count: 0
[2026-03-13 12:12:02] [INFO] Items in current view: 50
[2026-03-13 12:12:02] [INFO] Sales Page Load Debug Info:
Array
(
    [total_items] => 72
    [current_page] => 1
    [total_pages] => 2
    [session_quantities_count] => 0
    [post_quantities_count] => 0
    [date_range] => 2021-04-01 00:00:00 to 2021-04-05
    [days_count] => 5
    [user_id] => 5
    [comp_id] => 5
    [license_type] => FL-III
    [allowed_classes] => Array
        (
            [0] => W
            [1] => V
            [2] => M
            [3] => F
            [4] => D
            [5] => K
            [6] => G
            [7] => R
        )

    [end_date_day] => 05
    [closing_column] => DAY_05_CLOSING
    [end_date_month] => 2021-04
    [stock_filter] => > 0
    [daily_stock_table] => tbldailystock_5_04_21
    [table_suffix] => _04_21
    [current_month] => 2026-03
    [has_restrictions] => 1
    [available_dates] => Array
        (
        )

    [unavailable_dates] => Array
        (
            [0] => 2021-04-01
            [1] => 2021-04-02
            [2] => 2021-04-03
            [3] => 2021-04-04
            [4] => 2021-04-05
        )

    [dry_dates] => Array
        (
        )

    [latest_global_sale] => 2021-04-05
)

[2026-03-13 12:12:08] [INFO] === PAGE ACCESS ===
[2026-03-13 12:12:08] [INFO] Request method: GET
[2026-03-13 12:12:08] [INFO] Search term: ''
[2026-03-13 12:12:08] [INFO] Current session ID: l7f4b8h2qk9of4d0gj2vr64t2l
[2026-03-13 12:12:08] [INFO] Final session quantities count: 0
[2026-03-13 12:12:08] [INFO] Items in current view: 0
[2026-03-13 12:12:08] [INFO] Sales Page Load Debug Info:
Array
(
    [total_items] => 0
    [current_page] => 1
    [total_pages] => 0
    [session_quantities_count] => 0
    [post_quantities_count] => 0
    [date_range] => 2026-03-13 to 2026-03-13
    [days_count] => 1
    [user_id] => 5
    [comp_id] => 5
    [license_type] => FL-III
    [allowed_classes] => Array
        (
            [0] => W
            [1] => V
            [2] => M
            [3] => F
            [4] => D
            [5] => K
            [6] => G
            [7] => R
        )

    [end_date_day] => 13
    [closing_column] => DAY_13_CLOSING
    [end_date_month] => 2026-03
    [stock_filter] => > 0
    [daily_stock_table] => tbldailystock_5
    [table_suffix] => 
    [current_month] => 2026-03
    [has_restrictions] => 
    [available_dates] => Array
        (
            [0] => 2026-03-13
        )

    [unavailable_dates] => Array
        (
        )

    [dry_dates] => Array
        (
        )

    [latest_global_sale] => 
)

[2026-03-13 12:12:29] [INFO] === PAGE ACCESS ===
[2026-03-13 12:12:29] [INFO] Request method: GET
[2026-03-13 12:12:29] [INFO] Search term: ''
[2026-03-13 12:12:29] [INFO] Current session ID: l7f4b8h2qk9of4d0gj2vr64t2l
[2026-03-13 12:12:29] [INFO] Final session quantities count: 0
[2026-03-13 12:12:29] [INFO] Items in current view: 0
[2026-03-13 12:12:29] [INFO] Sales Page Load Debug Info:
Array
(
    [total_items] => 0
    [current_page] => 1
    [total_pages] => 0
    [session_quantities_count] => 0
    [post_quantities_count] => 0
    [date_range] => 2026-03-13 to 2026-03-13
    [days_count] => 1
    [user_id] => 5
    [comp_id] => 5
    [license_type] => FL-III
    [allowed_classes] => Array
        (
            [0] => W
            [1] => V
            [2] => M
            [3] => F
            [4] => D
            [5] => K
            [6] => G
            [7] => R
        )

    [end_date_day] => 13
    [closing_column] => DAY_13_CLOSING
    [end_date_month] => 2026-03
    [stock_filter] => > 0
    [daily_stock_table] => tbldailystock_5
    [table_suffix] => 
    [current_month] => 2026-03
    [has_restrictions] => 
    [available_dates] => Array
        (
            [0] => 2026-03-13
        )

    [unavailable_dates] => Array
        (
        )

    [dry_dates] => Array
        (
        )

    [latest_global_sale] => 
)

[2026-03-13 12:12:52] [INFO] === PAGE ACCESS ===
[2026-03-13 12:12:52] [INFO] Request method: GET
[2026-03-13 12:12:52] [INFO] Search term: ''
[2026-03-13 12:12:52] [INFO] Current session ID: l7f4b8h2qk9of4d0gj2vr64t2l
[2026-03-13 12:12:52] [INFO] Final session quantities count: 0
[2026-03-13 12:12:52] [INFO] Items in current view: 50
[2026-03-13 12:12:52] [INFO] Sales Page Load Debug Info:
Array
(
    [total_items] => 72
    [current_page] => 1
    [total_pages] => 2
    [session_quantities_count] => 0
    [post_quantities_count] => 0
    [date_range] => 2021-04-01 00:00:00 to 2021-04-05
    [days_count] => 5
    [user_id] => 5
    [comp_id] => 5
    [license_type] => FL-III
    [allowed_classes] => Array
        (
            [0] => W
            [1] => V
            [2] => M
            [3] => F
            [4] => D
            [5] => K
            [6] => G
            [7] => R
        )

    [end_date_day] => 05
    [closing_column] => DAY_05_CLOSING
    [end_date_month] => 2021-04
    [stock_filter] => > 0
    [daily_stock_table] => tbldailystock_5_04_21
    [table_suffix] => _04_21
    [current_month] => 2026-03
    [has_restrictions] => 
    [available_dates] => Array
        (
            [0] => 2021-04-01
            [1] => 2021-04-02
            [2] => 2021-04-03
            [3] => 2021-04-04
            [4] => 2021-04-05
        )

    [unavailable_dates] => Array
        (
        )

    [dry_dates] => Array
        (
        )

    [latest_global_sale] => 
)

[2026-03-13 12:12:56] [INFO] Session quantity updated: SCMPL0028274 = 3
[2026-03-13 12:12:57] [INFO] Session quantity updated: SCMPL0028274 = 3
[2026-03-13 12:12:58] [INFO] Session quantity updated: SCMPL0028274 = 34
[2026-03-13 12:12:59] [INFO] Session quantity updated: SCMPL0028274 = 34
[2026-03-13 12:13:16] [INFO] Session quantity updated: SCMPL0028274 = 34
[2026-03-13 12:13:23] [INFO] Date range: 2021-04-01 00:00:00 to 2021-04-05, Total days: 5, Dry days: 0, Available days: 5
[2026-03-13 12:13:24] [INFO] === PAGE ACCESS ===
[2026-03-13 12:13:24] [INFO] Request method: GET
[2026-03-13 12:13:24] [INFO] Search term: ''
[2026-03-13 12:13:24] [INFO] Current session ID: l7f4b8h2qk9of4d0gj2vr64t2l
[2026-03-13 12:13:24] [INFO] GLOBAL CHECK: Latest existing sale: 2021-04-05
[2026-03-13 12:13:24] [INFO] Available dates: 
[2026-03-13 12:13:24] [INFO] Unavailable dates (has existing sales): 2021-04-01, 2021-04-02, 2021-04-03, 2021-04-04, 2021-04-05
[2026-03-13 12:13:24] [INFO] Final session quantities count: 0
[2026-03-13 12:13:24] [INFO] Items in current view: 50
[2026-03-13 12:13:24] [INFO] Sales Page Load Debug Info:
Array
(
    [total_items] => 72
    [current_page] => 1
    [total_pages] => 2
    [session_quantities_count] => 0
    [post_quantities_count] => 0
    [date_range] => 2021-04-01 00:00:00 to 2021-04-05
    [days_count] => 5
    [user_id] => 5
    [comp_id] => 5
    [license_type] => FL-III
    [allowed_classes] => Array
        (
            [0] => W
            [1] => V
            [2] => M
            [3] => F
            [4] => D
            [5] => K
            [6] => G
            [7] => R
        )

    [end_date_day] => 05
    [closing_column] => DAY_05_CLOSING
    [end_date_month] => 2021-04
    [stock_filter] => > 0
    [daily_stock_table] => tbldailystock_5_04_21
    [table_suffix] => _04_21
    [current_month] => 2026-03
    [has_restrictions] => 1
    [available_dates] => Array
        (
        )

    [unavailable_dates] => Array
        (
            [0] => 2021-04-01
            [1] => 2021-04-02
            [2] => 2021-04-03
            [3] => 2021-04-04
            [4] => 2021-04-05
        )

    [dry_dates] => Array
        (
        )

    [latest_global_sale] => 2021-04-05
)

[2026-03-13 12:13:59] [INFO] === PAGE ACCESS ===
[2026-03-13 12:13:59] [INFO] Request method: GET
[2026-03-13 12:13:59] [INFO] Search term: ''
[2026-03-13 12:13:59] [INFO] Current session ID: l7f4b8h2qk9of4d0gj2vr64t2l
[2026-03-13 12:13:59] [INFO] GLOBAL CHECK: Latest existing sale: 2021-04-05
[2026-03-13 12:13:59] [INFO] Available dates: 
[2026-03-13 12:13:59] [INFO] Unavailable dates (has existing sales): 2021-04-01, 2021-04-02, 2021-04-03, 2021-04-04, 2021-04-05
[2026-03-13 12:13:59] [INFO] Final session quantities count: 0
[2026-03-13 12:13:59] [INFO] Items in current view: 50
[2026-03-13 12:13:59] [INFO] Sales Page Load Debug Info:
Array
(
    [total_items] => 72
    [current_page] => 1
    [total_pages] => 2
    [session_quantities_count] => 0
    [post_quantities_count] => 0
    [date_range] => 2021-04-01 00:00:00 to 2021-04-05
    [days_count] => 5
    [user_id] => 5
    [comp_id] => 5
    [license_type] => FL-III
    [allowed_classes] => Array
        (
            [0] => W
            [1] => V
            [2] => M
            [3] => F
            [4] => D
            [5] => K
            [6] => G
            [7] => R
        )

    [end_date_day] => 05
    [closing_column] => DAY_05_CLOSING
    [end_date_month] => 2021-04
    [stock_filter] => > 0
    [daily_stock_table] => tbldailystock_5_04_21
    [table_suffix] => _04_21
    [current_month] => 2026-03
    [has_restrictions] => 1
    [available_dates] => Array
        (
        )

    [unavailable_dates] => Array
        (
            [0] => 2021-04-01
            [1] => 2021-04-02
            [2] => 2021-04-03
            [3] => 2021-04-04
            [4] => 2021-04-05
        )

    [dry_dates] => Array
        (
        )

    [latest_global_sale] => 2021-04-05
)

[2026-03-13 12:14:43] [INFO] === PAGE ACCESS ===
[2026-03-13 12:14:43] [INFO] Request method: GET
[2026-03-13 12:14:43] [INFO] Search term: ''
[2026-03-13 12:14:43] [INFO] Current session ID: l7f4b8h2qk9of4d0gj2vr64t2l
[2026-03-13 12:14:43] [INFO] Final session quantities count: 0
[2026-03-13 12:14:43] [INFO] Items in current view: 0
[2026-03-13 12:14:43] [INFO] Sales Page Load Debug Info:
Array
(
    [total_items] => 0
    [current_page] => 1
    [total_pages] => 0
    [session_quantities_count] => 0
    [post_quantities_count] => 0
    [date_range] => 2026-03-13 to 2026-03-13
    [days_count] => 1
    [user_id] => 5
    [comp_id] => 5
    [license_type] => FL-III
    [allowed_classes] => Array
        (
            [0] => W
            [1] => V
            [2] => M
            [3] => F
            [4] => D
            [5] => K
            [6] => G
            [7] => R
        )

    [end_date_day] => 13
    [closing_column] => DAY_13_CLOSING
    [end_date_month] => 2026-03
    [stock_filter] => > 0
    [daily_stock_table] => tbldailystock_5
    [table_suffix] => 
    [current_month] => 2026-03
    [has_restrictions] => 
    [available_dates] => Array
        (
            [0] => 2026-03-13
        )

    [unavailable_dates] => Array
        (
        )

    [dry_dates] => Array
        (
        )

    [latest_global_sale] => 
)

[2026-03-13 12:15:21] [INFO] === PAGE ACCESS ===
[2026-03-13 12:15:21] [INFO] Request method: GET
[2026-03-13 12:15:21] [INFO] Search term: ''
[2026-03-13 12:15:21] [INFO] Current session ID: l7f4b8h2qk9of4d0gj2vr64t2l
[2026-03-13 12:15:21] [INFO] Final session quantities count: 0
[2026-03-13 12:15:21] [INFO] Items in current view: 50
[2026-03-13 12:15:21] [INFO] Sales Page Load Debug Info:
Array
(
    [total_items] => 72
    [current_page] => 1
    [total_pages] => 2
    [session_quantities_count] => 0
    [post_quantities_count] => 0
    [date_range] => 2021-04-01 00:00:00 to 2021-04-05
    [days_count] => 5
    [user_id] => 5
    [comp_id] => 5
    [license_type] => FL-III
    [allowed_classes] => Array
        (
            [0] => W
            [1] => V
            [2] => M
            [3] => F
            [4] => D
            [5] => K
            [6] => G
            [7] => R
        )

    [end_date_day] => 05
    [closing_column] => DAY_05_CLOSING
    [end_date_month] => 2021-04
    [stock_filter] => > 0
    [daily_stock_table] => tbldailystock_5_04_21
    [table_suffix] => _04_21
    [current_month] => 2026-03
    [has_restrictions] => 
    [available_dates] => Array
        (
            [0] => 2021-04-01
            [1] => 2021-04-02
            [2] => 2021-04-03
            [3] => 2021-04-04
            [4] => 2021-04-05
        )

    [unavailable_dates] => Array
        (
        )

    [dry_dates] => Array
        (
        )

    [latest_global_sale] => 
)

[2026-03-13 12:15:27] [INFO] Session quantity updated: SCMPL0028274 = 0
[2026-03-13 12:15:27] [INFO] Session quantity updated: SCMPL0028274 = 0
[2026-03-13 12:15:27] [INFO] Session quantity updated: SCMPL0028274 = 0
[2026-03-13 12:15:28] [INFO] Session quantity updated: SCMPL0028274 = 0
[2026-03-13 12:15:28] [INFO] Session quantity updated: SCMPL0028274 = 34
[2026-03-13 12:15:28] [INFO] Session quantity updated: SCMPL0028274 = 34
[2026-03-13 12:15:46] [INFO] Session quantity updated: SCMPL0028274 = 34
[2026-03-13 12:16:02] [INFO] Date range: 2021-04-01 00:00:00 to 2021-04-05, Total days: 5, Dry days: 0, Available days: 5
[2026-03-13 12:16:02] [INFO] === PAGE ACCESS ===
[2026-03-13 12:16:02] [INFO] Request method: GET
[2026-03-13 12:16:02] [INFO] Search term: ''
[2026-03-13 12:16:02] [INFO] Current session ID: l7f4b8h2qk9of4d0gj2vr64t2l
[2026-03-13 12:16:02] [INFO] GLOBAL CHECK: Latest existing sale: 2021-04-05
[2026-03-13 12:16:02] [INFO] Available dates: 
[2026-03-13 12:16:02] [INFO] Unavailable dates (has existing sales): 2021-04-01, 2021-04-02, 2021-04-03, 2021-04-04, 2021-04-05
[2026-03-13 12:16:02] [INFO] Final session quantities count: 0
[2026-03-13 12:16:02] [INFO] Items in current view: 50
[2026-03-13 12:16:02] [INFO] Sales Page Load Debug Info:
Array
(
    [total_items] => 72
    [current_page] => 1
    [total_pages] => 2
    [session_quantities_count] => 0
    [post_quantities_count] => 0
    [date_range] => 2021-04-01 00:00:00 to 2021-04-05
    [days_count] => 5
    [user_id] => 5
    [comp_id] => 5
    [license_type] => FL-III
    [allowed_classes] => Array
        (
            [0] => W
            [1] => V
            [2] => M
            [3] => F
            [4] => D
            [5] => K
            [6] => G
            [7] => R
        )

    [end_date_day] => 05
    [closing_column] => DAY_05_CLOSING
    [end_date_month] => 2021-04
    [stock_filter] => > 0
    [daily_stock_table] => tbldailystock_5_04_21
    [table_suffix] => _04_21
    [current_month] => 2026-03
    [has_restrictions] => 1
    [available_dates] => Array
        (
        )

    [unavailable_dates] => Array
        (
            [0] => 2021-04-01
            [1] => 2021-04-02
            [2] => 2021-04-03
            [3] => 2021-04-04
            [4] => 2021-04-05
        )

    [dry_dates] => Array
        (
        )

    [latest_global_sale] => 2021-04-05
)

[2026-03-13 12:27:12] [INFO] === PAGE ACCESS ===
[2026-03-13 12:27:12] [INFO] Request method: GET
[2026-03-13 12:27:12] [INFO] Search term: ''
[2026-03-13 12:27:12] [INFO] Current session ID: l7f4b8h2qk9of4d0gj2vr64t2l
[2026-03-13 12:27:12] [INFO] Final session quantities count: 0
[2026-03-13 12:27:12] [INFO] Items in current view: 0
[2026-03-13 12:27:12] [INFO] Sales Page Load Debug Info:
Array
(
    [total_items] => 0
    [current_page] => 1
    [total_pages] => 0
    [session_quantities_count] => 0
    [post_quantities_count] => 0
    [date_range] => 2026-03-13 to 2026-03-13
    [days_count] => 1
    [user_id] => 5
    [comp_id] => 5
    [license_type] => FL-III
    [allowed_classes] => Array
        (
            [0] => W
            [1] => V
            [2] => M
            [3] => F
            [4] => D
            [5] => K
            [6] => G
            [7] => R
        )

    [end_date_day] => 13
    [closing_column] => DAY_13_CLOSING
    [end_date_month] => 2026-03
    [stock_filter] => > 0
    [daily_stock_table] => tbldailystock_5
    [table_suffix] => 
    [current_month] => 2026-03
    [has_restrictions] => 
    [available_dates] => Array
        (
            [0] => 2026-03-13
        )

    [unavailable_dates] => Array
        (
        )

    [dry_dates] => Array
        (
        )

    [latest_global_sale] => 
)

[2026-03-13 12:27:32] [INFO] === PAGE ACCESS ===
[2026-03-13 12:27:32] [INFO] Request method: GET
[2026-03-13 12:27:32] [INFO] Search term: ''
[2026-03-13 12:27:32] [INFO] Current session ID: l7f4b8h2qk9of4d0gj2vr64t2l
[2026-03-13 12:27:32] [INFO] Final session quantities count: 0
[2026-03-13 12:27:32] [INFO] Items in current view: 0
[2026-03-13 12:27:32] [INFO] Sales Page Load Debug Info:
Array
(
    [total_items] => 0
    [current_page] => 1
    [total_pages] => 0
    [session_quantities_count] => 0
    [post_quantities_count] => 0
    [date_range] => 2026-03-13 to 2026-03-13
    [days_count] => 1
    [user_id] => 5
    [comp_id] => 5
    [license_type] => FL-III
    [allowed_classes] => Array
        (
            [0] => W
            [1] => V
            [2] => M
            [3] => F
            [4] => D
            [5] => K
            [6] => G
            [7] => R
        )

    [end_date_day] => 13
    [closing_column] => DAY_13_CLOSING
    [end_date_month] => 2026-03
    [stock_filter] => > 0
    [daily_stock_table] => tbldailystock_5
    [table_suffix] => 
    [current_month] => 2026-03
    [has_restrictions] => 
    [available_dates] => Array
        (
            [0] => 2026-03-13
        )

    [unavailable_dates] => Array
        (
        )

    [dry_dates] => Array
        (
        )

    [latest_global_sale] => 
)

[2026-03-13 12:27:38] [INFO] === PAGE ACCESS ===
[2026-03-13 12:27:38] [INFO] Request method: GET
[2026-03-13 12:27:38] [INFO] Search term: ''
[2026-03-13 12:27:38] [INFO] Current session ID: l7f4b8h2qk9of4d0gj2vr64t2l
[2026-03-13 12:27:38] [INFO] Final session quantities count: 0
[2026-03-13 12:27:38] [INFO] Items in current view: 50
[2026-03-13 12:27:38] [INFO] Sales Page Load Debug Info:
Array
(
    [total_items] => 110
    [current_page] => 1
    [total_pages] => 3
    [session_quantities_count] => 0
    [post_quantities_count] => 0
    [date_range] => 2026-03-13 to 2022-03-31 23:59:59
    [days_count] => 0
    [user_id] => 5
    [comp_id] => 5
    [license_type] => FL-III
    [allowed_classes] => Array
        (
            [0] => W
            [1] => V
            [2] => M
            [3] => F
            [4] => D
            [5] => K
            [6] => G
            [7] => R
        )

    [end_date_day] => 31
    [closing_column] => DAY_31_CLOSING
    [end_date_month] => 2022-03
    [stock_filter] => > 0
    [daily_stock_table] => tbldailystock_5_03_22
    [table_suffix] => _03_22
    [current_month] => 2026-03
    [has_restrictions] => 
    [available_dates] => Array
        (
        )

    [unavailable_dates] => Array
        (
        )

    [dry_dates] => Array
        (
        )

    [latest_global_sale] => 
)

[2026-03-13 12:27:39] [INFO] === PAGE ACCESS ===
[2026-03-13 12:27:39] [INFO] Request method: GET
[2026-03-13 12:27:39] [INFO] Search term: ''
[2026-03-13 12:27:39] [INFO] Current session ID: l7f4b8h2qk9of4d0gj2vr64t2l
[2026-03-13 12:27:39] [INFO] Final session quantities count: 0
[2026-03-13 12:27:39] [INFO] Items in current view: 50
[2026-03-13 12:27:39] [INFO] Sales Page Load Debug Info:
Array
(
    [total_items] => 110
    [current_page] => 1
    [total_pages] => 3
    [session_quantities_count] => 0
    [post_quantities_count] => 0
    [date_range] => 2026-03-13 to 2022-03-31 23:59:59
    [days_count] => 0
    [user_id] => 5
    [comp_id] => 5
    [license_type] => FL-III
    [allowed_classes] => Array
        (
            [0] => W
            [1] => V
            [2] => M
            [3] => F
            [4] => D
            [5] => K
            [6] => G
            [7] => R
        )

    [end_date_day] => 31
    [closing_column] => DAY_31_CLOSING
    [end_date_month] => 2022-03
    [stock_filter] => > 0
    [daily_stock_table] => tbldailystock_5_03_22
    [table_suffix] => _03_22
    [current_month] => 2026-03
    [has_restrictions] => 
    [available_dates] => Array
        (
        )

    [unavailable_dates] => Array
        (
        )

    [dry_dates] => Array
        (
        )

    [latest_global_sale] => 
)

[2026-03-13 12:27:59] [INFO] === PAGE ACCESS ===
[2026-03-13 12:27:59] [INFO] Request method: GET
[2026-03-13 12:27:59] [INFO] Search term: ''
[2026-03-13 12:27:59] [INFO] Current session ID: l7f4b8h2qk9of4d0gj2vr64t2l
[2026-03-13 12:27:59] [INFO] Final session quantities count: 0
[2026-03-13 12:27:59] [INFO] Items in current view: 50
[2026-03-13 12:27:59] [INFO] Sales Page Load Debug Info:
Array
(
    [total_items] => 72
    [current_page] => 1
    [total_pages] => 2
    [session_quantities_count] => 0
    [post_quantities_count] => 0
    [date_range] => 2021-04-01 00:00:00 to 2021-04-05
    [days_count] => 5
    [user_id] => 5
    [comp_id] => 5
    [license_type] => FL-III
    [allowed_classes] => Array
        (
            [0] => W
            [1] => V
            [2] => M
            [3] => F
            [4] => D
            [5] => K
            [6] => G
            [7] => R
        )

    [end_date_day] => 05
    [closing_column] => DAY_05_CLOSING
    [end_date_month] => 2021-04
    [stock_filter] => > 0
    [daily_stock_table] => tbldailystock_5_04_21
    [table_suffix] => _04_21
    [current_month] => 2026-03
    [has_restrictions] => 
    [available_dates] => Array
        (
            [0] => 2021-04-01
            [1] => 2021-04-02
            [2] => 2021-04-03
            [3] => 2021-04-04
            [4] => 2021-04-05
        )

    [unavailable_dates] => Array
        (
        )

    [dry_dates] => Array
        (
        )

    [latest_global_sale] => 
)

[2026-03-13 12:28:02] [INFO] Session quantity updated: SCMPL0028274 = 0
[2026-03-13 12:28:02] [INFO] Session quantity updated: SCMPL0028274 = 0
[2026-03-13 12:28:03] [INFO] Session quantity updated: SCMPL0028274 = 34
[2026-03-13 12:28:03] [INFO] Session quantity updated: SCMPL0028274 = 34
[2026-03-13 12:28:05] [INFO] Session quantity updated: SCMPL0028274 = 34
[2026-03-13 12:28:07] [INFO] Session quantity updated: SCMPL0028274 = 0
[2026-03-13 12:28:07] [INFO] Session quantity updated: SCMPL0028274 = 0
[2026-03-13 12:28:07] [INFO] Session quantity updated: SCMPL0028274 = 23
[2026-03-13 12:28:08] [INFO] Session quantity updated: SCMPL0028274 = 23
[2026-03-13 12:28:09] [INFO] Session quantity updated: SCMPL0028274 = 23
[2026-03-13 12:28:10] [INFO] Session quantity updated: SCMPL0028274 = 0
[2026-03-13 12:28:11] [INFO] Session quantity updated: SCMPL0028274 = 0
[2026-03-13 12:28:11] [INFO] Session quantity updated: SCMPL0028274 = 3
[2026-03-13 12:28:11] [INFO] Session quantity updated: SCMPL0028274 = 334
[2026-03-13 12:28:11] [INFO] Session quantity updated: SCMPL0028274 = 334
[2026-03-13 12:28:12] [INFO] Session quantity updated: SCMPL0028274 = 33
[2026-03-13 12:28:12] [INFO] Session quantity updated: SCMPL0028274 = 33
[2026-03-13 12:28:13] [INFO] Session quantity updated: SCMPL0028274 = 33
[2026-03-13 12:28:14] [INFO] Session quantity updated: SCMPL0028274 = 34
[2026-03-13 12:28:14] [INFO] Session quantity updated: SCMPL0028274 = 34
[2026-03-13 12:28:15] [INFO] Session quantity updated: SCMPL0028274 = 0
[2026-03-13 12:28:16] [INFO] Session quantity updated: SCMPL0028274 = 0
[2026-03-13 12:28:16] [INFO] Session quantity updated: SCMPL0028274 = 34
[2026-03-13 12:28:16] [INFO] Session quantity updated: SCMPL0028274 = 34
[2026-03-13 12:28:17] [INFO] Session quantity updated: SCMPL0028274 = 34
[2026-03-13 12:28:24] [INFO] Session quantity updated: SCMPL0028274 = 500
[2026-03-13 12:28:25] [INFO] Session quantity updated: SCMPL0028274 = 500
[2026-03-13 12:28:25] [INFO] Session quantity updated: SCMPL0028274 = 0
[2026-03-13 12:28:25] [INFO] Session quantity updated: SCMPL0028274 = 0
[2026-03-13 12:28:27] [INFO] Session quantity updated: SCMPL0028274 = 3
[2026-03-13 12:28:27] [INFO] Session quantity updated: SCMPL0028274 = 3
[2026-03-13 12:28:27] [INFO] Session quantity updated: SCMPL0028274 = 32
[2026-03-13 12:28:28] [INFO] Session quantity updated: SCMPL0028274 = 32
[2026-03-13 12:28:30] [INFO] Session quantity updated: SCMPL0028274 = 32
[2026-03-13 12:28:39] [INFO] Date range: 2021-04-01 00:00:00 to 2021-04-05, Total days: 5, Dry days: 0, Available days: 5
[2026-03-13 12:28:39] [INFO] Using saved distribution for item SCMPL0028274: 7, 7, 6, 8, 4
[2026-03-13 12:28:39] [INFO] === PAGE ACCESS ===
[2026-03-13 12:28:39] [INFO] Request method: GET
[2026-03-13 12:28:39] [INFO] Search term: ''
[2026-03-13 12:28:39] [INFO] Current session ID: l7f4b8h2qk9of4d0gj2vr64t2l
[2026-03-13 12:28:39] [INFO] GLOBAL CHECK: Latest existing sale: 2021-04-05
[2026-03-13 12:28:39] [INFO] Available dates: 
[2026-03-13 12:28:39] [INFO] Unavailable dates (has existing sales): 2021-04-01, 2021-04-02, 2021-04-03, 2021-04-04, 2021-04-05
[2026-03-13 12:28:39] [INFO] Final session quantities count: 0
[2026-03-13 12:28:39] [INFO] Items in current view: 50
[2026-03-13 12:28:39] [INFO] Sales Page Load Debug Info:
Array
(
    [total_items] => 72
    [current_page] => 1
    [total_pages] => 2
    [session_quantities_count] => 0
    [post_quantities_count] => 0
    [date_range] => 2021-04-01 00:00:00 to 2021-04-05
    [days_count] => 5
    [user_id] => 5
    [comp_id] => 5
    [license_type] => FL-III
    [allowed_classes] => Array
        (
            [0] => W
            [1] => V
            [2] => M
            [3] => F
            [4] => D
            [5] => K
            [6] => G
            [7] => R
        )

    [end_date_day] => 05
    [closing_column] => DAY_05_CLOSING
    [end_date_month] => 2021-04
    [stock_filter] => > 0
    [daily_stock_table] => tbldailystock_5_04_21
    [table_suffix] => _04_21
    [current_month] => 2026-03
    [has_restrictions] => 1
    [available_dates] => Array
        (
        )

    [unavailable_dates] => Array
        (
            [0] => 2021-04-01
            [1] => 2021-04-02
            [2] => 2021-04-03
            [3] => 2021-04-04
            [4] => 2021-04-05
        )

    [dry_dates] => Array
        (
        )

    [latest_global_sale] => 2021-04-05
)

[2026-03-13 12:56:11] [INFO] === PAGE ACCESS ===
[2026-03-13 12:56:11] [INFO] Request method: GET
[2026-03-13 12:56:11] [INFO] Search term: ''
[2026-03-13 12:56:11] [INFO] Current session ID: l7f4b8h2qk9of4d0gj2vr64t2l
[2026-03-13 12:56:11] [INFO] Final session quantities count: 0
[2026-03-13 12:56:11] [INFO] Items in current view: 0
[2026-03-13 12:56:11] [INFO] Sales Page Load Debug Info:
Array
(
    [total_items] => 0
    [current_page] => 1
    [total_pages] => 0
    [session_quantities_count] => 0
    [post_quantities_count] => 0
    [date_range] => 2026-03-13 to 2026-03-13
    [days_count] => 1
    [user_id] => 5
    [comp_id] => 5
    [license_type] => FL-III
    [allowed_classes] => Array
        (
            [0] => W
            [1] => V
            [2] => M
            [3] => F
            [4] => D
            [5] => K
            [6] => G
            [7] => R
        )

    [end_date_day] => 13
    [closing_column] => DAY_13_CLOSING
    [end_date_month] => 2026-03
    [stock_filter] => > 0
    [daily_stock_table] => tbldailystock_5
    [table_suffix] => 
    [current_month] => 2026-03
    [has_restrictions] => 
    [available_dates] => Array
        (
            [0] => 2026-03-13
        )

    [unavailable_dates] => Array
        (
        )

    [dry_dates] => Array
        (
        )

    [latest_global_sale] => 
)

[2026-03-13 12:56:19] [INFO] === PAGE ACCESS ===
[2026-03-13 12:56:19] [INFO] Request method: GET
[2026-03-13 12:56:19] [INFO] Search term: ''
[2026-03-13 12:56:19] [INFO] Current session ID: l7f4b8h2qk9of4d0gj2vr64t2l
[2026-03-13 12:56:19] [INFO] Final session quantities count: 0
[2026-03-13 12:56:19] [INFO] Items in current view: 0
[2026-03-13 12:56:19] [INFO] Sales Page Load Debug Info:
Array
(
    [total_items] => 0
    [current_page] => 1
    [total_pages] => 0
    [session_quantities_count] => 0
    [post_quantities_count] => 0
    [date_range] => 2026-03-13 to 2026-03-13
    [days_count] => 1
    [user_id] => 5
    [comp_id] => 5
    [license_type] => FL-III
    [allowed_classes] => Array
        (
            [0] => W
            [1] => V
            [2] => M
            [3] => F
            [4] => D
            [5] => K
            [6] => G
            [7] => R
        )

    [end_date_day] => 13
    [closing_column] => DAY_13_CLOSING
    [end_date_month] => 2026-03
    [stock_filter] => > 0
    [daily_stock_table] => tbldailystock_5
    [table_suffix] => 
    [current_month] => 2026-03
    [has_restrictions] => 
    [available_dates] => Array
        (
            [0] => 2026-03-13
        )

    [unavailable_dates] => Array
        (
        )

    [dry_dates] => Array
        (
        )

    [latest_global_sale] => 
)

[2026-03-13 12:56:40] [INFO] === PAGE ACCESS ===
[2026-03-13 12:56:40] [INFO] Request method: GET
[2026-03-13 12:56:40] [INFO] Search term: ''
[2026-03-13 12:56:40] [INFO] Current session ID: l7f4b8h2qk9of4d0gj2vr64t2l
[2026-03-13 12:56:40] [INFO] GLOBAL CHECK: Latest existing sale: 2021-04-05
[2026-03-13 12:56:40] [INFO] Available dates: 
[2026-03-13 12:56:40] [INFO] Unavailable dates (has existing sales): 2021-04-01, 2021-04-02, 2021-04-03, 2021-04-04, 2021-04-05
[2026-03-13 12:56:40] [INFO] Final session quantities count: 0
[2026-03-13 12:56:40] [INFO] Items in current view: 50
[2026-03-13 12:56:40] [INFO] Sales Page Load Debug Info:
Array
(
    [total_items] => 72
    [current_page] => 1
    [total_pages] => 2
    [session_quantities_count] => 0
    [post_quantities_count] => 0
    [date_range] => 2021-04-01 00:00:00 to 2021-04-05
    [days_count] => 5
    [user_id] => 5
    [comp_id] => 5
    [license_type] => FL-III
    [allowed_classes] => Array
        (
            [0] => W
            [1] => V
            [2] => M
            [3] => F
            [4] => D
            [5] => K
            [6] => G
            [7] => R
        )

    [end_date_day] => 05
    [closing_column] => DAY_05_CLOSING
    [end_date_month] => 2021-04
    [stock_filter] => > 0
    [daily_stock_table] => tbldailystock_5_04_21
    [table_suffix] => _04_21
    [current_month] => 2026-03
    [has_restrictions] => 1
    [available_dates] => Array
        (
        )

    [unavailable_dates] => Array
        (
            [0] => 2021-04-01
            [1] => 2021-04-02
            [2] => 2021-04-03
            [3] => 2021-04-04
            [4] => 2021-04-05
        )

    [dry_dates] => Array
        (
        )

    [latest_global_sale] => 2021-04-05
)

[2026-03-13 12:57:04] [INFO] === PAGE ACCESS ===
[2026-03-13 12:57:04] [INFO] Request method: GET
[2026-03-13 12:57:04] [INFO] Search term: ''
[2026-03-13 12:57:04] [INFO] Current session ID: l7f4b8h2qk9of4d0gj2vr64t2l
[2026-03-13 12:57:04] [INFO] Final session quantities count: 0
[2026-03-13 12:57:04] [INFO] Items in current view: 0
[2026-03-13 12:57:04] [INFO] Sales Page Load Debug Info:
Array
(
    [total_items] => 0
    [current_page] => 1
    [total_pages] => 0
    [session_quantities_count] => 0
    [post_quantities_count] => 0
    [date_range] => 2026-03-13 to 2026-03-13
    [days_count] => 1
    [user_id] => 5
    [comp_id] => 5
    [license_type] => FL-III
    [allowed_classes] => Array
        (
            [0] => W
            [1] => V
            [2] => M
            [3] => F
            [4] => D
            [5] => K
            [6] => G
            [7] => R
        )

    [end_date_day] => 13
    [closing_column] => DAY_13_CLOSING
    [end_date_month] => 2026-03
    [stock_filter] => > 0
    [daily_stock_table] => tbldailystock_5
    [table_suffix] => 
    [current_month] => 2026-03
    [has_restrictions] => 
    [available_dates] => Array
        (
            [0] => 2026-03-13
        )

    [unavailable_dates] => Array
        (
        )

    [dry_dates] => Array
        (
        )

    [latest_global_sale] => 
)

[2026-03-13 12:57:26] [INFO] === PAGE ACCESS ===
[2026-03-13 12:57:26] [INFO] Request method: GET
[2026-03-13 12:57:26] [INFO] Search term: ''
[2026-03-13 12:57:26] [INFO] Current session ID: l7f4b8h2qk9of4d0gj2vr64t2l
[2026-03-13 12:57:26] [INFO] Final session quantities count: 0
[2026-03-13 12:57:26] [INFO] Items in current view: 50
[2026-03-13 12:57:26] [INFO] Sales Page Load Debug Info:
Array
(
    [total_items] => 72
    [current_page] => 1
    [total_pages] => 2
    [session_quantities_count] => 0
    [post_quantities_count] => 0
    [date_range] => 2021-04-01 00:00:00 to 2021-04-05
    [days_count] => 5
    [user_id] => 5
    [comp_id] => 5
    [license_type] => FL-III
    [allowed_classes] => Array
        (
            [0] => W
            [1] => V
            [2] => M
            [3] => F
            [4] => D
            [5] => K
            [6] => G
            [7] => R
        )

    [end_date_day] => 05
    [closing_column] => DAY_05_CLOSING
    [end_date_month] => 2021-04
    [stock_filter] => > 0
    [daily_stock_table] => tbldailystock_5_04_21
    [table_suffix] => _04_21
    [current_month] => 2026-03
    [has_restrictions] => 
    [available_dates] => Array
        (
            [0] => 2021-04-01
            [1] => 2021-04-02
            [2] => 2021-04-03
            [3] => 2021-04-04
            [4] => 2021-04-05
        )

    [unavailable_dates] => Array
        (
        )

    [dry_dates] => Array
        (
        )

    [latest_global_sale] => 
)

[2026-03-13 12:57:29] [INFO] Session quantity updated: SCMPL0028274 = 0
[2026-03-13 12:57:30] [INFO] Session quantity updated: SCMPL0028274 = 23
[2026-03-13 12:57:30] [INFO] Session quantity updated: SCMPL0028274 = 23
[2026-03-13 12:57:31] [INFO] Session quantity updated: SCMPL0028274 = 23
[2026-03-13 13:19:51] [INFO] === PAGE ACCESS ===
[2026-03-13 13:19:51] [INFO] Request method: GET
[2026-03-13 13:19:51] [INFO] Search term: ''
[2026-03-13 13:19:51] [INFO] Current session ID: l7f4b8h2qk9of4d0gj2vr64t2l
[2026-03-13 13:19:51] [INFO] Final session quantities count: 1
[2026-03-13 13:19:51] [INFO] Items in current view: 50
[2026-03-13 13:19:51] [INFO] Sales Page Load Debug Info:
Array
(
    [total_items] => 72
    [current_page] => 1
    [total_pages] => 2
    [session_quantities_count] => 1
    [post_quantities_count] => 0
    [date_range] => 2021-04-01 00:00:00 to 2021-04-05
    [days_count] => 5
    [user_id] => 5
    [comp_id] => 5
    [license_type] => FL-III
    [allowed_classes] => Array
        (
            [0] => W
            [1] => V
            [2] => M
            [3] => F
            [4] => D
            [5] => K
            [6] => G
            [7] => R
        )

    [end_date_day] => 05
    [closing_column] => DAY_05_CLOSING
    [end_date_month] => 2021-04
    [stock_filter] => > 0
    [daily_stock_table] => tbldailystock_5_04_21
    [table_suffix] => _04_21
    [current_month] => 2026-03
    [has_restrictions] => 
    [available_dates] => Array
        (
            [0] => 2021-04-01
            [1] => 2021-04-02
            [2] => 2021-04-03
            [3] => 2021-04-04
            [4] => 2021-04-05
        )

    [unavailable_dates] => Array
        (
        )

    [dry_dates] => Array
        (
        )

    [latest_global_sale] => 
)

[2026-03-13 13:20:01] [INFO] === PAGE ACCESS ===
[2026-03-13 13:20:01] [INFO] Request method: GET
[2026-03-13 13:20:01] [INFO] Search term: ''
[2026-03-13 13:20:01] [INFO] Current session ID: l7f4b8h2qk9of4d0gj2vr64t2l
[2026-03-13 13:20:01] [INFO] Final session quantities count: 0
[2026-03-13 13:20:01] [INFO] Items in current view: 50
[2026-03-13 13:20:01] [INFO] Sales Page Load Debug Info:
Array
(
    [total_items] => 72
    [current_page] => 1
    [total_pages] => 2
    [session_quantities_count] => 0
    [post_quantities_count] => 0
    [date_range] => 2021-04-01 00:00:00 to 2021-04-05
    [days_count] => 5
    [user_id] => 5
    [comp_id] => 5
    [license_type] => FL-III
    [allowed_classes] => Array
        (
            [0] => W
            [1] => V
            [2] => M
            [3] => F
            [4] => D
            [5] => K
            [6] => G
            [7] => R
        )

    [end_date_day] => 05
    [closing_column] => DAY_05_CLOSING
    [end_date_month] => 2021-04
    [stock_filter] => > 0
    [daily_stock_table] => tbldailystock_5_04_21
    [table_suffix] => _04_21
    [current_month] => 2026-03
    [has_restrictions] => 
    [available_dates] => Array
        (
            [0] => 2021-04-01
            [1] => 2021-04-02
            [2] => 2021-04-03
            [3] => 2021-04-04
            [4] => 2021-04-05
        )

    [unavailable_dates] => Array
        (
        )

    [dry_dates] => Array
        (
        )

    [latest_global_sale] => 
)

[2026-03-13 13:20:03] [INFO] Session quantity updated: SCMPL0028274 = 0
[2026-03-13 13:20:03] [INFO] Session quantity updated: SCMPL0028274 = 0
[2026-03-13 13:20:04] [INFO] Session quantity updated: SCMPL0028274 = 2
[2026-03-13 13:20:04] [INFO] Session quantity updated: SCMPL0028274 = 23
[2026-03-13 13:20:04] [INFO] Session quantity updated: SCMPL0028274 = 23
[2026-03-13 13:20:05] [INFO] Session quantity updated: SCMPL0028274 = 23
[2026-03-13 13:21:01] [INFO] === PAGE ACCESS ===
[2026-03-13 13:21:01] [INFO] Request method: GET
[2026-03-13 13:21:01] [INFO] Search term: ''
[2026-03-13 13:21:01] [INFO] Current session ID: l7f4b8h2qk9of4d0gj2vr64t2l
[2026-03-13 13:21:02] [INFO] Final session quantities count: 1
[2026-03-13 13:21:02] [INFO] Items in current view: 0
[2026-03-13 13:21:02] [INFO] Sales Page Load Debug Info:
Array
(
    [total_items] => 0
    [current_page] => 1
    [total_pages] => 0
    [session_quantities_count] => 1
    [post_quantities_count] => 0
    [date_range] => 2026-03-13 to 2026-03-13
    [days_count] => 1
    [user_id] => 5
    [comp_id] => 5
    [license_type] => FL-III
    [allowed_classes] => Array
        (
            [0] => W
            [1] => V
            [2] => M
            [3] => F
            [4] => D
            [5] => K
            [6] => G
            [7] => R
        )

    [end_date_day] => 13
    [closing_column] => DAY_13_CLOSING
    [end_date_month] => 2026-03
    [stock_filter] => > 0
    [daily_stock_table] => tbldailystock_5
    [table_suffix] => 
    [current_month] => 2026-03
    [has_restrictions] => 
    [available_dates] => Array
        (
            [0] => 2026-03-13
        )

    [unavailable_dates] => Array
        (
        )

    [dry_dates] => Array
        (
        )

    [latest_global_sale] => 
)

[2026-03-13 13:21:25] [INFO] === PAGE ACCESS ===
[2026-03-13 13:21:25] [INFO] Request method: GET
[2026-03-13 13:21:25] [INFO] Search term: ''
[2026-03-13 13:21:25] [INFO] Current session ID: l7f4b8h2qk9of4d0gj2vr64t2l
[2026-03-13 13:21:26] [INFO] Final session quantities count: 1
[2026-03-13 13:21:26] [INFO] Items in current view: 50
[2026-03-13 13:21:26] [INFO] Sales Page Load Debug Info:
Array
(
    [total_items] => 72
    [current_page] => 1
    [total_pages] => 2
    [session_quantities_count] => 1
    [post_quantities_count] => 0
    [date_range] => 2021-04-01 00:00:00 to 2021-04-05
    [days_count] => 5
    [user_id] => 5
    [comp_id] => 5
    [license_type] => FL-III
    [allowed_classes] => Array
        (
            [0] => W
            [1] => V
            [2] => M
            [3] => F
            [4] => D
            [5] => K
            [6] => G
            [7] => R
        )

    [end_date_day] => 05
    [closing_column] => DAY_05_CLOSING
    [end_date_month] => 2021-04
    [stock_filter] => > 0
    [daily_stock_table] => tbldailystock_5_04_21
    [table_suffix] => _04_21
    [current_month] => 2026-03
    [has_restrictions] => 
    [available_dates] => Array
        (
            [0] => 2021-04-01
            [1] => 2021-04-02
            [2] => 2021-04-03
            [3] => 2021-04-04
            [4] => 2021-04-05
        )

    [unavailable_dates] => Array
        (
        )

    [dry_dates] => Array
        (
        )

    [latest_global_sale] => 
)

[2026-03-13 13:21:30] [INFO] Session quantity updated: SCMPL0028274 = 453
[2026-03-13 13:21:31] [INFO] Session quantity updated: SCMPL0028274 = 500
[2026-03-13 13:21:32] [INFO] Session quantity updated: SCMPL0028274 = 497
[2026-03-13 13:21:33] [INFO] Session quantity updated: SCMPL0028274 = 500
[2026-03-13 13:21:33] [INFO] Session quantity updated: SCMPL0028274 = 495
[2026-03-13 13:21:34] [INFO] Session quantity updated: SCMPL0028274 = 444
[2026-03-13 13:21:39] [INFO] === PAGE ACCESS ===
[2026-03-13 13:21:39] [INFO] Request method: GET
[2026-03-13 13:21:39] [INFO] Search term: ''
[2026-03-13 13:21:39] [INFO] Current session ID: l7f4b8h2qk9of4d0gj2vr64t2l
[2026-03-13 13:21:40] [INFO] Final session quantities count: 1
[2026-03-13 13:21:40] [INFO] Items in current view: 50
[2026-03-13 13:21:40] [INFO] Sales Page Load Debug Info:
Array
(
    [total_items] => 72
    [current_page] => 1
    [total_pages] => 2
    [session_quantities_count] => 1
    [post_quantities_count] => 0
    [date_range] => 2021-04-01 00:00:00 to 2021-04-05
    [days_count] => 5
    [user_id] => 5
    [comp_id] => 5
    [license_type] => FL-III
    [allowed_classes] => Array
        (
            [0] => W
            [1] => V
            [2] => M
            [3] => F
            [4] => D
            [5] => K
            [6] => G
            [7] => R
        )

    [end_date_day] => 05
    [closing_column] => DAY_05_CLOSING
    [end_date_month] => 2021-04
    [stock_filter] => > 0
    [daily_stock_table] => tbldailystock_5_04_21
    [table_suffix] => _04_21
    [current_month] => 2026-03
    [has_restrictions] => 
    [available_dates] => Array
        (
            [0] => 2021-04-01
            [1] => 2021-04-02
            [2] => 2021-04-03
            [3] => 2021-04-04
            [4] => 2021-04-05
        )

    [unavailable_dates] => Array
        (
        )

    [dry_dates] => Array
        (
        )

    [latest_global_sale] => 
)

[2026-03-13 13:21:44] [INFO] === PAGE ACCESS ===
[2026-03-13 13:21:44] [INFO] Request method: GET
[2026-03-13 13:21:44] [INFO] Search term: ''
[2026-03-13 13:21:44] [INFO] Current session ID: l7f4b8h2qk9of4d0gj2vr64t2l
[2026-03-13 13:21:44] [INFO] Final session quantities count: 1
[2026-03-13 13:21:44] [INFO] Items in current view: 0
[2026-03-13 13:21:44] [INFO] Sales Page Load Debug Info:
Array
(
    [total_items] => 0
    [current_page] => 1
    [total_pages] => 0
    [session_quantities_count] => 1
    [post_quantities_count] => 0
    [date_range] => 2026-03-13 to 2026-03-13
    [days_count] => 1
    [user_id] => 5
    [comp_id] => 5
    [license_type] => FL-III
    [allowed_classes] => Array
        (
            [0] => W
            [1] => V
            [2] => M
            [3] => F
            [4] => D
            [5] => K
            [6] => G
            [7] => R
        )

    [end_date_day] => 13
    [closing_column] => DAY_13_CLOSING
    [end_date_month] => 2026-03
    [stock_filter] => > 0
    [daily_stock_table] => tbldailystock_5
    [table_suffix] => 
    [current_month] => 2026-03
    [has_restrictions] => 
    [available_dates] => Array
        (
            [0] => 2026-03-13
        )

    [unavailable_dates] => Array
        (
        )

    [dry_dates] => Array
        (
        )

    [latest_global_sale] => 
)

[2026-03-13 13:22:06] [INFO] === PAGE ACCESS ===
[2026-03-13 13:22:06] [INFO] Request method: GET
[2026-03-13 13:22:06] [INFO] Search term: ''
[2026-03-13 13:22:06] [INFO] Current session ID: l7f4b8h2qk9of4d0gj2vr64t2l
[2026-03-13 13:22:07] [INFO] Final session quantities count: 1
[2026-03-13 13:22:07] [INFO] Items in current view: 50
[2026-03-13 13:22:07] [INFO] Sales Page Load Debug Info:
Array
(
    [total_items] => 72
    [current_page] => 1
    [total_pages] => 2
    [session_quantities_count] => 1
    [post_quantities_count] => 0
    [date_range] => 2021-04-01 00:00:00 to 2021-04-05
    [days_count] => 5
    [user_id] => 5
    [comp_id] => 5
    [license_type] => FL-III
    [allowed_classes] => Array
        (
            [0] => W
            [1] => V
            [2] => M
            [3] => F
            [4] => D
            [5] => K
            [6] => G
            [7] => R
        )

    [end_date_day] => 05
    [closing_column] => DAY_05_CLOSING
    [end_date_month] => 2021-04
    [stock_filter] => > 0
    [daily_stock_table] => tbldailystock_5_04_21
    [table_suffix] => _04_21
    [current_month] => 2026-03
    [has_restrictions] => 
    [available_dates] => Array
        (
            [0] => 2021-04-01
            [1] => 2021-04-02
            [2] => 2021-04-03
            [3] => 2021-04-04
            [4] => 2021-04-05
        )

    [unavailable_dates] => Array
        (
        )

    [dry_dates] => Array
        (
        )

    [latest_global_sale] => 
)

[2026-03-13 13:22:10] [INFO] Session quantity updated: SCMPL0028274 = 0
[2026-03-13 13:22:10] [INFO] Session quantity updated: SCMPL0028274 = 0
[2026-03-13 13:22:11] [INFO] Session quantity updated: SCMPL0028274 = 3
[2026-03-13 13:22:11] [INFO] Session quantity updated: SCMPL0028274 = 3
[2026-03-13 13:22:11] [INFO] Session quantity updated: SCMPL0028274 = 34
[2026-03-13 13:22:11] [INFO] Session quantity updated: SCMPL0028274 = 34
[2026-03-13 13:22:18] [INFO] Session quantity updated: SCMPL0028274 = 34
[2026-03-13 13:22:27] [INFO] Date range: 2021-04-01 00:00:00 to 2021-04-05, Total days: 5, Dry days: 0, Available days: 5
[2026-03-13 13:22:27] [INFO] Using saved distribution for item SCMPL0028274: 8, 7, 7, 8, 4
[2026-03-13 13:22:27] [INFO] === PAGE ACCESS ===
[2026-03-13 13:22:27] [INFO] Request method: GET
[2026-03-13 13:22:27] [INFO] Search term: ''
[2026-03-13 13:22:27] [INFO] Current session ID: l7f4b8h2qk9of4d0gj2vr64t2l
[2026-03-13 13:22:27] [INFO] GLOBAL CHECK: Latest existing sale: 2021-04-05
[2026-03-13 13:22:27] [INFO] Available dates: 
[2026-03-13 13:22:27] [INFO] Unavailable dates (has existing sales): 2021-04-01, 2021-04-02, 2021-04-03, 2021-04-04, 2021-04-05
[2026-03-13 13:22:27] [INFO] Final session quantities count: 0
[2026-03-13 13:22:27] [INFO] Items in current view: 50
[2026-03-13 13:22:28] [INFO] Sales Page Load Debug Info:
Array
(
    [total_items] => 72
    [current_page] => 1
    [total_pages] => 2
    [session_quantities_count] => 0
    [post_quantities_count] => 0
    [date_range] => 2021-04-01 00:00:00 to 2021-04-05
    [days_count] => 5
    [user_id] => 5
    [comp_id] => 5
    [license_type] => FL-III
    [allowed_classes] => Array
        (
            [0] => W
            [1] => V
            [2] => M
            [3] => F
            [4] => D
            [5] => K
            [6] => G
            [7] => R
        )

    [end_date_day] => 05
    [closing_column] => DAY_05_CLOSING
    [end_date_month] => 2021-04
    [stock_filter] => > 0
    [daily_stock_table] => tbldailystock_5_04_21
    [table_suffix] => _04_21
    [current_month] => 2026-03
    [has_restrictions] => 1
    [available_dates] => Array
        (
        )

    [unavailable_dates] => Array
        (
            [0] => 2021-04-01
            [1] => 2021-04-02
            [2] => 2021-04-03
            [3] => 2021-04-04
            [4] => 2021-04-05
        )

    [dry_dates] => Array
        (
        )

    [latest_global_sale] => 2021-04-05
)

[2026-03-13 13:22:30] [INFO] === PAGE ACCESS ===
[2026-03-13 13:22:30] [INFO] Request method: GET
[2026-03-13 13:22:30] [INFO] Search term: ''
[2026-03-13 13:22:30] [INFO] Current session ID: l7f4b8h2qk9of4d0gj2vr64t2l
[2026-03-13 13:22:30] [INFO] Final session quantities count: 0
[2026-03-13 13:22:30] [INFO] Items in current view: 0
[2026-03-13 13:22:30] [INFO] Sales Page Load Debug Info:
Array
(
    [total_items] => 0
    [current_page] => 1
    [total_pages] => 0
    [session_quantities_count] => 0
    [post_quantities_count] => 0
    [date_range] => 2026-03-13 to 2026-03-13
    [days_count] => 1
    [user_id] => 5
    [comp_id] => 5
    [license_type] => FL-III
    [allowed_classes] => Array
        (
            [0] => W
            [1] => V
            [2] => M
            [3] => F
            [4] => D
            [5] => K
            [6] => G
            [7] => R
        )

    [end_date_day] => 13
    [closing_column] => DAY_13_CLOSING
    [end_date_month] => 2026-03
    [stock_filter] => > 0
    [daily_stock_table] => tbldailystock_5
    [table_suffix] => 
    [current_month] => 2026-03
    [has_restrictions] => 
    [available_dates] => Array
        (
            [0] => 2026-03-13
        )

    [unavailable_dates] => Array
        (
        )

    [dry_dates] => Array
        (
        )

    [latest_global_sale] => 
)

[2026-03-13 13:22:34] [INFO] === PAGE ACCESS ===
[2026-03-13 13:22:34] [INFO] Request method: GET
[2026-03-13 13:22:34] [INFO] Search term: ''
[2026-03-13 13:22:34] [INFO] Current session ID: l7f4b8h2qk9of4d0gj2vr64t2l
[2026-03-13 13:22:35] [INFO] Final session quantities count: 0
[2026-03-13 13:22:35] [INFO] Items in current view: 0
[2026-03-13 13:22:35] [INFO] Sales Page Load Debug Info:
Array
(
    [total_items] => 0
    [current_page] => 1
    [total_pages] => 0
    [session_quantities_count] => 0
    [post_quantities_count] => 0
    [date_range] => 2026-03-13 to 2026-03-13
    [days_count] => 1
    [user_id] => 5
    [comp_id] => 5
    [license_type] => FL-III
    [allowed_classes] => Array
        (
            [0] => W
            [1] => V
            [2] => M
            [3] => F
            [4] => D
            [5] => K
            [6] => G
            [7] => R
        )

    [end_date_day] => 13
    [closing_column] => DAY_13_CLOSING
    [end_date_month] => 2026-03
    [stock_filter] => > 0
    [daily_stock_table] => tbldailystock_5
    [table_suffix] => 
    [current_month] => 2026-03
    [has_restrictions] => 
    [available_dates] => Array
        (
            [0] => 2026-03-13
        )

    [unavailable_dates] => Array
        (
        )

    [dry_dates] => Array
        (
        )

    [latest_global_sale] => 
)

[2026-03-13 13:23:02] [INFO] === PAGE ACCESS ===
[2026-03-13 13:23:02] [INFO] Request method: GET
[2026-03-13 13:23:02] [INFO] Search term: ''
[2026-03-13 13:23:02] [INFO] Current session ID: l7f4b8h2qk9of4d0gj2vr64t2l
[2026-03-13 13:23:02] [INFO] Final session quantities count: 0
[2026-03-13 13:23:02] [INFO] Items in current view: 0
[2026-03-13 13:23:02] [INFO] Sales Page Load Debug Info:
Array
(
    [total_items] => 0
    [current_page] => 1
    [total_pages] => 0
    [session_quantities_count] => 0
    [post_quantities_count] => 0
    [date_range] => 2026-03-13 to 2026-03-13
    [days_count] => 1
    [user_id] => 5
    [comp_id] => 5
    [license_type] => FL-III
    [allowed_classes] => Array
        (
            [0] => W
            [1] => V
            [2] => M
            [3] => F
            [4] => D
            [5] => K
            [6] => G
            [7] => R
        )

    [end_date_day] => 13
    [closing_column] => DAY_13_CLOSING
    [end_date_month] => 2026-03
    [stock_filter] => > 0
    [daily_stock_table] => tbldailystock_5
    [table_suffix] => 
    [current_month] => 2026-03
    [has_restrictions] => 
    [available_dates] => Array
        (
            [0] => 2026-03-13
        )

    [unavailable_dates] => Array
        (
        )

    [dry_dates] => Array
        (
        )

    [latest_global_sale] => 
)

[2026-03-13 13:23:10] [INFO] === PAGE ACCESS ===
[2026-03-13 13:23:10] [INFO] Request method: GET
[2026-03-13 13:23:10] [INFO] Search term: ''
[2026-03-13 13:23:10] [INFO] Current session ID: l7f4b8h2qk9of4d0gj2vr64t2l
[2026-03-13 13:23:10] [INFO] Final session quantities count: 0
[2026-03-13 13:23:10] [INFO] Items in current view: 0
[2026-03-13 13:23:10] [INFO] Sales Page Load Debug Info:
Array
(
    [total_items] => 0
    [current_page] => 1
    [total_pages] => 0
    [session_quantities_count] => 0
    [post_quantities_count] => 0
    [date_range] => 2026-03-13 to 2026-03-13
    [days_count] => 1
    [user_id] => 5
    [comp_id] => 5
    [license_type] => FL-III
    [allowed_classes] => Array
        (
            [0] => W
            [1] => V
            [2] => M
            [3] => F
            [4] => D
            [5] => K
            [6] => G
            [7] => R
        )

    [end_date_day] => 13
    [closing_column] => DAY_13_CLOSING
    [end_date_month] => 2026-03
    [stock_filter] => > 0
    [daily_stock_table] => tbldailystock_5
    [table_suffix] => 
    [current_month] => 2026-03
    [has_restrictions] => 
    [available_dates] => Array
        (
            [0] => 2026-03-13
        )

    [unavailable_dates] => Array
        (
        )

    [dry_dates] => Array
        (
        )

    [latest_global_sale] => 
)

[2026-03-13 13:23:12] [INFO] === PAGE ACCESS ===
[2026-03-13 13:23:12] [INFO] Request method: GET
[2026-03-13 13:23:12] [INFO] Search term: ''
[2026-03-13 13:23:12] [INFO] Current session ID: l7f4b8h2qk9of4d0gj2vr64t2l
[2026-03-13 13:23:13] [INFO] Final session quantities count: 0
[2026-03-13 13:23:13] [INFO] Items in current view: 0
[2026-03-13 13:23:13] [INFO] Sales Page Load Debug Info:
Array
(
    [total_items] => 0
    [current_page] => 1
    [total_pages] => 0
    [session_quantities_count] => 0
    [post_quantities_count] => 0
    [date_range] => 2026-03-13 to 2026-03-13
    [days_count] => 1
    [user_id] => 5
    [comp_id] => 5
    [license_type] => FL-III
    [allowed_classes] => Array
        (
            [0] => W
            [1] => V
            [2] => M
            [3] => F
            [4] => D
            [5] => K
            [6] => G
            [7] => R
        )

    [end_date_day] => 13
    [closing_column] => DAY_13_CLOSING
    [end_date_month] => 2026-03
    [stock_filter] => > 0
    [daily_stock_table] => tbldailystock_5
    [table_suffix] => 
    [current_month] => 2026-03
    [has_restrictions] => 
    [available_dates] => Array
        (
            [0] => 2026-03-13
        )

    [unavailable_dates] => Array
        (
        )

    [dry_dates] => Array
        (
        )

    [latest_global_sale] => 
)

[2026-03-13 13:23:24] [INFO] === PAGE ACCESS ===
[2026-03-13 13:23:24] [INFO] Request method: GET
[2026-03-13 13:23:24] [INFO] Search term: ''
[2026-03-13 13:23:24] [INFO] Current session ID: l7f4b8h2qk9of4d0gj2vr64t2l
[2026-03-13 13:23:24] [INFO] Final session quantities count: 0
[2026-03-13 13:23:24] [INFO] Items in current view: 0
[2026-03-13 13:23:24] [INFO] Sales Page Load Debug Info:
Array
(
    [total_items] => 0
    [current_page] => 1
    [total_pages] => 0
    [session_quantities_count] => 0
    [post_quantities_count] => 0
    [date_range] => 2026-03-13 to 2026-03-13
    [days_count] => 1
    [user_id] => 5
    [comp_id] => 5
    [license_type] => FL-III
    [allowed_classes] => Array
        (
            [0] => W
            [1] => V
            [2] => M
            [3] => F
            [4] => D
            [5] => K
            [6] => G
            [7] => R
        )

    [end_date_day] => 13
    [closing_column] => DAY_13_CLOSING
    [end_date_month] => 2026-03
    [stock_filter] => > 0
    [daily_stock_table] => tbldailystock_5
    [table_suffix] => 
    [current_month] => 2026-03
    [has_restrictions] => 
    [available_dates] => Array
        (
            [0] => 2026-03-13
        )

    [unavailable_dates] => Array
        (
        )

    [dry_dates] => Array
        (
        )

    [latest_global_sale] => 
)

[2026-03-13 13:23:25] [INFO] === PAGE ACCESS ===
[2026-03-13 13:23:25] [INFO] Request method: GET
[2026-03-13 13:23:25] [INFO] Search term: ''
[2026-03-13 13:23:25] [INFO] Current session ID: l7f4b8h2qk9of4d0gj2vr64t2l
[2026-03-13 13:23:25] [INFO] Final session quantities count: 0
[2026-03-13 13:23:25] [INFO] Items in current view: 0
[2026-03-13 13:23:25] [INFO] Sales Page Load Debug Info:
Array
(
    [total_items] => 0
    [current_page] => 1
    [total_pages] => 0
    [session_quantities_count] => 0
    [post_quantities_count] => 0
    [date_range] => 2026-03-13 to 2026-03-13
    [days_count] => 1
    [user_id] => 5
    [comp_id] => 5
    [license_type] => FL-III
    [allowed_classes] => Array
        (
            [0] => W
            [1] => V
            [2] => M
            [3] => F
            [4] => D
            [5] => K
            [6] => G
            [7] => R
        )

    [end_date_day] => 13
    [closing_column] => DAY_13_CLOSING
    [end_date_month] => 2026-03
    [stock_filter] => > 0
    [daily_stock_table] => tbldailystock_5
    [table_suffix] => 
    [current_month] => 2026-03
    [has_restrictions] => 
    [available_dates] => Array
        (
            [0] => 2026-03-13
        )

    [unavailable_dates] => Array
        (
        )

    [dry_dates] => Array
        (
        )

    [latest_global_sale] => 
)

[2026-03-13 13:23:26] [INFO] === PAGE ACCESS ===
[2026-03-13 13:23:26] [INFO] Request method: GET
[2026-03-13 13:23:26] [INFO] Search term: ''
[2026-03-13 13:23:26] [INFO] Current session ID: l7f4b8h2qk9of4d0gj2vr64t2l
[2026-03-13 13:23:26] [INFO] Final session quantities count: 0
[2026-03-13 13:23:26] [INFO] Items in current view: 0
[2026-03-13 13:23:26] [INFO] Sales Page Load Debug Info:
Array
(
    [total_items] => 0
    [current_page] => 1
    [total_pages] => 0
    [session_quantities_count] => 0
    [post_quantities_count] => 0
    [date_range] => 2026-03-13 to 2026-03-13
    [days_count] => 1
    [user_id] => 5
    [comp_id] => 5
    [license_type] => FL-III
    [allowed_classes] => Array
        (
            [0] => W
            [1] => V
            [2] => M
            [3] => F
            [4] => D
            [5] => K
            [6] => G
            [7] => R
        )

    [end_date_day] => 13
    [closing_column] => DAY_13_CLOSING
    [end_date_month] => 2026-03
    [stock_filter] => > 0
    [daily_stock_table] => tbldailystock_5
    [table_suffix] => 
    [current_month] => 2026-03
    [has_restrictions] => 
    [available_dates] => Array
        (
            [0] => 2026-03-13
        )

    [unavailable_dates] => Array
        (
        )

    [dry_dates] => Array
        (
        )

    [latest_global_sale] => 
)

[2026-03-13 13:23:29] [INFO] === PAGE ACCESS ===
[2026-03-13 13:23:29] [INFO] Request method: GET
[2026-03-13 13:23:29] [INFO] Search term: ''
[2026-03-13 13:23:29] [INFO] Current session ID: l7f4b8h2qk9of4d0gj2vr64t2l
[2026-03-13 13:23:29] [INFO] Final session quantities count: 0
[2026-03-13 13:23:29] [INFO] Items in current view: 0
[2026-03-13 13:23:29] [INFO] Sales Page Load Debug Info:
Array
(
    [total_items] => 0
    [current_page] => 1
    [total_pages] => 0
    [session_quantities_count] => 0
    [post_quantities_count] => 0
    [date_range] => 2026-03-13 to 2026-03-13
    [days_count] => 1
    [user_id] => 5
    [comp_id] => 5
    [license_type] => FL-III
    [allowed_classes] => Array
        (
            [0] => W
            [1] => V
            [2] => M
            [3] => F
            [4] => D
            [5] => K
            [6] => G
            [7] => R
        )

    [end_date_day] => 13
    [closing_column] => DAY_13_CLOSING
    [end_date_month] => 2026-03
    [stock_filter] => > 0
    [daily_stock_table] => tbldailystock_5
    [table_suffix] => 
    [current_month] => 2026-03
    [has_restrictions] => 
    [available_dates] => Array
        (
            [0] => 2026-03-13
        )

    [unavailable_dates] => Array
        (
        )

    [dry_dates] => Array
        (
        )

    [latest_global_sale] => 
)

[2026-03-13 13:23:31] [INFO] === PAGE ACCESS ===
[2026-03-13 13:23:31] [INFO] Request method: GET
[2026-03-13 13:23:31] [INFO] Search term: ''
[2026-03-13 13:23:31] [INFO] Current session ID: l7f4b8h2qk9of4d0gj2vr64t2l
[2026-03-13 13:23:31] [INFO] Final session quantities count: 0
[2026-03-13 13:23:31] [INFO] Items in current view: 0
[2026-03-13 13:23:31] [INFO] Sales Page Load Debug Info:
Array
(
    [total_items] => 0
    [current_page] => 1
    [total_pages] => 0
    [session_quantities_count] => 0
    [post_quantities_count] => 0
    [date_range] => 2026-03-13 to 2026-03-13
    [days_count] => 1
    [user_id] => 5
    [comp_id] => 5
    [license_type] => FL-III
    [allowed_classes] => Array
        (
            [0] => W
            [1] => V
            [2] => M
            [3] => F
            [4] => D
            [5] => K
            [6] => G
            [7] => R
        )

    [end_date_day] => 13
    [closing_column] => DAY_13_CLOSING
    [end_date_month] => 2026-03
    [stock_filter] => > 0
    [daily_stock_table] => tbldailystock_5
    [table_suffix] => 
    [current_month] => 2026-03
    [has_restrictions] => 
    [available_dates] => Array
        (
            [0] => 2026-03-13
        )

    [unavailable_dates] => Array
        (
        )

    [dry_dates] => Array
        (
        )

    [latest_global_sale] => 
)

[2026-03-13 13:23:31] [INFO] === PAGE ACCESS ===
[2026-03-13 13:23:31] [INFO] Request method: GET
[2026-03-13 13:23:31] [INFO] Search term: ''
[2026-03-13 13:23:31] [INFO] Current session ID: l7f4b8h2qk9of4d0gj2vr64t2l
[2026-03-13 13:23:31] [INFO] Final session quantities count: 0
[2026-03-13 13:23:31] [INFO] Items in current view: 0
[2026-03-13 13:23:31] [INFO] Sales Page Load Debug Info:
Array
(
    [total_items] => 0
    [current_page] => 1
    [total_pages] => 0
    [session_quantities_count] => 0
    [post_quantities_count] => 0
    [date_range] => 2026-03-13 to 2026-03-13
    [days_count] => 1
    [user_id] => 5
    [comp_id] => 5
    [license_type] => FL-III
    [allowed_classes] => Array
        (
            [0] => W
            [1] => V
            [2] => M
            [3] => F
            [4] => D
            [5] => K
            [6] => G
            [7] => R
        )

    [end_date_day] => 13
    [closing_column] => DAY_13_CLOSING
    [end_date_month] => 2026-03
    [stock_filter] => > 0
    [daily_stock_table] => tbldailystock_5
    [table_suffix] => 
    [current_month] => 2026-03
    [has_restrictions] => 
    [available_dates] => Array
        (
            [0] => 2026-03-13
        )

    [unavailable_dates] => Array
        (
        )

    [dry_dates] => Array
        (
        )

    [latest_global_sale] => 
)

[2026-03-13 13:23:31] [INFO] === PAGE ACCESS ===
[2026-03-13 13:23:31] [INFO] Request method: GET
[2026-03-13 13:23:31] [INFO] Search term: ''
[2026-03-13 13:23:31] [INFO] Current session ID: l7f4b8h2qk9of4d0gj2vr64t2l
[2026-03-13 13:23:32] [INFO] Final session quantities count: 0
[2026-03-13 13:23:32] [INFO] Items in current view: 0
[2026-03-13 13:23:32] [INFO] Sales Page Load Debug Info:
Array
(
    [total_items] => 0
    [current_page] => 1
    [total_pages] => 0
    [session_quantities_count] => 0
    [post_quantities_count] => 0
    [date_range] => 2026-03-13 to 2026-03-13
    [days_count] => 1
    [user_id] => 5
    [comp_id] => 5
    [license_type] => FL-III
    [allowed_classes] => Array
        (
            [0] => W
            [1] => V
            [2] => M
            [3] => F
            [4] => D
            [5] => K
            [6] => G
            [7] => R
        )

    [end_date_day] => 13
    [closing_column] => DAY_13_CLOSING
    [end_date_month] => 2026-03
    [stock_filter] => > 0
    [daily_stock_table] => tbldailystock_5
    [table_suffix] => 
    [current_month] => 2026-03
    [has_restrictions] => 
    [available_dates] => Array
        (
            [0] => 2026-03-13
        )

    [unavailable_dates] => Array
        (
        )

    [dry_dates] => Array
        (
        )

    [latest_global_sale] => 
)

[2026-03-13 13:23:32] [INFO] === PAGE ACCESS ===
[2026-03-13 13:23:32] [INFO] Request method: GET
[2026-03-13 13:23:32] [INFO] Search term: ''
[2026-03-13 13:23:32] [INFO] Current session ID: l7f4b8h2qk9of4d0gj2vr64t2l
[2026-03-13 13:23:32] [INFO] Final session quantities count: 0
[2026-03-13 13:23:32] [INFO] Items in current view: 0
[2026-03-13 13:23:32] [INFO] Sales Page Load Debug Info:
Array
(
    [total_items] => 0
    [current_page] => 1
    [total_pages] => 0
    [session_quantities_count] => 0
    [post_quantities_count] => 0
    [date_range] => 2026-03-13 to 2026-03-13
    [days_count] => 1
    [user_id] => 5
    [comp_id] => 5
    [license_type] => FL-III
    [allowed_classes] => Array
        (
            [0] => W
            [1] => V
            [2] => M
            [3] => F
            [4] => D
            [5] => K
            [6] => G
            [7] => R
        )

    [end_date_day] => 13
    [closing_column] => DAY_13_CLOSING
    [end_date_month] => 2026-03
    [stock_filter] => > 0
    [daily_stock_table] => tbldailystock_5
    [table_suffix] => 
    [current_month] => 2026-03
    [has_restrictions] => 
    [available_dates] => Array
        (
            [0] => 2026-03-13
        )

    [unavailable_dates] => Array
        (
        )

    [dry_dates] => Array
        (
        )

    [latest_global_sale] => 
)

[2026-03-13 13:23:39] [INFO] === PAGE ACCESS ===
[2026-03-13 13:23:39] [INFO] Request method: GET
[2026-03-13 13:23:39] [INFO] Search term: ''
[2026-03-13 13:23:39] [INFO] Current session ID: l7f4b8h2qk9of4d0gj2vr64t2l
[2026-03-13 13:23:39] [INFO] Final session quantities count: 0
[2026-03-13 13:23:39] [INFO] Items in current view: 0
[2026-03-13 13:23:39] [INFO] Sales Page Load Debug Info:
Array
(
    [total_items] => 0
    [current_page] => 1
    [total_pages] => 0
    [session_quantities_count] => 0
    [post_quantities_count] => 0
    [date_range] => 2026-03-13 to 2026-03-13
    [days_count] => 1
    [user_id] => 5
    [comp_id] => 5
    [license_type] => FL-III
    [allowed_classes] => Array
        (
            [0] => W
            [1] => V
            [2] => M
            [3] => F
            [4] => D
            [5] => K
            [6] => G
            [7] => R
        )

    [end_date_day] => 13
    [closing_column] => DAY_13_CLOSING
    [end_date_month] => 2026-03
    [stock_filter] => > 0
    [daily_stock_table] => tbldailystock_5
    [table_suffix] => 
    [current_month] => 2026-03
    [has_restrictions] => 
    [available_dates] => Array
        (
            [0] => 2026-03-13
        )

    [unavailable_dates] => Array
        (
        )

    [dry_dates] => Array
        (
        )

    [latest_global_sale] => 
)

[2026-03-13 13:23:40] [INFO] === PAGE ACCESS ===
[2026-03-13 13:23:40] [INFO] Request method: GET
[2026-03-13 13:23:40] [INFO] Search term: ''
[2026-03-13 13:23:40] [INFO] Current session ID: l7f4b8h2qk9of4d0gj2vr64t2l
[2026-03-13 13:23:40] [INFO] Final session quantities count: 0
[2026-03-13 13:23:40] [INFO] Items in current view: 0
[2026-03-13 13:23:40] [INFO] Sales Page Load Debug Info:
Array
(
    [total_items] => 0
    [current_page] => 1
    [total_pages] => 0
    [session_quantities_count] => 0
    [post_quantities_count] => 0
    [date_range] => 2026-03-13 to 2026-03-13
    [days_count] => 1
    [user_id] => 5
    [comp_id] => 5
    [license_type] => FL-III
    [allowed_classes] => Array
        (
            [0] => W
            [1] => V
            [2] => M
            [3] => F
            [4] => D
            [5] => K
            [6] => G
            [7] => R
        )

    [end_date_day] => 13
    [closing_column] => DAY_13_CLOSING
    [end_date_month] => 2026-03
    [stock_filter] => > 0
    [daily_stock_table] => tbldailystock_5
    [table_suffix] => 
    [current_month] => 2026-03
    [has_restrictions] => 
    [available_dates] => Array
        (
            [0] => 2026-03-13
        )

    [unavailable_dates] => Array
        (
        )

    [dry_dates] => Array
        (
        )

    [latest_global_sale] => 
)

[2026-03-13 13:23:44] [INFO] === PAGE ACCESS ===
[2026-03-13 13:23:44] [INFO] Request method: GET
[2026-03-13 13:23:44] [INFO] Search term: ''
[2026-03-13 13:23:44] [INFO] Current session ID: l7f4b8h2qk9of4d0gj2vr64t2l
[2026-03-13 13:23:45] [INFO] Final session quantities count: 0
[2026-03-13 13:23:45] [INFO] Items in current view: 0
[2026-03-13 13:23:45] [INFO] Sales Page Load Debug Info:
Array
(
    [total_items] => 0
    [current_page] => 1
    [total_pages] => 0
    [session_quantities_count] => 0
    [post_quantities_count] => 0
    [date_range] => 2026-03-13 to 2026-03-13
    [days_count] => 1
    [user_id] => 5
    [comp_id] => 5
    [license_type] => FL-III
    [allowed_classes] => Array
        (
            [0] => W
            [1] => V
            [2] => M
            [3] => F
            [4] => D
            [5] => K
            [6] => G
            [7] => R
        )

    [end_date_day] => 13
    [closing_column] => DAY_13_CLOSING
    [end_date_month] => 2026-03
    [stock_filter] => > 0
    [daily_stock_table] => tbldailystock_5
    [table_suffix] => 
    [current_month] => 2026-03
    [has_restrictions] => 
    [available_dates] => Array
        (
            [0] => 2026-03-13
        )

    [unavailable_dates] => Array
        (
        )

    [dry_dates] => Array
        (
        )

    [latest_global_sale] => 
)

[2026-03-13 13:30:20] [INFO] === PAGE ACCESS ===
[2026-03-13 13:30:20] [INFO] Request method: GET
[2026-03-13 13:30:20] [INFO] Search term: ''
[2026-03-13 13:30:20] [INFO] Current session ID: l7f4b8h2qk9of4d0gj2vr64t2l
[2026-03-13 13:30:20] [INFO] Final session quantities count: 0
[2026-03-13 13:30:20] [INFO] Items in current view: 0
[2026-03-13 13:30:20] [INFO] Sales Page Load Debug Info:
Array
(
    [total_items] => 0
    [current_page] => 1
    [total_pages] => 0
    [session_quantities_count] => 0
    [post_quantities_count] => 0
    [date_range] => 2026-03-13 to 2026-03-13
    [days_count] => 1
    [user_id] => 5
    [comp_id] => 5
    [license_type] => FL-III
    [allowed_classes] => Array
        (
            [0] => W
            [1] => V
            [2] => M
            [3] => F
            [4] => D
            [5] => K
            [6] => G
            [7] => R
        )

    [end_date_day] => 13
    [closing_column] => DAY_13_CLOSING
    [end_date_month] => 2026-03
    [stock_filter] => > 0
    [daily_stock_table] => tbldailystock_5
    [table_suffix] => 
    [current_month] => 2026-03
    [has_restrictions] => 
    [available_dates] => Array
        (
            [0] => 2026-03-13
        )

    [unavailable_dates] => Array
        (
        )

    [dry_dates] => Array
        (
        )

    [latest_global_sale] => 
)

[2026-03-13 13:30:21] [INFO] === PAGE ACCESS ===
[2026-03-13 13:30:21] [INFO] Request method: GET
[2026-03-13 13:30:21] [INFO] Search term: ''
[2026-03-13 13:30:21] [INFO] Current session ID: l7f4b8h2qk9of4d0gj2vr64t2l
[2026-03-13 13:30:21] [INFO] Final session quantities count: 0
[2026-03-13 13:30:21] [INFO] Items in current view: 0
[2026-03-13 13:30:21] [INFO] Sales Page Load Debug Info:
Array
(
    [total_items] => 0
    [current_page] => 1
    [total_pages] => 0
    [session_quantities_count] => 0
    [post_quantities_count] => 0
    [date_range] => 2026-03-13 to 2026-03-13
    [days_count] => 1
    [user_id] => 5
    [comp_id] => 5
    [license_type] => FL-III
    [allowed_classes] => Array
        (
            [0] => W
            [1] => V
            [2] => M
            [3] => F
            [4] => D
            [5] => K
            [6] => G
            [7] => R
        )

    [end_date_day] => 13
    [closing_column] => DAY_13_CLOSING
    [end_date_month] => 2026-03
    [stock_filter] => > 0
    [daily_stock_table] => tbldailystock_5
    [table_suffix] => 
    [current_month] => 2026-03
    [has_restrictions] => 
    [available_dates] => Array
        (
            [0] => 2026-03-13
        )

    [unavailable_dates] => Array
        (
        )

    [dry_dates] => Array
        (
        )

    [latest_global_sale] => 
)

[2026-03-13 13:30:24] [INFO] === PAGE ACCESS ===
[2026-03-13 13:30:24] [INFO] Request method: GET
[2026-03-13 13:30:24] [INFO] Search term: ''
[2026-03-13 13:30:24] [INFO] Current session ID: l7f4b8h2qk9of4d0gj2vr64t2l
[2026-03-13 13:30:24] [INFO] Final session quantities count: 0
[2026-03-13 13:30:24] [INFO] Items in current view: 0
[2026-03-13 13:30:24] [INFO] Sales Page Load Debug Info:
Array
(
    [total_items] => 0
    [current_page] => 1
    [total_pages] => 0
    [session_quantities_count] => 0
    [post_quantities_count] => 0
    [date_range] => 2026-03-13 to 2026-03-13
    [days_count] => 1
    [user_id] => 5
    [comp_id] => 5
    [license_type] => FL-III
    [allowed_classes] => Array
        (
            [0] => W
            [1] => V
            [2] => M
            [3] => F
            [4] => D
            [5] => K
            [6] => G
            [7] => R
        )

    [end_date_day] => 13
    [closing_column] => DAY_13_CLOSING
    [end_date_month] => 2026-03
    [stock_filter] => > 0
    [daily_stock_table] => tbldailystock_5
    [table_suffix] => 
    [current_month] => 2026-03
    [has_restrictions] => 
    [available_dates] => Array
        (
            [0] => 2026-03-13
        )

    [unavailable_dates] => Array
        (
        )

    [dry_dates] => Array
        (
        )

    [latest_global_sale] => 
)

[2026-03-13 13:30:29] [INFO] === PAGE ACCESS ===
[2026-03-13 13:30:29] [INFO] Request method: GET
[2026-03-13 13:30:29] [INFO] Search term: ''
[2026-03-13 13:30:29] [INFO] Current session ID: l7f4b8h2qk9of4d0gj2vr64t2l
[2026-03-13 13:30:29] [INFO] Final session quantities count: 0
[2026-03-13 13:30:29] [INFO] Items in current view: 0
[2026-03-13 13:30:29] [INFO] Sales Page Load Debug Info:
Array
(
    [total_items] => 0
    [current_page] => 1
    [total_pages] => 0
    [session_quantities_count] => 0
    [post_quantities_count] => 0
    [date_range] => 2026-03-13 to 2026-03-13
    [days_count] => 1
    [user_id] => 5
    [comp_id] => 5
    [license_type] => FL-III
    [allowed_classes] => Array
        (
            [0] => W
            [1] => V
            [2] => M
            [3] => F
            [4] => D
            [5] => K
            [6] => G
            [7] => R
        )

    [end_date_day] => 13
    [closing_column] => DAY_13_CLOSING
    [end_date_month] => 2026-03
    [stock_filter] => > 0
    [daily_stock_table] => tbldailystock_5
    [table_suffix] => 
    [current_month] => 2026-03
    [has_restrictions] => 
    [available_dates] => Array
        (
            [0] => 2026-03-13
        )

    [unavailable_dates] => Array
        (
        )

    [dry_dates] => Array
        (
        )

    [latest_global_sale] => 
)

[2026-03-13 13:30:32] [INFO] === PAGE ACCESS ===
[2026-03-13 13:30:32] [INFO] Request method: GET
[2026-03-13 13:30:32] [INFO] Search term: ''
[2026-03-13 13:30:32] [INFO] Current session ID: l7f4b8h2qk9of4d0gj2vr64t2l
[2026-03-13 13:30:32] [INFO] Final session quantities count: 0
[2026-03-13 13:30:32] [INFO] Items in current view: 0
[2026-03-13 13:30:32] [INFO] Sales Page Load Debug Info:
Array
(
    [total_items] => 0
    [current_page] => 1
    [total_pages] => 0
    [session_quantities_count] => 0
    [post_quantities_count] => 0
    [date_range] => 2026-03-13 to 2026-03-13
    [days_count] => 1
    [user_id] => 5
    [comp_id] => 5
    [license_type] => FL-III
    [allowed_classes] => Array
        (
            [0] => W
            [1] => V
            [2] => M
            [3] => F
            [4] => D
            [5] => K
            [6] => G
            [7] => R
        )

    [end_date_day] => 13
    [closing_column] => DAY_13_CLOSING
    [end_date_month] => 2026-03
    [stock_filter] => > 0
    [daily_stock_table] => tbldailystock_5
    [table_suffix] => 
    [current_month] => 2026-03
    [has_restrictions] => 
    [available_dates] => Array
        (
            [0] => 2026-03-13
        )

    [unavailable_dates] => Array
        (
        )

    [dry_dates] => Array
        (
        )

    [latest_global_sale] => 
)

[2026-03-13 13:30:56] [INFO] === PAGE ACCESS ===
[2026-03-13 13:30:56] [INFO] Request method: GET
[2026-03-13 13:30:56] [INFO] Search term: ''
[2026-03-13 13:30:56] [INFO] Current session ID: l7f4b8h2qk9of4d0gj2vr64t2l
[2026-03-13 13:30:57] [INFO] Final session quantities count: 0
[2026-03-13 13:30:57] [INFO] Items in current view: 0
[2026-03-13 13:30:57] [INFO] Sales Page Load Debug Info:
Array
(
    [total_items] => 0
    [current_page] => 1
    [total_pages] => 0
    [session_quantities_count] => 0
    [post_quantities_count] => 0
    [date_range] => 2026-03-13 to 2026-03-13
    [days_count] => 1
    [user_id] => 5
    [comp_id] => 5
    [license_type] => FL-III
    [allowed_classes] => Array
        (
            [0] => W
            [1] => V
            [2] => M
            [3] => F
            [4] => D
            [5] => K
            [6] => G
            [7] => R
        )

    [end_date_day] => 13
    [closing_column] => DAY_13_CLOSING
    [end_date_month] => 2026-03
    [stock_filter] => > 0
    [daily_stock_table] => tbldailystock_5
    [table_suffix] => 
    [current_month] => 2026-03
    [has_restrictions] => 
    [available_dates] => Array
        (
            [0] => 2026-03-13
        )

    [unavailable_dates] => Array
        (
        )

    [dry_dates] => Array
        (
        )

    [latest_global_sale] => 
)

[2026-03-13 13:31:35] [INFO] === PAGE ACCESS ===
[2026-03-13 13:31:35] [INFO] Request method: GET
[2026-03-13 13:31:35] [INFO] Search term: ''
[2026-03-13 13:31:35] [INFO] Current session ID: l7f4b8h2qk9of4d0gj2vr64t2l
[2026-03-13 13:31:35] [INFO] GLOBAL CHECK: Latest existing sale: 2021-04-05
[2026-03-13 13:31:35] [INFO] Available dates: 
[2026-03-13 13:31:35] [INFO] Unavailable dates (has existing sales): 2021-04-01
[2026-03-13 13:31:35] [INFO] Final session quantities count: 0
[2026-03-13 13:31:35] [INFO] Items in current view: 50
[2026-03-13 13:31:35] [INFO] Sales Page Load Debug Info:
Array
(
    [total_items] => 72
    [current_page] => 1
    [total_pages] => 2
    [session_quantities_count] => 0
    [post_quantities_count] => 0
    [date_range] => 2021-04-01 00:00:00 to 2021-04-01
    [days_count] => 1
    [user_id] => 5
    [comp_id] => 5
    [license_type] => FL-III
    [allowed_classes] => Array
        (
            [0] => W
            [1] => V
            [2] => M
            [3] => F
            [4] => D
            [5] => K
            [6] => G
            [7] => R
        )

    [end_date_day] => 01
    [closing_column] => DAY_01_CLOSING
    [end_date_month] => 2021-04
    [stock_filter] => > 0
    [daily_stock_table] => tbldailystock_5_04_21
    [table_suffix] => _04_21
    [current_month] => 2026-03
    [has_restrictions] => 1
    [available_dates] => Array
        (
        )

    [unavailable_dates] => Array
        (
            [0] => 2021-04-01
        )

    [dry_dates] => Array
        (
        )

    [latest_global_sale] => 2021-04-05
)

[2026-03-13 13:31:58] [INFO] === PAGE ACCESS ===
[2026-03-13 13:31:58] [INFO] Request method: GET
[2026-03-13 13:31:58] [INFO] Search term: ''
[2026-03-13 13:31:58] [INFO] Current session ID: l7f4b8h2qk9of4d0gj2vr64t2l
[2026-03-13 13:31:58] [INFO] Final session quantities count: 0
[2026-03-13 13:31:58] [INFO] Items in current view: 0
[2026-03-13 13:31:58] [INFO] Sales Page Load Debug Info:
Array
(
    [total_items] => 0
    [current_page] => 1
    [total_pages] => 0
    [session_quantities_count] => 0
    [post_quantities_count] => 0
    [date_range] => 2026-03-13 to 2026-03-13
    [days_count] => 1
    [user_id] => 5
    [comp_id] => 5
    [license_type] => FL-III
    [allowed_classes] => Array
        (
            [0] => W
            [1] => V
            [2] => M
            [3] => F
            [4] => D
            [5] => K
            [6] => G
            [7] => R
        )

    [end_date_day] => 13
    [closing_column] => DAY_13_CLOSING
    [end_date_month] => 2026-03
    [stock_filter] => > 0
    [daily_stock_table] => tbldailystock_5
    [table_suffix] => 
    [current_month] => 2026-03
    [has_restrictions] => 
    [available_dates] => Array
        (
            [0] => 2026-03-13
        )

    [unavailable_dates] => Array
        (
        )

    [dry_dates] => Array
        (
        )

    [latest_global_sale] => 
)

[2026-03-13 13:32:01] [INFO] === PAGE ACCESS ===
[2026-03-13 13:32:01] [INFO] Request method: GET
[2026-03-13 13:32:01] [INFO] Search term: ''
[2026-03-13 13:32:01] [INFO] Current session ID: l7f4b8h2qk9of4d0gj2vr64t2l
[2026-03-13 13:32:01] [INFO] Final session quantities count: 0
[2026-03-13 13:32:01] [INFO] Items in current view: 0
[2026-03-13 13:32:01] [INFO] Sales Page Load Debug Info:
Array
(
    [total_items] => 0
    [current_page] => 1
    [total_pages] => 0
    [session_quantities_count] => 0
    [post_quantities_count] => 0
    [date_range] => 2026-03-13 to 2026-03-13
    [days_count] => 1
    [user_id] => 5
    [comp_id] => 5
    [license_type] => FL-III
    [allowed_classes] => Array
        (
            [0] => W
            [1] => V
            [2] => M
            [3] => F
            [4] => D
            [5] => K
            [6] => G
            [7] => R
        )

    [end_date_day] => 13
    [closing_column] => DAY_13_CLOSING
    [end_date_month] => 2026-03
    [stock_filter] => > 0
    [daily_stock_table] => tbldailystock_5
    [table_suffix] => 
    [current_month] => 2026-03
    [has_restrictions] => 
    [available_dates] => Array
        (
            [0] => 2026-03-13
        )

    [unavailable_dates] => Array
        (
        )

    [dry_dates] => Array
        (
        )

    [latest_global_sale] => 
)

[2026-03-13 13:32:20] [INFO] === PAGE ACCESS ===
[2026-03-13 13:32:20] [INFO] Request method: GET
[2026-03-13 13:32:20] [INFO] Search term: ''
[2026-03-13 13:32:20] [INFO] Current session ID: l7f4b8h2qk9of4d0gj2vr64t2l
[2026-03-13 13:32:20] [INFO] Final session quantities count: 0
[2026-03-13 13:32:20] [INFO] Items in current view: 50
[2026-03-13 13:32:20] [INFO] Sales Page Load Debug Info:
Array
(
    [total_items] => 72
    [current_page] => 1
    [total_pages] => 2
    [session_quantities_count] => 0
    [post_quantities_count] => 0
    [date_range] => 2021-04-01 00:00:00 to 2021-04-05
    [days_count] => 5
    [user_id] => 5
    [comp_id] => 5
    [license_type] => FL-III
    [allowed_classes] => Array
        (
            [0] => W
            [1] => V
            [2] => M
            [3] => F
            [4] => D
            [5] => K
            [6] => G
            [7] => R
        )

    [end_date_day] => 05
    [closing_column] => DAY_05_CLOSING
    [end_date_month] => 2021-04
    [stock_filter] => > 0
    [daily_stock_table] => tbldailystock_5_04_21
    [table_suffix] => _04_21
    [current_month] => 2026-03
    [has_restrictions] => 
    [available_dates] => Array
        (
            [0] => 2021-04-01
            [1] => 2021-04-02
            [2] => 2021-04-03
            [3] => 2021-04-04
            [4] => 2021-04-05
        )

    [unavailable_dates] => Array
        (
        )

    [dry_dates] => Array
        (
        )

    [latest_global_sale] => 
)

[2026-03-13 13:32:23] [INFO] Session quantity updated: SCMPL0028274 = 0
[2026-03-13 13:32:24] [INFO] Session quantity updated: SCMPL0028274 = 34
[2026-03-13 13:32:24] [INFO] Session quantity updated: SCMPL0028274 = 34
[2026-03-13 13:32:25] [INFO] Session quantity updated: SCMPL0028274 = 34
[2026-03-13 13:33:01] [INFO] === PAGE ACCESS ===
[2026-03-13 13:33:01] [INFO] Request method: GET
[2026-03-13 13:33:01] [INFO] Search term: ''
[2026-03-13 13:33:01] [INFO] Current session ID: l7f4b8h2qk9of4d0gj2vr64t2l
[2026-03-13 13:33:01] [INFO] Final session quantities count: 1
[2026-03-13 13:33:01] [INFO] Items in current view: 0
[2026-03-13 13:33:01] [INFO] Sales Page Load Debug Info:
Array
(
    [total_items] => 0
    [current_page] => 1
    [total_pages] => 0
    [session_quantities_count] => 1
    [post_quantities_count] => 0
    [date_range] => 2026-03-13 to 2026-03-13
    [days_count] => 1
    [user_id] => 5
    [comp_id] => 5
    [license_type] => FL-III
    [allowed_classes] => Array
        (
            [0] => W
            [1] => V
            [2] => M
            [3] => F
            [4] => D
            [5] => K
            [6] => G
            [7] => R
        )

    [end_date_day] => 13
    [closing_column] => DAY_13_CLOSING
    [end_date_month] => 2026-03
    [stock_filter] => > 0
    [daily_stock_table] => tbldailystock_5
    [table_suffix] => 
    [current_month] => 2026-03
    [has_restrictions] => 
    [available_dates] => Array
        (
            [0] => 2026-03-13
        )

    [unavailable_dates] => Array
        (
        )

    [dry_dates] => Array
        (
        )

    [latest_global_sale] => 
)

[2026-03-13 13:33:19] [INFO] === PAGE ACCESS ===
[2026-03-13 13:33:19] [INFO] Request method: GET
[2026-03-13 13:33:19] [INFO] Search term: ''
[2026-03-13 13:33:19] [INFO] Current session ID: l7f4b8h2qk9of4d0gj2vr64t2l
[2026-03-13 13:33:19] [INFO] Final session quantities count: 1
[2026-03-13 13:33:19] [INFO] Items in current view: 50
[2026-03-13 13:33:19] [INFO] Sales Page Load Debug Info:
Array
(
    [total_items] => 72
    [current_page] => 1
    [total_pages] => 2
    [session_quantities_count] => 1
    [post_quantities_count] => 0
    [date_range] => 2021-04-01 00:00:00 to 2021-04-05
    [days_count] => 5
    [user_id] => 5
    [comp_id] => 5
    [license_type] => FL-III
    [allowed_classes] => Array
        (
            [0] => W
            [1] => V
            [2] => M
            [3] => F
            [4] => D
            [5] => K
            [6] => G
            [7] => R
        )

    [end_date_day] => 05
    [closing_column] => DAY_05_CLOSING
    [end_date_month] => 2021-04
    [stock_filter] => > 0
    [daily_stock_table] => tbldailystock_5_04_21
    [table_suffix] => _04_21
    [current_month] => 2026-03
    [has_restrictions] => 
    [available_dates] => Array
        (
            [0] => 2021-04-01
            [1] => 2021-04-02
            [2] => 2021-04-03
            [3] => 2021-04-04
            [4] => 2021-04-05
        )

    [unavailable_dates] => Array
        (
        )

    [dry_dates] => Array
        (
        )

    [latest_global_sale] => 
)

[2026-03-13 13:39:49] [INFO] === PAGE ACCESS ===
[2026-03-13 13:39:49] [INFO] Request method: GET
[2026-03-13 13:39:49] [INFO] Search term: ''
[2026-03-13 13:39:49] [INFO] Current session ID: l7f4b8h2qk9of4d0gj2vr64t2l
[2026-03-13 13:39:50] [INFO] Final session quantities count: 1
[2026-03-13 13:39:50] [INFO] Items in current view: 50
[2026-03-13 13:39:50] [INFO] Sales Page Load Debug Info:
Array
(
    [total_items] => 72
    [current_page] => 1
    [total_pages] => 2
    [session_quantities_count] => 1
    [post_quantities_count] => 0
    [date_range] => 2021-04-01 00:00:00 to 2021-04-05
    [days_count] => 5
    [user_id] => 5
    [comp_id] => 5
    [license_type] => FL-III
    [allowed_classes] => Array
        (
            [0] => W
            [1] => V
            [2] => M
            [3] => F
            [4] => D
            [5] => K
            [6] => G
            [7] => R
        )

    [end_date_day] => 05
    [closing_column] => DAY_05_CLOSING
    [end_date_month] => 2021-04
    [stock_filter] => > 0
    [daily_stock_table] => tbldailystock_5_04_21
    [table_suffix] => _04_21
    [current_month] => 2026-03
    [has_restrictions] => 
    [available_dates] => Array
        (
            [0] => 2021-04-01
            [1] => 2021-04-02
            [2] => 2021-04-03
            [3] => 2021-04-04
            [4] => 2021-04-05
        )

    [unavailable_dates] => Array
        (
        )

    [dry_dates] => Array
        (
        )

    [latest_global_sale] => 
)

[2026-03-13 13:45:41] [INFO] === PAGE ACCESS ===
[2026-03-13 13:45:41] [INFO] Request method: GET
[2026-03-13 13:45:41] [INFO] Search term: ''
[2026-03-13 13:45:41] [INFO] Current session ID: l7f4b8h2qk9of4d0gj2vr64t2l
[2026-03-13 13:45:41] [INFO] Final session quantities count: 1
[2026-03-13 13:45:41] [INFO] Items in current view: 0
[2026-03-13 13:45:41] [INFO] Sales Page Load Debug Info:
Array
(
    [total_items] => 0
    [current_page] => 1
    [total_pages] => 0
    [session_quantities_count] => 1
    [post_quantities_count] => 0
    [date_range] => 2021-04-01 00:00:00 to 2021-04-05
    [days_count] => 5
    [user_id] => 5
    [comp_id] => 5
    [license_type] => FL-III
    [allowed_classes] => Array
        (
            [0] => W
            [1] => V
            [2] => M
            [3] => F
            [4] => D
            [5] => K
            [6] => G
            [7] => R
        )

    [end_date_day] => 05
    [closing_column] => DAY_05_CLOSING
    [end_date_month] => 2021-04
    [stock_filter] => > 0
    [daily_stock_table] => tbldailystock_5_04_21
    [table_suffix] => _04_21
    [current_month] => 2026-03
    [has_restrictions] => 
    [available_dates] => Array
        (
            [0] => 2021-04-01
            [1] => 2021-04-02
            [2] => 2021-04-03
            [3] => 2021-04-04
            [4] => 2021-04-05
        )

    [unavailable_dates] => Array
        (
        )

    [dry_dates] => Array
        (
        )

    [latest_global_sale] => 
)

[2026-03-13 14:13:03] [INFO] === PAGE ACCESS ===
[2026-03-13 14:13:03] [INFO] Request method: GET
[2026-03-13 14:13:03] [INFO] Search term: ''
[2026-03-13 14:13:03] [INFO] Current session ID: l7f4b8h2qk9of4d0gj2vr64t2l
[2026-03-13 14:13:03] [INFO] Final session quantities count: 1
[2026-03-13 14:13:03] [INFO] Items in current view: 0
[2026-03-13 14:13:03] [INFO] Sales Page Load Debug Info:
Array
(
    [total_items] => 0
    [current_page] => 1
    [total_pages] => 0
    [session_quantities_count] => 1
    [post_quantities_count] => 0
    [date_range] => 2026-03-13 to 2026-03-13
    [days_count] => 1
    [user_id] => 5
    [comp_id] => 5
    [license_type] => FL-III
    [allowed_classes] => Array
        (
            [0] => W
            [1] => V
            [2] => M
            [3] => F
            [4] => D
            [5] => K
            [6] => G
            [7] => R
        )

    [end_date_day] => 13
    [closing_column] => DAY_13_CLOSING
    [end_date_month] => 2026-03
    [stock_filter] => > 0
    [daily_stock_table] => tbldailystock_5
    [table_suffix] => 
    [current_month] => 2026-03
    [has_restrictions] => 
    [available_dates] => Array
        (
            [0] => 2026-03-13
        )

    [unavailable_dates] => Array
        (
        )

    [dry_dates] => Array
        (
        )

    [latest_global_sale] => 
)

[2026-03-13 14:13:27] [INFO] === PAGE ACCESS ===
[2026-03-13 14:13:27] [INFO] Request method: GET
[2026-03-13 14:13:27] [INFO] Search term: ''
[2026-03-13 14:13:27] [INFO] Current session ID: l7f4b8h2qk9of4d0gj2vr64t2l
[2026-03-13 14:13:27] [INFO] Final session quantities count: 1
[2026-03-13 14:13:27] [INFO] Items in current view: 10
[2026-03-13 14:13:27] [INFO] Sales Page Load Debug Info:
Array
(
    [total_items] => 10
    [current_page] => 1
    [total_pages] => 1
    [session_quantities_count] => 1
    [post_quantities_count] => 0
    [date_range] => 2021-04-08 to 2021-04-09
    [days_count] => 2
    [user_id] => 5
    [comp_id] => 5
    [license_type] => FL-III
    [allowed_classes] => Array
        (
            [0] => W
            [1] => V
            [2] => M
            [3] => F
            [4] => D
            [5] => K
            [6] => G
            [7] => R
        )

    [end_date_day] => 09
    [closing_column] => DAY_09_CLOSING
    [end_date_month] => 2021-04
    [stock_filter] => > 0
    [daily_stock_table] => tbldailystock_5_04_21
    [table_suffix] => _04_21
    [current_month] => 2026-03
    [has_restrictions] => 
    [available_dates] => Array
        (
            [0] => 2021-04-08
            [1] => 2021-04-09
        )

    [unavailable_dates] => Array
        (
        )

    [dry_dates] => Array
        (
        )

    [latest_global_sale] => 
)

[2026-03-13 14:13:36] [INFO] Session quantity updated: SCMPL0010612 = 0
[2026-03-13 14:13:39] [INFO] Session quantity updated: SCMPL0010612 = 3
[2026-03-13 14:13:39] [INFO] Session quantity updated: SCMPL0010612 = 34
[2026-03-13 14:13:53] [INFO] === PAGE ACCESS ===
[2026-03-13 14:13:53] [INFO] Request method: GET
[2026-03-13 14:13:53] [INFO] Search term: ''
[2026-03-13 14:13:53] [INFO] Current session ID: l7f4b8h2qk9of4d0gj2vr64t2l
[2026-03-13 14:13:53] [INFO] Final session quantities count: 2
[2026-03-13 14:13:53] [INFO] Items in current view: 10
[2026-03-13 14:13:53] [INFO] Sales Page Load Debug Info:
Array
(
    [total_items] => 10
    [current_page] => 1
    [total_pages] => 1
    [session_quantities_count] => 2
    [post_quantities_count] => 0
    [date_range] => 2021-04-08 to 2021-04-13
    [days_count] => 6
    [user_id] => 5
    [comp_id] => 5
    [license_type] => FL-III
    [allowed_classes] => Array
        (
            [0] => W
            [1] => V
            [2] => M
            [3] => F
            [4] => D
            [5] => K
            [6] => G
            [7] => R
        )

    [end_date_day] => 13
    [closing_column] => DAY_13_CLOSING
    [end_date_month] => 2021-04
    [stock_filter] => > 0
    [daily_stock_table] => tbldailystock_5_04_21
    [table_suffix] => _04_21
    [current_month] => 2026-03
    [has_restrictions] => 
    [available_dates] => Array
        (
            [0] => 2021-04-08
            [1] => 2021-04-09
            [2] => 2021-04-10
            [3] => 2021-04-11
            [4] => 2021-04-12
            [5] => 2021-04-13
        )

    [unavailable_dates] => Array
        (
        )

    [dry_dates] => Array
        (
        )

    [latest_global_sale] => 
)

[2026-03-13 14:14:11] [INFO] Session quantity updated: SCMPL0010612 = 3
[2026-03-13 14:14:11] [INFO] Session quantity updated: SCMPL0010612 = 0
[2026-03-13 14:14:12] [INFO] Session quantity updated: SCMPL0010612 = 3
[2026-03-13 14:14:13] [INFO] Session quantity updated: SCMPL0010612 = 35
[2026-03-13 14:14:14] [INFO] Session quantity updated: SCMPL0010612 = 100
[2026-03-13 14:14:15] [INFO] Session quantity updated: SCMPL0010612 = 10
[2026-03-13 14:14:15] [INFO] Session quantity updated: SCMPL0010612 = 0
[2026-03-13 14:14:17] [INFO] Session quantity updated: SCMPL0010612 = 35
[2026-03-13 14:14:17] [INFO] Session quantity updated: SCMPL0010612 = 100
[2026-03-13 14:14:18] [INFO] Session quantity updated: SCMPL0010612 = 100
[2026-03-13 14:14:19] [INFO] Session quantity updated: SCMPL0010612 = 34
[2026-03-13 14:14:20] [INFO] Session quantity updated: SCMPL0010612 = 100
[2026-03-13 14:14:21] [INFO] Session quantity updated: SCMPL0010612 = 0
[2026-03-13 14:14:21] [INFO] Session quantity updated: SCMPL0010612 = 34
[2026-03-13 14:14:21] [INFO] Session quantity updated: SCMPL0010612 = 100
[2026-03-13 14:14:22] [INFO] Session quantity updated: SCMPL0010612 = 10
[2026-03-13 14:14:23] [INFO] Session quantity updated: SCMPL0010612 = 1
[2026-03-13 14:14:24] [INFO] Session quantity updated: SCMPL0010612 = 0
[2026-03-13 14:14:25] [INFO] Session quantity updated: SCMPL0010612 = 3
[2026-03-13 14:14:26] [INFO] Session quantity updated: SCMPL0010612 = 38
[2026-03-13 14:14:30] [INFO] === PAGE ACCESS ===
[2026-03-13 14:14:30] [INFO] Request method: GET
[2026-03-13 14:14:30] [INFO] Search term: ''
[2026-03-13 14:14:30] [INFO] Current session ID: l7f4b8h2qk9of4d0gj2vr64t2l
[2026-03-13 14:14:30] [INFO] Final session quantities count: 2
[2026-03-13 14:14:30] [INFO] Items in current view: 10
[2026-03-13 14:14:30] [INFO] Sales Page Load Debug Info:
Array
(
    [total_items] => 10
    [current_page] => 1
    [total_pages] => 1
    [session_quantities_count] => 2
    [post_quantities_count] => 0
    [date_range] => 2021-04-08 to 2021-04-13
    [days_count] => 6
    [user_id] => 5
    [comp_id] => 5
    [license_type] => FL-III
    [allowed_classes] => Array
        (
            [0] => W
            [1] => V
            [2] => M
            [3] => F
            [4] => D
            [5] => K
            [6] => G
            [7] => R
        )

    [end_date_day] => 13
    [closing_column] => DAY_13_CLOSING
    [end_date_month] => 2021-04
    [stock_filter] => > 0
    [daily_stock_table] => tbldailystock_5_04_21
    [table_suffix] => _04_21
    [current_month] => 2026-03
    [has_restrictions] => 
    [available_dates] => Array
        (
            [0] => 2021-04-08
            [1] => 2021-04-09
            [2] => 2021-04-10
            [3] => 2021-04-11
            [4] => 2021-04-12
            [5] => 2021-04-13
        )

    [unavailable_dates] => Array
        (
        )

    [dry_dates] => Array
        (
        )

    [latest_global_sale] => 
)

[2026-03-13 14:15:00] [INFO] Date range: 2021-04-08 to 2021-04-13, Total days: 6, Dry days: 0, Available days: 6
[2026-03-13 14:15:00] [INFO] Using saved distribution for item SCMPL0028274: 6, 3, 10, 7, 8
[2026-03-13 14:15:00] [INFO] Using saved distribution for item SCMPL0010612: 8, 9, 6, 4, 6, 5
[2026-03-13 14:15:00] [ERROR] Table 'winesoft.tbldailystock_5_03_21' doesn't exist
[2026-03-13 14:15:07] [INFO] Date range: 2021-04-08 to 2021-04-13, Total days: 6, Dry days: 0, Available days: 6
[2026-03-13 14:15:07] [INFO] Using saved distribution for item SCMPL0028274: 6, 3, 10, 7, 8
[2026-03-13 14:15:07] [INFO] Using saved distribution for item SCMPL0010612: 8, 9, 6, 4, 6, 5
[2026-03-13 14:15:07] [ERROR] Table 'winesoft.tbldailystock_5_03_21' doesn't exist
[2026-03-13 14:15:33] [INFO] Date range: 2021-04-08 to 2021-04-13, Total days: 6, Dry days: 0, Available days: 6
[2026-03-13 14:15:33] [INFO] Using saved distribution for item SCMPL0028274: 6, 3, 10, 7, 8
[2026-03-13 14:15:33] [INFO] Using saved distribution for item SCMPL0010612: 8, 9, 6, 4, 6, 5
[2026-03-13 14:15:33] [ERROR] Table 'winesoft.tbldailystock_5_03_21' doesn't exist
[2026-03-13 14:15:57] [INFO] Date range: 2021-04-08 to 2021-04-13, Total days: 6, Dry days: 0, Available days: 6
[2026-03-13 14:15:57] [INFO] Using saved distribution for item SCMPL0028274: 6, 3, 10, 7, 8
[2026-03-13 14:15:57] [INFO] Using saved distribution for item SCMPL0010612: 8, 9, 6, 4, 6, 5
[2026-03-13 14:15:57] [ERROR] Table 'winesoft.tbldailystock_5_03_21' doesn't exist
[2026-03-13 14:32:35] [INFO] === PAGE ACCESS ===
[2026-03-13 14:32:35] [INFO] Request method: GET
[2026-03-13 14:32:35] [INFO] Search term: ''
[2026-03-13 14:32:35] [INFO] Current session ID: l7f4b8h2qk9of4d0gj2vr64t2l
[2026-03-13 14:32:36] [INFO] Final session quantities count: 2
[2026-03-13 14:32:36] [INFO] Items in current view: 10
[2026-03-13 14:32:36] [INFO] Sales Page Load Debug Info:
Array
(
    [total_items] => 10
    [current_page] => 1
    [total_pages] => 1
    [session_quantities_count] => 2
    [post_quantities_count] => 0
    [date_range] => 2021-04-08 to 2021-04-13
    [days_count] => 6
    [user_id] => 5
    [comp_id] => 5
    [license_type] => FL-III
    [allowed_classes] => Array
        (
            [0] => W
            [1] => V
            [2] => M
            [3] => F
            [4] => D
            [5] => K
            [6] => G
            [7] => R
        )

    [end_date_day] => 13
    [closing_column] => DAY_13_CLOSING
    [end_date_month] => 2021-04
    [stock_filter] => > 0
    [daily_stock_table] => tbldailystock_5_04_21
    [table_suffix] => _04_21
    [current_month] => 2026-03
    [has_restrictions] => 
    [available_dates] => Array
        (
            [0] => 2021-04-08
            [1] => 2021-04-09
            [2] => 2021-04-10
            [3] => 2021-04-11
            [4] => 2021-04-12
            [5] => 2021-04-13
        )

    [unavailable_dates] => Array
        (
        )

    [dry_dates] => Array
        (
        )

    [latest_global_sale] => 
)

[2026-03-13 14:32:49] [INFO] Date range: 2021-04-08 to 2021-04-13, Total days: 6, Dry days: 0, Available days: 6
[2026-03-13 14:32:49] [INFO] Using saved distribution for item SCMPL0028274: 6, 3, 10, 7, 8
[2026-03-13 14:32:49] [INFO] Using saved distribution for item SCMPL0010612: 7, 3, 4, 4, 13, 7
[2026-03-13 14:32:49] [ERROR] Table 'winesoft.tbldailystock_5_03_21' doesn't exist
[2026-03-13 14:40:00] [INFO] === PAGE ACCESS ===
[2026-03-13 14:40:00] [INFO] Request method: GET
[2026-03-13 14:40:00] [INFO] Search term: ''
[2026-03-13 14:40:00] [INFO] Current session ID: l7f4b8h2qk9of4d0gj2vr64t2l
[2026-03-13 14:40:01] [INFO] Final session quantities count: 2
[2026-03-13 14:40:01] [INFO] Items in current view: 32
[2026-03-13 14:40:02] [INFO] Sales Page Load Debug Info:
Array
(
    [total_items] => 32
    [current_page] => 1
    [total_pages] => 1
    [session_quantities_count] => 2
    [post_quantities_count] => 0
    [date_range] => 2021-04-08 to 2021-04-13
    [days_count] => 6
    [user_id] => 5
    [comp_id] => 5
    [license_type] => FL-III
    [allowed_classes] => Array
        (
            [0] => W
            [1] => V
            [2] => M
            [3] => F
            [4] => D
            [5] => K
            [6] => G
            [7] => R
        )

    [end_date_day] => 13
    [closing_column] => DAY_13_CLOSING
    [end_date_month] => 2021-04
    [stock_filter] => > 0
    [daily_stock_table] => tbldailystock_5_04_21
    [table_suffix] => _04_21
    [current_month] => 2026-03
    [has_restrictions] => 
    [available_dates] => Array
        (
            [0] => 2021-04-08
            [1] => 2021-04-09
            [2] => 2021-04-10
            [3] => 2021-04-11
            [4] => 2021-04-12
            [5] => 2021-04-13
        )

    [unavailable_dates] => Array
        (
        )

    [dry_dates] => Array
        (
        )

    [latest_global_sale] => 
)

[2026-03-13 14:40:07] [INFO] Date range: 2021-04-08 to 2021-04-13, Total days: 6, Dry days: 0, Available days: 6
[2026-03-13 14:40:07] [INFO] Using saved distribution for item SCMPL0028274: 7, 4, 9, 5, 7, 2
[2026-03-13 14:40:07] [INFO] Using saved distribution for item SCMPL0010612: 7, 2, 6, 8, 8, 7
[2026-03-13 14:40:08] [INFO] === PAGE ACCESS ===
[2026-03-13 14:40:08] [INFO] Request method: GET
[2026-03-13 14:40:08] [INFO] Search term: ''
[2026-03-13 14:40:08] [INFO] Current session ID: l7f4b8h2qk9of4d0gj2vr64t2l
[2026-03-13 14:40:08] [INFO] GLOBAL CHECK: Latest existing sale: 2021-04-13
[2026-03-13 14:40:08] [INFO] Available dates: 
[2026-03-13 14:40:08] [INFO] Unavailable dates (has existing sales): 2021-04-08, 2021-04-09, 2021-04-10, 2021-04-11, 2021-04-12, 2021-04-13
[2026-03-13 14:40:08] [INFO] Final session quantities count: 0
[2026-03-13 14:40:08] [INFO] Items in current view: 32
[2026-03-13 14:40:08] [INFO] Sales Page Load Debug Info:
Array
(
    [total_items] => 32
    [current_page] => 1
    [total_pages] => 1
    [session_quantities_count] => 0
    [post_quantities_count] => 0
    [date_range] => 2021-04-08 to 2021-04-13
    [days_count] => 6
    [user_id] => 5
    [comp_id] => 5
    [license_type] => FL-III
    [allowed_classes] => Array
        (
            [0] => W
            [1] => V
            [2] => M
            [3] => F
            [4] => D
            [5] => K
            [6] => G
            [7] => R
        )

    [end_date_day] => 13
    [closing_column] => DAY_13_CLOSING
    [end_date_month] => 2021-04
    [stock_filter] => > 0
    [daily_stock_table] => tbldailystock_5_04_21
    [table_suffix] => _04_21
    [current_month] => 2026-03
    [has_restrictions] => 1
    [available_dates] => Array
        (
        )

    [unavailable_dates] => Array
        (
            [0] => 2021-04-08
            [1] => 2021-04-09
            [2] => 2021-04-10
            [3] => 2021-04-11
            [4] => 2021-04-12
            [5] => 2021-04-13
        )

    [dry_dates] => Array
        (
        )

    [latest_global_sale] => 2021-04-13
)

[2026-03-13 14:46:33] [INFO] === PAGE ACCESS ===
[2026-03-13 14:46:33] [INFO] Request method: GET
[2026-03-13 14:46:33] [INFO] Search term: ''
[2026-03-13 14:46:33] [INFO] Current session ID: l7f4b8h2qk9of4d0gj2vr64t2l
[2026-03-13 14:46:34] [INFO] Final session quantities count: 0
[2026-03-13 14:46:34] [INFO] Items in current view: 0
[2026-03-13 14:46:34] [INFO] Sales Page Load Debug Info:
Array
(
    [total_items] => 0
    [current_page] => 1
    [total_pages] => 0
    [session_quantities_count] => 0
    [post_quantities_count] => 0
    [date_range] => 2021-04-08 to 2021-04-13
    [days_count] => 6
    [user_id] => 5
    [comp_id] => 5
    [license_type] => FL-III
    [allowed_classes] => Array
        (
            [0] => W
            [1] => V
            [2] => M
            [3] => F
            [4] => D
            [5] => K
            [6] => G
            [7] => R
        )

    [end_date_day] => 13
    [closing_column] => DAY_13_CLOSING
    [end_date_month] => 2021-04
    [stock_filter] => > 0
    [daily_stock_table] => tbldailystock_5_04_21
    [table_suffix] => _04_21
    [current_month] => 2026-03
    [has_restrictions] => 
    [available_dates] => Array
        (
            [0] => 2021-04-08
            [1] => 2021-04-09
            [2] => 2021-04-10
            [3] => 2021-04-11
            [4] => 2021-04-12
            [5] => 2021-04-13
        )

    [unavailable_dates] => Array
        (
        )

    [dry_dates] => Array
        (
        )

    [latest_global_sale] => 
)

[2026-03-13 14:51:47] [INFO] === PAGE ACCESS ===
[2026-03-13 14:51:47] [INFO] Request method: GET
[2026-03-13 14:51:47] [INFO] Search term: ''
[2026-03-13 14:51:47] [INFO] Current session ID: l7f4b8h2qk9of4d0gj2vr64t2l
[2026-03-13 14:51:48] [INFO] Final session quantities count: 0
[2026-03-13 14:51:48] [INFO] Items in current view: 0
[2026-03-13 14:51:48] [INFO] Sales Page Load Debug Info:
Array
(
    [total_items] => 0
    [current_page] => 1
    [total_pages] => 0
    [session_quantities_count] => 0
    [post_quantities_count] => 0
    [date_range] => 2026-03-13 to 2026-03-13
    [days_count] => 1
    [user_id] => 5
    [comp_id] => 5
    [license_type] => FL-III
    [allowed_classes] => Array
        (
            [0] => W
            [1] => V
            [2] => M
            [3] => F
            [4] => D
            [5] => K
            [6] => G
            [7] => R
        )

    [end_date_day] => 13
    [closing_column] => DAY_13_CLOSING
    [end_date_month] => 2026-03
    [stock_filter] => > 0
    [daily_stock_table] => tbldailystock_5
    [table_suffix] => 
    [current_month] => 2026-03
    [has_restrictions] => 
    [available_dates] => Array
        (
            [0] => 2026-03-13
        )

    [unavailable_dates] => Array
        (
        )

    [dry_dates] => Array
        (
        )

    [latest_global_sale] => 
)

[2026-03-13 14:52:19] [INFO] === PAGE ACCESS ===
[2026-03-13 14:52:19] [INFO] Request method: GET
[2026-03-13 14:52:19] [INFO] Search term: ''
[2026-03-13 14:52:19] [INFO] Current session ID: l7f4b8h2qk9of4d0gj2vr64t2l
[2026-03-13 14:52:19] [INFO] Final session quantities count: 0
[2026-03-13 14:52:19] [INFO] Items in current view: 10
[2026-03-13 14:52:19] [INFO] Sales Page Load Debug Info:
Array
(
    [total_items] => 10
    [current_page] => 1
    [total_pages] => 1
    [session_quantities_count] => 0
    [post_quantities_count] => 0
    [date_range] => 2021-04-08 to 2021-04-13
    [days_count] => 6
    [user_id] => 5
    [comp_id] => 5
    [license_type] => FL-III
    [allowed_classes] => Array
        (
            [0] => W
            [1] => V
            [2] => M
            [3] => F
            [4] => D
            [5] => K
            [6] => G
            [7] => R
        )

    [end_date_day] => 13
    [closing_column] => DAY_13_CLOSING
    [end_date_month] => 2021-04
    [stock_filter] => > 0
    [daily_stock_table] => tbldailystock_5_04_21
    [table_suffix] => _04_21
    [current_month] => 2026-03
    [has_restrictions] => 
    [available_dates] => Array
        (
            [0] => 2021-04-08
            [1] => 2021-04-09
            [2] => 2021-04-10
            [3] => 2021-04-11
            [4] => 2021-04-12
            [5] => 2021-04-13
        )

    [unavailable_dates] => Array
        (
        )

    [dry_dates] => Array
        (
        )

    [latest_global_sale] => 
)

[2026-03-13 14:52:22] [INFO] Session quantity updated: SCMPL0010678 = 0
[2026-03-13 14:52:28] [INFO] Session quantity updated: SCMPL0010612 = 3
[2026-03-13 14:52:28] [INFO] Session quantity updated: SCMPL0010612 = 32
[2026-03-13 14:52:38] [INFO] Date range: 2021-04-08 to 2021-04-13, Total days: 6, Dry days: 0, Available days: 6
[2026-03-13 14:52:38] [INFO] Using saved distribution for item SCMPL0010612: 0, 0, 0, 30, 0, 2
[2026-03-13 14:52:38] [INFO] === PAGE ACCESS ===
[2026-03-13 14:52:38] [INFO] Request method: GET
[2026-03-13 14:52:38] [INFO] Search term: ''
[2026-03-13 14:52:38] [INFO] Current session ID: l7f4b8h2qk9of4d0gj2vr64t2l
[2026-03-13 14:52:38] [INFO] GLOBAL CHECK: Latest existing sale: 2021-04-13
[2026-03-13 14:52:38] [INFO] Available dates: 
[2026-03-13 14:52:38] [INFO] Unavailable dates (has existing sales): 2021-04-08, 2021-04-09, 2021-04-10, 2021-04-11, 2021-04-12, 2021-04-13
[2026-03-13 14:52:38] [INFO] Final session quantities count: 0
[2026-03-13 14:52:38] [INFO] Items in current view: 10
[2026-03-13 14:52:38] [INFO] Sales Page Load Debug Info:
Array
(
    [total_items] => 10
    [current_page] => 1
    [total_pages] => 1
    [session_quantities_count] => 0
    [post_quantities_count] => 0
    [date_range] => 2021-04-08 to 2021-04-13
    [days_count] => 6
    [user_id] => 5
    [comp_id] => 5
    [license_type] => FL-III
    [allowed_classes] => Array
        (
            [0] => W
            [1] => V
            [2] => M
            [3] => F
            [4] => D
            [5] => K
            [6] => G
            [7] => R
        )

    [end_date_day] => 13
    [closing_column] => DAY_13_CLOSING
    [end_date_month] => 2021-04
    [stock_filter] => > 0
    [daily_stock_table] => tbldailystock_5_04_21
    [table_suffix] => _04_21
    [current_month] => 2026-03
    [has_restrictions] => 1
    [available_dates] => Array
        (
        )

    [unavailable_dates] => Array
        (
            [0] => 2021-04-08
            [1] => 2021-04-09
            [2] => 2021-04-10
            [3] => 2021-04-11
            [4] => 2021-04-12
            [5] => 2021-04-13
        )

    [dry_dates] => Array
        (
        )

    [latest_global_sale] => 2021-04-13
)

[2026-03-13 14:53:20] [INFO] === PAGE ACCESS ===
[2026-03-13 14:53:20] [INFO] Request method: GET
[2026-03-13 14:53:20] [INFO] Search term: ''
[2026-03-13 14:53:20] [INFO] Current session ID: l7f4b8h2qk9of4d0gj2vr64t2l
[2026-03-13 14:53:20] [INFO] Final session quantities count: 0
[2026-03-13 14:53:20] [INFO] Items in current view: 0
[2026-03-13 14:53:20] [INFO] Sales Page Load Debug Info:
Array
(
    [total_items] => 0
    [current_page] => 1
    [total_pages] => 0
    [session_quantities_count] => 0
    [post_quantities_count] => 0
    [date_range] => 2026-03-13 to 2026-03-13
    [days_count] => 1
    [user_id] => 5
    [comp_id] => 5
    [license_type] => FL-III
    [allowed_classes] => Array
        (
            [0] => W
            [1] => V
            [2] => M
            [3] => F
            [4] => D
            [5] => K
            [6] => G
            [7] => R
        )

    [end_date_day] => 13
    [closing_column] => DAY_13_CLOSING
    [end_date_month] => 2026-03
    [stock_filter] => > 0
    [daily_stock_table] => tbldailystock_5
    [table_suffix] => 
    [current_month] => 2026-03
    [has_restrictions] => 
    [available_dates] => Array
        (
            [0] => 2026-03-13
        )

    [unavailable_dates] => Array
        (
        )

    [dry_dates] => Array
        (
        )

    [latest_global_sale] => 
)

[2026-03-13 15:19:39] [INFO] === PAGE ACCESS ===
[2026-03-13 15:19:39] [INFO] Request method: GET
[2026-03-13 15:19:39] [INFO] Search term: ''
[2026-03-13 15:19:39] [INFO] Current session ID: l7f4b8h2qk9of4d0gj2vr64t2l
[2026-03-13 15:19:39] [INFO] Final session quantities count: 0
[2026-03-13 15:19:39] [INFO] Items in current view: 0
[2026-03-13 15:19:39] [INFO] Sales Page Load Debug Info:
Array
(
    [total_items] => 0
    [current_page] => 1
    [total_pages] => 0
    [session_quantities_count] => 0
    [post_quantities_count] => 0
    [date_range] => 2026-03-13 to 2026-03-13
    [days_count] => 1
    [user_id] => 5
    [comp_id] => 5
    [license_type] => FL-III
    [allowed_classes] => Array
        (
            [0] => W
            [1] => V
            [2] => M
            [3] => F
            [4] => D
            [5] => K
            [6] => G
            [7] => R
        )

    [end_date_day] => 13
    [closing_column] => DAY_13_CLOSING
    [end_date_month] => 2026-03
    [stock_filter] => > 0
    [daily_stock_table] => tbldailystock_5
    [table_suffix] => 
    [current_month] => 2026-03
    [has_restrictions] => 
    [available_dates] => Array
        (
            [0] => 2026-03-13
        )

    [unavailable_dates] => Array
        (
        )

    [dry_dates] => Array
        (
        )

    [latest_global_sale] => 
)

[2026-03-13 15:21:53] [INFO] === PAGE ACCESS ===
[2026-03-13 15:21:53] [INFO] Request method: GET
[2026-03-13 15:21:53] [INFO] Search term: ''
[2026-03-13 15:21:53] [INFO] Current session ID: l7f4b8h2qk9of4d0gj2vr64t2l
[2026-03-13 15:21:53] [INFO] Final session quantities count: 0
[2026-03-13 15:21:53] [INFO] Items in current view: 0
[2026-03-13 15:21:53] [INFO] Sales Page Load Debug Info:
Array
(
    [total_items] => 0
    [current_page] => 1
    [total_pages] => 0
    [session_quantities_count] => 0
    [post_quantities_count] => 0
    [date_range] => 2026-03-13 to 2026-03-13
    [days_count] => 1
    [user_id] => 5
    [comp_id] => 5
    [license_type] => FL-III
    [allowed_classes] => Array
        (
            [0] => W
            [1] => V
            [2] => M
            [3] => F
            [4] => D
            [5] => K
            [6] => G
            [7] => R
        )

    [end_date_day] => 13
    [closing_column] => DAY_13_CLOSING
    [end_date_month] => 2026-03
    [stock_filter] => > 0
    [daily_stock_table] => tbldailystock_5
    [table_suffix] => 
    [current_month] => 2026-03
    [has_restrictions] => 
    [available_dates] => Array
        (
            [0] => 2026-03-13
        )

    [unavailable_dates] => Array
        (
        )

    [dry_dates] => Array
        (
        )

    [latest_global_sale] => 
)

[2026-03-13 15:22:17] [INFO] === PAGE ACCESS ===
[2026-03-13 15:22:17] [INFO] Request method: GET
[2026-03-13 15:22:17] [INFO] Search term: ''
[2026-03-13 15:22:17] [INFO] Current session ID: l7f4b8h2qk9of4d0gj2vr64t2l
[2026-03-13 15:22:17] [INFO] Final session quantities count: 0
[2026-03-13 15:22:17] [INFO] Items in current view: 50
[2026-03-13 15:22:17] [INFO] Sales Page Load Debug Info:
Array
(
    [total_items] => 72
    [current_page] => 1
    [total_pages] => 2
    [session_quantities_count] => 0
    [post_quantities_count] => 0
    [date_range] => 2021-04-01 00:00:00 to 2021-04-05
    [days_count] => 5
    [user_id] => 5
    [comp_id] => 5
    [license_type] => FL-III
    [allowed_classes] => Array
        (
            [0] => W
            [1] => V
            [2] => M
            [3] => F
            [4] => D
            [5] => K
            [6] => G
            [7] => R
        )

    [end_date_day] => 05
    [closing_column] => DAY_05_CLOSING
    [end_date_month] => 2021-04
    [stock_filter] => > 0
    [daily_stock_table] => tbldailystock_5_04_21
    [table_suffix] => _04_21
    [current_month] => 2026-03
    [has_restrictions] => 
    [available_dates] => Array
        (
            [0] => 2021-04-01
            [1] => 2021-04-02
            [2] => 2021-04-03
            [3] => 2021-04-04
            [4] => 2021-04-05
        )

    [unavailable_dates] => Array
        (
        )

    [dry_dates] => Array
        (
        )

    [latest_global_sale] => 
)

[2026-03-13 15:22:21] [INFO] Session quantity updated: SCMPL0028274 = 0
[2026-03-13 15:22:21] [INFO] Session quantity updated: SCMPL0028274 = 34
[2026-03-13 16:15:31] [INFO] === PAGE ACCESS ===
[2026-03-13 16:15:31] [INFO] Request method: GET
[2026-03-13 16:15:31] [INFO] Search term: ''
[2026-03-13 16:15:31] [INFO] Current session ID: l7f4b8h2qk9of4d0gj2vr64t2l
[2026-03-13 16:15:31] [INFO] Final session quantities count: 1
[2026-03-13 16:15:31] [INFO] Items in current view: 50
[2026-03-13 16:15:31] [INFO] Sales Page Load Debug Info:
Array
(
    [total_items] => 72
    [current_page] => 1
    [total_pages] => 2
    [session_quantities_count] => 1
    [post_quantities_count] => 0
    [date_range] => 2021-04-01 00:00:00 to 2021-04-05
    [days_count] => 5
    [user_id] => 5
    [comp_id] => 5
    [license_type] => FL-III
    [allowed_classes] => Array
        (
            [0] => W
            [1] => V
            [2] => M
            [3] => F
            [4] => D
            [5] => K
            [6] => G
            [7] => R
        )

    [end_date_day] => 05
    [closing_column] => DAY_05_CLOSING
    [end_date_month] => 2021-04
    [stock_filter] => > 0
    [daily_stock_table] => tbldailystock_5_04_21
    [table_suffix] => _04_21
    [current_month] => 2026-03
    [has_restrictions] => 
    [available_dates] => Array
        (
            [0] => 2021-04-01
            [1] => 2021-04-02
            [2] => 2021-04-03
            [3] => 2021-04-04
            [4] => 2021-04-05
        )

    [unavailable_dates] => Array
        (
        )

    [dry_dates] => Array
        (
        )

    [latest_global_sale] => 
)

[2026-03-13 16:15:38] [INFO] Date range: 2021-04-01 00:00:00 to 2021-04-05, Total days: 5, Dry days: 0, Available days: 5
[2026-03-13 16:15:38] [INFO] Using saved distribution for item SCMPL0028274: 10, 6, 9, 5, 4
[2026-03-13 16:15:38] [INFO] === PAGE ACCESS ===
[2026-03-13 16:15:38] [INFO] Request method: GET
[2026-03-13 16:15:38] [INFO] Search term: ''
[2026-03-13 16:15:38] [INFO] Current session ID: l7f4b8h2qk9of4d0gj2vr64t2l
[2026-03-13 16:15:39] [INFO] GLOBAL CHECK: Latest existing sale: 2021-04-05
[2026-03-13 16:15:39] [INFO] Available dates: 
[2026-03-13 16:15:39] [INFO] Unavailable dates (has existing sales): 2021-04-01, 2021-04-02, 2021-04-03, 2021-04-04, 2021-04-05
[2026-03-13 16:15:39] [INFO] Final session quantities count: 0
[2026-03-13 16:15:39] [INFO] Items in current view: 50
[2026-03-13 16:15:39] [INFO] Sales Page Load Debug Info:
Array
(
    [total_items] => 72
    [current_page] => 1
    [total_pages] => 2
    [session_quantities_count] => 0
    [post_quantities_count] => 0
    [date_range] => 2021-04-01 00:00:00 to 2021-04-05
    [days_count] => 5
    [user_id] => 5
    [comp_id] => 5
    [license_type] => FL-III
    [allowed_classes] => Array
        (
            [0] => W
            [1] => V
            [2] => M
            [3] => F
            [4] => D
            [5] => K
            [6] => G
            [7] => R
        )

    [end_date_day] => 05
    [closing_column] => DAY_05_CLOSING
    [end_date_month] => 2021-04
    [stock_filter] => > 0
    [daily_stock_table] => tbldailystock_5_04_21
    [table_suffix] => _04_21
    [current_month] => 2026-03
    [has_restrictions] => 1
    [available_dates] => Array
        (
        )

    [unavailable_dates] => Array
        (
            [0] => 2021-04-01
            [1] => 2021-04-02
            [2] => 2021-04-03
            [3] => 2021-04-04
            [4] => 2021-04-05
        )

    [dry_dates] => Array
        (
        )

    [latest_global_sale] => 2021-04-05
)

[2026-03-13 16:16:36] [INFO] === PAGE ACCESS ===
[2026-03-13 16:16:36] [INFO] Request method: GET
[2026-03-13 16:16:36] [INFO] Search term: ''
[2026-03-13 16:16:36] [INFO] Current session ID: l7f4b8h2qk9of4d0gj2vr64t2l
[2026-03-13 16:16:36] [INFO] Final session quantities count: 0
[2026-03-13 16:16:36] [INFO] Items in current view: 0
[2026-03-13 16:16:36] [INFO] Sales Page Load Debug Info:
Array
(
    [total_items] => 0
    [current_page] => 1
    [total_pages] => 0
    [session_quantities_count] => 0
    [post_quantities_count] => 0
    [date_range] => 2026-03-13 to 2026-03-13
    [days_count] => 1
    [user_id] => 5
    [comp_id] => 5
    [license_type] => FL-III
    [allowed_classes] => Array
        (
            [0] => W
            [1] => V
            [2] => M
            [3] => F
            [4] => D
            [5] => K
            [6] => G
            [7] => R
        )

    [end_date_day] => 13
    [closing_column] => DAY_13_CLOSING
    [end_date_month] => 2026-03
    [stock_filter] => > 0
    [daily_stock_table] => tbldailystock_5
    [table_suffix] => 
    [current_month] => 2026-03
    [has_restrictions] => 
    [available_dates] => Array
        (
            [0] => 2026-03-13
        )

    [unavailable_dates] => Array
        (
        )

    [dry_dates] => Array
        (
        )

    [latest_global_sale] => 
)

[2026-03-13 16:16:56] [INFO] === PAGE ACCESS ===
[2026-03-13 16:16:56] [INFO] Request method: GET
[2026-03-13 16:16:56] [INFO] Search term: ''
[2026-03-13 16:16:56] [INFO] Current session ID: l7f4b8h2qk9of4d0gj2vr64t2l
[2026-03-13 16:16:56] [INFO] Final session quantities count: 0
[2026-03-13 16:16:56] [INFO] Items in current view: 50
[2026-03-13 16:16:56] [INFO] Sales Page Load Debug Info:
Array
(
    [total_items] => 72
    [current_page] => 1
    [total_pages] => 2
    [session_quantities_count] => 0
    [post_quantities_count] => 0
    [date_range] => 2021-04-01 00:00:00 to 2021-04-05
    [days_count] => 5
    [user_id] => 5
    [comp_id] => 5
    [license_type] => FL-III
    [allowed_classes] => Array
        (
            [0] => W
            [1] => V
            [2] => M
            [3] => F
            [4] => D
            [5] => K
            [6] => G
            [7] => R
        )

    [end_date_day] => 05
    [closing_column] => DAY_05_CLOSING
    [end_date_month] => 2021-04
    [stock_filter] => > 0
    [daily_stock_table] => tbldailystock_5_04_21
    [table_suffix] => _04_21
    [current_month] => 2026-03
    [has_restrictions] => 
    [available_dates] => Array
        (
            [0] => 2021-04-01
            [1] => 2021-04-02
            [2] => 2021-04-03
            [3] => 2021-04-04
            [4] => 2021-04-05
        )

    [unavailable_dates] => Array
        (
        )

    [dry_dates] => Array
        (
        )

    [latest_global_sale] => 
)

[2026-03-13 16:17:00] [INFO] Session quantity updated: SCMPL0028274 = 0
[2026-03-13 16:17:00] [INFO] Session quantity updated: SCMPL0028274 = 23
[2026-03-13 16:17:02] [INFO] Session quantity updated: SCMPL0028274 = 0
[2026-03-13 16:17:03] [INFO] Session quantity updated: SCMPL0028274 = 23
[2026-03-13 16:17:03] [INFO] Session quantity updated: SCMPL0028274 = 233
[2026-03-13 16:17:03] [INFO] Session quantity updated: SCMPL0028274 = 500
[2026-03-13 16:17:05] [INFO] Session quantity updated: SCMPL0028274 = 0
[2026-03-13 16:17:06] [INFO] Session quantity updated: SCMPL0028274 = 23
[2026-03-13 16:17:07] [INFO] Session quantity updated: SCMPL0028274 = 0
[2026-03-13 16:17:10] [INFO] Session quantity updated: SCMPL0028274 = 23
[2026-03-13 16:17:14] [INFO] === PAGE ACCESS ===
[2026-03-13 16:17:14] [INFO] Request method: GET
[2026-03-13 16:17:14] [INFO] Search term: ''
[2026-03-13 16:17:14] [INFO] Current session ID: l7f4b8h2qk9of4d0gj2vr64t2l
[2026-03-13 16:17:14] [INFO] Final session quantities count: 1
[2026-03-13 16:17:14] [INFO] Items in current view: 50
[2026-03-13 16:17:14] [INFO] Sales Page Load Debug Info:
Array
(
    [total_items] => 72
    [current_page] => 1
    [total_pages] => 2
    [session_quantities_count] => 1
    [post_quantities_count] => 0
    [date_range] => 2021-04-01 00:00:00 to 2021-04-05
    [days_count] => 5
    [user_id] => 5
    [comp_id] => 5
    [license_type] => FL-III
    [allowed_classes] => Array
        (
            [0] => W
            [1] => V
            [2] => M
            [3] => F
            [4] => D
            [5] => K
            [6] => G
            [7] => R
        )

    [end_date_day] => 05
    [closing_column] => DAY_05_CLOSING
    [end_date_month] => 2021-04
    [stock_filter] => > 0
    [daily_stock_table] => tbldailystock_5_04_21
    [table_suffix] => _04_21
    [current_month] => 2026-03
    [has_restrictions] => 
    [available_dates] => Array
        (
            [0] => 2021-04-01
            [1] => 2021-04-02
            [2] => 2021-04-03
            [3] => 2021-04-04
            [4] => 2021-04-05
        )

    [unavailable_dates] => Array
        (
        )

    [dry_dates] => Array
        (
        )

    [latest_global_sale] => 
)

[2026-03-13 16:17:17] [INFO] === PAGE ACCESS ===
[2026-03-13 16:17:17] [INFO] Request method: GET
[2026-03-13 16:17:17] [INFO] Search term: ''
[2026-03-13 16:17:17] [INFO] Current session ID: l7f4b8h2qk9of4d0gj2vr64t2l
[2026-03-13 16:17:17] [INFO] Final session quantities count: 1
[2026-03-13 16:17:17] [INFO] Items in current view: 50
[2026-03-13 16:17:17] [INFO] Sales Page Load Debug Info:
Array
(
    [total_items] => 72
    [current_page] => 1
    [total_pages] => 2
    [session_quantities_count] => 1
    [post_quantities_count] => 0
    [date_range] => 2021-04-01 00:00:00 to 2021-04-05
    [days_count] => 5
    [user_id] => 5
    [comp_id] => 5
    [license_type] => FL-III
    [allowed_classes] => Array
        (
            [0] => W
            [1] => V
            [2] => M
            [3] => F
            [4] => D
            [5] => K
            [6] => G
            [7] => R
        )

    [end_date_day] => 05
    [closing_column] => DAY_05_CLOSING
    [end_date_month] => 2021-04
    [stock_filter] => > 0
    [daily_stock_table] => tbldailystock_5_04_21
    [table_suffix] => _04_21
    [current_month] => 2026-03
    [has_restrictions] => 
    [available_dates] => Array
        (
            [0] => 2021-04-01
            [1] => 2021-04-02
            [2] => 2021-04-03
            [3] => 2021-04-04
            [4] => 2021-04-05
        )

    [unavailable_dates] => Array
        (
        )

    [dry_dates] => Array
        (
        )

    [latest_global_sale] => 
)

[2026-03-13 16:17:20] [INFO] === PAGE ACCESS ===
[2026-03-13 16:17:20] [INFO] Request method: GET
[2026-03-13 16:17:20] [INFO] Search term: ''
[2026-03-13 16:17:20] [INFO] Current session ID: l7f4b8h2qk9of4d0gj2vr64t2l
[2026-03-13 16:17:20] [INFO] Final session quantities count: 1
[2026-03-13 16:17:20] [INFO] Items in current view: 50
[2026-03-13 16:17:20] [INFO] Sales Page Load Debug Info:
Array
(
    [total_items] => 72
    [current_page] => 1
    [total_pages] => 2
    [session_quantities_count] => 1
    [post_quantities_count] => 0
    [date_range] => 2021-04-01 00:00:00 to 2021-04-05
    [days_count] => 5
    [user_id] => 5
    [comp_id] => 5
    [license_type] => FL-III
    [allowed_classes] => Array
        (
            [0] => W
            [1] => V
            [2] => M
            [3] => F
            [4] => D
            [5] => K
            [6] => G
            [7] => R
        )

    [end_date_day] => 05
    [closing_column] => DAY_05_CLOSING
    [end_date_month] => 2021-04
    [stock_filter] => > 0
    [daily_stock_table] => tbldailystock_5_04_21
    [table_suffix] => _04_21
    [current_month] => 2026-03
    [has_restrictions] => 
    [available_dates] => Array
        (
            [0] => 2021-04-01
            [1] => 2021-04-02
            [2] => 2021-04-03
            [3] => 2021-04-04
            [4] => 2021-04-05
        )

    [unavailable_dates] => Array
        (
        )

    [dry_dates] => Array
        (
        )

    [latest_global_sale] => 
)

[2026-03-13 16:17:22] [INFO] Session quantity updated: SCMPL0028274 = 2
[2026-03-13 16:17:22] [INFO] Session quantity updated: SCMPL0028274 = 0
[2026-03-13 16:17:23] [INFO] Session quantity updated: SCMPL0028274 = 0
[2026-03-13 16:17:23] [INFO] Session quantity updated: SCMPL0028274 = 0
[2026-03-13 16:17:24] [INFO] Session quantity updated: SCMPL0028274 = 23
[2026-03-13 16:17:25] [INFO] Session quantity updated: SCMPL0028274 = 0
[2026-03-13 16:17:26] [INFO] Session quantity updated: SCMPL0028274 = 23
[2026-03-13 16:17:27] [INFO] Session quantity updated: SCMPL0028274 = 0
[2026-03-13 16:17:28] [INFO] Session quantity updated: SCMPL0028274 = 4
[2026-03-13 16:17:28] [INFO] Session quantity updated: SCMPL0028274 = 43
[2026-03-13 16:17:29] [INFO] Session quantity updated: SCMPL0028274 = 0
[2026-03-13 16:17:30] [INFO] Session quantity updated: SCMPL0028274 = 5
[2026-03-13 16:17:31] [INFO] Session quantity updated: SCMPL0028274 = 54
[2026-03-13 16:17:32] [INFO] Session quantity updated: SCMPL0028274 = 53
[2026-03-13 16:17:34] [INFO] Session quantity updated: SCMPL0028274 = 52
[2026-03-13 16:17:36] [INFO] Session quantity updated: SCMPL0028274 = 54
[2026-03-13 16:17:37] [INFO] Session quantity updated: SCMPL0028274 = 5
[2026-03-13 16:17:37] [INFO] Session quantity updated: SCMPL0028274 = 0
[2026-03-13 16:17:38] [INFO] Session quantity updated: SCMPL0028274 = 4
[2026-03-13 16:17:38] [INFO] Session quantity updated: SCMPL0028274 = 44
[2026-03-13 16:17:44] [INFO] Session quantity updated: SCMPL0028275 = 0
[2026-03-13 16:17:46] [INFO] Session quantity updated: SCMPL0028275 = 3
[2026-03-13 16:17:46] [INFO] Session quantity updated: SCMPL0028275 = 34
[2026-03-13 16:17:48] [INFO] Session quantity updated: SCMPL0028275 = 3
[2026-03-13 16:17:49] [INFO] Session quantity updated: SCMPL0028275 = 323
[2026-03-13 16:17:50] [INFO] Session quantity updated: SCMPL0028275 = 32
[2026-03-13 16:17:51] [INFO] Session quantity updated: SCMPL0028275 = 33
[2026-03-13 16:17:53] [INFO] === PAGE ACCESS ===
[2026-03-13 16:17:53] [INFO] Request method: GET
[2026-03-13 16:17:53] [INFO] Search term: ''
[2026-03-13 16:17:53] [INFO] Current session ID: l7f4b8h2qk9of4d0gj2vr64t2l
[2026-03-13 16:17:53] [INFO] Final session quantities count: 2
[2026-03-13 16:17:53] [INFO] Items in current view: 50
[2026-03-13 16:17:53] [INFO] Sales Page Load Debug Info:
Array
(
    [total_items] => 72
    [current_page] => 1
    [total_pages] => 2
    [session_quantities_count] => 2
    [post_quantities_count] => 0
    [date_range] => 2021-04-01 00:00:00 to 2021-04-05
    [days_count] => 5
    [user_id] => 5
    [comp_id] => 5
    [license_type] => FL-III
    [allowed_classes] => Array
        (
            [0] => W
            [1] => V
            [2] => M
            [3] => F
            [4] => D
            [5] => K
            [6] => G
            [7] => R
        )

    [end_date_day] => 05
    [closing_column] => DAY_05_CLOSING
    [end_date_month] => 2021-04
    [stock_filter] => > 0
    [daily_stock_table] => tbldailystock_5_04_21
    [table_suffix] => _04_21
    [current_month] => 2026-03
    [has_restrictions] => 
    [available_dates] => Array
        (
            [0] => 2021-04-01
            [1] => 2021-04-02
            [2] => 2021-04-03
            [3] => 2021-04-04
            [4] => 2021-04-05
        )

    [unavailable_dates] => Array
        (
        )

    [dry_dates] => Array
        (
        )

    [latest_global_sale] => 
)

[2026-03-13 16:21:40] [INFO] === PAGE ACCESS ===
[2026-03-13 16:21:40] [INFO] Request method: GET
[2026-03-13 16:21:40] [INFO] Search term: ''
[2026-03-13 16:21:40] [INFO] Current session ID: l7f4b8h2qk9of4d0gj2vr64t2l
[2026-03-13 16:21:40] [INFO] Final session quantities count: 2
[2026-03-13 16:21:40] [INFO] Items in current view: 50
[2026-03-13 16:21:40] [INFO] Sales Page Load Debug Info:
Array
(
    [total_items] => 72
    [current_page] => 1
    [total_pages] => 2
    [session_quantities_count] => 2
    [post_quantities_count] => 0
    [date_range] => 2021-04-01 00:00:00 to 2021-04-05
    [days_count] => 5
    [user_id] => 5
    [comp_id] => 5
    [license_type] => FL-III
    [allowed_classes] => Array
        (
            [0] => W
            [1] => V
            [2] => M
            [3] => F
            [4] => D
            [5] => K
            [6] => G
            [7] => R
        )

    [end_date_day] => 05
    [closing_column] => DAY_05_CLOSING
    [end_date_month] => 2021-04
    [stock_filter] => > 0
    [daily_stock_table] => tbldailystock_5_04_21
    [table_suffix] => _04_21
    [current_month] => 2026-03
    [has_restrictions] => 
    [available_dates] => Array
        (
            [0] => 2021-04-01
            [1] => 2021-04-02
            [2] => 2021-04-03
            [3] => 2021-04-04
            [4] => 2021-04-05
        )

    [unavailable_dates] => Array
        (
        )

    [dry_dates] => Array
        (
        )

    [latest_global_sale] => 
)

[2026-03-13 16:21:45] [INFO] === PAGE ACCESS ===
[2026-03-13 16:21:45] [INFO] Request method: GET
[2026-03-13 16:21:45] [INFO] Search term: ''
[2026-03-13 16:21:45] [INFO] Current session ID: l7f4b8h2qk9of4d0gj2vr64t2l
[2026-03-13 16:21:45] [INFO] Final session quantities count: 2
[2026-03-13 16:21:45] [INFO] Items in current view: 50
[2026-03-13 16:21:45] [INFO] Sales Page Load Debug Info:
Array
(
    [total_items] => 72
    [current_page] => 1
    [total_pages] => 2
    [session_quantities_count] => 2
    [post_quantities_count] => 0
    [date_range] => 2021-04-01 00:00:00 to 2021-04-05
    [days_count] => 5
    [user_id] => 5
    [comp_id] => 5
    [license_type] => FL-III
    [allowed_classes] => Array
        (
            [0] => W
            [1] => V
            [2] => M
            [3] => F
            [4] => D
            [5] => K
            [6] => G
            [7] => R
        )

    [end_date_day] => 05
    [closing_column] => DAY_05_CLOSING
    [end_date_month] => 2021-04
    [stock_filter] => > 0
    [daily_stock_table] => tbldailystock_5_04_21
    [table_suffix] => _04_21
    [current_month] => 2026-03
    [has_restrictions] => 
    [available_dates] => Array
        (
            [0] => 2021-04-01
            [1] => 2021-04-02
            [2] => 2021-04-03
            [3] => 2021-04-04
            [4] => 2021-04-05
        )

    [unavailable_dates] => Array
        (
        )

    [dry_dates] => Array
        (
        )

    [latest_global_sale] => 
)

[2026-03-13 16:21:45] [INFO] === PAGE ACCESS ===
[2026-03-13 16:21:45] [INFO] Request method: GET
[2026-03-13 16:21:45] [INFO] Search term: ''
[2026-03-13 16:21:45] [INFO] Current session ID: l7f4b8h2qk9of4d0gj2vr64t2l
[2026-03-13 16:21:45] [INFO] Final session quantities count: 2
[2026-03-13 16:21:45] [INFO] Items in current view: 50
[2026-03-13 16:21:45] [INFO] Sales Page Load Debug Info:
Array
(
    [total_items] => 72
    [current_page] => 1
    [total_pages] => 2
    [session_quantities_count] => 2
    [post_quantities_count] => 0
    [date_range] => 2021-04-01 00:00:00 to 2021-04-05
    [days_count] => 5
    [user_id] => 5
    [comp_id] => 5
    [license_type] => FL-III
    [allowed_classes] => Array
        (
            [0] => W
            [1] => V
            [2] => M
            [3] => F
            [4] => D
            [5] => K
            [6] => G
            [7] => R
        )

    [end_date_day] => 05
    [closing_column] => DAY_05_CLOSING
    [end_date_month] => 2021-04
    [stock_filter] => > 0
    [daily_stock_table] => tbldailystock_5_04_21
    [table_suffix] => _04_21
    [current_month] => 2026-03
    [has_restrictions] => 
    [available_dates] => Array
        (
            [0] => 2021-04-01
            [1] => 2021-04-02
            [2] => 2021-04-03
            [3] => 2021-04-04
            [4] => 2021-04-05
        )

    [unavailable_dates] => Array
        (
        )

    [dry_dates] => Array
        (
        )

    [latest_global_sale] => 
)

[2026-03-13 16:21:47] [INFO] === PAGE ACCESS ===
[2026-03-13 16:21:47] [INFO] Request method: GET
[2026-03-13 16:21:47] [INFO] Search term: ''
[2026-03-13 16:21:47] [INFO] Current session ID: l7f4b8h2qk9of4d0gj2vr64t2l
[2026-03-13 16:21:48] [INFO] Final session quantities count: 2
[2026-03-13 16:21:48] [INFO] Items in current view: 50
[2026-03-13 16:21:48] [INFO] Sales Page Load Debug Info:
Array
(
    [total_items] => 72
    [current_page] => 1
    [total_pages] => 2
    [session_quantities_count] => 2
    [post_quantities_count] => 0
    [date_range] => 2021-04-01 00:00:00 to 2021-04-05
    [days_count] => 5
    [user_id] => 5
    [comp_id] => 5
    [license_type] => FL-III
    [allowed_classes] => Array
        (
            [0] => W
            [1] => V
            [2] => M
            [3] => F
            [4] => D
            [5] => K
            [6] => G
            [7] => R
        )

    [end_date_day] => 05
    [closing_column] => DAY_05_CLOSING
    [end_date_month] => 2021-04
    [stock_filter] => > 0
    [daily_stock_table] => tbldailystock_5_04_21
    [table_suffix] => _04_21
    [current_month] => 2026-03
    [has_restrictions] => 
    [available_dates] => Array
        (
            [0] => 2021-04-01
            [1] => 2021-04-02
            [2] => 2021-04-03
            [3] => 2021-04-04
            [4] => 2021-04-05
        )

    [unavailable_dates] => Array
        (
        )

    [dry_dates] => Array
        (
        )

    [latest_global_sale] => 
)

[2026-03-13 16:21:52] [INFO] === PAGE ACCESS ===
[2026-03-13 16:21:52] [INFO] Request method: GET
[2026-03-13 16:21:52] [INFO] Search term: ''
[2026-03-13 16:21:52] [INFO] Current session ID: l7f4b8h2qk9of4d0gj2vr64t2l
[2026-03-13 16:21:52] [INFO] Final session quantities count: 0
[2026-03-13 16:21:52] [INFO] Items in current view: 50
[2026-03-13 16:21:52] [INFO] Sales Page Load Debug Info:
Array
(
    [total_items] => 72
    [current_page] => 1
    [total_pages] => 2
    [session_quantities_count] => 0
    [post_quantities_count] => 0
    [date_range] => 2021-04-01 00:00:00 to 2021-04-05
    [days_count] => 5
    [user_id] => 5
    [comp_id] => 5
    [license_type] => FL-III
    [allowed_classes] => Array
        (
            [0] => W
            [1] => V
            [2] => M
            [3] => F
            [4] => D
            [5] => K
            [6] => G
            [7] => R
        )

    [end_date_day] => 05
    [closing_column] => DAY_05_CLOSING
    [end_date_month] => 2021-04
    [stock_filter] => > 0
    [daily_stock_table] => tbldailystock_5_04_21
    [table_suffix] => _04_21
    [current_month] => 2026-03
    [has_restrictions] => 
    [available_dates] => Array
        (
            [0] => 2021-04-01
            [1] => 2021-04-02
            [2] => 2021-04-03
            [3] => 2021-04-04
            [4] => 2021-04-05
        )

    [unavailable_dates] => Array
        (
        )

    [dry_dates] => Array
        (
        )

    [latest_global_sale] => 
)

[2026-03-13 16:21:55] [INFO] Session quantity updated: SCMPL0028274 = 0
[2026-03-13 16:21:55] [INFO] Session quantity updated: SCMPL0028274 = 0
[2026-03-13 16:21:55] [INFO] Session quantity updated: SCMPL0028274 = 3
[2026-03-13 16:21:56] [INFO] Session quantity updated: SCMPL0028274 = 3
[2026-03-13 16:21:56] [INFO] Session quantity updated: SCMPL0028274 = 32
[2026-03-13 16:21:56] [INFO] Session quantity updated: SCMPL0028274 = 32
[2026-03-13 16:21:57] [INFO] Session quantity updated: SCMPL0028274 = 32
[2026-03-13 16:21:59] [INFO] Session quantity updated: SCMPL0028275 = 23
[2026-03-13 16:21:59] [INFO] Session quantity updated: SCMPL0028275 = 23
[2026-03-13 16:22:39] [INFO] === PAGE ACCESS ===
[2026-03-13 16:22:39] [INFO] Request method: GET
[2026-03-13 16:22:39] [INFO] Search term: ''
[2026-03-13 16:22:39] [INFO] Current session ID: l7f4b8h2qk9of4d0gj2vr64t2l
[2026-03-13 16:22:39] [INFO] Final session quantities count: 2
[2026-03-13 16:22:39] [INFO] Items in current view: 0
[2026-03-13 16:22:39] [INFO] Sales Page Load Debug Info:
Array
(
    [total_items] => 0
    [current_page] => 1
    [total_pages] => 0
    [session_quantities_count] => 2
    [post_quantities_count] => 0
    [date_range] => 2026-03-13 to 2026-03-13
    [days_count] => 1
    [user_id] => 5
    [comp_id] => 5
    [license_type] => FL-III
    [allowed_classes] => Array
        (
            [0] => W
            [1] => V
            [2] => M
            [3] => F
            [4] => D
            [5] => K
            [6] => G
            [7] => R
        )

    [end_date_day] => 13
    [closing_column] => DAY_13_CLOSING
    [end_date_month] => 2026-03
    [stock_filter] => > 0
    [daily_stock_table] => tbldailystock_5
    [table_suffix] => 
    [current_month] => 2026-03
    [has_restrictions] => 
    [available_dates] => Array
        (
            [0] => 2026-03-13
        )

    [unavailable_dates] => Array
        (
        )

    [dry_dates] => Array
        (
        )

    [latest_global_sale] => 
)

[2026-03-13 16:22:58] [INFO] === PAGE ACCESS ===
[2026-03-13 16:22:58] [INFO] Request method: GET
[2026-03-13 16:22:58] [INFO] Search term: ''
[2026-03-13 16:22:58] [INFO] Current session ID: l7f4b8h2qk9of4d0gj2vr64t2l
[2026-03-13 16:22:59] [INFO] Final session quantities count: 2
[2026-03-13 16:22:59] [INFO] Items in current view: 50
[2026-03-13 16:22:59] [INFO] Sales Page Load Debug Info:
Array
(
    [total_items] => 72
    [current_page] => 1
    [total_pages] => 2
    [session_quantities_count] => 2
    [post_quantities_count] => 0
    [date_range] => 2021-04-01 00:00:00 to 2021-04-05
    [days_count] => 5
    [user_id] => 5
    [comp_id] => 5
    [license_type] => FL-III
    [allowed_classes] => Array
        (
            [0] => W
            [1] => V
            [2] => M
            [3] => F
            [4] => D
            [5] => K
            [6] => G
            [7] => R
        )

    [end_date_day] => 05
    [closing_column] => DAY_05_CLOSING
    [end_date_month] => 2021-04
    [stock_filter] => > 0
    [daily_stock_table] => tbldailystock_5_04_21
    [table_suffix] => _04_21
    [current_month] => 2026-03
    [has_restrictions] => 
    [available_dates] => Array
        (
            [0] => 2021-04-01
            [1] => 2021-04-02
            [2] => 2021-04-03
            [3] => 2021-04-04
            [4] => 2021-04-05
        )

    [unavailable_dates] => Array
        (
        )

    [dry_dates] => Array
        (
        )

    [latest_global_sale] => 
)

[2026-03-13 16:23:06] [INFO] === PAGE ACCESS ===
[2026-03-13 16:23:06] [INFO] Request method: GET
[2026-03-13 16:23:06] [INFO] Search term: ''
[2026-03-13 16:23:06] [INFO] Current session ID: l7f4b8h2qk9of4d0gj2vr64t2l
[2026-03-13 16:23:07] [INFO] Final session quantities count: 2
[2026-03-13 16:23:07] [INFO] Items in current view: 50
[2026-03-13 16:23:07] [INFO] Sales Page Load Debug Info:
Array
(
    [total_items] => 72
    [current_page] => 1
    [total_pages] => 2
    [session_quantities_count] => 2
    [post_quantities_count] => 0
    [date_range] => 2021-04-01 00:00:00 to 2021-04-05
    [days_count] => 5
    [user_id] => 5
    [comp_id] => 5
    [license_type] => FL-III
    [allowed_classes] => Array
        (
            [0] => W
            [1] => V
            [2] => M
            [3] => F
            [4] => D
            [5] => K
            [6] => G
            [7] => R
        )

    [end_date_day] => 05
    [closing_column] => DAY_05_CLOSING
    [end_date_month] => 2021-04
    [stock_filter] => > 0
    [daily_stock_table] => tbldailystock_5_04_21
    [table_suffix] => _04_21
    [current_month] => 2026-03
    [has_restrictions] => 
    [available_dates] => Array
        (
            [0] => 2021-04-01
            [1] => 2021-04-02
            [2] => 2021-04-03
            [3] => 2021-04-04
            [4] => 2021-04-05
        )

    [unavailable_dates] => Array
        (
        )

    [dry_dates] => Array
        (
        )

    [latest_global_sale] => 
)

[2026-03-13 16:23:07] [INFO] === PAGE ACCESS ===
[2026-03-13 16:23:07] [INFO] Request method: GET
[2026-03-13 16:23:07] [INFO] Search term: ''
[2026-03-13 16:23:07] [INFO] Current session ID: l7f4b8h2qk9of4d0gj2vr64t2l
[2026-03-13 16:23:07] [INFO] Final session quantities count: 2
[2026-03-13 16:23:07] [INFO] Items in current view: 50
[2026-03-13 16:23:07] [INFO] Sales Page Load Debug Info:
Array
(
    [total_items] => 72
    [current_page] => 1
    [total_pages] => 2
    [session_quantities_count] => 2
    [post_quantities_count] => 0
    [date_range] => 2021-04-01 00:00:00 to 2021-04-05
    [days_count] => 5
    [user_id] => 5
    [comp_id] => 5
    [license_type] => FL-III
    [allowed_classes] => Array
        (
            [0] => W
            [1] => V
            [2] => M
            [3] => F
            [4] => D
            [5] => K
            [6] => G
            [7] => R
        )

    [end_date_day] => 05
    [closing_column] => DAY_05_CLOSING
    [end_date_month] => 2021-04
    [stock_filter] => > 0
    [daily_stock_table] => tbldailystock_5_04_21
    [table_suffix] => _04_21
    [current_month] => 2026-03
    [has_restrictions] => 
    [available_dates] => Array
        (
            [0] => 2021-04-01
            [1] => 2021-04-02
            [2] => 2021-04-03
            [3] => 2021-04-04
            [4] => 2021-04-05
        )

    [unavailable_dates] => Array
        (
        )

    [dry_dates] => Array
        (
        )

    [latest_global_sale] => 
)

[2026-03-13 16:23:07] [INFO] === PAGE ACCESS ===
[2026-03-13 16:23:07] [INFO] Request method: GET
[2026-03-13 16:23:07] [INFO] Search term: ''
[2026-03-13 16:23:07] [INFO] Current session ID: l7f4b8h2qk9of4d0gj2vr64t2l
[2026-03-13 16:23:08] [INFO] Final session quantities count: 2
[2026-03-13 16:23:08] [INFO] Items in current view: 50
[2026-03-13 16:23:08] [INFO] Sales Page Load Debug Info:
Array
(
    [total_items] => 72
    [current_page] => 1
    [total_pages] => 2
    [session_quantities_count] => 2
    [post_quantities_count] => 0
    [date_range] => 2021-04-01 00:00:00 to 2021-04-05
    [days_count] => 5
    [user_id] => 5
    [comp_id] => 5
    [license_type] => FL-III
    [allowed_classes] => Array
        (
            [0] => W
            [1] => V
            [2] => M
            [3] => F
            [4] => D
            [5] => K
            [6] => G
            [7] => R
        )

    [end_date_day] => 05
    [closing_column] => DAY_05_CLOSING
    [end_date_month] => 2021-04
    [stock_filter] => > 0
    [daily_stock_table] => tbldailystock_5_04_21
    [table_suffix] => _04_21
    [current_month] => 2026-03
    [has_restrictions] => 
    [available_dates] => Array
        (
            [0] => 2021-04-01
            [1] => 2021-04-02
            [2] => 2021-04-03
            [3] => 2021-04-04
            [4] => 2021-04-05
        )

    [unavailable_dates] => Array
        (
        )

    [dry_dates] => Array
        (
        )

    [latest_global_sale] => 
)

[2026-03-13 16:23:08] [INFO] === PAGE ACCESS ===
[2026-03-13 16:23:08] [INFO] Request method: GET
[2026-03-13 16:23:08] [INFO] Search term: ''
[2026-03-13 16:23:08] [INFO] Current session ID: l7f4b8h2qk9of4d0gj2vr64t2l
[2026-03-13 16:23:08] [INFO] Final session quantities count: 2
[2026-03-13 16:23:08] [INFO] Items in current view: 50
[2026-03-13 16:23:08] [INFO] Sales Page Load Debug Info:
Array
(
    [total_items] => 72
    [current_page] => 1
    [total_pages] => 2
    [session_quantities_count] => 2
    [post_quantities_count] => 0
    [date_range] => 2021-04-01 00:00:00 to 2021-04-05
    [days_count] => 5
    [user_id] => 5
    [comp_id] => 5
    [license_type] => FL-III
    [allowed_classes] => Array
        (
            [0] => W
            [1] => V
            [2] => M
            [3] => F
            [4] => D
            [5] => K
            [6] => G
            [7] => R
        )

    [end_date_day] => 05
    [closing_column] => DAY_05_CLOSING
    [end_date_month] => 2021-04
    [stock_filter] => > 0
    [daily_stock_table] => tbldailystock_5_04_21
    [table_suffix] => _04_21
    [current_month] => 2026-03
    [has_restrictions] => 
    [available_dates] => Array
        (
            [0] => 2021-04-01
            [1] => 2021-04-02
            [2] => 2021-04-03
            [3] => 2021-04-04
            [4] => 2021-04-05
        )

    [unavailable_dates] => Array
        (
        )

    [dry_dates] => Array
        (
        )

    [latest_global_sale] => 
)

[2026-03-13 16:23:08] [INFO] === PAGE ACCESS ===
[2026-03-13 16:23:08] [INFO] Request method: GET
[2026-03-13 16:23:08] [INFO] Search term: ''
[2026-03-13 16:23:08] [INFO] Current session ID: l7f4b8h2qk9of4d0gj2vr64t2l
[2026-03-13 16:23:09] [INFO] Final session quantities count: 2
[2026-03-13 16:23:09] [INFO] Items in current view: 50
[2026-03-13 16:23:09] [INFO] Sales Page Load Debug Info:
Array
(
    [total_items] => 72
    [current_page] => 1
    [total_pages] => 2
    [session_quantities_count] => 2
    [post_quantities_count] => 0
    [date_range] => 2021-04-01 00:00:00 to 2021-04-05
    [days_count] => 5
    [user_id] => 5
    [comp_id] => 5
    [license_type] => FL-III
    [allowed_classes] => Array
        (
            [0] => W
            [1] => V
            [2] => M
            [3] => F
            [4] => D
            [5] => K
            [6] => G
            [7] => R
        )

    [end_date_day] => 05
    [closing_column] => DAY_05_CLOSING
    [end_date_month] => 2021-04
    [stock_filter] => > 0
    [daily_stock_table] => tbldailystock_5_04_21
    [table_suffix] => _04_21
    [current_month] => 2026-03
    [has_restrictions] => 
    [available_dates] => Array
        (
            [0] => 2021-04-01
            [1] => 2021-04-02
            [2] => 2021-04-03
            [3] => 2021-04-04
            [4] => 2021-04-05
        )

    [unavailable_dates] => Array
        (
        )

    [dry_dates] => Array
        (
        )

    [latest_global_sale] => 
)

[2026-03-13 16:23:09] [INFO] === PAGE ACCESS ===
[2026-03-13 16:23:09] [INFO] Request method: GET
[2026-03-13 16:23:09] [INFO] Search term: ''
[2026-03-13 16:23:09] [INFO] Current session ID: l7f4b8h2qk9of4d0gj2vr64t2l
[2026-03-13 16:23:09] [INFO] Final session quantities count: 2
[2026-03-13 16:23:09] [INFO] Items in current view: 50
[2026-03-13 16:23:09] [INFO] Sales Page Load Debug Info:
Array
(
    [total_items] => 72
    [current_page] => 1
    [total_pages] => 2
    [session_quantities_count] => 2
    [post_quantities_count] => 0
    [date_range] => 2021-04-01 00:00:00 to 2021-04-05
    [days_count] => 5
    [user_id] => 5
    [comp_id] => 5
    [license_type] => FL-III
    [allowed_classes] => Array
        (
            [0] => W
            [1] => V
            [2] => M
            [3] => F
            [4] => D
            [5] => K
            [6] => G
            [7] => R
        )

    [end_date_day] => 05
    [closing_column] => DAY_05_CLOSING
    [end_date_month] => 2021-04
    [stock_filter] => > 0
    [daily_stock_table] => tbldailystock_5_04_21
    [table_suffix] => _04_21
    [current_month] => 2026-03
    [has_restrictions] => 
    [available_dates] => Array
        (
            [0] => 2021-04-01
            [1] => 2021-04-02
            [2] => 2021-04-03
            [3] => 2021-04-04
            [4] => 2021-04-05
        )

    [unavailable_dates] => Array
        (
        )

    [dry_dates] => Array
        (
        )

    [latest_global_sale] => 
)

[2026-03-13 16:23:09] [INFO] === PAGE ACCESS ===
[2026-03-13 16:23:09] [INFO] Request method: GET
[2026-03-13 16:23:09] [INFO] Search term: ''
[2026-03-13 16:23:09] [INFO] Current session ID: l7f4b8h2qk9of4d0gj2vr64t2l
[2026-03-13 16:23:10] [INFO] Final session quantities count: 2
[2026-03-13 16:23:10] [INFO] Items in current view: 50
[2026-03-13 16:23:10] [INFO] Sales Page Load Debug Info:
Array
(
    [total_items] => 72
    [current_page] => 1
    [total_pages] => 2
    [session_quantities_count] => 2
    [post_quantities_count] => 0
    [date_range] => 2021-04-01 00:00:00 to 2021-04-05
    [days_count] => 5
    [user_id] => 5
    [comp_id] => 5
    [license_type] => FL-III
    [allowed_classes] => Array
        (
            [0] => W
            [1] => V
            [2] => M
            [3] => F
            [4] => D
            [5] => K
            [6] => G
            [7] => R
        )

    [end_date_day] => 05
    [closing_column] => DAY_05_CLOSING
    [end_date_month] => 2021-04
    [stock_filter] => > 0
    [daily_stock_table] => tbldailystock_5_04_21
    [table_suffix] => _04_21
    [current_month] => 2026-03
    [has_restrictions] => 
    [available_dates] => Array
        (
            [0] => 2021-04-01
            [1] => 2021-04-02
            [2] => 2021-04-03
            [3] => 2021-04-04
            [4] => 2021-04-05
        )

    [unavailable_dates] => Array
        (
        )

    [dry_dates] => Array
        (
        )

    [latest_global_sale] => 
)

[2026-03-13 16:23:10] [INFO] === PAGE ACCESS ===
[2026-03-13 16:23:10] [INFO] Request method: GET
[2026-03-13 16:23:10] [INFO] Search term: ''
[2026-03-13 16:23:10] [INFO] Current session ID: l7f4b8h2qk9of4d0gj2vr64t2l
[2026-03-13 16:23:10] [INFO] Final session quantities count: 2
[2026-03-13 16:23:10] [INFO] Items in current view: 50
[2026-03-13 16:23:10] [INFO] Sales Page Load Debug Info:
Array
(
    [total_items] => 72
    [current_page] => 1
    [total_pages] => 2
    [session_quantities_count] => 2
    [post_quantities_count] => 0
    [date_range] => 2021-04-01 00:00:00 to 2021-04-05
    [days_count] => 5
    [user_id] => 5
    [comp_id] => 5
    [license_type] => FL-III
    [allowed_classes] => Array
        (
            [0] => W
            [1] => V
            [2] => M
            [3] => F
            [4] => D
            [5] => K
            [6] => G
            [7] => R
        )

    [end_date_day] => 05
    [closing_column] => DAY_05_CLOSING
    [end_date_month] => 2021-04
    [stock_filter] => > 0
    [daily_stock_table] => tbldailystock_5_04_21
    [table_suffix] => _04_21
    [current_month] => 2026-03
    [has_restrictions] => 
    [available_dates] => Array
        (
            [0] => 2021-04-01
            [1] => 2021-04-02
            [2] => 2021-04-03
            [3] => 2021-04-04
            [4] => 2021-04-05
        )

    [unavailable_dates] => Array
        (
        )

    [dry_dates] => Array
        (
        )

    [latest_global_sale] => 
)

[2026-03-13 16:23:10] [INFO] === PAGE ACCESS ===
[2026-03-13 16:23:10] [INFO] Request method: GET
[2026-03-13 16:23:10] [INFO] Search term: ''
[2026-03-13 16:23:10] [INFO] Current session ID: l7f4b8h2qk9of4d0gj2vr64t2l
[2026-03-13 16:23:11] [INFO] Final session quantities count: 2
[2026-03-13 16:23:11] [INFO] Items in current view: 50
[2026-03-13 16:23:11] [INFO] Sales Page Load Debug Info:
Array
(
    [total_items] => 72
    [current_page] => 1
    [total_pages] => 2
    [session_quantities_count] => 2
    [post_quantities_count] => 0
    [date_range] => 2021-04-01 00:00:00 to 2021-04-05
    [days_count] => 5
    [user_id] => 5
    [comp_id] => 5
    [license_type] => FL-III
    [allowed_classes] => Array
        (
            [0] => W
            [1] => V
            [2] => M
            [3] => F
            [4] => D
            [5] => K
            [6] => G
            [7] => R
        )

    [end_date_day] => 05
    [closing_column] => DAY_05_CLOSING
    [end_date_month] => 2021-04
    [stock_filter] => > 0
    [daily_stock_table] => tbldailystock_5_04_21
    [table_suffix] => _04_21
    [current_month] => 2026-03
    [has_restrictions] => 
    [available_dates] => Array
        (
            [0] => 2021-04-01
            [1] => 2021-04-02
            [2] => 2021-04-03
            [3] => 2021-04-04
            [4] => 2021-04-05
        )

    [unavailable_dates] => Array
        (
        )

    [dry_dates] => Array
        (
        )

    [latest_global_sale] => 
)

[2026-03-13 16:23:11] [INFO] === PAGE ACCESS ===
[2026-03-13 16:23:11] [INFO] Request method: GET
[2026-03-13 16:23:11] [INFO] Search term: ''
[2026-03-13 16:23:11] [INFO] Current session ID: l7f4b8h2qk9of4d0gj2vr64t2l
[2026-03-13 16:23:11] [INFO] Final session quantities count: 2
[2026-03-13 16:23:11] [INFO] Items in current view: 50
[2026-03-13 16:23:11] [INFO] Sales Page Load Debug Info:
Array
(
    [total_items] => 72
    [current_page] => 1
    [total_pages] => 2
    [session_quantities_count] => 2
    [post_quantities_count] => 0
    [date_range] => 2021-04-01 00:00:00 to 2021-04-05
    [days_count] => 5
    [user_id] => 5
    [comp_id] => 5
    [license_type] => FL-III
    [allowed_classes] => Array
        (
            [0] => W
            [1] => V
            [2] => M
            [3] => F
            [4] => D
            [5] => K
            [6] => G
            [7] => R
        )

    [end_date_day] => 05
    [closing_column] => DAY_05_CLOSING
    [end_date_month] => 2021-04
    [stock_filter] => > 0
    [daily_stock_table] => tbldailystock_5_04_21
    [table_suffix] => _04_21
    [current_month] => 2026-03
    [has_restrictions] => 
    [available_dates] => Array
        (
            [0] => 2021-04-01
            [1] => 2021-04-02
            [2] => 2021-04-03
            [3] => 2021-04-04
            [4] => 2021-04-05
        )

    [unavailable_dates] => Array
        (
        )

    [dry_dates] => Array
        (
        )

    [latest_global_sale] => 
)

[2026-03-13 16:23:11] [INFO] === PAGE ACCESS ===
[2026-03-13 16:23:11] [INFO] Request method: GET
[2026-03-13 16:23:11] [INFO] Search term: ''
[2026-03-13 16:23:11] [INFO] Current session ID: l7f4b8h2qk9of4d0gj2vr64t2l
[2026-03-13 16:23:11] [INFO] Final session quantities count: 2
[2026-03-13 16:23:12] [INFO] Items in current view: 50
[2026-03-13 16:23:12] [INFO] Sales Page Load Debug Info:
Array
(
    [total_items] => 72
    [current_page] => 1
    [total_pages] => 2
    [session_quantities_count] => 2
    [post_quantities_count] => 0
    [date_range] => 2021-04-01 00:00:00 to 2021-04-05
    [days_count] => 5
    [user_id] => 5
    [comp_id] => 5
    [license_type] => FL-III
    [allowed_classes] => Array
        (
            [0] => W
            [1] => V
            [2] => M
            [3] => F
            [4] => D
            [5] => K
            [6] => G
            [7] => R
        )

    [end_date_day] => 05
    [closing_column] => DAY_05_CLOSING
    [end_date_month] => 2021-04
    [stock_filter] => > 0
    [daily_stock_table] => tbldailystock_5_04_21
    [table_suffix] => _04_21
    [current_month] => 2026-03
    [has_restrictions] => 
    [available_dates] => Array
        (
            [0] => 2021-04-01
            [1] => 2021-04-02
            [2] => 2021-04-03
            [3] => 2021-04-04
            [4] => 2021-04-05
        )

    [unavailable_dates] => Array
        (
        )

    [dry_dates] => Array
        (
        )

    [latest_global_sale] => 
)

[2026-03-13 16:23:12] [INFO] === PAGE ACCESS ===
[2026-03-13 16:23:12] [INFO] Request method: GET
[2026-03-13 16:23:12] [INFO] Search term: ''
[2026-03-13 16:23:12] [INFO] Current session ID: l7f4b8h2qk9of4d0gj2vr64t2l
[2026-03-13 16:23:12] [INFO] Final session quantities count: 2
[2026-03-13 16:23:12] [INFO] Items in current view: 50
[2026-03-13 16:23:12] [INFO] Sales Page Load Debug Info:
Array
(
    [total_items] => 72
    [current_page] => 1
    [total_pages] => 2
    [session_quantities_count] => 2
    [post_quantities_count] => 0
    [date_range] => 2021-04-01 00:00:00 to 2021-04-05
    [days_count] => 5
    [user_id] => 5
    [comp_id] => 5
    [license_type] => FL-III
    [allowed_classes] => Array
        (
            [0] => W
            [1] => V
            [2] => M
            [3] => F
            [4] => D
            [5] => K
            [6] => G
            [7] => R
        )

    [end_date_day] => 05
    [closing_column] => DAY_05_CLOSING
    [end_date_month] => 2021-04
    [stock_filter] => > 0
    [daily_stock_table] => tbldailystock_5_04_21
    [table_suffix] => _04_21
    [current_month] => 2026-03
    [has_restrictions] => 
    [available_dates] => Array
        (
            [0] => 2021-04-01
            [1] => 2021-04-02
            [2] => 2021-04-03
            [3] => 2021-04-04
            [4] => 2021-04-05
        )

    [unavailable_dates] => Array
        (
        )

    [dry_dates] => Array
        (
        )

    [latest_global_sale] => 
)

[2026-03-13 16:23:12] [INFO] === PAGE ACCESS ===
[2026-03-13 16:23:12] [INFO] Request method: GET
[2026-03-13 16:23:12] [INFO] Search term: ''
[2026-03-13 16:23:12] [INFO] Current session ID: l7f4b8h2qk9of4d0gj2vr64t2l
[2026-03-13 16:23:12] [INFO] Final session quantities count: 2
[2026-03-13 16:23:12] [INFO] Items in current view: 50
[2026-03-13 16:23:12] [INFO] Sales Page Load Debug Info:
Array
(
    [total_items] => 72
    [current_page] => 1
    [total_pages] => 2
    [session_quantities_count] => 2
    [post_quantities_count] => 0
    [date_range] => 2021-04-01 00:00:00 to 2021-04-05
    [days_count] => 5
    [user_id] => 5
    [comp_id] => 5
    [license_type] => FL-III
    [allowed_classes] => Array
        (
            [0] => W
            [1] => V
            [2] => M
            [3] => F
            [4] => D
            [5] => K
            [6] => G
            [7] => R
        )

    [end_date_day] => 05
    [closing_column] => DAY_05_CLOSING
    [end_date_month] => 2021-04
    [stock_filter] => > 0
    [daily_stock_table] => tbldailystock_5_04_21
    [table_suffix] => _04_21
    [current_month] => 2026-03
    [has_restrictions] => 
    [available_dates] => Array
        (
            [0] => 2021-04-01
            [1] => 2021-04-02
            [2] => 2021-04-03
            [3] => 2021-04-04
            [4] => 2021-04-05
        )

    [unavailable_dates] => Array
        (
        )

    [dry_dates] => Array
        (
        )

    [latest_global_sale] => 
)

[2026-03-13 16:23:12] [INFO] === PAGE ACCESS ===
[2026-03-13 16:23:12] [INFO] Request method: GET
[2026-03-13 16:23:12] [INFO] Search term: ''
[2026-03-13 16:23:12] [INFO] Current session ID: l7f4b8h2qk9of4d0gj2vr64t2l
[2026-03-13 16:23:13] [INFO] Final session quantities count: 2
[2026-03-13 16:23:13] [INFO] Items in current view: 50
[2026-03-13 16:23:13] [INFO] Sales Page Load Debug Info:
Array
(
    [total_items] => 72
    [current_page] => 1
    [total_pages] => 2
    [session_quantities_count] => 2
    [post_quantities_count] => 0
    [date_range] => 2021-04-01 00:00:00 to 2021-04-05
    [days_count] => 5
    [user_id] => 5
    [comp_id] => 5
    [license_type] => FL-III
    [allowed_classes] => Array
        (
            [0] => W
            [1] => V
            [2] => M
            [3] => F
            [4] => D
            [5] => K
            [6] => G
            [7] => R
        )

    [end_date_day] => 05
    [closing_column] => DAY_05_CLOSING
    [end_date_month] => 2021-04
    [stock_filter] => > 0
    [daily_stock_table] => tbldailystock_5_04_21
    [table_suffix] => _04_21
    [current_month] => 2026-03
    [has_restrictions] => 
    [available_dates] => Array
        (
            [0] => 2021-04-01
            [1] => 2021-04-02
            [2] => 2021-04-03
            [3] => 2021-04-04
            [4] => 2021-04-05
        )

    [unavailable_dates] => Array
        (
        )

    [dry_dates] => Array
        (
        )

    [latest_global_sale] => 
)

[2026-03-13 16:23:13] [INFO] === PAGE ACCESS ===
[2026-03-13 16:23:13] [INFO] Request method: GET
[2026-03-13 16:23:13] [INFO] Search term: ''
[2026-03-13 16:23:13] [INFO] Current session ID: l7f4b8h2qk9of4d0gj2vr64t2l
[2026-03-13 16:23:13] [INFO] Final session quantities count: 2
[2026-03-13 16:23:13] [INFO] Items in current view: 50
[2026-03-13 16:23:13] [INFO] Sales Page Load Debug Info:
Array
(
    [total_items] => 72
    [current_page] => 1
    [total_pages] => 2
    [session_quantities_count] => 2
    [post_quantities_count] => 0
    [date_range] => 2021-04-01 00:00:00 to 2021-04-05
    [days_count] => 5
    [user_id] => 5
    [comp_id] => 5
    [license_type] => FL-III
    [allowed_classes] => Array
        (
            [0] => W
            [1] => V
            [2] => M
            [3] => F
            [4] => D
            [5] => K
            [6] => G
            [7] => R
        )

    [end_date_day] => 05
    [closing_column] => DAY_05_CLOSING
    [end_date_month] => 2021-04
    [stock_filter] => > 0
    [daily_stock_table] => tbldailystock_5_04_21
    [table_suffix] => _04_21
    [current_month] => 2026-03
    [has_restrictions] => 
    [available_dates] => Array
        (
            [0] => 2021-04-01
            [1] => 2021-04-02
            [2] => 2021-04-03
            [3] => 2021-04-04
            [4] => 2021-04-05
        )

    [unavailable_dates] => Array
        (
        )

    [dry_dates] => Array
        (
        )

    [latest_global_sale] => 
)

[2026-03-13 16:23:13] [INFO] === PAGE ACCESS ===
[2026-03-13 16:23:13] [INFO] Request method: GET
[2026-03-13 16:23:13] [INFO] Search term: ''
[2026-03-13 16:23:13] [INFO] Current session ID: l7f4b8h2qk9of4d0gj2vr64t2l
[2026-03-13 16:23:14] [INFO] Final session quantities count: 2
[2026-03-13 16:23:14] [INFO] Items in current view: 50
[2026-03-13 16:23:14] [INFO] Sales Page Load Debug Info:
Array
(
    [total_items] => 72
    [current_page] => 1
    [total_pages] => 2
    [session_quantities_count] => 2
    [post_quantities_count] => 0
    [date_range] => 2021-04-01 00:00:00 to 2021-04-05
    [days_count] => 5
    [user_id] => 5
    [comp_id] => 5
    [license_type] => FL-III
    [allowed_classes] => Array
        (
            [0] => W
            [1] => V
            [2] => M
            [3] => F
            [4] => D
            [5] => K
            [6] => G
            [7] => R
        )

    [end_date_day] => 05
    [closing_column] => DAY_05_CLOSING
    [end_date_month] => 2021-04
    [stock_filter] => > 0
    [daily_stock_table] => tbldailystock_5_04_21
    [table_suffix] => _04_21
    [current_month] => 2026-03
    [has_restrictions] => 
    [available_dates] => Array
        (
            [0] => 2021-04-01
            [1] => 2021-04-02
            [2] => 2021-04-03
            [3] => 2021-04-04
            [4] => 2021-04-05
        )

    [unavailable_dates] => Array
        (
        )

    [dry_dates] => Array
        (
        )

    [latest_global_sale] => 
)

[2026-03-13 16:23:16] [INFO] Date range: 2021-04-01 00:00:00 to 2021-04-05, Total days: 5, Dry days: 0, Available days: 5
[2026-03-13 16:23:20] [INFO] Date range: 2021-04-01 00:00:00 to 2021-04-05, Total days: 5, Dry days: 0, Available days: 5
[2026-03-13 16:23:20] [INFO] === PAGE ACCESS ===
[2026-03-13 16:23:20] [INFO] Request method: GET
[2026-03-13 16:23:20] [INFO] Search term: ''
[2026-03-13 16:23:20] [INFO] Current session ID: l7f4b8h2qk9of4d0gj2vr64t2l
[2026-03-13 16:23:21] [INFO] GLOBAL CHECK: Latest existing sale: 2021-04-05
[2026-03-13 16:23:21] [INFO] Available dates: 
[2026-03-13 16:23:21] [INFO] Unavailable dates (has existing sales): 2021-04-01, 2021-04-02, 2021-04-03, 2021-04-04, 2021-04-05
[2026-03-13 16:23:21] [INFO] Final session quantities count: 0
[2026-03-13 16:23:21] [INFO] Items in current view: 50
[2026-03-13 16:23:21] [INFO] Sales Page Load Debug Info:
Array
(
    [total_items] => 72
    [current_page] => 1
    [total_pages] => 2
    [session_quantities_count] => 0
    [post_quantities_count] => 0
    [date_range] => 2021-04-01 00:00:00 to 2021-04-05
    [days_count] => 5
    [user_id] => 5
    [comp_id] => 5
    [license_type] => FL-III
    [allowed_classes] => Array
        (
            [0] => W
            [1] => V
            [2] => M
            [3] => F
            [4] => D
            [5] => K
            [6] => G
            [7] => R
        )

    [end_date_day] => 05
    [closing_column] => DAY_05_CLOSING
    [end_date_month] => 2021-04
    [stock_filter] => > 0
    [daily_stock_table] => tbldailystock_5_04_21
    [table_suffix] => _04_21
    [current_month] => 2026-03
    [has_restrictions] => 1
    [available_dates] => Array
        (
        )

    [unavailable_dates] => Array
        (
            [0] => 2021-04-01
            [1] => 2021-04-02
            [2] => 2021-04-03
            [3] => 2021-04-04
            [4] => 2021-04-05
        )

    [dry_dates] => Array
        (
        )

    [latest_global_sale] => 2021-04-05
)

[2026-03-13 16:58:01] [INFO] === PAGE ACCESS ===
[2026-03-13 16:58:01] [INFO] Request method: GET
[2026-03-13 16:58:01] [INFO] Search term: ''
[2026-03-13 16:58:01] [INFO] Current session ID: l7f4b8h2qk9of4d0gj2vr64t2l
[2026-03-13 16:58:01] [INFO] Final session quantities count: 0
[2026-03-13 16:58:01] [INFO] Items in current view: 0
[2026-03-13 16:58:01] [INFO] Sales Page Load Debug Info:
Array
(
    [total_items] => 0
    [current_page] => 1
    [total_pages] => 0
    [session_quantities_count] => 0
    [post_quantities_count] => 0
    [date_range] => 2026-03-13 to 2026-03-13
    [days_count] => 1
    [user_id] => 5
    [comp_id] => 5
    [license_type] => FL-III
    [allowed_classes] => Array
        (
            [0] => W
            [1] => V
            [2] => M
            [3] => F
            [4] => D
            [5] => K
            [6] => G
            [7] => R
        )

    [end_date_day] => 13
    [closing_column] => DAY_13_CLOSING
    [end_date_month] => 2026-03
    [stock_filter] => > 0
    [daily_stock_table] => tbldailystock_5
    [table_suffix] => 
    [current_month] => 2026-03
    [has_restrictions] => 
    [available_dates] => Array
        (
            [0] => 2026-03-13
        )

    [unavailable_dates] => Array
        (
        )

    [dry_dates] => Array
        (
        )

    [latest_global_sale] => 
)

[2026-03-13 16:58:20] [INFO] === PAGE ACCESS ===
[2026-03-13 16:58:20] [INFO] Request method: GET
[2026-03-13 16:58:20] [INFO] Search term: ''
[2026-03-13 16:58:20] [INFO] Current session ID: l7f4b8h2qk9of4d0gj2vr64t2l
[2026-03-13 16:58:20] [INFO] Final session quantities count: 0
[2026-03-13 16:58:20] [INFO] Items in current view: 50
[2026-03-13 16:58:20] [INFO] Sales Page Load Debug Info:
Array
(
    [total_items] => 72
    [current_page] => 1
    [total_pages] => 2
    [session_quantities_count] => 0
    [post_quantities_count] => 0
    [date_range] => 2021-04-01 00:00:00 to 2021-04-05
    [days_count] => 5
    [user_id] => 5
    [comp_id] => 5
    [license_type] => FL-III
    [allowed_classes] => Array
        (
            [0] => W
            [1] => V
            [2] => M
            [3] => F
            [4] => D
            [5] => K
            [6] => G
            [7] => R
        )

    [end_date_day] => 05
    [closing_column] => DAY_05_CLOSING
    [end_date_month] => 2021-04
    [stock_filter] => > 0
    [daily_stock_table] => tbldailystock_5_04_21
    [table_suffix] => _04_21
    [current_month] => 2026-03
    [has_restrictions] => 
    [available_dates] => Array
        (
            [0] => 2021-04-01
            [1] => 2021-04-02
            [2] => 2021-04-03
            [3] => 2021-04-04
            [4] => 2021-04-05
        )

    [unavailable_dates] => Array
        (
        )

    [dry_dates] => Array
        (
        )

    [latest_global_sale] => 
)

[2026-03-13 16:58:23] [INFO] Session quantity updated: SCMPL0028274 = 0
[2026-03-13 16:58:23] [INFO] Session quantity updated: SCMPL0028274 = 23
[2026-03-13 16:58:23] [INFO] Session quantity updated: SCMPL0028274 = 23
[2026-03-13 16:58:26] [INFO] Session quantity updated: SCMPL0028274 = 23
[2026-03-13 16:58:33] [INFO] === PAGE ACCESS ===
[2026-03-13 16:58:33] [INFO] Request method: GET
[2026-03-13 16:58:33] [INFO] Search term: ''
[2026-03-13 16:58:33] [INFO] Current session ID: l7f4b8h2qk9of4d0gj2vr64t2l
[2026-03-13 16:58:34] [INFO] Final session quantities count: 1
[2026-03-13 16:58:34] [INFO] Items in current view: 50
[2026-03-13 16:58:34] [INFO] Sales Page Load Debug Info:
Array
(
    [total_items] => 72
    [current_page] => 1
    [total_pages] => 2
    [session_quantities_count] => 1
    [post_quantities_count] => 0
    [date_range] => 2021-04-01 00:00:00 to 2021-04-05
    [days_count] => 5
    [user_id] => 5
    [comp_id] => 5
    [license_type] => FL-III
    [allowed_classes] => Array
        (
            [0] => W
            [1] => V
            [2] => M
            [3] => F
            [4] => D
            [5] => K
            [6] => G
            [7] => R
        )

    [end_date_day] => 05
    [closing_column] => DAY_05_CLOSING
    [end_date_month] => 2021-04
    [stock_filter] => > 0
    [daily_stock_table] => tbldailystock_5_04_21
    [table_suffix] => _04_21
    [current_month] => 2026-03
    [has_restrictions] => 
    [available_dates] => Array
        (
            [0] => 2021-04-01
            [1] => 2021-04-02
            [2] => 2021-04-03
            [3] => 2021-04-04
            [4] => 2021-04-05
        )

    [unavailable_dates] => Array
        (
        )

    [dry_dates] => Array
        (
        )

    [latest_global_sale] => 
)

[2026-03-13 16:58:34] [INFO] === PAGE ACCESS ===
[2026-03-13 16:58:34] [INFO] Request method: GET
[2026-03-13 16:58:34] [INFO] Search term: ''
[2026-03-13 16:58:34] [INFO] Current session ID: l7f4b8h2qk9of4d0gj2vr64t2l
[2026-03-13 16:58:34] [INFO] Final session quantities count: 1
[2026-03-13 16:58:34] [INFO] Items in current view: 50
[2026-03-13 16:58:34] [INFO] Sales Page Load Debug Info:
Array
(
    [total_items] => 72
    [current_page] => 1
    [total_pages] => 2
    [session_quantities_count] => 1
    [post_quantities_count] => 0
    [date_range] => 2021-04-01 00:00:00 to 2021-04-05
    [days_count] => 5
    [user_id] => 5
    [comp_id] => 5
    [license_type] => FL-III
    [allowed_classes] => Array
        (
            [0] => W
            [1] => V
            [2] => M
            [3] => F
            [4] => D
            [5] => K
            [6] => G
            [7] => R
        )

    [end_date_day] => 05
    [closing_column] => DAY_05_CLOSING
    [end_date_month] => 2021-04
    [stock_filter] => > 0
    [daily_stock_table] => tbldailystock_5_04_21
    [table_suffix] => _04_21
    [current_month] => 2026-03
    [has_restrictions] => 
    [available_dates] => Array
        (
            [0] => 2021-04-01
            [1] => 2021-04-02
            [2] => 2021-04-03
            [3] => 2021-04-04
            [4] => 2021-04-05
        )

    [unavailable_dates] => Array
        (
        )

    [dry_dates] => Array
        (
        )

    [latest_global_sale] => 
)

[2026-03-13 16:58:35] [INFO] === PAGE ACCESS ===
[2026-03-13 16:58:35] [INFO] Request method: GET
[2026-03-13 16:58:35] [INFO] Search term: ''
[2026-03-13 16:58:35] [INFO] Current session ID: l7f4b8h2qk9of4d0gj2vr64t2l
[2026-03-13 16:58:35] [INFO] Final session quantities count: 1
[2026-03-13 16:58:35] [INFO] Items in current view: 50
[2026-03-13 16:58:35] [INFO] Sales Page Load Debug Info:
Array
(
    [total_items] => 72
    [current_page] => 1
    [total_pages] => 2
    [session_quantities_count] => 1
    [post_quantities_count] => 0
    [date_range] => 2021-04-01 00:00:00 to 2021-04-05
    [days_count] => 5
    [user_id] => 5
    [comp_id] => 5
    [license_type] => FL-III
    [allowed_classes] => Array
        (
            [0] => W
            [1] => V
            [2] => M
            [3] => F
            [4] => D
            [5] => K
            [6] => G
            [7] => R
        )

    [end_date_day] => 05
    [closing_column] => DAY_05_CLOSING
    [end_date_month] => 2021-04
    [stock_filter] => > 0
    [daily_stock_table] => tbldailystock_5_04_21
    [table_suffix] => _04_21
    [current_month] => 2026-03
    [has_restrictions] => 
    [available_dates] => Array
        (
            [0] => 2021-04-01
            [1] => 2021-04-02
            [2] => 2021-04-03
            [3] => 2021-04-04
            [4] => 2021-04-05
        )

    [unavailable_dates] => Array
        (
        )

    [dry_dates] => Array
        (
        )

    [latest_global_sale] => 
)

[2026-03-13 16:58:36] [INFO] === PAGE ACCESS ===
[2026-03-13 16:58:36] [INFO] Request method: GET
[2026-03-13 16:58:36] [INFO] Search term: ''
[2026-03-13 16:58:36] [INFO] Current session ID: l7f4b8h2qk9of4d0gj2vr64t2l
[2026-03-13 16:58:36] [INFO] Final session quantities count: 1
[2026-03-13 16:58:36] [INFO] Items in current view: 50
[2026-03-13 16:58:36] [INFO] Sales Page Load Debug Info:
Array
(
    [total_items] => 72
    [current_page] => 1
    [total_pages] => 2
    [session_quantities_count] => 1
    [post_quantities_count] => 0
    [date_range] => 2021-04-01 00:00:00 to 2021-04-05
    [days_count] => 5
    [user_id] => 5
    [comp_id] => 5
    [license_type] => FL-III
    [allowed_classes] => Array
        (
            [0] => W
            [1] => V
            [2] => M
            [3] => F
            [4] => D
            [5] => K
            [6] => G
            [7] => R
        )

    [end_date_day] => 05
    [closing_column] => DAY_05_CLOSING
    [end_date_month] => 2021-04
    [stock_filter] => > 0
    [daily_stock_table] => tbldailystock_5_04_21
    [table_suffix] => _04_21
    [current_month] => 2026-03
    [has_restrictions] => 
    [available_dates] => Array
        (
            [0] => 2021-04-01
            [1] => 2021-04-02
            [2] => 2021-04-03
            [3] => 2021-04-04
            [4] => 2021-04-05
        )

    [unavailable_dates] => Array
        (
        )

    [dry_dates] => Array
        (
        )

    [latest_global_sale] => 
)

[2026-03-13 17:24:26] [INFO] === PAGE ACCESS ===
[2026-03-13 17:24:26] [INFO] Request method: GET
[2026-03-13 17:24:26] [INFO] Search term: ''
[2026-03-13 17:24:26] [INFO] Current session ID: l7f4b8h2qk9of4d0gj2vr64t2l
[2026-03-13 17:24:27] [INFO] Final session quantities count: 1
[2026-03-13 17:24:27] [INFO] Items in current view: 50
[2026-03-13 17:24:27] [INFO] Sales Page Load Debug Info:
Array
(
    [total_items] => 72
    [current_page] => 1
    [total_pages] => 2
    [session_quantities_count] => 1
    [post_quantities_count] => 0
    [date_range] => 2021-04-01 00:00:00 to 2021-04-05
    [days_count] => 5
    [user_id] => 5
    [comp_id] => 5
    [license_type] => FL-III
    [allowed_classes] => Array
        (
            [0] => W
            [1] => V
            [2] => M
            [3] => F
            [4] => D
            [5] => K
            [6] => G
            [7] => R
        )

    [end_date_day] => 05
    [closing_column] => DAY_05_CLOSING
    [end_date_month] => 2021-04
    [stock_filter] => > 0
    [daily_stock_table] => tbldailystock_5_04_21
    [table_suffix] => _04_21
    [current_month] => 2026-03
    [has_restrictions] => 
    [available_dates] => Array
        (
            [0] => 2021-04-01
            [1] => 2021-04-02
            [2] => 2021-04-03
            [3] => 2021-04-04
            [4] => 2021-04-05
        )

    [unavailable_dates] => Array
        (
        )

    [dry_dates] => Array
        (
        )

    [latest_global_sale] => 
)

[2026-03-13 17:24:32] [INFO] === PAGE ACCESS ===
[2026-03-13 17:24:32] [INFO] Request method: GET
[2026-03-13 17:24:32] [INFO] Search term: ''
[2026-03-13 17:24:32] [INFO] Current session ID: l7f4b8h2qk9of4d0gj2vr64t2l
[2026-03-13 17:24:32] [INFO] Final session quantities count: 0
[2026-03-13 17:24:32] [INFO] Items in current view: 50
[2026-03-13 17:24:32] [INFO] Sales Page Load Debug Info:
Array
(
    [total_items] => 72
    [current_page] => 1
    [total_pages] => 2
    [session_quantities_count] => 0
    [post_quantities_count] => 0
    [date_range] => 2021-04-01 00:00:00 to 2021-04-05
    [days_count] => 5
    [user_id] => 5
    [comp_id] => 5
    [license_type] => FL-III
    [allowed_classes] => Array
        (
            [0] => W
            [1] => V
            [2] => M
            [3] => F
            [4] => D
            [5] => K
            [6] => G
            [7] => R
        )

    [end_date_day] => 05
    [closing_column] => DAY_05_CLOSING
    [end_date_month] => 2021-04
    [stock_filter] => > 0
    [daily_stock_table] => tbldailystock_5_04_21
    [table_suffix] => _04_21
    [current_month] => 2026-03
    [has_restrictions] => 
    [available_dates] => Array
        (
            [0] => 2021-04-01
            [1] => 2021-04-02
            [2] => 2021-04-03
            [3] => 2021-04-04
            [4] => 2021-04-05
        )

    [unavailable_dates] => Array
        (
        )

    [dry_dates] => Array
        (
        )

    [latest_global_sale] => 
)

[2026-03-13 17:24:37] [INFO] Session quantity updated: SCMPL0028274 = 23
[2026-03-13 17:41:47] [INFO] === PAGE ACCESS ===
[2026-03-13 17:41:47] [INFO] Request method: GET
[2026-03-13 17:41:47] [INFO] Search term: ''
[2026-03-13 17:41:47] [INFO] Current session ID: l7f4b8h2qk9of4d0gj2vr64t2l
[2026-03-13 17:41:47] [INFO] Final session quantities count: 1
[2026-03-13 17:41:47] [INFO] Items in current view: 0
[2026-03-13 17:41:47] [INFO] Sales Page Load Debug Info:
Array
(
    [total_items] => 0
    [current_page] => 1
    [total_pages] => 0
    [session_quantities_count] => 1
    [post_quantities_count] => 0
    [date_range] => 2026-03-13 to 2026-03-13
    [days_count] => 1
    [user_id] => 5
    [comp_id] => 5
    [license_type] => FL-III
    [allowed_classes] => Array
        (
            [0] => W
            [1] => V
            [2] => M
            [3] => F
            [4] => D
            [5] => K
            [6] => G
            [7] => R
        )

    [end_date_day] => 13
    [closing_column] => DAY_13_CLOSING
    [end_date_month] => 2026-03
    [stock_filter] => > 0
    [daily_stock_table] => tbldailystock_5
    [table_suffix] => 
    [current_month] => 2026-03
    [has_restrictions] => 
    [available_dates] => Array
        (
            [0] => 2026-03-13
        )

    [unavailable_dates] => Array
        (
        )

    [dry_dates] => Array
        (
        )

    [latest_global_sale] => 
)

[2026-03-13 17:42:03] [INFO] === PAGE ACCESS ===
[2026-03-13 17:42:03] [INFO] Request method: GET
[2026-03-13 17:42:03] [INFO] Search term: ''
[2026-03-13 17:42:03] [INFO] Current session ID: l7f4b8h2qk9of4d0gj2vr64t2l
[2026-03-13 17:42:04] [INFO] Final session quantities count: 1
[2026-03-13 17:42:04] [INFO] Items in current view: 50
[2026-03-13 17:42:04] [INFO] Sales Page Load Debug Info:
Array
(
    [total_items] => 72
    [current_page] => 1
    [total_pages] => 2
    [session_quantities_count] => 1
    [post_quantities_count] => 0
    [date_range] => 2021-04-01 00:00:00 to 2021-04-05
    [days_count] => 5
    [user_id] => 5
    [comp_id] => 5
    [license_type] => FL-III
    [allowed_classes] => Array
        (
            [0] => W
            [1] => V
            [2] => M
            [3] => F
            [4] => D
            [5] => K
            [6] => G
            [7] => R
        )

    [end_date_day] => 05
    [closing_column] => DAY_05_CLOSING
    [end_date_month] => 2021-04
    [stock_filter] => > 0
    [daily_stock_table] => tbldailystock_5_04_21
    [table_suffix] => _04_21
    [current_month] => 2026-03
    [has_restrictions] => 
    [available_dates] => Array
        (
            [0] => 2021-04-01
            [1] => 2021-04-02
            [2] => 2021-04-03
            [3] => 2021-04-04
            [4] => 2021-04-05
        )

    [unavailable_dates] => Array
        (
        )

    [dry_dates] => Array
        (
        )

    [latest_global_sale] => 
)

[2026-03-13 17:42:08] [INFO] Session quantity updated: SCMPL0028356 = 45
[2026-03-13 17:42:08] [INFO] Session quantity updated: SCMPL0028356 = 0
[2026-03-13 17:42:09] [INFO] Session quantity updated: SCMPL0028356 = 0
[2026-03-13 17:42:11] [INFO] Session quantity updated: SCMPL0028356 = 0
[2026-03-13 17:42:11] [INFO] Session quantity updated: SCMPL0028356 = 0
[2026-03-13 17:42:12] [INFO] Session quantity updated: SCMPL0028356 = 45
[2026-03-13 17:42:12] [INFO] Session quantity updated: SCMPL0028356 = 45
[2026-03-13 17:42:13] [INFO] Session quantity updated: SCMPL0028356 = 50
[2026-03-13 17:42:13] [INFO] Session quantity updated: SCMPL0028356 = 50
[2026-03-13 17:42:14] [INFO] Session quantity updated: SCMPL0028356 = 48
[2026-03-13 17:42:14] [INFO] Session quantity updated: SCMPL0028356 = 27
[2026-03-13 17:42:14] [INFO] Session quantity updated: SCMPL0028356 = 27
[2026-03-13 17:42:23] [INFO] Session quantity updated: SCMPL0028275 = 500
[2026-03-13 17:42:23] [INFO] Session quantity updated: SCMPL0028275 = 497
[2026-03-13 17:42:23] [INFO] Session quantity updated: SCMPL0028275 = 466
[2026-03-13 17:42:24] [INFO] Session quantity updated: SCMPL0028275 = 466
[2026-03-13 17:42:25] [INFO] Session quantity updated: SCMPL0028275 = 156
[2026-03-13 17:42:25] [INFO] Session quantity updated: SCMPL0028275 = 156
[2026-03-13 17:42:26] [INFO] Session quantity updated: SCMPL0028275 = 0
[2026-03-13 17:42:26] [INFO] Session quantity updated: SCMPL0028275 = 0
[2026-03-13 17:42:27] [INFO] Session quantity updated: SCMPL0028275 = 450
[2026-03-13 17:42:27] [INFO] Session quantity updated: SCMPL0028275 = 450
[2026-03-13 17:42:29] [INFO] Session quantity updated: SCMPL0028275 = 495
[2026-03-13 17:42:29] [INFO] Session quantity updated: SCMPL0028275 = 495
[2026-03-13 17:42:30] [INFO] Session quantity updated: SCMPL0028275 = 446
[2026-03-13 17:42:30] [INFO] Session quantity updated: SCMPL0028275 = 0
[2026-03-13 17:42:30] [INFO] Session quantity updated: SCMPL0028275 = 0
[2026-03-13 17:42:31] [INFO] Session quantity updated: SCMPL0028275 = 0
[2026-03-13 17:42:32] [INFO] Session quantity updated: SCMPL0028275 = 0
[2026-03-13 17:42:33] [INFO] Session quantity updated: SCMPL0028275 = 500
[2026-03-13 17:42:33] [INFO] Session quantity updated: SCMPL0028275 = 500
[2026-03-13 17:42:34] [INFO] Session quantity updated: SCMPL0028275 = 496
[2026-03-13 17:42:34] [INFO] Session quantity updated: SCMPL0028275 = 455
[2026-03-13 17:42:34] [INFO] Session quantity updated: SCMPL0028275 = 455
[2026-03-13 17:42:34] [INFO] Session quantity updated: SCMPL0028275 = 47
[2026-03-13 17:42:35] [INFO] Session quantity updated: SCMPL0028275 = 47
[2026-03-13 18:37:22] [INFO] === PAGE ACCESS ===
[2026-03-13 18:37:23] [INFO] Request method: GET
[2026-03-13 18:37:23] [INFO] Search term: ''
[2026-03-13 18:37:23] [INFO] Current session ID: eps92cecf7u58c8m6aom11l372
[2026-03-13 18:37:23] [INFO] Final session quantities count: 0
[2026-03-13 18:37:23] [INFO] Items in current view: 0
[2026-03-13 18:37:23] [INFO] Sales Page Load Debug Info:
Array
(
    [total_items] => 0
    [current_page] => 1
    [total_pages] => 0
    [session_quantities_count] => 0
    [post_quantities_count] => 0
    [date_range] => 2026-03-13 to 2026-03-13
    [days_count] => 1
    [user_id] => 5
    [comp_id] => 5
    [license_type] => FL-III
    [allowed_classes] => Array
        (
            [0] => W
            [1] => V
            [2] => M
            [3] => F
            [4] => D
            [5] => K
            [6] => G
            [7] => R
        )

    [end_date_day] => 13
    [closing_column] => DAY_13_CLOSING
    [end_date_month] => 2026-03
    [stock_filter] => > 0
    [daily_stock_table] => tbldailystock_5
    [table_suffix] => 
    [current_month] => 2026-03
    [has_restrictions] => 
    [available_dates] => Array
        (
            [0] => 2026-03-13
        )

    [unavailable_dates] => Array
        (
        )

    [dry_dates] => Array
        (
        )

    [latest_global_sale] => 
)

[2026-03-13 18:48:19] [INFO] === PAGE ACCESS ===
[2026-03-13 18:48:19] [INFO] Request method: GET
[2026-03-13 18:48:19] [INFO] Search term: ''
[2026-03-13 18:48:19] [INFO] Current session ID: eps92cecf7u58c8m6aom11l372
[2026-03-13 18:48:19] [INFO] Final session quantities count: 0
[2026-03-13 18:48:19] [INFO] Items in current view: 0
[2026-03-13 18:48:19] [INFO] Sales Page Load Debug Info:
Array
(
    [total_items] => 0
    [current_page] => 1
    [total_pages] => 0
    [session_quantities_count] => 0
    [post_quantities_count] => 0
    [date_range] => 2026-03-13 to 2026-03-13
    [days_count] => 1
    [user_id] => 5
    [comp_id] => 5
    [license_type] => FL-III
    [allowed_classes] => Array
        (
            [0] => W
            [1] => V
            [2] => M
            [3] => F
            [4] => D
            [5] => K
            [6] => G
            [7] => R
        )

    [end_date_day] => 13
    [closing_column] => DAY_13_CLOSING
    [end_date_month] => 2026-03
    [stock_filter] => > 0
    [daily_stock_table] => tbldailystock_5
    [table_suffix] => 
    [current_month] => 2026-03
    [has_restrictions] => 
    [available_dates] => Array
        (
            [0] => 2026-03-13
        )

    [unavailable_dates] => Array
        (
        )

    [dry_dates] => Array
        (
        )

    [latest_global_sale] => 
)

