[2026-02-23 03:50:18] [INFO] === PAGE ACCESS ===
[2026-02-23 03:50:18] [INFO] Request method: GET
[2026-02-23 03:50:18] [INFO] Search term: ''
[2026-02-23 03:50:18] [INFO] Current session ID: 34rhmmn2hvqacd11akt5ink218
[2026-02-23 03:50:19] [INFO] Final session quantities count: 0
[2026-02-23 03:50:19] [INFO] Items in current view: 3
[2026-02-23 03:50:19] [INFO] Sales Page Load Debug Info:
Array
(
    [total_items] => 3
    [current_page] => 1
    [total_pages] => 1
    [session_quantities_count] => 0
    [post_quantities_count] => 0
    [date_range] => 2026-02-23 to 2026-02-23
    [days_count] => 1
    [user_id] => 1
    [comp_id] => 1
    [license_type] => FL-II
    [allowed_classes] => Array
        (
            [0] => W
            [1] => V
            [2] => M
            [3] => F
            [4] => D
            [5] => K
            [6] => G
            [7] => R
            [8] => O
        )

    [end_date_day] => 23
    [closing_column] => DAY_23_CLOSING
    [end_date_month] => 2026-02
    [stock_filter] => > 0
    [daily_stock_table] => tbldailystock_1
    [table_suffix] => 
    [current_month] => 2026-02
    [has_restrictions] => 
    [available_dates] => Array
        (
            [0] => 2026-02-23
        )

    [unavailable_dates] => Array
        (
        )

    [dry_dates] => Array
        (
        )

    [latest_global_sale] => 
)

[2026-02-23 03:50:41] [INFO] === PAGE ACCESS ===
[2026-02-23 03:50:41] [INFO] Request method: GET
[2026-02-23 03:50:41] [INFO] Search term: ''
[2026-02-23 03:50:41] [INFO] Current session ID: 34rhmmn2hvqacd11akt5ink218
[2026-02-23 03:50:41] [INFO] Final session quantities count: 0
[2026-02-23 03:50:41] [INFO] Items in current view: 3
[2026-02-23 03:50:41] [INFO] Sales Page Load Debug Info:
Array
(
    [total_items] => 3
    [current_page] => 1
    [total_pages] => 1
    [session_quantities_count] => 0
    [post_quantities_count] => 0
    [date_range] => 2026-02-23 to 2026-02-23
    [days_count] => 1
    [user_id] => 1
    [comp_id] => 1
    [license_type] => FL-II
    [allowed_classes] => Array
        (
            [0] => W
            [1] => V
            [2] => M
            [3] => F
            [4] => D
            [5] => K
            [6] => G
            [7] => R
            [8] => O
        )

    [end_date_day] => 23
    [closing_column] => DAY_23_CLOSING
    [end_date_month] => 2026-02
    [stock_filter] => > 0
    [daily_stock_table] => tbldailystock_1
    [table_suffix] => 
    [current_month] => 2026-02
    [has_restrictions] => 
    [available_dates] => Array
        (
            [0] => 2026-02-23
        )

    [unavailable_dates] => Array
        (
        )

    [dry_dates] => Array
        (
        )

    [latest_global_sale] => 
)

[2026-02-23 03:50:49] [INFO] Session quantity updated: SCMPL0010694 = 0
[2026-02-23 03:50:49] [INFO] Session quantity updated: SCMPL0010694 = 0
[2026-02-23 03:50:49] [INFO] Session quantity updated: SCMPL0010694 = 1
[2026-02-23 03:50:49] [INFO] Session quantity updated: SCMPL0010694 = 10
[2026-02-23 03:50:50] [INFO] Session quantity updated: SCMPL0010694 = 10
[2026-02-23 03:50:51] [INFO] Session quantity updated: SCMPL0010694 = 10
[2026-02-23 03:50:53] [INFO] === PAGE ACCESS ===
[2026-02-23 03:50:53] [INFO] Request method: GET
[2026-02-23 03:50:53] [INFO] Search term: ''
[2026-02-23 03:50:53] [INFO] Current session ID: 34rhmmn2hvqacd11akt5ink218
[2026-02-23 03:50:53] [INFO] DRY DAYS FOUND: 2026-02-21
[2026-02-23 03:50:53] [INFO] Final session quantities count: 1
[2026-02-23 03:50:53] [INFO] Items in current view: 3
[2026-02-23 03:50:53] [INFO] Sales Page Load Debug Info:
Array
(
    [total_items] => 3
    [current_page] => 1
    [total_pages] => 1
    [session_quantities_count] => 1
    [post_quantities_count] => 0
    [date_range] => 2026-02-20 to 2026-02-23
    [days_count] => 4
    [user_id] => 1
    [comp_id] => 1
    [license_type] => FL-II
    [allowed_classes] => Array
        (
            [0] => W
            [1] => V
            [2] => M
            [3] => F
            [4] => D
            [5] => K
            [6] => G
            [7] => R
            [8] => O
        )

    [end_date_day] => 23
    [closing_column] => DAY_23_CLOSING
    [end_date_month] => 2026-02
    [stock_filter] => > 0
    [daily_stock_table] => tbldailystock_1
    [table_suffix] => 
    [current_month] => 2026-02
    [has_restrictions] => 1
    [available_dates] => Array
        (
            [0] => 2026-02-20
            [1] => 2026-02-22
            [2] => 2026-02-23
        )

    [unavailable_dates] => Array
        (
            [0] => 2026-02-21
        )

    [dry_dates] => Array
        (
            [0] => 2026-02-21
        )

    [latest_global_sale] => 
)

[2026-02-23 03:50:53] [INFO] === PAGE ACCESS ===
[2026-02-23 03:50:53] [INFO] Request method: GET
[2026-02-23 03:50:53] [INFO] Search term: ''
[2026-02-23 03:50:53] [INFO] Current session ID: 34rhmmn2hvqacd11akt5ink218
[2026-02-23 03:50:54] [INFO] DRY DAYS FOUND: 2026-02-21
[2026-02-23 03:50:54] [INFO] Final session quantities count: 1
[2026-02-23 03:50:54] [INFO] Items in current view: 3
[2026-02-23 03:50:54] [INFO] Sales Page Load Debug Info:
Array
(
    [total_items] => 3
    [current_page] => 1
    [total_pages] => 1
    [session_quantities_count] => 1
    [post_quantities_count] => 0
    [date_range] => 2026-02-20 to 2026-02-23
    [days_count] => 4
    [user_id] => 1
    [comp_id] => 1
    [license_type] => FL-II
    [allowed_classes] => Array
        (
            [0] => W
            [1] => V
            [2] => M
            [3] => F
            [4] => D
            [5] => K
            [6] => G
            [7] => R
            [8] => O
        )

    [end_date_day] => 23
    [closing_column] => DAY_23_CLOSING
    [end_date_month] => 2026-02
    [stock_filter] => > 0
    [daily_stock_table] => tbldailystock_1
    [table_suffix] => 
    [current_month] => 2026-02
    [has_restrictions] => 1
    [available_dates] => Array
        (
            [0] => 2026-02-20
            [1] => 2026-02-22
            [2] => 2026-02-23
        )

    [unavailable_dates] => Array
        (
            [0] => 2026-02-21
        )

    [dry_dates] => Array
        (
            [0] => 2026-02-21
        )

    [latest_global_sale] => 
)

[2026-02-23 03:50:59] [INFO] === PAGE ACCESS ===
[2026-02-23 03:50:59] [INFO] Request method: POST
[2026-02-23 03:50:59] [INFO] Search term: ''
[2026-02-23 03:50:59] [INFO] Current session ID: 34rhmmn2hvqacd11akt5ink218
[2026-02-23 03:51:00] [INFO] Session quantities updated from POST: 1 items
[2026-02-23 03:51:00] [INFO] DRY DAYS FOUND: 2026-02-21
[2026-02-23 03:51:00] [INFO] DRY DAYS FOUND: 2026-02-21
[2026-02-23 03:51:00] [INFO] Getting next bill number for CompID: 1
[2026-02-23 03:51:00] [INFO] Next bill number for CompID 1: 1
[2026-02-23 03:51:00] [INFO] Starting daily stock update for item SCMPL0010694 sold on 2026-02-20 (Qty: 3)
[2026-02-23 03:51:00] [INFO] Recalculating stock from day 20 for item SCMPL0010694 in 2026-02 in table tbldailystock_1
[2026-02-23 03:51:00] [DEBUG] Day 20: Opening=46, Purchase=0, Sales=3, Closing=43
[2026-02-23 03:51:00] [DEBUG] Day 21: Opening=43, Purchase=0, Sales=0, Closing=43
[2026-02-23 03:51:00] [DEBUG] Day 22: Opening=43, Purchase=0, Sales=0, Closing=43
[2026-02-23 03:51:00] [DEBUG] Day 23: Opening=43, Purchase=0, Sales=0, Closing=43
[2026-02-23 03:51:00] [DEBUG] Day 24: Opening=43, Purchase=0, Sales=0, Closing=43
[2026-02-23 03:51:00] [DEBUG] Day 25: Opening=43, Purchase=0, Sales=0, Closing=43
[2026-02-23 03:51:00] [DEBUG] Day 26: Opening=43, Purchase=0, Sales=0, Closing=43
[2026-02-23 03:51:00] [DEBUG] Day 27: Opening=43, Purchase=0, Sales=0, Closing=43
[2026-02-23 03:51:00] [DEBUG] Day 28: Opening=43, Purchase=0, Sales=0, Closing=43
[2026-02-23 03:51:00] [INFO] Completed recalculating stock for 2026-02 from day 20
[2026-02-23 03:51:00] [INFO] Starting cascading to current month for item SCMPL0010694 sold on 2026-02-20
[2026-02-23 03:51:00] [INFO] Daily stock updated successfully for item SCMPL0010694 on 2026-02-20 in table tbldailystock_1: Sales=3, Closing=43
[2026-02-23 03:51:00] [INFO] Starting daily stock update for item SCMPL0010694 sold on 2026-02-22 (Qty: 3)
[2026-02-23 03:51:00] [INFO] Recalculating stock from day 22 for item SCMPL0010694 in 2026-02 in table tbldailystock_1
[2026-02-23 03:51:00] [DEBUG] Day 22: Opening=43, Purchase=0, Sales=3, Closing=40
[2026-02-23 03:51:00] [DEBUG] Day 23: Opening=40, Purchase=0, Sales=0, Closing=40
[2026-02-23 03:51:00] [DEBUG] Day 24: Opening=40, Purchase=0, Sales=0, Closing=40
[2026-02-23 03:51:00] [DEBUG] Day 25: Opening=40, Purchase=0, Sales=0, Closing=40
[2026-02-23 03:51:00] [DEBUG] Day 26: Opening=40, Purchase=0, Sales=0, Closing=40
[2026-02-23 03:51:00] [DEBUG] Day 27: Opening=40, Purchase=0, Sales=0, Closing=40
[2026-02-23 03:51:00] [DEBUG] Day 28: Opening=40, Purchase=0, Sales=0, Closing=40
[2026-02-23 03:51:00] [INFO] Completed recalculating stock for 2026-02 from day 22
[2026-02-23 03:51:00] [INFO] Starting cascading to current month for item SCMPL0010694 sold on 2026-02-22
[2026-02-23 03:51:00] [INFO] Daily stock updated successfully for item SCMPL0010694 on 2026-02-22 in table tbldailystock_1: Sales=3, Closing=40
[2026-02-23 03:51:00] [INFO] Starting daily stock update for item SCMPL0010694 sold on 2026-02-23 (Qty: 4)
[2026-02-23 03:51:00] [INFO] Recalculating stock from day 23 for item SCMPL0010694 in 2026-02 in table tbldailystock_1
[2026-02-23 03:51:00] [DEBUG] Day 23: Opening=40, Purchase=0, Sales=4, Closing=36
[2026-02-23 03:51:00] [DEBUG] Day 24: Opening=36, Purchase=0, Sales=0, Closing=36
[2026-02-23 03:51:00] [DEBUG] Day 25: Opening=36, Purchase=0, Sales=0, Closing=36
[2026-02-23 03:51:00] [DEBUG] Day 26: Opening=36, Purchase=0, Sales=0, Closing=36
[2026-02-23 03:51:00] [DEBUG] Day 27: Opening=36, Purchase=0, Sales=0, Closing=36
[2026-02-23 03:51:00] [DEBUG] Day 28: Opening=36, Purchase=0, Sales=0, Closing=36
[2026-02-23 03:51:00] [INFO] Completed recalculating stock for 2026-02 from day 23
[2026-02-23 03:51:00] [INFO] Starting cascading to current month for item SCMPL0010694 sold on 2026-02-23
[2026-02-23 03:51:00] [INFO] Daily stock updated successfully for item SCMPL0010694 on 2026-02-23 in table tbldailystock_1: Sales=4, Closing=36
[2026-02-23 03:51:00] [INFO] Starting optimized cash memo generation for 3 bills
[2026-02-23 03:51:00] [INFO] Cash memo generated for bill: BL0001
[2026-02-23 03:51:00] [INFO] Cash memo generated for bill: BL0002
[2026-02-23 03:51:00] [INFO] Cash memo generated for bill: BL0003
[2026-02-23 03:51:00] [INFO] Cash memo generation completed: 3 successful, 0 failed
[2026-02-23 03:51:00] [INFO] Session quantities cleared
[2026-02-23 04:33:02] [INFO] === PAGE ACCESS ===
[2026-02-23 04:33:02] [INFO] Request method: GET
[2026-02-23 04:33:02] [INFO] Search term: ''
[2026-02-23 04:33:02] [INFO] Current session ID: 34rhmmn2hvqacd11akt5ink218
[2026-02-23 04:33:02] [INFO] Final session quantities count: 0
[2026-02-23 04:33:02] [INFO] Items in current view: 3
[2026-02-23 04:33:02] [INFO] Sales Page Load Debug Info:
Array
(
    [total_items] => 3
    [current_page] => 1
    [total_pages] => 1
    [session_quantities_count] => 0
    [post_quantities_count] => 0
    [date_range] => 2026-02-23 to 2026-02-23
    [days_count] => 1
    [user_id] => 1
    [comp_id] => 1
    [license_type] => FL-II
    [allowed_classes] => Array
        (
            [0] => W
            [1] => V
            [2] => M
            [3] => F
            [4] => D
            [5] => K
            [6] => G
            [7] => R
            [8] => O
        )

    [end_date_day] => 23
    [closing_column] => DAY_23_CLOSING
    [end_date_month] => 2026-02
    [stock_filter] => > 0
    [daily_stock_table] => tbldailystock_1
    [table_suffix] => 
    [current_month] => 2026-02
    [has_restrictions] => 
    [available_dates] => Array
        (
            [0] => 2026-02-23
        )

    [unavailable_dates] => Array
        (
        )

    [dry_dates] => Array
        (
        )

    [latest_global_sale] => 
)

[2026-02-23 04:33:07] [INFO] === PAGE ACCESS ===
[2026-02-23 04:33:07] [INFO] Request method: GET
[2026-02-23 04:33:07] [INFO] Search term: ''
[2026-02-23 04:33:07] [INFO] Current session ID: 34rhmmn2hvqacd11akt5ink218
[2026-02-23 04:33:07] [INFO] Final session quantities count: 0
[2026-02-23 04:33:07] [INFO] Items in current view: 3
[2026-02-23 04:33:07] [INFO] Sales Page Load Debug Info:
Array
(
    [total_items] => 3
    [current_page] => 1
    [total_pages] => 1
    [session_quantities_count] => 0
    [post_quantities_count] => 0
    [date_range] => 2026-02-23 to 2026-02-23
    [days_count] => 1
    [user_id] => 1
    [comp_id] => 1
    [license_type] => FL-II
    [allowed_classes] => Array
        (
            [0] => W
            [1] => V
            [2] => M
            [3] => F
            [4] => D
            [5] => K
            [6] => G
            [7] => R
            [8] => O
        )

    [end_date_day] => 23
    [closing_column] => DAY_23_CLOSING
    [end_date_month] => 2026-02
    [stock_filter] => > 0
    [daily_stock_table] => tbldailystock_1
    [table_suffix] => 
    [current_month] => 2026-02
    [has_restrictions] => 
    [available_dates] => Array
        (
            [0] => 2026-02-23
        )

    [unavailable_dates] => Array
        (
        )

    [dry_dates] => Array
        (
        )

    [latest_global_sale] => 
)

[2026-02-23 04:33:12] [INFO] Session quantity updated: SCMPL0010694 = 0
[2026-02-23 04:33:12] [INFO] Session quantity updated: SCMPL0010694 = 0
[2026-02-23 04:33:13] [INFO] Session quantity updated: SCMPL0010694 = 3
[2026-02-23 04:33:13] [INFO] Session quantity updated: SCMPL0010694 = 3
[2026-02-23 04:33:14] [INFO] Session quantity updated: SCMPL0010694 = 3
[2026-02-23 04:33:16] [INFO] === PAGE ACCESS ===
[2026-02-23 04:33:16] [INFO] Request method: POST
[2026-02-23 04:33:16] [INFO] Search term: ''
[2026-02-23 04:33:16] [INFO] Current session ID: 34rhmmn2hvqacd11akt5ink218
[2026-02-23 04:33:17] [INFO] Session quantities updated from POST: 1 items
[2026-02-23 04:33:17] [INFO] Getting next bill number for CompID: 1
[2026-02-23 04:33:17] [INFO] Next bill number for CompID 1: 1
[2026-02-23 04:33:17] [INFO] Starting daily stock update for item SCMPL0010694 sold on 2026-02-23 (Qty: 3)
[2026-02-23 04:33:17] [INFO] Recalculating stock from day 23 for item SCMPL0010694 in 2026-02 in table tbldailystock_1
[2026-02-23 04:33:17] [DEBUG] Day 23: Opening=46, Purchase=0, Sales=3, Closing=43
[2026-02-23 04:33:17] [DEBUG] Day 24: Opening=43, Purchase=0, Sales=0, Closing=43
[2026-02-23 04:33:17] [DEBUG] Day 25: Opening=43, Purchase=0, Sales=0, Closing=43
[2026-02-23 04:33:17] [DEBUG] Day 26: Opening=43, Purchase=0, Sales=0, Closing=43
[2026-02-23 04:33:17] [DEBUG] Day 27: Opening=43, Purchase=0, Sales=0, Closing=43
[2026-02-23 04:33:17] [DEBUG] Day 28: Opening=43, Purchase=0, Sales=0, Closing=43
[2026-02-23 04:33:17] [INFO] Completed recalculating stock for 2026-02 from day 23
[2026-02-23 04:33:17] [INFO] Starting cascading to current month for item SCMPL0010694 sold on 2026-02-23
[2026-02-23 04:33:17] [INFO] Daily stock updated successfully for item SCMPL0010694 on 2026-02-23 in table tbldailystock_1: Sales=3, Closing=43
[2026-02-23 04:33:17] [INFO] Starting optimized cash memo generation for 1 bills
[2026-02-23 04:33:17] [INFO] Cash memo generated for bill: BL0001
[2026-02-23 04:33:17] [INFO] Cash memo generation completed: 1 successful, 0 failed
[2026-02-23 04:33:17] [INFO] Session quantities cleared
[2026-02-23 04:35:05] [INFO] === PAGE ACCESS ===
[2026-02-23 04:35:05] [INFO] Request method: GET
[2026-02-23 04:35:05] [INFO] Search term: ''
[2026-02-23 04:35:05] [INFO] Current session ID: 34rhmmn2hvqacd11akt5ink218
[2026-02-23 04:35:05] [INFO] GLOBAL CHECK: Latest existing sale: 2026-02-23
[2026-02-23 04:35:05] [INFO] Available dates: 
[2026-02-23 04:35:05] [INFO] Unavailable dates (has existing sales): 2026-02-23
[2026-02-23 04:35:05] [INFO] Final session quantities count: 0
[2026-02-23 04:35:05] [INFO] Items in current view: 3
[2026-02-23 04:35:05] [INFO] Sales Page Load Debug Info:
Array
(
    [total_items] => 3
    [current_page] => 1
    [total_pages] => 1
    [session_quantities_count] => 0
    [post_quantities_count] => 0
    [date_range] => 2026-02-23 to 2026-02-23
    [days_count] => 1
    [user_id] => 1
    [comp_id] => 1
    [license_type] => FL-II
    [allowed_classes] => Array
        (
            [0] => W
            [1] => V
            [2] => M
            [3] => F
            [4] => D
            [5] => K
            [6] => G
            [7] => R
            [8] => O
        )

    [end_date_day] => 23
    [closing_column] => DAY_23_CLOSING
    [end_date_month] => 2026-02
    [stock_filter] => > 0
    [daily_stock_table] => tbldailystock_1
    [table_suffix] => 
    [current_month] => 2026-02
    [has_restrictions] => 1
    [available_dates] => Array
        (
        )

    [unavailable_dates] => Array
        (
            [0] => 2026-02-23
        )

    [dry_dates] => Array
        (
        )

    [latest_global_sale] => 2026-02-23
)

[2026-02-23 04:47:01] [INFO] === PAGE ACCESS ===
[2026-02-23 04:47:01] [INFO] Request method: GET
[2026-02-23 04:47:01] [INFO] Search term: ''
[2026-02-23 04:47:01] [INFO] Current session ID: 34rhmmn2hvqacd11akt5ink218
[2026-02-23 04:47:02] [INFO] GLOBAL CHECK: Latest existing sale: 2026-02-23
[2026-02-23 04:47:02] [INFO] Available dates: 
[2026-02-23 04:47:02] [INFO] Unavailable dates (has existing sales): 2026-02-23
[2026-02-23 04:47:02] [INFO] Final session quantities count: 0
[2026-02-23 04:47:02] [INFO] Items in current view: 3
[2026-02-23 04:47:02] [INFO] Sales Page Load Debug Info:
Array
(
    [total_items] => 3
    [current_page] => 1
    [total_pages] => 1
    [session_quantities_count] => 0
    [post_quantities_count] => 0
    [date_range] => 2026-02-23 to 2026-02-23
    [days_count] => 1
    [user_id] => 1
    [comp_id] => 1
    [license_type] => FL-II
    [allowed_classes] => Array
        (
            [0] => W
            [1] => V
            [2] => M
            [3] => F
            [4] => D
            [5] => K
            [6] => G
            [7] => R
            [8] => O
        )

    [end_date_day] => 23
    [closing_column] => DAY_23_CLOSING
    [end_date_month] => 2026-02
    [stock_filter] => > 0
    [daily_stock_table] => tbldailystock_1
    [table_suffix] => 
    [current_month] => 2026-02
    [has_restrictions] => 1
    [available_dates] => Array
        (
        )

    [unavailable_dates] => Array
        (
            [0] => 2026-02-23
        )

    [dry_dates] => Array
        (
        )

    [latest_global_sale] => 2026-02-23
)

[2026-02-23 04:47:59] [INFO] === PAGE ACCESS ===
[2026-02-23 04:47:59] [INFO] Request method: GET
[2026-02-23 04:47:59] [INFO] Search term: ''
[2026-02-23 04:47:59] [INFO] Current session ID: 34rhmmn2hvqacd11akt5ink218
[2026-02-23 04:48:00] [INFO] GLOBAL CHECK: Latest existing sale: 2026-02-23
[2026-02-23 04:48:00] [INFO] Available dates: 
[2026-02-23 04:48:00] [INFO] Unavailable dates (has existing sales): 2026-02-23
[2026-02-23 04:48:00] [INFO] Final session quantities count: 0
[2026-02-23 04:48:00] [INFO] Items in current view: 3
[2026-02-23 04:48:00] [INFO] Sales Page Load Debug Info:
Array
(
    [total_items] => 3
    [current_page] => 1
    [total_pages] => 1
    [session_quantities_count] => 0
    [post_quantities_count] => 0
    [date_range] => 2026-02-23 to 2026-02-23
    [days_count] => 1
    [user_id] => 1
    [comp_id] => 1
    [license_type] => FL-II
    [allowed_classes] => Array
        (
            [0] => W
            [1] => V
            [2] => M
            [3] => F
            [4] => D
            [5] => K
            [6] => G
            [7] => R
            [8] => O
        )

    [end_date_day] => 23
    [closing_column] => DAY_23_CLOSING
    [end_date_month] => 2026-02
    [stock_filter] => > 0
    [daily_stock_table] => tbldailystock_1
    [table_suffix] => 
    [current_month] => 2026-02
    [has_restrictions] => 1
    [available_dates] => Array
        (
        )

    [unavailable_dates] => Array
        (
            [0] => 2026-02-23
        )

    [dry_dates] => Array
        (
        )

    [latest_global_sale] => 2026-02-23
)

[2026-02-23 04:49:16] [INFO] === PAGE ACCESS ===
[2026-02-23 04:49:16] [INFO] Request method: GET
[2026-02-23 04:49:16] [INFO] Search term: ''
[2026-02-23 04:49:16] [INFO] Current session ID: 34rhmmn2hvqacd11akt5ink218
[2026-02-23 04:49:17] [INFO] Final session quantities count: 0
[2026-02-23 04:49:17] [INFO] Items in current view: 3
[2026-02-23 04:49:17] [INFO] Sales Page Load Debug Info:
Array
(
    [total_items] => 3
    [current_page] => 1
    [total_pages] => 1
    [session_quantities_count] => 0
    [post_quantities_count] => 0
    [date_range] => 2026-02-23 to 2026-02-23
    [days_count] => 1
    [user_id] => 1
    [comp_id] => 1
    [license_type] => FL-II
    [allowed_classes] => Array
        (
            [0] => W
            [1] => V
            [2] => M
            [3] => F
            [4] => D
            [5] => K
            [6] => G
            [7] => R
            [8] => O
        )

    [end_date_day] => 23
    [closing_column] => DAY_23_CLOSING
    [end_date_month] => 2026-02
    [stock_filter] => > 0
    [daily_stock_table] => tbldailystock_1
    [table_suffix] => 
    [current_month] => 2026-02
)

[2026-02-23 04:49:17] [INFO] Item SCMPL0010694: Latest existing sale: 2026-02-23
[2026-02-23 04:49:17] [INFO] Available dates: 
[2026-02-23 04:49:17] [INFO] Unavailable dates (has existing sales): 2026-02-23
[2026-02-23 04:49:37] [INFO] === PAGE ACCESS ===
[2026-02-23 04:49:37] [INFO] Request method: GET
[2026-02-23 04:49:37] [INFO] Search term: ''
[2026-02-23 04:49:37] [INFO] Current session ID: 34rhmmn2hvqacd11akt5ink218
[2026-02-23 04:49:38] [INFO] GLOBAL CHECK: Latest existing sale: 2026-02-23
[2026-02-23 04:49:38] [INFO] Available dates: 
[2026-02-23 04:49:38] [INFO] Unavailable dates (has existing sales): 2026-02-23
[2026-02-23 04:49:38] [INFO] Final session quantities count: 0
[2026-02-23 04:49:38] [INFO] Items in current view: 3
[2026-02-23 04:49:38] [INFO] Sales Page Load Debug Info:
Array
(
    [total_items] => 3
    [current_page] => 1
    [total_pages] => 1
    [session_quantities_count] => 0
    [post_quantities_count] => 0
    [date_range] => 2026-02-23 to 2026-02-23
    [days_count] => 1
    [user_id] => 1
    [comp_id] => 1
    [license_type] => FL-II
    [allowed_classes] => Array
        (
            [0] => W
            [1] => V
            [2] => M
            [3] => F
            [4] => D
            [5] => K
            [6] => G
            [7] => R
            [8] => O
        )

    [end_date_day] => 23
    [closing_column] => DAY_23_CLOSING
    [end_date_month] => 2026-02
    [stock_filter] => > 0
    [daily_stock_table] => tbldailystock_1
    [table_suffix] => 
    [current_month] => 2026-02
    [has_restrictions] => 1
    [available_dates] => Array
        (
        )

    [unavailable_dates] => Array
        (
            [0] => 2026-02-23
        )

    [dry_dates] => Array
        (
        )

    [latest_global_sale] => 2026-02-23
)

[2026-02-23 04:50:54] [INFO] === PAGE ACCESS ===
[2026-02-23 04:50:54] [INFO] Request method: GET
[2026-02-23 04:50:54] [INFO] Search term: ''
[2026-02-23 04:50:54] [INFO] Current session ID: 34rhmmn2hvqacd11akt5ink218
[2026-02-23 04:50:55] [INFO] GLOBAL CHECK: Latest existing sale: 2026-02-23
[2026-02-23 04:50:55] [INFO] Available dates: 
[2026-02-23 04:50:55] [INFO] Unavailable dates (has existing sales): 2026-02-23
[2026-02-23 04:50:55] [INFO] Final session quantities count: 0
[2026-02-23 04:50:55] [INFO] Items in current view: 3
[2026-02-23 04:50:55] [INFO] Sales Page Load Debug Info:
Array
(
    [total_items] => 3
    [current_page] => 1
    [total_pages] => 1
    [session_quantities_count] => 0
    [post_quantities_count] => 0
    [date_range] => 2026-02-23 to 2026-02-23
    [days_count] => 1
    [user_id] => 1
    [comp_id] => 1
    [license_type] => FL-II
    [allowed_classes] => Array
        (
            [0] => W
            [1] => V
            [2] => M
            [3] => F
            [4] => D
            [5] => K
            [6] => G
            [7] => R
            [8] => O
        )

    [end_date_day] => 23
    [closing_column] => DAY_23_CLOSING
    [end_date_month] => 2026-02
    [stock_filter] => > 0
    [daily_stock_table] => tbldailystock_1
    [table_suffix] => 
    [current_month] => 2026-02
    [has_restrictions] => 1
    [available_dates] => Array
        (
        )

    [unavailable_dates] => Array
        (
            [0] => 2026-02-23
        )

    [dry_dates] => Array
        (
        )

    [latest_global_sale] => 2026-02-23
)

[2026-02-23 06:43:59] [INFO] === PAGE ACCESS ===
[2026-02-23 06:43:59] [INFO] Request method: GET
[2026-02-23 06:43:59] [INFO] Search term: ''
[2026-02-23 06:43:59] [INFO] Current session ID: ubevsa7cb06u8vc9e9dgu1ml69
[2026-02-23 06:44:00] [INFO] Final session quantities count: 0
[2026-02-23 06:44:00] [INFO] Items in current view: 50
[2026-02-23 06:44:00] [INFO] Sales Page Load Debug Info:
Array
(
    [total_items] => 94
    [current_page] => 1
    [total_pages] => 2
    [session_quantities_count] => 0
    [post_quantities_count] => 0
    [date_range] => 2026-02-23 to 2026-02-23
    [days_count] => 1
    [user_id] => 1
    [comp_id] => 1
    [license_type] => FL-II
    [allowed_classes] => Array
        (
            [0] => W
            [1] => V
            [2] => M
            [3] => F
            [4] => D
            [5] => K
            [6] => G
            [7] => R
            [8] => O
        )

    [end_date_day] => 23
    [closing_column] => DAY_23_CLOSING
    [end_date_month] => 2026-02
    [stock_filter] => > 0
    [daily_stock_table] => tbldailystock_1
    [table_suffix] => 
    [current_month] => 2026-02
    [has_restrictions] => 
    [available_dates] => Array
        (
            [0] => 2026-02-23
        )

    [unavailable_dates] => Array
        (
        )

    [dry_dates] => Array
        (
        )

    [latest_global_sale] => 
)

[2026-02-23 06:44:03] [INFO] Session quantity updated: SCMPL0010694 = 0
[2026-02-23 06:44:03] [INFO] Session quantity updated: SCMPL0010694 = 3
[2026-02-23 06:44:03] [INFO] Session quantity updated: SCMPL0010694 = 3
[2026-02-23 06:44:06] [INFO] Session quantity updated: SCMPL0010694 = 3
[2026-02-23 06:44:06] [INFO] === PAGE ACCESS ===
[2026-02-23 06:44:06] [INFO] Request method: POST
[2026-02-23 06:44:06] [INFO] Search term: ''
[2026-02-23 06:44:06] [INFO] Current session ID: ubevsa7cb06u8vc9e9dgu1ml69
[2026-02-23 06:44:06] [INFO] Session quantities updated from POST: 1 items
[2026-02-23 06:44:07] [INFO] Getting next bill number for CompID: 1
[2026-02-23 06:44:07] [INFO] Next bill number for CompID 1: 1
[2026-02-23 06:44:07] [INFO] Starting daily stock update for item SCMPL0010694 sold on 2026-02-23 (Qty: 3)
[2026-02-23 06:44:07] [INFO] Recalculating stock from day 23 for item SCMPL0010694 in 2026-02 in table tbldailystock_1
[2026-02-23 06:44:07] [DEBUG] Day 23: Opening=46, Purchase=0, Sales=0, Closing=46
[2026-02-23 06:44:07] [DEBUG] Day 24: Opening=46, Purchase=0, Sales=0, Closing=46
[2026-02-23 06:44:07] [DEBUG] Day 25: Opening=46, Purchase=0, Sales=0, Closing=46
[2026-02-23 06:44:07] [DEBUG] Day 26: Opening=46, Purchase=0, Sales=0, Closing=46
[2026-02-23 06:44:07] [DEBUG] Day 27: Opening=46, Purchase=0, Sales=0, Closing=46
[2026-02-23 06:44:07] [DEBUG] Day 28: Opening=46, Purchase=0, Sales=0, Closing=46
[2026-02-23 06:44:07] [INFO] Completed recalculating stock for 2026-02 from day 23
[2026-02-23 06:44:07] [INFO] Starting cascading to current month for item SCMPL0010694 sold on 2026-02-23
[2026-02-23 06:44:07] [INFO] Daily stock updated successfully for item SCMPL0010694 on 2026-02-23 in table tbldailystock_1: Sales=0, Closing=46
[2026-02-23 06:44:07] [INFO] Starting optimized cash memo generation for 1 bills
[2026-02-23 06:44:07] [INFO] Cash memo generated for bill: BL0001
[2026-02-23 06:44:07] [INFO] Cash memo generation completed: 1 successful, 0 failed
[2026-02-23 06:44:07] [INFO] Session quantities cleared
[2026-02-23 06:44:40] [INFO] === PAGE ACCESS ===
[2026-02-23 06:44:40] [INFO] Request method: GET
[2026-02-23 06:44:40] [INFO] Search term: ''
[2026-02-23 06:44:40] [INFO] Current session ID: ubevsa7cb06u8vc9e9dgu1ml69
[2026-02-23 06:44:41] [INFO] GLOBAL CHECK: Latest existing sale: 2026-02-23
[2026-02-23 06:44:41] [INFO] Available dates: 
[2026-02-23 06:44:41] [INFO] Unavailable dates (has existing sales): 2026-02-23
[2026-02-23 06:44:41] [INFO] Final session quantities count: 0
[2026-02-23 06:44:41] [INFO] Items in current view: 50
[2026-02-23 06:44:41] [INFO] Sales Page Load Debug Info:
Array
(
    [total_items] => 94
    [current_page] => 1
    [total_pages] => 2
    [session_quantities_count] => 0
    [post_quantities_count] => 0
    [date_range] => 2026-02-23 to 2026-02-23
    [days_count] => 1
    [user_id] => 1
    [comp_id] => 1
    [license_type] => FL-II
    [allowed_classes] => Array
        (
            [0] => W
            [1] => V
            [2] => M
            [3] => F
            [4] => D
            [5] => K
            [6] => G
            [7] => R
            [8] => O
        )

    [end_date_day] => 23
    [closing_column] => DAY_23_CLOSING
    [end_date_month] => 2026-02
    [stock_filter] => > 0
    [daily_stock_table] => tbldailystock_1
    [table_suffix] => 
    [current_month] => 2026-02
    [has_restrictions] => 1
    [available_dates] => Array
        (
        )

    [unavailable_dates] => Array
        (
            [0] => 2026-02-23
        )

    [dry_dates] => Array
        (
        )

    [latest_global_sale] => 2026-02-23
)

[2026-02-23 06:45:13] [INFO] === PAGE ACCESS ===
[2026-02-23 06:45:13] [INFO] Request method: GET
[2026-02-23 06:45:13] [INFO] Search term: ''
[2026-02-23 06:45:13] [INFO] Current session ID: ubevsa7cb06u8vc9e9dgu1ml69
[2026-02-23 06:45:13] [INFO] Final session quantities count: 0
[2026-02-23 06:45:13] [INFO] Items in current view: 50
[2026-02-23 06:45:13] [INFO] Sales Page Load Debug Info:
Array
(
    [total_items] => 94
    [current_page] => 1
    [total_pages] => 2
    [session_quantities_count] => 0
    [post_quantities_count] => 0
    [date_range] => 2026-02-23 to 2026-02-23
    [days_count] => 1
    [user_id] => 1
    [comp_id] => 1
    [license_type] => FL-II
    [allowed_classes] => Array
        (
            [0] => W
            [1] => V
            [2] => M
            [3] => F
            [4] => D
            [5] => K
            [6] => G
            [7] => R
            [8] => O
        )

    [end_date_day] => 23
    [closing_column] => DAY_23_CLOSING
    [end_date_month] => 2026-02
    [stock_filter] => > 0
    [daily_stock_table] => tbldailystock_1
    [table_suffix] => 
    [current_month] => 2026-02
    [has_restrictions] => 
    [available_dates] => Array
        (
            [0] => 2026-02-23
        )

    [unavailable_dates] => Array
        (
        )

    [dry_dates] => Array
        (
        )

    [latest_global_sale] => 
)

[2026-02-23 07:20:49] [INFO] === PAGE ACCESS ===
[2026-02-23 07:20:49] [INFO] Request method: GET
[2026-02-23 07:20:49] [INFO] Search term: ''
[2026-02-23 07:20:49] [INFO] Current session ID: ubevsa7cb06u8vc9e9dgu1ml69
[2026-02-23 07:20:50] [INFO] Final session quantities count: 0
[2026-02-23 07:20:50] [INFO] Items in current view: 50
[2026-02-23 07:20:50] [INFO] Sales Page Load Debug Info:
Array
(
    [total_items] => 94
    [current_page] => 1
    [total_pages] => 2
    [session_quantities_count] => 0
    [post_quantities_count] => 0
    [date_range] => 2026-02-23 to 2026-02-23
    [days_count] => 1
    [user_id] => 1
    [comp_id] => 1
    [license_type] => FL-II
    [allowed_classes] => Array
        (
            [0] => W
            [1] => V
            [2] => M
            [3] => F
            [4] => D
            [5] => K
            [6] => G
            [7] => R
            [8] => O
        )

    [end_date_day] => 23
    [closing_column] => DAY_23_CLOSING
    [end_date_month] => 2026-02
    [stock_filter] => > 0
    [daily_stock_table] => tbldailystock_1
    [table_suffix] => 
    [current_month] => 2026-02
    [has_restrictions] => 
    [available_dates] => Array
        (
            [0] => 2026-02-23
        )

    [unavailable_dates] => Array
        (
        )

    [dry_dates] => Array
        (
        )

    [latest_global_sale] => 
)

[2026-02-23 07:20:53] [INFO] Session quantity updated: SCMPL0010694 = 0
[2026-02-23 07:20:53] [INFO] Session quantity updated: SCMPL0010694 = 0
[2026-02-23 07:20:54] [INFO] Session quantity updated: SCMPL0010694 = 0
[2026-02-23 07:20:54] [INFO] Session quantity updated: SCMPL0010694 = 0
[2026-02-23 07:20:54] [INFO] Session quantity updated: SCMPL0010694 = 0
[2026-02-23 07:20:55] [INFO] Session quantity updated: SCMPL0010694 = 5
[2026-02-23 07:20:55] [INFO] Session quantity updated: SCMPL0010694 = 5
[2026-02-23 07:20:56] [INFO] Session quantity updated: SCMPL0010694 = 5
[2026-02-23 07:20:58] [INFO] === PAGE ACCESS ===
[2026-02-23 07:20:58] [INFO] Request method: POST
[2026-02-23 07:20:58] [INFO] Search term: ''
[2026-02-23 07:20:58] [INFO] Current session ID: ubevsa7cb06u8vc9e9dgu1ml69
[2026-02-23 07:20:58] [INFO] Session quantities updated from POST: 1 items
[2026-02-23 07:20:59] [INFO] Getting next bill number for CompID: 1
[2026-02-23 07:20:59] [INFO] Next bill number for CompID 1: 1
[2026-02-23 07:20:59] [INFO] Starting daily stock update for item SCMPL0010694 sold on 2026-02-23 (Qty: 5)
[2026-02-23 07:20:59] [INFO] Recalculating stock from day 23 for item SCMPL0010694 in 2026-02 in table tbldailystock_1
[2026-02-23 07:20:59] [DEBUG] Day 23: Opening=46, Purchase=0, Sales=2, Closing=44
[2026-02-23 07:20:59] [DEBUG] Day 24: Opening=44, Purchase=0, Sales=0, Closing=44
[2026-02-23 07:20:59] [DEBUG] Day 25: Opening=44, Purchase=0, Sales=0, Closing=44
[2026-02-23 07:20:59] [DEBUG] Day 26: Opening=44, Purchase=0, Sales=0, Closing=44
[2026-02-23 07:20:59] [DEBUG] Day 27: Opening=44, Purchase=0, Sales=0, Closing=44
[2026-02-23 07:20:59] [DEBUG] Day 28: Opening=44, Purchase=0, Sales=0, Closing=44
[2026-02-23 07:20:59] [INFO] Completed recalculating stock for 2026-02 from day 23
[2026-02-23 07:20:59] [INFO] Starting cascading to current month for item SCMPL0010694 sold on 2026-02-23
[2026-02-23 07:20:59] [INFO] Daily stock updated successfully for item SCMPL0010694 on 2026-02-23 in table tbldailystock_1: Sales=2, Closing=44
[2026-02-23 07:20:59] [INFO] Starting optimized cash memo generation for 1 bills
[2026-02-23 07:20:59] [INFO] Cash memo generated for bill: BL0001
[2026-02-23 07:20:59] [INFO] Cash memo generation completed: 1 successful, 0 failed
[2026-02-23 07:20:59] [INFO] Session quantities cleared
[2026-02-23 07:25:23] [INFO] === PAGE ACCESS ===
[2026-02-23 07:25:23] [INFO] Request method: GET
[2026-02-23 07:25:23] [INFO] Search term: ''
[2026-02-23 07:25:23] [INFO] Current session ID: ubevsa7cb06u8vc9e9dgu1ml69
[2026-02-23 07:25:23] [INFO] Final session quantities count: 0
[2026-02-23 07:25:23] [INFO] Items in current view: 50
[2026-02-23 07:25:23] [INFO] Sales Page Load Debug Info:
Array
(
    [total_items] => 94
    [current_page] => 1
    [total_pages] => 2
    [session_quantities_count] => 0
    [post_quantities_count] => 0
    [date_range] => 2026-02-23 to 2026-02-23
    [days_count] => 1
    [user_id] => 1
    [comp_id] => 1
    [license_type] => FL-II
    [allowed_classes] => Array
        (
            [0] => W
            [1] => V
            [2] => M
            [3] => F
            [4] => D
            [5] => K
            [6] => G
            [7] => R
            [8] => O
        )

    [end_date_day] => 23
    [closing_column] => DAY_23_CLOSING
    [end_date_month] => 2026-02
    [stock_filter] => > 0
    [daily_stock_table] => tbldailystock_1
    [table_suffix] => 
    [current_month] => 2026-02
    [has_restrictions] => 
    [available_dates] => Array
        (
            [0] => 2026-02-23
        )

    [unavailable_dates] => Array
        (
        )

    [dry_dates] => Array
        (
        )

    [latest_global_sale] => 
)

[2026-02-23 07:41:44] [INFO] === PAGE ACCESS ===
[2026-02-23 07:41:44] [INFO] Request method: GET
[2026-02-23 07:41:44] [INFO] Search term: ''
[2026-02-23 07:41:44] [INFO] Current session ID: ubevsa7cb06u8vc9e9dgu1ml69
[2026-02-23 07:41:45] [INFO] Final session quantities count: 0
[2026-02-23 07:41:45] [INFO] Items in current view: 50
[2026-02-23 07:41:45] [INFO] Sales Page Load Debug Info:
Array
(
    [total_items] => 94
    [current_page] => 1
    [total_pages] => 2
    [session_quantities_count] => 0
    [post_quantities_count] => 0
    [date_range] => 2026-02-23 to 2026-02-23
    [days_count] => 1
    [user_id] => 1
    [comp_id] => 1
    [license_type] => FL-II
    [allowed_classes] => Array
        (
            [0] => W
            [1] => V
            [2] => M
            [3] => F
            [4] => D
            [5] => K
            [6] => G
            [7] => R
            [8] => O
        )

    [end_date_day] => 23
    [closing_column] => DAY_23_CLOSING
    [end_date_month] => 2026-02
    [stock_filter] => > 0
    [daily_stock_table] => tbldailystock_1
    [table_suffix] => 
    [current_month] => 2026-02
    [has_restrictions] => 
    [available_dates] => Array
        (
            [0] => 2026-02-23
        )

    [unavailable_dates] => Array
        (
        )

    [dry_dates] => Array
        (
        )

    [latest_global_sale] => 
)

[2026-02-23 07:41:48] [INFO] Session quantity updated: SCMPL0010694 = 3
[2026-02-23 07:41:48] [INFO] Session quantity updated: SCMPL0010694 = 3
[2026-02-23 07:41:49] [INFO] Session quantity updated: SCMPL0010694 = 3
[2026-02-23 07:41:50] [INFO] === PAGE ACCESS ===
[2026-02-23 07:41:50] [INFO] Request method: POST
[2026-02-23 07:41:50] [INFO] Search term: ''
[2026-02-23 07:41:50] [INFO] Current session ID: ubevsa7cb06u8vc9e9dgu1ml69
[2026-02-23 07:41:51] [INFO] Session quantities updated from POST: 1 items
[2026-02-23 07:41:52] [INFO] Getting next bill number for CompID: 1
[2026-02-23 07:41:52] [INFO] Next bill number for CompID 1: 1
[2026-02-23 07:41:52] [INFO] Starting daily stock update for item SCMPL0010694 sold on 2026-02-23 (Qty: 3)
[2026-02-23 07:41:52] [INFO] Recalculating stock from day 23 for item SCMPL0010694 in 2026-02 in table tbldailystock_1
[2026-02-23 07:41:52] [DEBUG] Day 23: Opening=46, Purchase=0, Sales=0, Closing=46
[2026-02-23 07:41:52] [DEBUG] Day 24: Opening=46, Purchase=0, Sales=0, Closing=46
[2026-02-23 07:41:52] [DEBUG] Day 25: Opening=46, Purchase=0, Sales=0, Closing=46
[2026-02-23 07:41:52] [DEBUG] Day 26: Opening=46, Purchase=0, Sales=0, Closing=46
[2026-02-23 07:41:52] [DEBUG] Day 27: Opening=46, Purchase=0, Sales=0, Closing=46
[2026-02-23 07:41:52] [DEBUG] Day 28: Opening=46, Purchase=0, Sales=0, Closing=46
[2026-02-23 07:41:52] [INFO] Completed recalculating stock for 2026-02 from day 23
[2026-02-23 07:41:52] [INFO] Starting cascading to current month for item SCMPL0010694 sold on 2026-02-23
[2026-02-23 07:41:52] [INFO] Daily stock updated successfully for item SCMPL0010694 on 2026-02-23 in table tbldailystock_1: Sales=0, Closing=46
[2026-02-23 07:41:52] [INFO] Starting optimized cash memo generation for 1 bills
[2026-02-23 07:41:52] [INFO] Cash memo generated for bill: BL0001
[2026-02-23 07:41:52] [INFO] Cash memo generation completed: 1 successful, 0 failed
[2026-02-23 07:41:52] [INFO] Session quantities cleared
[2026-02-23 13:51:55] [INFO] === PAGE ACCESS ===
[2026-02-23 13:51:55] [INFO] Request method: GET
[2026-02-23 13:51:55] [INFO] Search term: ''
[2026-02-23 13:51:55] [INFO] Current session ID: ge1tpspum82kktnfha5k24vfhg
[2026-02-23 13:51:56] [INFO] Final session quantities count: 0
[2026-02-23 13:51:56] [INFO] Items in current view: 50
[2026-02-23 13:51:56] [INFO] Sales Page Load Debug Info:
Array
(
    [total_items] => 94
    [current_page] => 1
    [total_pages] => 2
    [session_quantities_count] => 0
    [post_quantities_count] => 0
    [date_range] => 2026-02-23 to 2026-02-23
    [days_count] => 1
    [user_id] => 1
    [comp_id] => 1
    [license_type] => FL-II
    [allowed_classes] => Array
        (
            [0] => W
            [1] => V
            [2] => M
            [3] => F
            [4] => D
            [5] => K
            [6] => G
            [7] => R
            [8] => O
        )

    [end_date_day] => 23
    [closing_column] => DAY_23_CLOSING
    [end_date_month] => 2026-02
    [stock_filter] => > 0
    [daily_stock_table] => tbldailystock_1
    [table_suffix] => 
    [current_month] => 2026-02
    [has_restrictions] => 
    [available_dates] => Array
        (
            [0] => 2026-02-23
        )

    [unavailable_dates] => Array
        (
        )

    [dry_dates] => Array
        (
        )

    [latest_global_sale] => 
)

[2026-02-23 13:51:59] [INFO] Session quantity updated: SCMPL0010694 = 0
[2026-02-23 13:51:59] [INFO] Session quantity updated: SCMPL0010694 = 4
[2026-02-23 13:51:59] [INFO] Session quantity updated: SCMPL0010694 = 4
[2026-02-23 13:52:00] [INFO] Session quantity updated: SCMPL0010694 = 3
[2026-02-23 13:52:01] [INFO] Session quantity updated: SCMPL0010694 = 3
[2026-02-23 13:52:02] [INFO] Session quantity updated: SCMPL0010694 = 3
[2026-02-23 13:52:03] [INFO] === PAGE ACCESS ===
[2026-02-23 13:52:03] [INFO] Request method: POST
[2026-02-23 13:52:03] [INFO] Search term: ''
[2026-02-23 13:52:03] [INFO] Current session ID: ge1tpspum82kktnfha5k24vfhg
[2026-02-23 13:52:04] [INFO] Session quantities updated from POST: 1 items
[2026-02-23 13:52:04] [INFO] Getting next bill number for CompID: 1
[2026-02-23 13:52:05] [INFO] Next bill number for CompID 1: 1
[2026-02-23 13:52:05] [INFO] Starting daily stock update for item SCMPL0010694 sold on 2026-02-23 (Qty: 3)
[2026-02-23 13:52:05] [INFO] Recalculating stock from day 23 for item SCMPL0010694 in 2026-02 in table tbldailystock_1
[2026-02-23 13:52:05] [DEBUG] Day 23: Opening=46, Purchase=0, Sales=3, Closing=43
[2026-02-23 13:52:05] [DEBUG] Day 24: Opening=43, Purchase=0, Sales=0, Closing=43
[2026-02-23 13:52:05] [DEBUG] Day 25: Opening=43, Purchase=0, Sales=0, Closing=43
[2026-02-23 13:52:05] [DEBUG] Day 26: Opening=43, Purchase=0, Sales=0, Closing=43
[2026-02-23 13:52:05] [DEBUG] Day 27: Opening=43, Purchase=0, Sales=0, Closing=43
[2026-02-23 13:52:05] [DEBUG] Day 28: Opening=43, Purchase=0, Sales=0, Closing=43
[2026-02-23 13:52:05] [INFO] Completed recalculating stock for 2026-02 from day 23
[2026-02-23 13:52:05] [INFO] Starting cascading to current month for item SCMPL0010694 sold on 2026-02-23
[2026-02-23 13:52:05] [INFO] Daily stock updated successfully for item SCMPL0010694 on 2026-02-23 in table tbldailystock_1: Sales=3, Closing=43
[2026-02-23 13:52:05] [INFO] Starting optimized cash memo generation for 1 bills
[2026-02-23 13:52:05] [INFO] Cash memo generated for bill: BL0001
[2026-02-23 13:52:05] [INFO] Cash memo generation completed: 1 successful, 0 failed
[2026-02-23 13:52:05] [INFO] Session quantities cleared
[2026-02-23 13:52:21] [INFO] === PAGE ACCESS ===
[2026-02-23 13:52:21] [INFO] Request method: GET
[2026-02-23 13:52:21] [INFO] Search term: ''
[2026-02-23 13:52:21] [INFO] Current session ID: ge1tpspum82kktnfha5k24vfhg
[2026-02-23 13:52:22] [INFO] Final session quantities count: 0
[2026-02-23 13:52:22] [INFO] Items in current view: 50
[2026-02-23 13:52:22] [INFO] Sales Page Load Debug Info:
Array
(
    [total_items] => 94
    [current_page] => 1
    [total_pages] => 2
    [session_quantities_count] => 0
    [post_quantities_count] => 0
    [date_range] => 2026-02-23 to 2026-02-23
    [days_count] => 1
    [user_id] => 1
    [comp_id] => 1
    [license_type] => FL-II
    [allowed_classes] => Array
        (
            [0] => W
            [1] => V
            [2] => M
            [3] => F
            [4] => D
            [5] => K
            [6] => G
            [7] => R
            [8] => O
        )

    [end_date_day] => 23
    [closing_column] => DAY_23_CLOSING
    [end_date_month] => 2026-02
    [stock_filter] => > 0
    [daily_stock_table] => tbldailystock_1
    [table_suffix] => 
    [current_month] => 2026-02
    [has_restrictions] => 
    [available_dates] => Array
        (
            [0] => 2026-02-23
        )

    [unavailable_dates] => Array
        (
        )

    [dry_dates] => Array
        (
        )

    [latest_global_sale] => 
)

[2026-02-23 13:52:25] [INFO] Session quantity updated: SCMPL0010694 = 4
[2026-02-23 13:52:25] [INFO] Session quantity updated: SCMPL0010694 = 4
[2026-02-23 13:52:26] [INFO] Session quantity updated: SCMPL0010694 = 3
[2026-02-23 13:52:26] [INFO] Session quantity updated: SCMPL0010694 = 3
[2026-02-23 13:52:28] [INFO] Session quantity updated: SCMPL0010694 = 3
[2026-02-23 13:52:29] [INFO] === PAGE ACCESS ===
[2026-02-23 13:52:29] [INFO] Request method: POST
[2026-02-23 13:52:29] [INFO] Search term: ''
[2026-02-23 13:52:29] [INFO] Current session ID: ge1tpspum82kktnfha5k24vfhg
[2026-02-23 13:52:29] [INFO] Session quantities updated from POST: 1 items
[2026-02-23 13:52:29] [INFO] Getting next bill number for CompID: 1
[2026-02-23 13:52:29] [INFO] Next bill number for CompID 1: 1
[2026-02-23 13:52:30] [INFO] Starting daily stock update for item SCMPL0010694 sold on 2026-02-23 (Qty: 3)
[2026-02-23 13:52:30] [INFO] Recalculating stock from day 23 for item SCMPL0010694 in 2026-02 in table tbldailystock_1
[2026-02-23 13:52:30] [DEBUG] Day 23: Opening=46, Purchase=0, Sales=3, Closing=43
[2026-02-23 13:52:30] [DEBUG] Day 24: Opening=43, Purchase=0, Sales=0, Closing=43
[2026-02-23 13:52:30] [DEBUG] Day 25: Opening=43, Purchase=0, Sales=0, Closing=43
[2026-02-23 13:52:30] [DEBUG] Day 26: Opening=43, Purchase=0, Sales=0, Closing=43
[2026-02-23 13:52:30] [DEBUG] Day 27: Opening=43, Purchase=0, Sales=0, Closing=43
[2026-02-23 13:52:30] [DEBUG] Day 28: Opening=43, Purchase=0, Sales=0, Closing=43
[2026-02-23 13:52:30] [INFO] Completed recalculating stock for 2026-02 from day 23
[2026-02-23 13:52:30] [INFO] Starting cascading to current month for item SCMPL0010694 sold on 2026-02-23
[2026-02-23 13:52:30] [INFO] Daily stock updated successfully for item SCMPL0010694 on 2026-02-23 in table tbldailystock_1: Sales=3, Closing=43
[2026-02-23 13:52:30] [INFO] Starting optimized cash memo generation for 1 bills
[2026-02-23 13:52:30] [INFO] Cash memo generated for bill: BL0001
[2026-02-23 13:52:30] [INFO] Cash memo generation completed: 1 successful, 0 failed
[2026-02-23 13:52:30] [INFO] Session quantities cleared
[2026-02-23 13:52:45] [INFO] === PAGE ACCESS ===
[2026-02-23 13:52:45] [INFO] Request method: GET
[2026-02-23 13:52:45] [INFO] Search term: ''
[2026-02-23 13:52:45] [INFO] Current session ID: ge1tpspum82kktnfha5k24vfhg
[2026-02-23 13:52:45] [INFO] Final session quantities count: 0
[2026-02-23 13:52:45] [INFO] Items in current view: 50
[2026-02-23 13:52:45] [INFO] Sales Page Load Debug Info:
Array
(
    [total_items] => 94
    [current_page] => 1
    [total_pages] => 2
    [session_quantities_count] => 0
    [post_quantities_count] => 0
    [date_range] => 2026-02-23 to 2026-02-23
    [days_count] => 1
    [user_id] => 1
    [comp_id] => 1
    [license_type] => FL-II
    [allowed_classes] => Array
        (
            [0] => W
            [1] => V
            [2] => M
            [3] => F
            [4] => D
            [5] => K
            [6] => G
            [7] => R
            [8] => O
        )

    [end_date_day] => 23
    [closing_column] => DAY_23_CLOSING
    [end_date_month] => 2026-02
    [stock_filter] => > 0
    [daily_stock_table] => tbldailystock_1
    [table_suffix] => 
    [current_month] => 2026-02
    [has_restrictions] => 
    [available_dates] => Array
        (
            [0] => 2026-02-23
        )

    [unavailable_dates] => Array
        (
        )

    [dry_dates] => Array
        (
        )

    [latest_global_sale] => 
)

[2026-02-23 14:22:59] [INFO] === PAGE ACCESS ===
[2026-02-23 14:22:59] [INFO] Request method: GET
[2026-02-23 14:22:59] [INFO] Search term: ''
[2026-02-23 14:22:59] [INFO] Current session ID: ge1tpspum82kktnfha5k24vfhg
[2026-02-23 14:23:00] [INFO] Final session quantities count: 0
[2026-02-23 14:23:00] [INFO] Items in current view: 50
[2026-02-23 14:23:00] [INFO] Sales Page Load Debug Info:
Array
(
    [total_items] => 94
    [current_page] => 1
    [total_pages] => 2
    [session_quantities_count] => 0
    [post_quantities_count] => 0
    [date_range] => 2026-02-23 to 2026-02-23
    [days_count] => 1
    [user_id] => 1
    [comp_id] => 1
    [license_type] => FL-II
    [allowed_classes] => Array
        (
            [0] => W
            [1] => V
            [2] => M
            [3] => F
            [4] => D
            [5] => K
            [6] => G
            [7] => R
            [8] => O
        )

    [end_date_day] => 23
    [closing_column] => DAY_23_CLOSING
    [end_date_month] => 2026-02
    [stock_filter] => > 0
    [daily_stock_table] => tbldailystock_1
    [table_suffix] => 
    [current_month] => 2026-02
    [has_restrictions] => 
    [available_dates] => Array
        (
            [0] => 2026-02-23
        )

    [unavailable_dates] => Array
        (
        )

    [dry_dates] => Array
        (
        )

    [latest_global_sale] => 
)

[2026-02-23 14:23:05] [INFO] === PAGE ACCESS ===
[2026-02-23 14:23:05] [INFO] Request method: GET
[2026-02-23 14:23:05] [INFO] Search term: ''
[2026-02-23 14:23:05] [INFO] Current session ID: ge1tpspum82kktnfha5k24vfhg
[2026-02-23 14:23:05] [INFO] Final session quantities count: 0
[2026-02-23 14:23:05] [INFO] Items in current view: 50
[2026-02-23 14:23:05] [INFO] Sales Page Load Debug Info:
Array
(
    [total_items] => 94
    [current_page] => 1
    [total_pages] => 2
    [session_quantities_count] => 0
    [post_quantities_count] => 0
    [date_range] => 2026-02-23 to 2026-02-23
    [days_count] => 1
    [user_id] => 1
    [comp_id] => 1
    [license_type] => FL-II
    [allowed_classes] => Array
        (
            [0] => W
            [1] => V
            [2] => M
            [3] => F
            [4] => D
            [5] => K
            [6] => G
            [7] => R
            [8] => O
        )

    [end_date_day] => 23
    [closing_column] => DAY_23_CLOSING
    [end_date_month] => 2026-02
    [stock_filter] => > 0
    [daily_stock_table] => tbldailystock_1
    [table_suffix] => 
    [current_month] => 2026-02
    [has_restrictions] => 
    [available_dates] => Array
        (
            [0] => 2026-02-23
        )

    [unavailable_dates] => Array
        (
        )

    [dry_dates] => Array
        (
        )

    [latest_global_sale] => 
)

[2026-02-23 14:23:24] [INFO] === PAGE ACCESS ===
[2026-02-23 14:23:24] [INFO] Request method: GET
[2026-02-23 14:23:24] [INFO] Search term: ''
[2026-02-23 14:23:24] [INFO] Current session ID: ge1tpspum82kktnfha5k24vfhg
[2026-02-23 14:23:25] [INFO] Final session quantities count: 0
[2026-02-23 14:23:25] [INFO] Items in current view: 50
[2026-02-23 14:23:25] [INFO] Sales Page Load Debug Info:
Array
(
    [total_items] => 94
    [current_page] => 1
    [total_pages] => 2
    [session_quantities_count] => 0
    [post_quantities_count] => 0
    [date_range] => 2026-02-23 to 2026-02-23
    [days_count] => 1
    [user_id] => 1
    [comp_id] => 1
    [license_type] => FL-II
    [allowed_classes] => Array
        (
            [0] => W
            [1] => V
            [2] => M
            [3] => F
            [4] => D
            [5] => K
            [6] => G
            [7] => R
            [8] => O
        )

    [end_date_day] => 23
    [closing_column] => DAY_23_CLOSING
    [end_date_month] => 2026-02
    [stock_filter] => > 0
    [daily_stock_table] => tbldailystock_1
    [table_suffix] => 
    [current_month] => 2026-02
    [has_restrictions] => 
    [available_dates] => Array
        (
            [0] => 2026-02-23
        )

    [unavailable_dates] => Array
        (
        )

    [dry_dates] => Array
        (
        )

    [latest_global_sale] => 
)

[2026-02-23 14:57:31] [INFO] === PAGE ACCESS ===
[2026-02-23 14:57:31] [INFO] Request method: GET
[2026-02-23 14:57:31] [INFO] Search term: ''
[2026-02-23 14:57:31] [INFO] Current session ID: ge1tpspum82kktnfha5k24vfhg
[2026-02-23 14:57:32] [INFO] Final session quantities count: 0
[2026-02-23 14:57:32] [INFO] Items in current view: 50
[2026-02-23 14:57:32] [INFO] Sales Page Load Debug Info:
Array
(
    [total_items] => 94
    [current_page] => 1
    [total_pages] => 2
    [session_quantities_count] => 0
    [post_quantities_count] => 0
    [date_range] => 2026-02-23 to 2026-02-23
    [days_count] => 1
    [user_id] => 1
    [comp_id] => 1
    [license_type] => FL-II
    [allowed_classes] => Array
        (
            [0] => W
            [1] => V
            [2] => M
            [3] => F
            [4] => D
            [5] => K
            [6] => G
            [7] => R
            [8] => O
        )

    [end_date_day] => 23
    [closing_column] => DAY_23_CLOSING
    [end_date_month] => 2026-02
    [stock_filter] => > 0
    [daily_stock_table] => tbldailystock_1
    [table_suffix] => 
    [current_month] => 2026-02
    [has_restrictions] => 
    [available_dates] => Array
        (
            [0] => 2026-02-23
        )

    [unavailable_dates] => Array
        (
        )

    [dry_dates] => Array
        (
        )

    [latest_global_sale] => 
)

[2026-02-23 14:57:41] [INFO] === PAGE ACCESS ===
[2026-02-23 14:57:41] [INFO] Request method: GET
[2026-02-23 14:57:41] [INFO] Search term: ''
[2026-02-23 14:57:41] [INFO] Current session ID: ge1tpspum82kktnfha5k24vfhg
[2026-02-23 14:57:42] [INFO] Final session quantities count: 0
[2026-02-23 14:57:42] [INFO] Items in current view: 50
[2026-02-23 14:57:42] [INFO] Sales Page Load Debug Info:
Array
(
    [total_items] => 94
    [current_page] => 1
    [total_pages] => 2
    [session_quantities_count] => 0
    [post_quantities_count] => 0
    [date_range] => 2026-02-23 to 2026-02-23
    [days_count] => 1
    [user_id] => 1
    [comp_id] => 1
    [license_type] => FL-II
    [allowed_classes] => Array
        (
            [0] => W
            [1] => V
            [2] => M
            [3] => F
            [4] => D
            [5] => K
            [6] => G
            [7] => R
            [8] => O
        )

    [end_date_day] => 23
    [closing_column] => DAY_23_CLOSING
    [end_date_month] => 2026-02
    [stock_filter] => > 0
    [daily_stock_table] => tbldailystock_1
    [table_suffix] => 
    [current_month] => 2026-02
    [has_restrictions] => 
    [available_dates] => Array
        (
            [0] => 2026-02-23
        )

    [unavailable_dates] => Array
        (
        )

    [dry_dates] => Array
        (
        )

    [latest_global_sale] => 
)

[2026-02-23 14:57:45] [INFO] Session quantity updated: SCMPL0010694 = 2
[2026-02-23 14:57:45] [INFO] Session quantity updated: SCMPL0010694 = 2
[2026-02-23 14:57:52] [INFO] === PAGE ACCESS ===
[2026-02-23 14:57:52] [INFO] Request method: POST
[2026-02-23 14:57:52] [INFO] Search term: ''
[2026-02-23 14:57:52] [INFO] Current session ID: ge1tpspum82kktnfha5k24vfhg
[2026-02-23 14:57:52] [INFO] Session quantities updated from POST: 1 items
[2026-02-23 14:57:52] [INFO] Getting next bill number for CompID: 1
[2026-02-23 14:57:52] [INFO] Next bill number for CompID 1: 1
[2026-02-23 14:57:52] [INFO] Starting daily stock update for item SCMPL0010694 sold on 2026-02-23 (Qty: 2)
[2026-02-23 14:57:52] [INFO] Recalculating stock from day 23 for item SCMPL0010694 in 2026-02 in table tbldailystock_1
[2026-02-23 14:57:53] [DEBUG] Day 23: Opening=46, Purchase=0, Sales=2, Closing=44
[2026-02-23 14:57:53] [DEBUG] Day 24: Opening=44, Purchase=0, Sales=0, Closing=44
[2026-02-23 14:57:53] [DEBUG] Day 25: Opening=44, Purchase=0, Sales=0, Closing=44
[2026-02-23 14:57:53] [DEBUG] Day 26: Opening=44, Purchase=0, Sales=0, Closing=44
[2026-02-23 14:57:53] [DEBUG] Day 27: Opening=44, Purchase=0, Sales=0, Closing=44
[2026-02-23 14:57:53] [DEBUG] Day 28: Opening=44, Purchase=0, Sales=0, Closing=44
[2026-02-23 14:57:53] [INFO] Completed recalculating stock for 2026-02 from day 23
[2026-02-23 14:57:53] [INFO] Starting cascading to current month for item SCMPL0010694 sold on 2026-02-23
[2026-02-23 14:57:53] [INFO] Daily stock updated successfully for item SCMPL0010694 on 2026-02-23 in table tbldailystock_1: Sales=2, Closing=44
[2026-02-23 14:57:53] [INFO] Starting optimized cash memo generation for 1 bills
[2026-02-23 14:57:53] [INFO] Cash memo generated for bill: BL0001
[2026-02-23 14:57:53] [INFO] Cash memo generation completed: 1 successful, 0 failed
[2026-02-23 14:57:53] [INFO] Session quantities cleared
[2026-02-23 14:58:06] [INFO] === PAGE ACCESS ===
[2026-02-23 14:58:06] [INFO] Request method: GET
[2026-02-23 14:58:06] [INFO] Search term: ''
[2026-02-23 14:58:06] [INFO] Current session ID: ge1tpspum82kktnfha5k24vfhg
[2026-02-23 14:58:07] [INFO] Final session quantities count: 0
[2026-02-23 14:58:07] [INFO] Items in current view: 50
[2026-02-23 14:58:07] [INFO] Sales Page Load Debug Info:
Array
(
    [total_items] => 94
    [current_page] => 1
    [total_pages] => 2
    [session_quantities_count] => 0
    [post_quantities_count] => 0
    [date_range] => 2026-02-23 to 2026-02-23
    [days_count] => 1
    [user_id] => 1
    [comp_id] => 1
    [license_type] => FL-II
    [allowed_classes] => Array
        (
            [0] => W
            [1] => V
            [2] => M
            [3] => F
            [4] => D
            [5] => K
            [6] => G
            [7] => R
            [8] => O
        )

    [end_date_day] => 23
    [closing_column] => DAY_23_CLOSING
    [end_date_month] => 2026-02
    [stock_filter] => > 0
    [daily_stock_table] => tbldailystock_1
    [table_suffix] => 
    [current_month] => 2026-02
    [has_restrictions] => 
    [available_dates] => Array
        (
            [0] => 2026-02-23
        )

    [unavailable_dates] => Array
        (
        )

    [dry_dates] => Array
        (
        )

    [latest_global_sale] => 
)

[2026-02-23 15:01:56] [INFO] === PAGE ACCESS ===
[2026-02-23 15:01:56] [INFO] Request method: GET
[2026-02-23 15:01:56] [INFO] Search term: ''
[2026-02-23 15:01:56] [INFO] Current session ID: ge1tpspum82kktnfha5k24vfhg
[2026-02-23 15:01:57] [INFO] Final session quantities count: 0
[2026-02-23 15:01:57] [INFO] Items in current view: 50
[2026-02-23 15:01:57] [INFO] Sales Page Load Debug Info:
Array
(
    [total_items] => 94
    [current_page] => 1
    [total_pages] => 2
    [session_quantities_count] => 0
    [post_quantities_count] => 0
    [date_range] => 2026-02-23 to 2026-02-23
    [days_count] => 1
    [user_id] => 1
    [comp_id] => 1
    [license_type] => FL-II
    [allowed_classes] => Array
        (
            [0] => W
            [1] => V
            [2] => M
            [3] => F
            [4] => D
            [5] => K
            [6] => G
            [7] => R
            [8] => O
        )

    [end_date_day] => 23
    [closing_column] => DAY_23_CLOSING
    [end_date_month] => 2026-02
    [stock_filter] => > 0
    [daily_stock_table] => tbldailystock_1
    [table_suffix] => 
    [current_month] => 2026-02
    [has_restrictions] => 
    [available_dates] => Array
        (
            [0] => 2026-02-23
        )

    [unavailable_dates] => Array
        (
        )

    [dry_dates] => Array
        (
        )

    [latest_global_sale] => 
)

[2026-02-23 15:02:38] [INFO] === PAGE ACCESS ===
[2026-02-23 15:02:38] [INFO] Request method: GET
[2026-02-23 15:02:38] [INFO] Search term: ''
[2026-02-23 15:02:38] [INFO] Current session ID: ge1tpspum82kktnfha5k24vfhg
[2026-02-23 15:02:38] [INFO] Final session quantities count: 0
[2026-02-23 15:02:38] [INFO] Items in current view: 50
[2026-02-23 15:02:38] [INFO] Sales Page Load Debug Info:
Array
(
    [total_items] => 94
    [current_page] => 1
    [total_pages] => 2
    [session_quantities_count] => 0
    [post_quantities_count] => 0
    [date_range] => 2026-02-23 to 2026-02-23
    [days_count] => 1
    [user_id] => 1
    [comp_id] => 1
    [license_type] => FL-II
    [allowed_classes] => Array
        (
            [0] => W
            [1] => V
            [2] => M
            [3] => F
            [4] => D
            [5] => K
            [6] => G
            [7] => R
            [8] => O
        )

    [end_date_day] => 23
    [closing_column] => DAY_23_CLOSING
    [end_date_month] => 2026-02
    [stock_filter] => > 0
    [daily_stock_table] => tbldailystock_1
    [table_suffix] => 
    [current_month] => 2026-02
    [has_restrictions] => 
    [available_dates] => Array
        (
            [0] => 2026-02-23
        )

    [unavailable_dates] => Array
        (
        )

    [dry_dates] => Array
        (
        )

    [latest_global_sale] => 
)

[2026-02-23 15:02:46] [INFO] Session quantity updated: SCMPL0010694 = 42
[2026-02-23 15:02:46] [INFO] Session quantity updated: SCMPL0010694 = 42
[2026-02-23 15:02:47] [INFO] Session quantity updated: SCMPL0010694 = 1
[2026-02-23 15:02:47] [INFO] Session quantity updated: SCMPL0010694 = 1
[2026-02-23 15:02:49] [INFO] Session quantity updated: SCMPL0010694 = 42
[2026-02-23 15:02:50] [INFO] Session quantity updated: SCMPL0010694 = 42
[2026-02-23 15:02:56] [INFO] === PAGE ACCESS ===
[2026-02-23 15:02:56] [INFO] Request method: GET
[2026-02-23 15:02:56] [INFO] Search term: ''
[2026-02-23 15:02:56] [INFO] Current session ID: ge1tpspum82kktnfha5k24vfhg
[2026-02-23 15:02:57] [INFO] DRY DAYS FOUND: 2026-02-21
[2026-02-23 15:02:57] [INFO] Final session quantities count: 1
[2026-02-23 15:02:57] [INFO] Items in current view: 50
[2026-02-23 15:02:57] [INFO] Sales Page Load Debug Info:
Array
(
    [total_items] => 94
    [current_page] => 1
    [total_pages] => 2
    [session_quantities_count] => 1
    [post_quantities_count] => 0
    [date_range] => 2026-02-20 to 2026-02-23
    [days_count] => 4
    [user_id] => 1
    [comp_id] => 1
    [license_type] => FL-II
    [allowed_classes] => Array
        (
            [0] => W
            [1] => V
            [2] => M
            [3] => F
            [4] => D
            [5] => K
            [6] => G
            [7] => R
            [8] => O
        )

    [end_date_day] => 23
    [closing_column] => DAY_23_CLOSING
    [end_date_month] => 2026-02
    [stock_filter] => > 0
    [daily_stock_table] => tbldailystock_1
    [table_suffix] => 
    [current_month] => 2026-02
    [has_restrictions] => 1
    [available_dates] => Array
        (
            [0] => 2026-02-20
            [1] => 2026-02-22
            [2] => 2026-02-23
        )

    [unavailable_dates] => Array
        (
            [0] => 2026-02-21
        )

    [dry_dates] => Array
        (
            [0] => 2026-02-21
        )

    [latest_global_sale] => 
)

[2026-02-23 15:03:09] [INFO] Session quantity updated: SCMPL0010694 = 46
[2026-02-23 15:03:09] [INFO] Session quantity updated: SCMPL0010694 = 46
[2026-02-23 15:03:09] [INFO] Session quantity updated: SCMPL0010694 = 43
[2026-02-23 15:03:10] [INFO] Session quantity updated: SCMPL0010694 = 43
[2026-02-23 15:03:10] [INFO] Session quantity updated: SCMPL0010694 = 46
[2026-02-23 15:03:11] [INFO] Session quantity updated: SCMPL0010694 = 42
[2026-02-23 15:03:11] [INFO] Session quantity updated: SCMPL0010694 = 42
[2026-02-23 15:03:11] [INFO] Session quantity updated: SCMPL0010694 = 3
[2026-02-23 15:03:11] [INFO] Session quantity updated: SCMPL0010694 = 3
[2026-02-23 15:03:20] [INFO] Session quantity updated: SCMPL0010694 = 42
[2026-02-23 15:03:21] [INFO] Session quantity updated: SCMPL0010694 = 42
[2026-02-23 15:03:26] [INFO] Session quantity updated: SCMPL0010694 = 46
[2026-02-23 15:03:26] [INFO] Session quantity updated: SCMPL0010694 = 46
[2026-02-23 15:03:26] [INFO] Session quantity updated: SCMPL0010694 = 12
[2026-02-23 15:03:27] [INFO] Session quantity updated: SCMPL0010694 = 12
[2026-02-23 15:03:31] [INFO] Session quantity updated: SCMPL0041503 = 44
[2026-02-23 15:03:31] [INFO] Session quantity updated: SCMPL0041503 = 44
[2026-02-23 15:03:33] [INFO] Session quantity updated: SCMPL0041503 = 44
[2026-02-23 15:03:33] [INFO] Session quantity updated: SCMPL0041503 = 44
[2026-02-23 15:03:33] [INFO] Session quantity updated: SCMPL0041503 = 44
[2026-02-23 15:03:33] [INFO] Session quantity updated: SCMPL0041503 = 44
[2026-02-23 15:03:38] [INFO] === PAGE ACCESS ===
[2026-02-23 15:03:38] [INFO] Request method: GET
[2026-02-23 15:03:38] [INFO] Search term: ''
[2026-02-23 15:03:38] [INFO] Current session ID: ge1tpspum82kktnfha5k24vfhg
[2026-02-23 15:03:39] [INFO] DRY DAYS FOUND: 2026-02-21
[2026-02-23 15:03:39] [INFO] Final session quantities count: 2
[2026-02-23 15:03:39] [INFO] Items in current view: 50
[2026-02-23 15:03:39] [INFO] Sales Page Load Debug Info:
Array
(
    [total_items] => 94
    [current_page] => 1
    [total_pages] => 2
    [session_quantities_count] => 2
    [post_quantities_count] => 0
    [date_range] => 2026-02-20 to 2026-02-23
    [days_count] => 4
    [user_id] => 1
    [comp_id] => 1
    [license_type] => FL-II
    [allowed_classes] => Array
        (
            [0] => W
            [1] => V
            [2] => M
            [3] => F
            [4] => D
            [5] => K
            [6] => G
            [7] => R
            [8] => O
        )

    [end_date_day] => 23
    [closing_column] => DAY_23_CLOSING
    [end_date_month] => 2026-02
    [stock_filter] => > 0
    [daily_stock_table] => tbldailystock_1
    [table_suffix] => 
    [current_month] => 2026-02
    [has_restrictions] => 1
    [available_dates] => Array
        (
            [0] => 2026-02-20
            [1] => 2026-02-22
            [2] => 2026-02-23
        )

    [unavailable_dates] => Array
        (
            [0] => 2026-02-21
        )

    [dry_dates] => Array
        (
            [0] => 2026-02-21
        )

    [latest_global_sale] => 
)

[2026-02-23 15:03:50] [INFO] === PAGE ACCESS ===
[2026-02-23 15:03:50] [INFO] Request method: GET
[2026-02-23 15:03:50] [INFO] Search term: ''
[2026-02-23 15:03:50] [INFO] Current session ID: ge1tpspum82kktnfha5k24vfhg
[2026-02-23 15:03:51] [INFO] Final session quantities count: 2
[2026-02-23 15:03:51] [INFO] Items in current view: 50
[2026-02-23 15:03:51] [INFO] Sales Page Load Debug Info:
Array
(
    [total_items] => 94
    [current_page] => 1
    [total_pages] => 2
    [session_quantities_count] => 2
    [post_quantities_count] => 0
    [date_range] => 2026-02-22 to 2026-02-23
    [days_count] => 2
    [user_id] => 1
    [comp_id] => 1
    [license_type] => FL-II
    [allowed_classes] => Array
        (
            [0] => W
            [1] => V
            [2] => M
            [3] => F
            [4] => D
            [5] => K
            [6] => G
            [7] => R
            [8] => O
        )

    [end_date_day] => 23
    [closing_column] => DAY_23_CLOSING
    [end_date_month] => 2026-02
    [stock_filter] => > 0
    [daily_stock_table] => tbldailystock_1
    [table_suffix] => 
    [current_month] => 2026-02
    [has_restrictions] => 
    [available_dates] => Array
        (
            [0] => 2026-02-22
            [1] => 2026-02-23
        )

    [unavailable_dates] => Array
        (
        )

    [dry_dates] => Array
        (
        )

    [latest_global_sale] => 
)

[2026-02-23 15:03:57] [INFO] === PAGE ACCESS ===
[2026-02-23 15:03:57] [INFO] Request method: GET
[2026-02-23 15:03:57] [INFO] Search term: ''
[2026-02-23 15:03:57] [INFO] Current session ID: ge1tpspum82kktnfha5k24vfhg
[2026-02-23 15:03:58] [INFO] Final session quantities count: 0
[2026-02-23 15:03:58] [INFO] Items in current view: 50
[2026-02-23 15:03:58] [INFO] Sales Page Load Debug Info:
Array
(
    [total_items] => 94
    [current_page] => 1
    [total_pages] => 2
    [session_quantities_count] => 0
    [post_quantities_count] => 0
    [date_range] => 2026-02-22 to 2026-02-23
    [days_count] => 2
    [user_id] => 1
    [comp_id] => 1
    [license_type] => FL-II
    [allowed_classes] => Array
        (
            [0] => W
            [1] => V
            [2] => M
            [3] => F
            [4] => D
            [5] => K
            [6] => G
            [7] => R
            [8] => O
        )

    [end_date_day] => 23
    [closing_column] => DAY_23_CLOSING
    [end_date_month] => 2026-02
    [stock_filter] => > 0
    [daily_stock_table] => tbldailystock_1
    [table_suffix] => 
    [current_month] => 2026-02
    [has_restrictions] => 
    [available_dates] => Array
        (
            [0] => 2026-02-22
            [1] => 2026-02-23
        )

    [unavailable_dates] => Array
        (
        )

    [dry_dates] => Array
        (
        )

    [latest_global_sale] => 
)

[2026-02-23 15:04:00] [INFO] Session quantity updated: SCMPL0010694 = 42
[2026-02-23 15:04:00] [INFO] Session quantity updated: SCMPL0010694 = 2
[2026-02-23 15:04:00] [INFO] Session quantity updated: SCMPL0010694 = 2
[2026-02-23 15:04:01] [INFO] Session quantity updated: SCMPL0010694 = 1
[2026-02-23 15:04:02] [INFO] Session quantity updated: SCMPL0010694 = 1
[2026-02-23 15:04:03] [INFO] Session quantity updated: SCMPL0010694 = 42
[2026-02-23 15:04:03] [INFO] Session quantity updated: SCMPL0010694 = 3
[2026-02-23 15:04:04] [INFO] Session quantity updated: SCMPL0010694 = 3
[2026-02-23 15:04:13] [INFO] === PAGE ACCESS ===
[2026-02-23 15:04:13] [INFO] Request method: GET
[2026-02-23 15:04:13] [INFO] Search term: ''
[2026-02-23 15:04:13] [INFO] Current session ID: ge1tpspum82kktnfha5k24vfhg
[2026-02-23 15:04:13] [INFO] DRY DAYS FOUND: 2026-02-21
[2026-02-23 15:04:13] [INFO] Final session quantities count: 1
[2026-02-23 15:04:13] [INFO] Items in current view: 50
[2026-02-23 15:04:13] [INFO] Sales Page Load Debug Info:
Array
(
    [total_items] => 94
    [current_page] => 1
    [total_pages] => 2
    [session_quantities_count] => 1
    [post_quantities_count] => 0
    [date_range] => 2026-02-21 to 2026-02-23
    [days_count] => 3
    [user_id] => 1
    [comp_id] => 1
    [license_type] => FL-II
    [allowed_classes] => Array
        (
            [0] => W
            [1] => V
            [2] => M
            [3] => F
            [4] => D
            [5] => K
            [6] => G
            [7] => R
            [8] => O
        )

    [end_date_day] => 23
    [closing_column] => DAY_23_CLOSING
    [end_date_month] => 2026-02
    [stock_filter] => > 0
    [daily_stock_table] => tbldailystock_1
    [table_suffix] => 
    [current_month] => 2026-02
    [has_restrictions] => 1
    [available_dates] => Array
        (
            [0] => 2026-02-22
            [1] => 2026-02-23
        )

    [unavailable_dates] => Array
        (
            [0] => 2026-02-21
        )

    [dry_dates] => Array
        (
            [0] => 2026-02-21
        )

    [latest_global_sale] => 
)

[2026-02-23 15:06:08] [INFO] Session quantity updated: SCMPL0041503 = 40
[2026-02-23 15:06:08] [INFO] Session quantity updated: SCMPL0041503 = 40
[2026-02-23 15:06:30] [INFO] Session quantity updated: SCMPL0010619 = 18
[2026-02-23 15:06:30] [INFO] Session quantity updated: SCMPL0010619 = 18
[2026-02-23 15:06:30] [INFO] Session quantity updated: SCMPL0010619 = 19
[2026-02-23 15:06:31] [INFO] Session quantity updated: SCMPL0010619 = 19
[2026-02-23 15:06:33] [INFO] Session quantity updated: SCMPL0010619 = 19
[2026-02-23 15:06:33] [INFO] Session quantity updated: SCMPL0010619 = 19
[2026-02-23 15:06:53] [INFO] === PAGE ACCESS ===
[2026-02-23 15:06:53] [INFO] Request method: GET
[2026-02-23 15:06:53] [INFO] Search term: ''
[2026-02-23 15:06:53] [INFO] Current session ID: ge1tpspum82kktnfha5k24vfhg
[2026-02-23 15:06:53] [INFO] Final session quantities count: 3
[2026-02-23 15:06:53] [INFO] Items in current view: 50
[2026-02-23 15:06:53] [INFO] Sales Page Load Debug Info:
Array
(
    [total_items] => 94
    [current_page] => 1
    [total_pages] => 2
    [session_quantities_count] => 3
    [post_quantities_count] => 0
    [date_range] => 2026-02-23 to 2026-02-23
    [days_count] => 1
    [user_id] => 1
    [comp_id] => 1
    [license_type] => FL-II
    [allowed_classes] => Array
        (
            [0] => W
            [1] => V
            [2] => M
            [3] => F
            [4] => D
            [5] => K
            [6] => G
            [7] => R
            [8] => O
        )

    [end_date_day] => 23
    [closing_column] => DAY_23_CLOSING
    [end_date_month] => 2026-02
    [stock_filter] => > 0
    [daily_stock_table] => tbldailystock_1
    [table_suffix] => 
    [current_month] => 2026-02
    [has_restrictions] => 
    [available_dates] => Array
        (
            [0] => 2026-02-23
        )

    [unavailable_dates] => Array
        (
        )

    [dry_dates] => Array
        (
        )

    [latest_global_sale] => 
)

[2026-02-23 15:07:08] [INFO] === PAGE ACCESS ===
[2026-02-23 15:07:08] [INFO] Request method: GET
[2026-02-23 15:07:08] [INFO] Search term: ''
[2026-02-23 15:07:08] [INFO] Current session ID: ge1tpspum82kktnfha5k24vfhg
[2026-02-23 15:07:08] [INFO] DRY DAYS FOUND: 2026-02-21
[2026-02-23 15:07:08] [INFO] Final session quantities count: 3
[2026-02-23 15:07:08] [INFO] Items in current view: 50
[2026-02-23 15:07:08] [INFO] Sales Page Load Debug Info:
Array
(
    [total_items] => 94
    [current_page] => 1
    [total_pages] => 2
    [session_quantities_count] => 3
    [post_quantities_count] => 0
    [date_range] => 2026-02-21 to 2026-02-23
    [days_count] => 3
    [user_id] => 1
    [comp_id] => 1
    [license_type] => FL-II
    [allowed_classes] => Array
        (
            [0] => W
            [1] => V
            [2] => M
            [3] => F
            [4] => D
            [5] => K
            [6] => G
            [7] => R
            [8] => O
        )

    [end_date_day] => 23
    [closing_column] => DAY_23_CLOSING
    [end_date_month] => 2026-02
    [stock_filter] => > 0
    [daily_stock_table] => tbldailystock_1
    [table_suffix] => 
    [current_month] => 2026-02
    [has_restrictions] => 1
    [available_dates] => Array
        (
            [0] => 2026-02-22
            [1] => 2026-02-23
        )

    [unavailable_dates] => Array
        (
            [0] => 2026-02-21
        )

    [dry_dates] => Array
        (
            [0] => 2026-02-21
        )

    [latest_global_sale] => 
)

[2026-02-23 15:07:16] [INFO] === PAGE ACCESS ===
[2026-02-23 15:07:16] [INFO] Request method: POST
[2026-02-23 15:07:16] [INFO] Search term: ''
[2026-02-23 15:07:16] [INFO] Current session ID: ge1tpspum82kktnfha5k24vfhg
[2026-02-23 15:07:16] [INFO] Session quantities updated from POST: 3 items
[2026-02-23 15:07:16] [INFO] DRY DAYS FOUND: 2026-02-21
[2026-02-23 15:07:16] [INFO] DRY DAYS FOUND: 2026-02-21
[2026-02-23 15:07:16] [INFO] Getting next bill number for CompID: 1
[2026-02-23 15:07:16] [INFO] Next bill number for CompID 1: 1
[2026-02-23 15:07:16] [INFO] Starting daily stock update for item SCMPL0010694 sold on 2026-02-22 (Qty: 1)
[2026-02-23 15:07:16] [INFO] Recalculating stock from day 22 for item SCMPL0010694 in 2026-02 in table tbldailystock_1
[2026-02-23 15:07:16] [DEBUG] Day 22: Opening=46, Purchase=0, Sales=1, Closing=45
[2026-02-23 15:07:16] [DEBUG] Day 23: Opening=45, Purchase=0, Sales=0, Closing=45
[2026-02-23 15:07:16] [DEBUG] Day 24: Opening=45, Purchase=0, Sales=0, Closing=45
[2026-02-23 15:07:16] [DEBUG] Day 25: Opening=45, Purchase=0, Sales=0, Closing=45
[2026-02-23 15:07:16] [DEBUG] Day 26: Opening=45, Purchase=0, Sales=0, Closing=45
[2026-02-23 15:07:16] [DEBUG] Day 27: Opening=45, Purchase=0, Sales=0, Closing=45
[2026-02-23 15:07:16] [DEBUG] Day 28: Opening=45, Purchase=0, Sales=0, Closing=45
[2026-02-23 15:07:16] [INFO] Completed recalculating stock for 2026-02 from day 22
[2026-02-23 15:07:16] [INFO] Starting cascading to current month for item SCMPL0010694 sold on 2026-02-22
[2026-02-23 15:07:16] [INFO] Daily stock updated successfully for item SCMPL0010694 on 2026-02-22 in table tbldailystock_1: Sales=1, Closing=45
[2026-02-23 15:07:16] [INFO] Starting daily stock update for item SCMPL0041503 sold on 2026-02-22 (Qty: 4)
[2026-02-23 15:07:16] [INFO] Recalculating stock from day 22 for item SCMPL0041503 in 2026-02 in table tbldailystock_1
[2026-02-23 15:07:16] [DEBUG] Day 22: Opening=44, Purchase=0, Sales=4, Closing=40
[2026-02-23 15:07:16] [DEBUG] Day 23: Opening=40, Purchase=0, Sales=0, Closing=40
[2026-02-23 15:07:17] [DEBUG] Day 24: Opening=40, Purchase=0, Sales=0, Closing=40
[2026-02-23 15:07:17] [DEBUG] Day 25: Opening=40, Purchase=0, Sales=0, Closing=40
[2026-02-23 15:07:17] [DEBUG] Day 26: Opening=40, Purchase=0, Sales=0, Closing=40
[2026-02-23 15:07:17] [DEBUG] Day 27: Opening=40, Purchase=0, Sales=0, Closing=40
[2026-02-23 15:07:17] [DEBUG] Day 28: Opening=40, Purchase=0, Sales=0, Closing=40
[2026-02-23 15:07:17] [INFO] Completed recalculating stock for 2026-02 from day 22
[2026-02-23 15:07:17] [INFO] Starting cascading to current month for item SCMPL0041503 sold on 2026-02-22
[2026-02-23 15:07:17] [INFO] Daily stock updated successfully for item SCMPL0041503 on 2026-02-22 in table tbldailystock_1: Sales=4, Closing=40
[2026-02-23 15:07:17] [INFO] Starting daily stock update for item SCMPL0041503 sold on 2026-02-22 (Qty: 5)
[2026-02-23 15:07:17] [INFO] Recalculating stock from day 22 for item SCMPL0041503 in 2026-02 in table tbldailystock_1
[2026-02-23 15:07:17] [DEBUG] Day 22: Opening=44, Purchase=0, Sales=9, Closing=35
[2026-02-23 15:07:17] [DEBUG] Day 23: Opening=35, Purchase=0, Sales=0, Closing=35
[2026-02-23 15:07:17] [DEBUG] Day 24: Opening=35, Purchase=0, Sales=0, Closing=35
[2026-02-23 15:07:17] [DEBUG] Day 25: Opening=35, Purchase=0, Sales=0, Closing=35
[2026-02-23 15:07:17] [DEBUG] Day 26: Opening=35, Purchase=0, Sales=0, Closing=35
[2026-02-23 15:07:17] [DEBUG] Day 27: Opening=35, Purchase=0, Sales=0, Closing=35
[2026-02-23 15:07:17] [DEBUG] Day 28: Opening=35, Purchase=0, Sales=0, Closing=35
[2026-02-23 15:07:17] [INFO] Completed recalculating stock for 2026-02 from day 22
[2026-02-23 15:07:17] [INFO] Starting cascading to current month for item SCMPL0041503 sold on 2026-02-22
[2026-02-23 15:07:17] [INFO] Daily stock updated successfully for item SCMPL0041503 on 2026-02-22 in table tbldailystock_1: Sales=9, Closing=35
[2026-02-23 15:07:17] [INFO] Starting daily stock update for item SCMPL0041503 sold on 2026-02-22 (Qty: 5)
[2026-02-23 15:07:17] [INFO] Recalculating stock from day 22 for item SCMPL0041503 in 2026-02 in table tbldailystock_1
[2026-02-23 15:07:17] [DEBUG] Day 22: Opening=44, Purchase=0, Sales=14, Closing=30
[2026-02-23 15:07:17] [DEBUG] Day 23: Opening=30, Purchase=0, Sales=0, Closing=30
[2026-02-23 15:07:17] [DEBUG] Day 24: Opening=30, Purchase=0, Sales=0, Closing=30
[2026-02-23 15:07:17] [DEBUG] Day 25: Opening=30, Purchase=0, Sales=0, Closing=30
[2026-02-23 15:07:17] [DEBUG] Day 26: Opening=30, Purchase=0, Sales=0, Closing=30
[2026-02-23 15:07:17] [DEBUG] Day 27: Opening=30, Purchase=0, Sales=0, Closing=30
[2026-02-23 15:07:17] [DEBUG] Day 28: Opening=30, Purchase=0, Sales=0, Closing=30
[2026-02-23 15:07:17] [INFO] Completed recalculating stock for 2026-02 from day 22
[2026-02-23 15:07:17] [INFO] Starting cascading to current month for item SCMPL0041503 sold on 2026-02-22
[2026-02-23 15:07:17] [INFO] Daily stock updated successfully for item SCMPL0041503 on 2026-02-22 in table tbldailystock_1: Sales=14, Closing=30
[2026-02-23 15:07:17] [INFO] Starting daily stock update for item SCMPL0041503 sold on 2026-02-22 (Qty: 5)
[2026-02-23 15:07:17] [INFO] Recalculating stock from day 22 for item SCMPL0041503 in 2026-02 in table tbldailystock_1
[2026-02-23 15:07:17] [DEBUG] Day 22: Opening=44, Purchase=0, Sales=19, Closing=25
[2026-02-23 15:07:17] [DEBUG] Day 23: Opening=25, Purchase=0, Sales=0, Closing=25
[2026-02-23 15:07:17] [DEBUG] Day 24: Opening=25, Purchase=0, Sales=0, Closing=25
[2026-02-23 15:07:17] [DEBUG] Day 25: Opening=25, Purchase=0, Sales=0, Closing=25
[2026-02-23 15:07:17] [DEBUG] Day 26: Opening=25, Purchase=0, Sales=0, Closing=25
[2026-02-23 15:07:17] [DEBUG] Day 27: Opening=25, Purchase=0, Sales=0, Closing=25
[2026-02-23 15:07:17] [DEBUG] Day 28: Opening=25, Purchase=0, Sales=0, Closing=25
[2026-02-23 15:07:17] [INFO] Completed recalculating stock for 2026-02 from day 22
[2026-02-23 15:07:17] [INFO] Starting cascading to current month for item SCMPL0041503 sold on 2026-02-22
[2026-02-23 15:07:17] [INFO] Daily stock updated successfully for item SCMPL0041503 on 2026-02-22 in table tbldailystock_1: Sales=19, Closing=25
[2026-02-23 15:07:17] [INFO] Starting daily stock update for item SCMPL0041503 sold on 2026-02-22 (Qty: 1)
[2026-02-23 15:07:17] [INFO] Recalculating stock from day 22 for item SCMPL0041503 in 2026-02 in table tbldailystock_1
[2026-02-23 15:07:17] [DEBUG] Day 22: Opening=44, Purchase=0, Sales=20, Closing=24
[2026-02-23 15:07:17] [DEBUG] Day 23: Opening=24, Purchase=0, Sales=0, Closing=24
[2026-02-23 15:07:17] [DEBUG] Day 24: Opening=24, Purchase=0, Sales=0, Closing=24
[2026-02-23 15:07:17] [DEBUG] Day 25: Opening=24, Purchase=0, Sales=0, Closing=24
[2026-02-23 15:07:17] [DEBUG] Day 26: Opening=24, Purchase=0, Sales=0, Closing=24
[2026-02-23 15:07:17] [DEBUG] Day 27: Opening=24, Purchase=0, Sales=0, Closing=24
[2026-02-23 15:07:17] [DEBUG] Day 28: Opening=24, Purchase=0, Sales=0, Closing=24
[2026-02-23 15:07:17] [INFO] Completed recalculating stock for 2026-02 from day 22
[2026-02-23 15:07:17] [INFO] Starting cascading to current month for item SCMPL0041503 sold on 2026-02-22
[2026-02-23 15:07:17] [INFO] Daily stock updated successfully for item SCMPL0041503 on 2026-02-22 in table tbldailystock_1: Sales=20, Closing=24
[2026-02-23 15:07:17] [INFO] Starting daily stock update for item SCMPL0010619 sold on 2026-02-22 (Qty: 4)
[2026-02-23 15:07:17] [INFO] Recalculating stock from day 22 for item SCMPL0010619 in 2026-02 in table tbldailystock_1
[2026-02-23 15:07:17] [DEBUG] Day 22: Opening=19, Purchase=0, Sales=4, Closing=15
[2026-02-23 15:07:17] [DEBUG] Day 23: Opening=15, Purchase=0, Sales=0, Closing=15
[2026-02-23 15:07:17] [DEBUG] Day 24: Opening=15, Purchase=0, Sales=0, Closing=15
[2026-02-23 15:07:17] [DEBUG] Day 25: Opening=15, Purchase=0, Sales=0, Closing=15
[2026-02-23 15:07:17] [DEBUG] Day 26: Opening=15, Purchase=0, Sales=0, Closing=15
[2026-02-23 15:07:17] [DEBUG] Day 27: Opening=15, Purchase=0, Sales=0, Closing=15
[2026-02-23 15:07:18] [DEBUG] Day 28: Opening=15, Purchase=0, Sales=0, Closing=15
[2026-02-23 15:07:18] [INFO] Completed recalculating stock for 2026-02 from day 22
[2026-02-23 15:07:18] [INFO] Starting cascading to current month for item SCMPL0010619 sold on 2026-02-22
[2026-02-23 15:07:18] [INFO] Daily stock updated successfully for item SCMPL0010619 on 2026-02-22 in table tbldailystock_1: Sales=4, Closing=15
[2026-02-23 15:07:18] [INFO] Starting daily stock update for item SCMPL0010619 sold on 2026-02-22 (Qty: 5)
[2026-02-23 15:07:18] [INFO] Recalculating stock from day 22 for item SCMPL0010619 in 2026-02 in table tbldailystock_1
[2026-02-23 15:07:18] [DEBUG] Day 22: Opening=19, Purchase=0, Sales=9, Closing=10
[2026-02-23 15:07:18] [DEBUG] Day 23: Opening=10, Purchase=0, Sales=0, Closing=10
[2026-02-23 15:07:18] [DEBUG] Day 24: Opening=10, Purchase=0, Sales=0, Closing=10
[2026-02-23 15:07:18] [DEBUG] Day 25: Opening=10, Purchase=0, Sales=0, Closing=10
[2026-02-23 15:07:18] [DEBUG] Day 26: Opening=10, Purchase=0, Sales=0, Closing=10
[2026-02-23 15:07:18] [DEBUG] Day 27: Opening=10, Purchase=0, Sales=0, Closing=10
[2026-02-23 15:07:18] [DEBUG] Day 28: Opening=10, Purchase=0, Sales=0, Closing=10
[2026-02-23 15:07:18] [INFO] Completed recalculating stock for 2026-02 from day 22
[2026-02-23 15:07:18] [INFO] Starting cascading to current month for item SCMPL0010619 sold on 2026-02-22
[2026-02-23 15:07:18] [INFO] Daily stock updated successfully for item SCMPL0010619 on 2026-02-22 in table tbldailystock_1: Sales=9, Closing=10
[2026-02-23 15:07:18] [INFO] Starting daily stock update for item SCMPL0010694 sold on 2026-02-23 (Qty: 2)
[2026-02-23 15:07:18] [INFO] Recalculating stock from day 23 for item SCMPL0010694 in 2026-02 in table tbldailystock_1
[2026-02-23 15:07:18] [DEBUG] Day 23: Opening=45, Purchase=0, Sales=2, Closing=43
[2026-02-23 15:07:18] [DEBUG] Day 24: Opening=43, Purchase=0, Sales=0, Closing=43
[2026-02-23 15:07:18] [DEBUG] Day 25: Opening=43, Purchase=0, Sales=0, Closing=43
[2026-02-23 15:07:18] [DEBUG] Day 26: Opening=43, Purchase=0, Sales=0, Closing=43
[2026-02-23 15:07:18] [DEBUG] Day 27: Opening=43, Purchase=0, Sales=0, Closing=43
[2026-02-23 15:07:18] [DEBUG] Day 28: Opening=43, Purchase=0, Sales=0, Closing=43
[2026-02-23 15:07:18] [INFO] Completed recalculating stock for 2026-02 from day 23
[2026-02-23 15:07:18] [INFO] Starting cascading to current month for item SCMPL0010694 sold on 2026-02-23
[2026-02-23 15:07:18] [INFO] Daily stock updated successfully for item SCMPL0010694 on 2026-02-23 in table tbldailystock_1: Sales=2, Closing=43
[2026-02-23 15:07:18] [INFO] Starting daily stock update for item SCMPL0041503 sold on 2026-02-23 (Qty: 3)
[2026-02-23 15:07:18] [INFO] Recalculating stock from day 23 for item SCMPL0041503 in 2026-02 in table tbldailystock_1
[2026-02-23 15:07:18] [DEBUG] Day 23: Opening=24, Purchase=0, Sales=3, Closing=21
[2026-02-23 15:07:18] [DEBUG] Day 24: Opening=21, Purchase=0, Sales=0, Closing=21
[2026-02-23 15:07:18] [DEBUG] Day 25: Opening=21, Purchase=0, Sales=0, Closing=21
[2026-02-23 15:07:18] [DEBUG] Day 26: Opening=21, Purchase=0, Sales=0, Closing=21
[2026-02-23 15:07:18] [DEBUG] Day 27: Opening=21, Purchase=0, Sales=0, Closing=21
[2026-02-23 15:07:18] [DEBUG] Day 28: Opening=21, Purchase=0, Sales=0, Closing=21
[2026-02-23 15:07:18] [INFO] Completed recalculating stock for 2026-02 from day 23
[2026-02-23 15:07:18] [INFO] Starting cascading to current month for item SCMPL0041503 sold on 2026-02-23
[2026-02-23 15:07:18] [INFO] Daily stock updated successfully for item SCMPL0041503 on 2026-02-23 in table tbldailystock_1: Sales=3, Closing=21
[2026-02-23 15:07:18] [INFO] Starting daily stock update for item SCMPL0041503 sold on 2026-02-23 (Qty: 5)
[2026-02-23 15:07:18] [INFO] Recalculating stock from day 23 for item SCMPL0041503 in 2026-02 in table tbldailystock_1
[2026-02-23 15:07:18] [DEBUG] Day 23: Opening=24, Purchase=0, Sales=8, Closing=16
[2026-02-23 15:07:18] [DEBUG] Day 24: Opening=16, Purchase=0, Sales=0, Closing=16
[2026-02-23 15:07:18] [DEBUG] Day 25: Opening=16, Purchase=0, Sales=0, Closing=16
[2026-02-23 15:07:18] [DEBUG] Day 26: Opening=16, Purchase=0, Sales=0, Closing=16
[2026-02-23 15:07:18] [DEBUG] Day 27: Opening=16, Purchase=0, Sales=0, Closing=16
[2026-02-23 15:07:18] [DEBUG] Day 28: Opening=16, Purchase=0, Sales=0, Closing=16
[2026-02-23 15:07:18] [INFO] Completed recalculating stock for 2026-02 from day 23
[2026-02-23 15:07:18] [INFO] Starting cascading to current month for item SCMPL0041503 sold on 2026-02-23
[2026-02-23 15:07:18] [INFO] Daily stock updated successfully for item SCMPL0041503 on 2026-02-23 in table tbldailystock_1: Sales=8, Closing=16
[2026-02-23 15:07:18] [INFO] Starting daily stock update for item SCMPL0041503 sold on 2026-02-23 (Qty: 5)
[2026-02-23 15:07:18] [INFO] Recalculating stock from day 23 for item SCMPL0041503 in 2026-02 in table tbldailystock_1
[2026-02-23 15:07:18] [DEBUG] Day 23: Opening=24, Purchase=0, Sales=13, Closing=11
[2026-02-23 15:07:18] [DEBUG] Day 24: Opening=11, Purchase=0, Sales=0, Closing=11
[2026-02-23 15:07:18] [DEBUG] Day 25: Opening=11, Purchase=0, Sales=0, Closing=11
[2026-02-23 15:07:18] [DEBUG] Day 26: Opening=11, Purchase=0, Sales=0, Closing=11
[2026-02-23 15:07:18] [DEBUG] Day 27: Opening=11, Purchase=0, Sales=0, Closing=11
[2026-02-23 15:07:18] [DEBUG] Day 28: Opening=11, Purchase=0, Sales=0, Closing=11
[2026-02-23 15:07:18] [INFO] Completed recalculating stock for 2026-02 from day 23
[2026-02-23 15:07:18] [INFO] Starting cascading to current month for item SCMPL0041503 sold on 2026-02-23
[2026-02-23 15:07:18] [INFO] Daily stock updated successfully for item SCMPL0041503 on 2026-02-23 in table tbldailystock_1: Sales=13, Closing=11
[2026-02-23 15:07:18] [INFO] Starting daily stock update for item SCMPL0041503 sold on 2026-02-23 (Qty: 5)
[2026-02-23 15:07:18] [INFO] Recalculating stock from day 23 for item SCMPL0041503 in 2026-02 in table tbldailystock_1
[2026-02-23 15:07:18] [DEBUG] Day 23: Opening=24, Purchase=0, Sales=18, Closing=6
[2026-02-23 15:07:18] [DEBUG] Day 24: Opening=6, Purchase=0, Sales=0, Closing=6
[2026-02-23 15:07:18] [DEBUG] Day 25: Opening=6, Purchase=0, Sales=0, Closing=6
[2026-02-23 15:07:18] [DEBUG] Day 26: Opening=6, Purchase=0, Sales=0, Closing=6
[2026-02-23 15:07:18] [DEBUG] Day 27: Opening=6, Purchase=0, Sales=0, Closing=6
[2026-02-23 15:07:18] [DEBUG] Day 28: Opening=6, Purchase=0, Sales=0, Closing=6
[2026-02-23 15:07:18] [INFO] Completed recalculating stock for 2026-02 from day 23
[2026-02-23 15:07:18] [INFO] Starting cascading to current month for item SCMPL0041503 sold on 2026-02-23
[2026-02-23 15:07:18] [INFO] Daily stock updated successfully for item SCMPL0041503 on 2026-02-23 in table tbldailystock_1: Sales=18, Closing=6
[2026-02-23 15:07:18] [INFO] Starting daily stock update for item SCMPL0041503 sold on 2026-02-23 (Qty: 2)
[2026-02-23 15:07:18] [INFO] Recalculating stock from day 23 for item SCMPL0041503 in 2026-02 in table tbldailystock_1
[2026-02-23 15:07:18] [DEBUG] Day 23: Opening=24, Purchase=0, Sales=20, Closing=4
[2026-02-23 15:07:18] [DEBUG] Day 24: Opening=4, Purchase=0, Sales=0, Closing=4
[2026-02-23 15:07:18] [DEBUG] Day 25: Opening=4, Purchase=0, Sales=0, Closing=4
[2026-02-23 15:07:18] [DEBUG] Day 26: Opening=4, Purchase=0, Sales=0, Closing=4
[2026-02-23 15:07:18] [DEBUG] Day 27: Opening=4, Purchase=0, Sales=0, Closing=4
[2026-02-23 15:07:18] [DEBUG] Day 28: Opening=4, Purchase=0, Sales=0, Closing=4
[2026-02-23 15:07:18] [INFO] Completed recalculating stock for 2026-02 from day 23
[2026-02-23 15:07:18] [INFO] Starting cascading to current month for item SCMPL0041503 sold on 2026-02-23
[2026-02-23 15:07:18] [INFO] Daily stock updated successfully for item SCMPL0041503 on 2026-02-23 in table tbldailystock_1: Sales=20, Closing=4
[2026-02-23 15:07:18] [INFO] Starting daily stock update for item SCMPL0010619 sold on 2026-02-23 (Qty: 3)
[2026-02-23 15:07:18] [INFO] Recalculating stock from day 23 for item SCMPL0010619 in 2026-02 in table tbldailystock_1
[2026-02-23 15:07:18] [DEBUG] Day 23: Opening=10, Purchase=0, Sales=3, Closing=7
[2026-02-23 15:07:18] [DEBUG] Day 24: Opening=7, Purchase=0, Sales=0, Closing=7
[2026-02-23 15:07:18] [DEBUG] Day 25: Opening=7, Purchase=0, Sales=0, Closing=7
[2026-02-23 15:07:18] [DEBUG] Day 26: Opening=7, Purchase=0, Sales=0, Closing=7
[2026-02-23 15:07:18] [DEBUG] Day 27: Opening=7, Purchase=0, Sales=0, Closing=7
[2026-02-23 15:07:18] [DEBUG] Day 28: Opening=7, Purchase=0, Sales=0, Closing=7
[2026-02-23 15:07:18] [INFO] Completed recalculating stock for 2026-02 from day 23
[2026-02-23 15:07:18] [INFO] Starting cascading to current month for item SCMPL0010619 sold on 2026-02-23
[2026-02-23 15:07:18] [INFO] Daily stock updated successfully for item SCMPL0010619 on 2026-02-23 in table tbldailystock_1: Sales=3, Closing=7
[2026-02-23 15:07:19] [INFO] Starting daily stock update for item SCMPL0010619 sold on 2026-02-23 (Qty: 5)
[2026-02-23 15:07:19] [INFO] Recalculating stock from day 23 for item SCMPL0010619 in 2026-02 in table tbldailystock_1
[2026-02-23 15:07:19] [DEBUG] Day 23: Opening=10, Purchase=0, Sales=8, Closing=2
[2026-02-23 15:07:19] [DEBUG] Day 24: Opening=2, Purchase=0, Sales=0, Closing=2
[2026-02-23 15:07:19] [DEBUG] Day 25: Opening=2, Purchase=0, Sales=0, Closing=2
[2026-02-23 15:07:19] [DEBUG] Day 26: Opening=2, Purchase=0, Sales=0, Closing=2
[2026-02-23 15:07:19] [DEBUG] Day 27: Opening=2, Purchase=0, Sales=0, Closing=2
[2026-02-23 15:07:19] [DEBUG] Day 28: Opening=2, Purchase=0, Sales=0, Closing=2
[2026-02-23 15:07:19] [INFO] Completed recalculating stock for 2026-02 from day 23
[2026-02-23 15:07:19] [INFO] Starting cascading to current month for item SCMPL0010619 sold on 2026-02-23
[2026-02-23 15:07:19] [INFO] Daily stock updated successfully for item SCMPL0010619 on 2026-02-23 in table tbldailystock_1: Sales=8, Closing=2
[2026-02-23 15:07:19] [INFO] Starting daily stock update for item SCMPL0010619 sold on 2026-02-23 (Qty: 2)
[2026-02-23 15:07:19] [INFO] Recalculating stock from day 23 for item SCMPL0010619 in 2026-02 in table tbldailystock_1
[2026-02-23 15:07:19] [DEBUG] Day 23: Opening=10, Purchase=0, Sales=10, Closing=0
[2026-02-23 15:07:19] [DEBUG] Day 24: Opening=0, Purchase=0, Sales=0, Closing=0
[2026-02-23 15:07:19] [DEBUG] Day 25: Opening=0, Purchase=0, Sales=0, Closing=0
[2026-02-23 15:07:19] [DEBUG] Day 26: Opening=0, Purchase=0, Sales=0, Closing=0
[2026-02-23 15:07:19] [DEBUG] Day 27: Opening=0, Purchase=0, Sales=0, Closing=0
[2026-02-23 15:07:19] [DEBUG] Day 28: Opening=0, Purchase=0, Sales=0, Closing=0
[2026-02-23 15:07:19] [INFO] Completed recalculating stock for 2026-02 from day 23
[2026-02-23 15:07:19] [INFO] Starting cascading to current month for item SCMPL0010619 sold on 2026-02-23
[2026-02-23 15:07:19] [INFO] Daily stock updated successfully for item SCMPL0010619 on 2026-02-23 in table tbldailystock_1: Sales=10, Closing=0
[2026-02-23 15:07:19] [INFO] Starting optimized cash memo generation for 13 bills
[2026-02-23 15:07:19] [INFO] Cash memo generated for bill: BL0001
[2026-02-23 15:07:19] [INFO] Cash memo generated for bill: BL0002
[2026-02-23 15:07:19] [INFO] Cash memo generated for bill: BL0003
[2026-02-23 15:07:19] [INFO] Cash memo generated for bill: BL0004
[2026-02-23 15:07:20] [INFO] Cash memo generated for bill: BL0005
[2026-02-23 15:07:20] [INFO] Cash memo generated for bill: BL0006
[2026-02-23 15:07:20] [INFO] Cash memo generated for bill: BL0007
[2026-02-23 15:07:20] [INFO] Cash memo generated for bill: BL0008
[2026-02-23 15:07:20] [INFO] Cash memo generated for bill: BL0009
[2026-02-23 15:07:20] [INFO] Cash memo generated for bill: BL0010
[2026-02-23 15:07:20] [INFO] Cash memo generated for bill: BL0011
[2026-02-23 15:07:20] [INFO] Cash memo generated for bill: BL0012
[2026-02-23 15:07:20] [INFO] Cash memo generated for bill: BL0013
[2026-02-23 15:07:20] [INFO] Cash memo generation completed: 13 successful, 0 failed
[2026-02-23 15:07:20] [INFO] Session quantities cleared
[2026-02-23 15:07:41] [INFO] === PAGE ACCESS ===
[2026-02-23 15:07:41] [INFO] Request method: GET
[2026-02-23 15:07:41] [INFO] Search term: ''
[2026-02-23 15:07:41] [INFO] Current session ID: ge1tpspum82kktnfha5k24vfhg
[2026-02-23 15:07:41] [INFO] Final session quantities count: 0
[2026-02-23 15:07:41] [INFO] Items in current view: 50
[2026-02-23 15:07:41] [INFO] Sales Page Load Debug Info:
Array
(
    [total_items] => 94
    [current_page] => 1
    [total_pages] => 2
    [session_quantities_count] => 0
    [post_quantities_count] => 0
    [date_range] => 2026-02-23 to 2026-02-23
    [days_count] => 1
    [user_id] => 1
    [comp_id] => 1
    [license_type] => FL-II
    [allowed_classes] => Array
        (
            [0] => W
            [1] => V
            [2] => M
            [3] => F
            [4] => D
            [5] => K
            [6] => G
            [7] => R
            [8] => O
        )

    [end_date_day] => 23
    [closing_column] => DAY_23_CLOSING
    [end_date_month] => 2026-02
    [stock_filter] => > 0
    [daily_stock_table] => tbldailystock_1
    [table_suffix] => 
    [current_month] => 2026-02
    [has_restrictions] => 
    [available_dates] => Array
        (
            [0] => 2026-02-23
        )

    [unavailable_dates] => Array
        (
        )

    [dry_dates] => Array
        (
        )

    [latest_global_sale] => 
)

[2026-02-23 15:07:44] [INFO] Session quantity updated: SCMPL0010694 = 0
[2026-02-23 15:07:44] [INFO] Session quantity updated: SCMPL0010694 = 0
[2026-02-23 15:07:45] [INFO] Session quantity updated: SCMPL0010694 = 3
[2026-02-23 15:07:45] [INFO] Session quantity updated: SCMPL0010694 = 3
[2026-02-23 15:07:48] [INFO] Session quantity updated: SCMPL0010694 = 3
[2026-02-23 15:07:52] [INFO] === PAGE ACCESS ===
[2026-02-23 15:07:52] [INFO] Request method: GET
[2026-02-23 15:07:52] [INFO] Search term: ''
[2026-02-23 15:07:52] [INFO] Current session ID: ge1tpspum82kktnfha5k24vfhg
[2026-02-23 15:07:52] [INFO] DRY DAYS FOUND: 2026-02-21
[2026-02-23 15:07:52] [INFO] Final session quantities count: 1
[2026-02-23 15:07:52] [INFO] Items in current view: 50
[2026-02-23 15:07:52] [INFO] Sales Page Load Debug Info:
Array
(
    [total_items] => 94
    [current_page] => 1
    [total_pages] => 2
    [session_quantities_count] => 1
    [post_quantities_count] => 0
    [date_range] => 2026-02-21 to 2026-02-23
    [days_count] => 3
    [user_id] => 1
    [comp_id] => 1
    [license_type] => FL-II
    [allowed_classes] => Array
        (
            [0] => W
            [1] => V
            [2] => M
            [3] => F
            [4] => D
            [5] => K
            [6] => G
            [7] => R
            [8] => O
        )

    [end_date_day] => 23
    [closing_column] => DAY_23_CLOSING
    [end_date_month] => 2026-02
    [stock_filter] => > 0
    [daily_stock_table] => tbldailystock_1
    [table_suffix] => 
    [current_month] => 2026-02
    [has_restrictions] => 1
    [available_dates] => Array
        (
            [0] => 2026-02-22
            [1] => 2026-02-23
        )

    [unavailable_dates] => Array
        (
            [0] => 2026-02-21
        )

    [dry_dates] => Array
        (
            [0] => 2026-02-21
        )

    [latest_global_sale] => 
)

[2026-02-23 15:07:57] [INFO] === PAGE ACCESS ===
[2026-02-23 15:07:57] [INFO] Request method: POST
[2026-02-23 15:07:57] [INFO] Search term: ''
[2026-02-23 15:07:57] [INFO] Current session ID: ge1tpspum82kktnfha5k24vfhg
[2026-02-23 15:07:57] [INFO] Session quantities updated from POST: 1 items
[2026-02-23 15:07:57] [INFO] DRY DAYS FOUND: 2026-02-21
[2026-02-23 15:07:57] [INFO] DRY DAYS FOUND: 2026-02-21
[2026-02-23 15:07:57] [INFO] Getting next bill number for CompID: 1
[2026-02-23 15:07:57] [INFO] Next bill number for CompID 1: 1
[2026-02-23 15:07:57] [INFO] Starting daily stock update for item SCMPL0010694 sold on 2026-02-22 (Qty: 1)
[2026-02-23 15:07:57] [INFO] Recalculating stock from day 22 for item SCMPL0010694 in 2026-02 in table tbldailystock_1
[2026-02-23 15:07:57] [DEBUG] Day 22: Opening=46, Purchase=0, Sales=1, Closing=45
[2026-02-23 15:07:57] [DEBUG] Day 23: Opening=45, Purchase=0, Sales=0, Closing=45
[2026-02-23 15:07:57] [DEBUG] Day 24: Opening=45, Purchase=0, Sales=0, Closing=45
[2026-02-23 15:07:57] [DEBUG] Day 25: Opening=45, Purchase=0, Sales=0, Closing=45
[2026-02-23 15:07:57] [DEBUG] Day 26: Opening=45, Purchase=0, Sales=0, Closing=45
[2026-02-23 15:07:57] [DEBUG] Day 27: Opening=45, Purchase=0, Sales=0, Closing=45
[2026-02-23 15:07:57] [DEBUG] Day 28: Opening=45, Purchase=0, Sales=0, Closing=45
[2026-02-23 15:07:57] [INFO] Completed recalculating stock for 2026-02 from day 22
[2026-02-23 15:07:57] [INFO] Starting cascading to current month for item SCMPL0010694 sold on 2026-02-22
[2026-02-23 15:07:57] [INFO] Daily stock updated successfully for item SCMPL0010694 on 2026-02-22 in table tbldailystock_1: Sales=1, Closing=45
[2026-02-23 15:07:57] [INFO] Starting daily stock update for item SCMPL0010694 sold on 2026-02-23 (Qty: 2)
[2026-02-23 15:07:57] [INFO] Recalculating stock from day 23 for item SCMPL0010694 in 2026-02 in table tbldailystock_1
[2026-02-23 15:07:57] [DEBUG] Day 23: Opening=45, Purchase=0, Sales=2, Closing=43
[2026-02-23 15:07:57] [DEBUG] Day 24: Opening=43, Purchase=0, Sales=0, Closing=43
[2026-02-23 15:07:57] [DEBUG] Day 25: Opening=43, Purchase=0, Sales=0, Closing=43
[2026-02-23 15:07:57] [DEBUG] Day 26: Opening=43, Purchase=0, Sales=0, Closing=43
[2026-02-23 15:07:57] [DEBUG] Day 27: Opening=43, Purchase=0, Sales=0, Closing=43
[2026-02-23 15:07:58] [DEBUG] Day 28: Opening=43, Purchase=0, Sales=0, Closing=43
[2026-02-23 15:07:58] [INFO] Completed recalculating stock for 2026-02 from day 23
[2026-02-23 15:07:58] [INFO] Starting cascading to current month for item SCMPL0010694 sold on 2026-02-23
[2026-02-23 15:07:58] [INFO] Daily stock updated successfully for item SCMPL0010694 on 2026-02-23 in table tbldailystock_1: Sales=2, Closing=43
[2026-02-23 15:07:58] [INFO] Starting optimized cash memo generation for 2 bills
[2026-02-23 15:07:58] [INFO] Cash memo generated for bill: BL0001
[2026-02-23 15:07:58] [INFO] Cash memo generated for bill: BL0002
[2026-02-23 15:07:58] [INFO] Cash memo generation completed: 2 successful, 0 failed
[2026-02-23 15:07:58] [INFO] Session quantities cleared
[2026-02-23 15:11:08] [INFO] === PAGE ACCESS ===
[2026-02-23 15:11:08] [INFO] Request method: GET
[2026-02-23 15:11:08] [INFO] Search term: ''
[2026-02-23 15:11:08] [INFO] Current session ID: ge1tpspum82kktnfha5k24vfhg
[2026-02-23 15:11:08] [INFO] GLOBAL CHECK: Latest existing sale: 2026-02-23
[2026-02-23 15:11:08] [INFO] Available dates: 
[2026-02-23 15:11:08] [INFO] Unavailable dates (has existing sales): 2026-02-23
[2026-02-23 15:11:08] [INFO] Final session quantities count: 0
[2026-02-23 15:11:08] [INFO] Items in current view: 50
[2026-02-23 15:11:08] [INFO] Sales Page Load Debug Info:
Array
(
    [total_items] => 94
    [current_page] => 1
    [total_pages] => 2
    [session_quantities_count] => 0
    [post_quantities_count] => 0
    [date_range] => 2026-02-23 to 2026-02-23
    [days_count] => 1
    [user_id] => 1
    [comp_id] => 1
    [license_type] => FL-II
    [allowed_classes] => Array
        (
            [0] => W
            [1] => V
            [2] => M
            [3] => F
            [4] => D
            [5] => K
            [6] => G
            [7] => R
            [8] => O
        )

    [end_date_day] => 23
    [closing_column] => DAY_23_CLOSING
    [end_date_month] => 2026-02
    [stock_filter] => > 0
    [daily_stock_table] => tbldailystock_1
    [table_suffix] => 
    [current_month] => 2026-02
    [has_restrictions] => 1
    [available_dates] => Array
        (
        )

    [unavailable_dates] => Array
        (
            [0] => 2026-02-23
        )

    [dry_dates] => Array
        (
        )

    [latest_global_sale] => 2026-02-23
)

[2026-02-23 15:11:24] [INFO] === PAGE ACCESS ===
[2026-02-23 15:11:24] [INFO] Request method: GET
[2026-02-23 15:11:24] [INFO] Search term: ''
[2026-02-23 15:11:24] [INFO] Current session ID: ge1tpspum82kktnfha5k24vfhg
[2026-02-23 15:11:24] [INFO] Final session quantities count: 0
[2026-02-23 15:11:24] [INFO] Items in current view: 50
[2026-02-23 15:11:24] [INFO] Sales Page Load Debug Info:
Array
(
    [total_items] => 94
    [current_page] => 1
    [total_pages] => 2
    [session_quantities_count] => 0
    [post_quantities_count] => 0
    [date_range] => 2026-02-23 to 2026-02-23
    [days_count] => 1
    [user_id] => 1
    [comp_id] => 1
    [license_type] => FL-II
    [allowed_classes] => Array
        (
            [0] => W
            [1] => V
            [2] => M
            [3] => F
            [4] => D
            [5] => K
            [6] => G
            [7] => R
            [8] => O
        )

    [end_date_day] => 23
    [closing_column] => DAY_23_CLOSING
    [end_date_month] => 2026-02
    [stock_filter] => > 0
    [daily_stock_table] => tbldailystock_1
    [table_suffix] => 
    [current_month] => 2026-02
    [has_restrictions] => 
    [available_dates] => Array
        (
            [0] => 2026-02-23
        )

    [unavailable_dates] => Array
        (
        )

    [dry_dates] => Array
        (
        )

    [latest_global_sale] => 
)

[2026-02-23 15:11:27] [INFO] Session quantity updated: SCMPL0010694 = 0
[2026-02-23 15:11:27] [INFO] Session quantity updated: SCMPL0010694 = 0
[2026-02-23 15:11:28] [INFO] Session quantity updated: SCMPL0010694 = 3
[2026-02-23 15:11:28] [INFO] Session quantity updated: SCMPL0010694 = 3
[2026-02-23 15:11:30] [INFO] Session quantity updated: SCMPL0010694 = 3
[2026-02-23 15:11:34] [INFO] === PAGE ACCESS ===
[2026-02-23 15:11:34] [INFO] Request method: GET
[2026-02-23 15:11:34] [INFO] Search term: ''
[2026-02-23 15:11:34] [INFO] Current session ID: ge1tpspum82kktnfha5k24vfhg
[2026-02-23 15:11:35] [INFO] DRY DAYS FOUND: 2026-02-21
[2026-02-23 15:11:35] [INFO] Final session quantities count: 1
[2026-02-23 15:11:35] [INFO] Items in current view: 50
[2026-02-23 15:11:35] [INFO] Sales Page Load Debug Info:
Array
(
    [total_items] => 94
    [current_page] => 1
    [total_pages] => 2
    [session_quantities_count] => 1
    [post_quantities_count] => 0
    [date_range] => 2026-02-21 to 2026-02-23
    [days_count] => 3
    [user_id] => 1
    [comp_id] => 1
    [license_type] => FL-II
    [allowed_classes] => Array
        (
            [0] => W
            [1] => V
            [2] => M
            [3] => F
            [4] => D
            [5] => K
            [6] => G
            [7] => R
            [8] => O
        )

    [end_date_day] => 23
    [closing_column] => DAY_23_CLOSING
    [end_date_month] => 2026-02
    [stock_filter] => > 0
    [daily_stock_table] => tbldailystock_1
    [table_suffix] => 
    [current_month] => 2026-02
    [has_restrictions] => 1
    [available_dates] => Array
        (
            [0] => 2026-02-22
            [1] => 2026-02-23
        )

    [unavailable_dates] => Array
        (
            [0] => 2026-02-21
        )

    [dry_dates] => Array
        (
            [0] => 2026-02-21
        )

    [latest_global_sale] => 
)

[2026-02-23 15:15:23] [INFO] === PAGE ACCESS ===
[2026-02-23 15:15:23] [INFO] Request method: GET
[2026-02-23 15:15:23] [INFO] Search term: ''
[2026-02-23 15:15:23] [INFO] Current session ID: ge1tpspum82kktnfha5k24vfhg
[2026-02-23 15:15:24] [INFO] Final session quantities count: 1
[2026-02-23 15:15:24] [INFO] Items in current view: 50
[2026-02-23 15:15:24] [INFO] Sales Page Load Debug Info:
Array
(
    [total_items] => 94
    [current_page] => 1
    [total_pages] => 2
    [session_quantities_count] => 1
    [post_quantities_count] => 0
    [date_range] => 2026-02-22 to 2026-02-23
    [days_count] => 2
    [user_id] => 1
    [comp_id] => 1
    [license_type] => FL-II
    [allowed_classes] => Array
        (
            [0] => W
            [1] => V
            [2] => M
            [3] => F
            [4] => D
            [5] => K
            [6] => G
            [7] => R
            [8] => O
        )

    [end_date_day] => 23
    [closing_column] => DAY_23_CLOSING
    [end_date_month] => 2026-02
    [stock_filter] => > 0
    [daily_stock_table] => tbldailystock_1
    [table_suffix] => 
    [current_month] => 2026-02
    [has_restrictions] => 
    [available_dates] => Array
        (
            [0] => 2026-02-22
            [1] => 2026-02-23
        )

    [unavailable_dates] => Array
        (
        )

    [dry_dates] => Array
        (
        )

    [latest_global_sale] => 
)

[2026-02-23 16:50:21] [INFO] === PAGE ACCESS ===
[2026-02-23 16:50:21] [INFO] Request method: GET
[2026-02-23 16:50:21] [INFO] Search term: ''
[2026-02-23 16:50:21] [INFO] Current session ID: ge1tpspum82kktnfha5k24vfhg
[2026-02-23 16:50:22] [INFO] Final session quantities count: 1
[2026-02-23 16:50:22] [INFO] Items in current view: 50
[2026-02-23 16:50:22] [INFO] Sales Page Load Debug Info:
Array
(
    [total_items] => 94
    [current_page] => 1
    [total_pages] => 2
    [session_quantities_count] => 1
    [post_quantities_count] => 0
    [date_range] => 2026-02-23 to 2026-02-23
    [days_count] => 1
    [user_id] => 1
    [comp_id] => 1
    [license_type] => FL-II
    [allowed_classes] => Array
        (
            [0] => W
            [1] => V
            [2] => M
            [3] => F
            [4] => D
            [5] => K
            [6] => G
            [7] => R
            [8] => O
        )

    [end_date_day] => 23
    [closing_column] => DAY_23_CLOSING
    [end_date_month] => 2026-02
    [stock_filter] => > 0
    [daily_stock_table] => tbldailystock_1
    [table_suffix] => 
    [current_month] => 2026-02
    [has_restrictions] => 
    [available_dates] => Array
        (
            [0] => 2026-02-23
        )

    [unavailable_dates] => Array
        (
        )

    [dry_dates] => Array
        (
        )

    [latest_global_sale] => 
)

[2026-02-23 16:50:31] [INFO] === PAGE ACCESS ===
[2026-02-23 16:50:31] [INFO] Request method: GET
[2026-02-23 16:50:31] [INFO] Search term: ''
[2026-02-23 16:50:31] [INFO] Current session ID: ge1tpspum82kktnfha5k24vfhg
[2026-02-23 16:50:32] [INFO] DRY DAYS FOUND: 2026-02-21
[2026-02-23 16:50:32] [INFO] Final session quantities count: 1
[2026-02-23 16:50:32] [INFO] Items in current view: 50
[2026-02-23 16:50:32] [INFO] Sales Page Load Debug Info:
Array
(
    [total_items] => 94
    [current_page] => 1
    [total_pages] => 2
    [session_quantities_count] => 1
    [post_quantities_count] => 0
    [date_range] => 2026-02-21 to 2026-02-23
    [days_count] => 3
    [user_id] => 1
    [comp_id] => 1
    [license_type] => FL-II
    [allowed_classes] => Array
        (
            [0] => W
            [1] => V
            [2] => M
            [3] => F
            [4] => D
            [5] => K
            [6] => G
            [7] => R
            [8] => O
        )

    [end_date_day] => 23
    [closing_column] => DAY_23_CLOSING
    [end_date_month] => 2026-02
    [stock_filter] => > 0
    [daily_stock_table] => tbldailystock_1
    [table_suffix] => 
    [current_month] => 2026-02
    [has_restrictions] => 1
    [available_dates] => Array
        (
            [0] => 2026-02-22
            [1] => 2026-02-23
        )

    [unavailable_dates] => Array
        (
            [0] => 2026-02-21
        )

    [dry_dates] => Array
        (
            [0] => 2026-02-21
        )

    [latest_global_sale] => 
)

[2026-02-23 16:50:55] [INFO] === PAGE ACCESS ===
[2026-02-23 16:50:55] [INFO] Request method: GET
[2026-02-23 16:50:55] [INFO] Search term: ''
[2026-02-23 16:50:55] [INFO] Current session ID: ge1tpspum82kktnfha5k24vfhg
[2026-02-23 16:50:56] [INFO] DRY DAYS FOUND: 2026-02-21
[2026-02-23 16:50:56] [INFO] Final session quantities count: 1
[2026-02-23 16:50:56] [INFO] Items in current view: 50
[2026-02-23 16:50:56] [INFO] Sales Page Load Debug Info:
Array
(
    [total_items] => 94
    [current_page] => 1
    [total_pages] => 2
    [session_quantities_count] => 1
    [post_quantities_count] => 0
    [date_range] => 2026-02-21 to 2026-02-23
    [days_count] => 3
    [user_id] => 1
    [comp_id] => 1
    [license_type] => FL-II
    [allowed_classes] => Array
        (
            [0] => W
            [1] => V
            [2] => M
            [3] => F
            [4] => D
            [5] => K
            [6] => G
            [7] => R
            [8] => O
        )

    [end_date_day] => 23
    [closing_column] => DAY_23_CLOSING
    [end_date_month] => 2026-02
    [stock_filter] => > 0
    [daily_stock_table] => tbldailystock_1
    [table_suffix] => 
    [current_month] => 2026-02
    [has_restrictions] => 1
    [available_dates] => Array
        (
            [0] => 2026-02-22
            [1] => 2026-02-23
        )

    [unavailable_dates] => Array
        (
            [0] => 2026-02-21
        )

    [dry_dates] => Array
        (
            [0] => 2026-02-21
        )

    [latest_global_sale] => 
)

[2026-02-23 16:51:08] [INFO] === PAGE ACCESS ===
[2026-02-23 16:51:08] [INFO] Request method: GET
[2026-02-23 16:51:08] [INFO] Search term: ''
[2026-02-23 16:51:08] [INFO] Current session ID: ge1tpspum82kktnfha5k24vfhg
[2026-02-23 16:51:09] [INFO] Final session quantities count: 1
[2026-02-23 16:51:09] [INFO] Items in current view: 50
[2026-02-23 16:51:09] [INFO] Sales Page Load Debug Info:
Array
(
    [total_items] => 94
    [current_page] => 1
    [total_pages] => 2
    [session_quantities_count] => 1
    [post_quantities_count] => 0
    [date_range] => 2026-02-23 to 2026-02-23
    [days_count] => 1
    [user_id] => 1
    [comp_id] => 1
    [license_type] => FL-II
    [allowed_classes] => Array
        (
            [0] => W
            [1] => V
            [2] => M
            [3] => F
            [4] => D
            [5] => K
            [6] => G
            [7] => R
            [8] => O
        )

    [end_date_day] => 23
    [closing_column] => DAY_23_CLOSING
    [end_date_month] => 2026-02
    [stock_filter] => > 0
    [daily_stock_table] => tbldailystock_1
    [table_suffix] => 
    [current_month] => 2026-02
    [has_restrictions] => 
    [available_dates] => Array
        (
            [0] => 2026-02-23
        )

    [unavailable_dates] => Array
        (
        )

    [dry_dates] => Array
        (
        )

    [latest_global_sale] => 
)

[2026-02-23 16:51:16] [INFO] === PAGE ACCESS ===
[2026-02-23 16:51:16] [INFO] Request method: GET
[2026-02-23 16:51:16] [INFO] Search term: ''
[2026-02-23 16:51:16] [INFO] Current session ID: ge1tpspum82kktnfha5k24vfhg
[2026-02-23 16:51:17] [INFO] DRY DAYS FOUND: 2026-02-21
[2026-02-23 16:51:17] [INFO] Final session quantities count: 1
[2026-02-23 16:51:17] [INFO] Items in current view: 50
[2026-02-23 16:51:17] [INFO] Sales Page Load Debug Info:
Array
(
    [total_items] => 94
    [current_page] => 1
    [total_pages] => 2
    [session_quantities_count] => 1
    [post_quantities_count] => 0
    [date_range] => 2026-02-21 to 2026-02-23
    [days_count] => 3
    [user_id] => 1
    [comp_id] => 1
    [license_type] => FL-II
    [allowed_classes] => Array
        (
            [0] => W
            [1] => V
            [2] => M
            [3] => F
            [4] => D
            [5] => K
            [6] => G
            [7] => R
            [8] => O
        )

    [end_date_day] => 23
    [closing_column] => DAY_23_CLOSING
    [end_date_month] => 2026-02
    [stock_filter] => > 0
    [daily_stock_table] => tbldailystock_1
    [table_suffix] => 
    [current_month] => 2026-02
    [has_restrictions] => 1
    [available_dates] => Array
        (
            [0] => 2026-02-22
            [1] => 2026-02-23
        )

    [unavailable_dates] => Array
        (
            [0] => 2026-02-21
        )

    [dry_dates] => Array
        (
            [0] => 2026-02-21
        )

    [latest_global_sale] => 
)

[2026-02-23 16:54:33] [INFO] === PAGE ACCESS ===
[2026-02-23 16:54:33] [INFO] Request method: GET
[2026-02-23 16:54:33] [INFO] Search term: ''
[2026-02-23 16:54:33] [INFO] Current session ID: ge1tpspum82kktnfha5k24vfhg
[2026-02-23 16:54:34] [INFO] Final session quantities count: 1
[2026-02-23 16:54:34] [INFO] Items in current view: 50
[2026-02-23 16:54:34] [INFO] Sales Page Load Debug Info:
Array
(
    [total_items] => 94
    [current_page] => 1
    [total_pages] => 2
    [session_quantities_count] => 1
    [post_quantities_count] => 0
    [date_range] => 2026-02-23 to 2026-02-23
    [days_count] => 1
    [user_id] => 1
    [comp_id] => 1
    [license_type] => FL-II
    [allowed_classes] => Array
        (
            [0] => W
            [1] => V
            [2] => M
            [3] => F
            [4] => D
            [5] => K
            [6] => G
            [7] => R
            [8] => O
        )

    [end_date_day] => 23
    [closing_column] => DAY_23_CLOSING
    [end_date_month] => 2026-02
    [stock_filter] => > 0
    [daily_stock_table] => tbldailystock_1
    [table_suffix] => 
    [current_month] => 2026-02
    [has_restrictions] => 
    [available_dates] => Array
        (
            [0] => 2026-02-23
        )

    [unavailable_dates] => Array
        (
        )

    [dry_dates] => Array
        (
        )

    [latest_global_sale] => 
)

[2026-02-23 16:54:41] [INFO] === PAGE ACCESS ===
[2026-02-23 16:54:41] [INFO] Request method: GET
[2026-02-23 16:54:41] [INFO] Search term: ''
[2026-02-23 16:54:41] [INFO] Current session ID: ge1tpspum82kktnfha5k24vfhg
[2026-02-23 16:54:42] [INFO] DRY DAYS FOUND: 2026-02-21
[2026-02-23 16:54:42] [INFO] Final session quantities count: 1
[2026-02-23 16:54:42] [INFO] Items in current view: 50
[2026-02-23 16:54:42] [INFO] Sales Page Load Debug Info:
Array
(
    [total_items] => 94
    [current_page] => 1
    [total_pages] => 2
    [session_quantities_count] => 1
    [post_quantities_count] => 0
    [date_range] => 2026-02-21 to 2026-02-23
    [days_count] => 3
    [user_id] => 1
    [comp_id] => 1
    [license_type] => FL-II
    [allowed_classes] => Array
        (
            [0] => W
            [1] => V
            [2] => M
            [3] => F
            [4] => D
            [5] => K
            [6] => G
            [7] => R
            [8] => O
        )

    [end_date_day] => 23
    [closing_column] => DAY_23_CLOSING
    [end_date_month] => 2026-02
    [stock_filter] => > 0
    [daily_stock_table] => tbldailystock_1
    [table_suffix] => 
    [current_month] => 2026-02
    [has_restrictions] => 1
    [available_dates] => Array
        (
            [0] => 2026-02-22
            [1] => 2026-02-23
        )

    [unavailable_dates] => Array
        (
            [0] => 2026-02-21
        )

    [dry_dates] => Array
        (
            [0] => 2026-02-21
        )

    [latest_global_sale] => 
)

[2026-02-23 16:54:58] [INFO] === PAGE ACCESS ===
[2026-02-23 16:54:58] [INFO] Request method: GET
[2026-02-23 16:54:58] [INFO] Search term: ''
[2026-02-23 16:54:58] [INFO] Current session ID: ge1tpspum82kktnfha5k24vfhg
[2026-02-23 16:54:59] [INFO] DRY DAYS FOUND: 2026-02-21
[2026-02-23 16:54:59] [INFO] Final session quantities count: 1
[2026-02-23 16:54:59] [INFO] Items in current view: 50
[2026-02-23 16:54:59] [INFO] Sales Page Load Debug Info:
Array
(
    [total_items] => 94
    [current_page] => 1
    [total_pages] => 2
    [session_quantities_count] => 1
    [post_quantities_count] => 0
    [date_range] => 2026-02-21 to 2026-02-23
    [days_count] => 3
    [user_id] => 1
    [comp_id] => 1
    [license_type] => FL-II
    [allowed_classes] => Array
        (
            [0] => W
            [1] => V
            [2] => M
            [3] => F
            [4] => D
            [5] => K
            [6] => G
            [7] => R
            [8] => O
        )

    [end_date_day] => 23
    [closing_column] => DAY_23_CLOSING
    [end_date_month] => 2026-02
    [stock_filter] => > 0
    [daily_stock_table] => tbldailystock_1
    [table_suffix] => 
    [current_month] => 2026-02
    [has_restrictions] => 1
    [available_dates] => Array
        (
            [0] => 2026-02-22
            [1] => 2026-02-23
        )

    [unavailable_dates] => Array
        (
            [0] => 2026-02-21
        )

    [dry_dates] => Array
        (
            [0] => 2026-02-21
        )

    [latest_global_sale] => 
)

[2026-02-23 17:42:20] [INFO] === PAGE ACCESS ===
[2026-02-23 17:42:20] [INFO] Request method: GET
[2026-02-23 17:42:20] [INFO] Search term: ''
[2026-02-23 17:42:20] [INFO] Current session ID: ge1tpspum82kktnfha5k24vfhg
[2026-02-23 17:42:20] [INFO] Final session quantities count: 1
[2026-02-23 17:42:20] [INFO] Items in current view: 50
[2026-02-23 17:42:20] [INFO] Sales Page Load Debug Info:
Array
(
    [total_items] => 94
    [current_page] => 1
    [total_pages] => 2
    [session_quantities_count] => 1
    [post_quantities_count] => 0
    [date_range] => 2026-02-23 to 2026-02-23
    [days_count] => 1
    [user_id] => 1
    [comp_id] => 1
    [license_type] => FL-II
    [allowed_classes] => Array
        (
            [0] => W
            [1] => V
            [2] => M
            [3] => F
            [4] => D
            [5] => K
            [6] => G
            [7] => R
            [8] => O
        )

    [end_date_day] => 23
    [closing_column] => DAY_23_CLOSING
    [end_date_month] => 2026-02
    [stock_filter] => > 0
    [daily_stock_table] => tbldailystock_1
    [table_suffix] => 
    [current_month] => 2026-02
    [has_restrictions] => 
    [available_dates] => Array
        (
            [0] => 2026-02-23
        )

    [unavailable_dates] => Array
        (
        )

    [dry_dates] => Array
        (
        )

    [latest_global_sale] => 
)

[2026-02-23 17:42:29] [INFO] === PAGE ACCESS ===
[2026-02-23 17:42:29] [INFO] Request method: GET
[2026-02-23 17:42:29] [INFO] Search term: ''
[2026-02-23 17:42:29] [INFO] Current session ID: ge1tpspum82kktnfha5k24vfhg
[2026-02-23 17:42:29] [INFO] DRY DAYS FOUND: 2026-02-21
[2026-02-23 17:42:29] [INFO] Final session quantities count: 1
[2026-02-23 17:42:29] [INFO] Items in current view: 50
[2026-02-23 17:42:29] [INFO] Sales Page Load Debug Info:
Array
(
    [total_items] => 94
    [current_page] => 1
    [total_pages] => 2
    [session_quantities_count] => 1
    [post_quantities_count] => 0
    [date_range] => 2026-02-21 to 2026-02-23
    [days_count] => 3
    [user_id] => 1
    [comp_id] => 1
    [license_type] => FL-II
    [allowed_classes] => Array
        (
            [0] => W
            [1] => V
            [2] => M
            [3] => F
            [4] => D
            [5] => K
            [6] => G
            [7] => R
            [8] => O
        )

    [end_date_day] => 23
    [closing_column] => DAY_23_CLOSING
    [end_date_month] => 2026-02
    [stock_filter] => > 0
    [daily_stock_table] => tbldailystock_1
    [table_suffix] => 
    [current_month] => 2026-02
    [has_restrictions] => 1
    [available_dates] => Array
        (
            [0] => 2026-02-22
            [1] => 2026-02-23
        )

    [unavailable_dates] => Array
        (
            [0] => 2026-02-21
        )

    [dry_dates] => Array
        (
            [0] => 2026-02-21
        )

    [latest_global_sale] => 
)

[2026-02-23 17:43:03] [INFO] === PAGE ACCESS ===
[2026-02-23 17:43:03] [INFO] Request method: GET
[2026-02-23 17:43:03] [INFO] Search term: ''
[2026-02-23 17:43:03] [INFO] Current session ID: ge1tpspum82kktnfha5k24vfhg
[2026-02-23 17:43:04] [INFO] DRY DAYS FOUND: 2026-02-21
[2026-02-23 17:43:04] [INFO] Final session quantities count: 1
[2026-02-23 17:43:04] [INFO] Items in current view: 50
[2026-02-23 17:43:04] [INFO] Sales Page Load Debug Info:
Array
(
    [total_items] => 94
    [current_page] => 1
    [total_pages] => 2
    [session_quantities_count] => 1
    [post_quantities_count] => 0
    [date_range] => 2026-02-21 to 2026-02-23
    [days_count] => 3
    [user_id] => 1
    [comp_id] => 1
    [license_type] => FL-II
    [allowed_classes] => Array
        (
            [0] => W
            [1] => V
            [2] => M
            [3] => F
            [4] => D
            [5] => K
            [6] => G
            [7] => R
            [8] => O
        )

    [end_date_day] => 23
    [closing_column] => DAY_23_CLOSING
    [end_date_month] => 2026-02
    [stock_filter] => > 0
    [daily_stock_table] => tbldailystock_1
    [table_suffix] => 
    [current_month] => 2026-02
    [has_restrictions] => 1
    [available_dates] => Array
        (
            [0] => 2026-02-22
            [1] => 2026-02-23
        )

    [unavailable_dates] => Array
        (
            [0] => 2026-02-21
        )

    [dry_dates] => Array
        (
            [0] => 2026-02-21
        )

    [latest_global_sale] => 
)

[2026-02-23 17:43:11] [INFO] === PAGE ACCESS ===
[2026-02-23 17:43:11] [INFO] Request method: GET
[2026-02-23 17:43:11] [INFO] Search term: ''
[2026-02-23 17:43:11] [INFO] Current session ID: ge1tpspum82kktnfha5k24vfhg
[2026-02-23 17:43:11] [INFO] Final session quantities count: 1
[2026-02-23 17:43:11] [INFO] Items in current view: 50
[2026-02-23 17:43:11] [INFO] Sales Page Load Debug Info:
Array
(
    [total_items] => 94
    [current_page] => 1
    [total_pages] => 2
    [session_quantities_count] => 1
    [post_quantities_count] => 0
    [date_range] => 2026-02-23 to 2026-02-23
    [days_count] => 1
    [user_id] => 1
    [comp_id] => 1
    [license_type] => FL-II
    [allowed_classes] => Array
        (
            [0] => W
            [1] => V
            [2] => M
            [3] => F
            [4] => D
            [5] => K
            [6] => G
            [7] => R
            [8] => O
        )

    [end_date_day] => 23
    [closing_column] => DAY_23_CLOSING
    [end_date_month] => 2026-02
    [stock_filter] => > 0
    [daily_stock_table] => tbldailystock_1
    [table_suffix] => 
    [current_month] => 2026-02
    [has_restrictions] => 
    [available_dates] => Array
        (
            [0] => 2026-02-23
        )

    [unavailable_dates] => Array
        (
        )

    [dry_dates] => Array
        (
        )

    [latest_global_sale] => 
)

[2026-02-23 17:43:20] [INFO] === PAGE ACCESS ===
[2026-02-23 17:43:20] [INFO] Request method: GET
[2026-02-23 17:43:20] [INFO] Search term: ''
[2026-02-23 17:43:20] [INFO] Current session ID: ge1tpspum82kktnfha5k24vfhg
[2026-02-23 17:43:20] [INFO] DRY DAYS FOUND: 2026-02-21
[2026-02-23 17:43:20] [INFO] Final session quantities count: 1
[2026-02-23 17:43:20] [INFO] Items in current view: 50
[2026-02-23 17:43:20] [INFO] Sales Page Load Debug Info:
Array
(
    [total_items] => 94
    [current_page] => 1
    [total_pages] => 2
    [session_quantities_count] => 1
    [post_quantities_count] => 0
    [date_range] => 2026-02-21 to 2026-02-23
    [days_count] => 3
    [user_id] => 1
    [comp_id] => 1
    [license_type] => FL-II
    [allowed_classes] => Array
        (
            [0] => W
            [1] => V
            [2] => M
            [3] => F
            [4] => D
            [5] => K
            [6] => G
            [7] => R
            [8] => O
        )

    [end_date_day] => 23
    [closing_column] => DAY_23_CLOSING
    [end_date_month] => 2026-02
    [stock_filter] => > 0
    [daily_stock_table] => tbldailystock_1
    [table_suffix] => 
    [current_month] => 2026-02
    [has_restrictions] => 1
    [available_dates] => Array
        (
            [0] => 2026-02-22
            [1] => 2026-02-23
        )

    [unavailable_dates] => Array
        (
            [0] => 2026-02-21
        )

    [dry_dates] => Array
        (
            [0] => 2026-02-21
        )

    [latest_global_sale] => 
)

