[2026-02-27 07:15:14] [INFO] === PAGE ACCESS ===
[2026-02-27 07:15:14] [INFO] Request method: GET
[2026-02-27 07:15:14] [INFO] Search term: ''
[2026-02-27 07:15:14] [INFO] Current session ID: f54komu4n5ujk0v2u94o18q400
[2026-02-27 07:15:14] [INFO] Final session quantities count: 0
[2026-02-27 07:15:14] [INFO] Items in current view: 50
[2026-02-27 07:15:14] [INFO] Sales Page Load Debug Info:
Array
(
    [total_items] => 94
    [current_page] => 1
    [total_pages] => 2
    [session_quantities_count] => 0
    [post_quantities_count] => 0
    [date_range] => 2026-02-27 to 2026-02-27
    [days_count] => 1
    [user_id] => 1
    [comp_id] => 1
    [license_type] => FL-II
    [allowed_classes] => Array
        (
            [0] => W
            [1] => V
            [2] => M
            [3] => F
            [4] => D
            [5] => K
            [6] => G
            [7] => R
            [8] => O
        )

    [end_date_day] => 27
    [closing_column] => DAY_27_CLOSING
    [end_date_month] => 2026-02
    [stock_filter] => > 0
    [daily_stock_table] => tbldailystock_1
    [table_suffix] => 
    [current_month] => 2026-02
    [has_restrictions] => 
    [available_dates] => Array
        (
            [0] => 2026-02-27
        )

    [unavailable_dates] => Array
        (
        )

    [dry_dates] => Array
        (
        )

    [latest_global_sale] => 
)

[2026-02-27 07:15:18] [INFO] Session quantity updated: SCMPL0010694 = 3
[2026-02-27 07:15:22] [INFO] Session quantity updated: SCMBR0018158 = 30
[2026-02-27 07:15:22] [INFO] Session quantity updated: SCMBR0018158 = 30
[2026-02-27 07:15:23] [INFO] Session quantity updated: SCMBR0018158 = 30
[2026-02-27 07:15:25] [INFO] Session quantity updated: SCMBR0009735 = 50
[2026-02-27 07:15:25] [INFO] Session quantity updated: SCMBR0009735 = 50
[2026-02-27 07:15:26] [INFO] Session quantity updated: SCMBR0009735 = 50
[2026-02-27 07:15:33] [INFO] === PAGE ACCESS ===
[2026-02-27 07:15:33] [INFO] Request method: GET
[2026-02-27 07:15:33] [INFO] Search term: ''
[2026-02-27 07:15:33] [INFO] Current session ID: f54komu4n5ujk0v2u94o18q400
[2026-02-27 07:15:33] [INFO] Final session quantities count: 0
[2026-02-27 07:15:33] [INFO] Items in current view: 50
[2026-02-27 07:15:33] [INFO] Sales Page Load Debug Info:
Array
(
    [total_items] => 94
    [current_page] => 1
    [total_pages] => 2
    [session_quantities_count] => 0
    [post_quantities_count] => 0
    [date_range] => 2026-02-27 to 2026-02-27
    [days_count] => 1
    [user_id] => 1
    [comp_id] => 1
    [license_type] => FL-II
    [allowed_classes] => Array
        (
            [0] => W
            [1] => V
            [2] => M
            [3] => F
            [4] => D
            [5] => K
            [6] => G
            [7] => R
            [8] => O
        )

    [end_date_day] => 27
    [closing_column] => DAY_27_CLOSING
    [end_date_month] => 2026-02
    [stock_filter] => > 0
    [daily_stock_table] => tbldailystock_1
    [table_suffix] => 
    [current_month] => 2026-02
    [has_restrictions] => 
    [available_dates] => Array
        (
            [0] => 2026-02-27
        )

    [unavailable_dates] => Array
        (
        )

    [dry_dates] => Array
        (
        )

    [latest_global_sale] => 
)

[2026-02-27 07:15:37] [INFO] Session quantity updated: SCMPL0010694 = 46
[2026-02-27 07:15:37] [INFO] Session quantity updated: SCMPL0010694 = 46
[2026-02-27 07:15:38] [INFO] Session quantity updated: SCMPL0010694 = 46
[2026-02-27 07:15:39] [INFO] Session quantity updated: SCMPL0041503 = 44
[2026-02-27 07:15:39] [INFO] Session quantity updated: SCMPL0041503 = 44
[2026-02-27 07:15:41] [INFO] Session quantity updated: SCMPL0041503 = 44
[2026-02-27 07:25:52] [INFO] === PAGE ACCESS ===
[2026-02-27 07:25:52] [INFO] Request method: GET
[2026-02-27 07:25:52] [INFO] Search term: ''
[2026-02-27 07:25:52] [INFO] Current session ID: f54komu4n5ujk0v2u94o18q400
[2026-02-27 07:25:53] [INFO] Final session quantities count: 2
[2026-02-27 07:25:53] [INFO] Items in current view: 50
[2026-02-27 07:25:53] [INFO] Sales Page Load Debug Info:
Array
(
    [total_items] => 94
    [current_page] => 1
    [total_pages] => 2
    [session_quantities_count] => 2
    [post_quantities_count] => 0
    [date_range] => 2026-02-27 to 2026-02-27
    [days_count] => 1
    [user_id] => 1
    [comp_id] => 1
    [license_type] => FL-II
    [allowed_classes] => Array
        (
            [0] => W
            [1] => V
            [2] => M
            [3] => F
            [4] => D
            [5] => K
            [6] => G
            [7] => R
            [8] => O
        )

    [end_date_day] => 27
    [closing_column] => DAY_27_CLOSING
    [end_date_month] => 2026-02
    [stock_filter] => > 0
    [daily_stock_table] => tbldailystock_1
    [table_suffix] => 
    [current_month] => 2026-02
    [has_restrictions] => 
    [available_dates] => Array
        (
            [0] => 2026-02-27
        )

    [unavailable_dates] => Array
        (
        )

    [dry_dates] => Array
        (
        )

    [latest_global_sale] => 
)

[2026-02-27 07:25:58] [INFO] === PAGE ACCESS ===
[2026-02-27 07:25:58] [INFO] Request method: POST
[2026-02-27 07:25:58] [INFO] Search term: ''
[2026-02-27 07:25:58] [INFO] Current session ID: f54komu4n5ujk0v2u94o18q400
[2026-02-27 07:25:58] [INFO] Session quantities updated from POST: 2 items
[2026-02-27 07:25:58] [INFO] Getting next bill number for CompID: 1
[2026-02-27 07:25:58] [INFO] Next bill number for CompID 1: 1
[2026-02-27 07:25:58] [INFO] Starting daily stock update for item SCMPL0010694 sold on 2026-02-27 (Qty: 5)
[2026-02-27 07:25:58] [INFO] Recalculating stock from day 27 for item SCMPL0010694 in 2026-02 in table tbldailystock_1
[2026-02-27 07:25:58] [DEBUG] Day 27: Opening=46, Purchase=0, Sales=5, Closing=41
[2026-02-27 07:25:58] [DEBUG] Day 28: Opening=41, Purchase=0, Sales=0, Closing=41
[2026-02-27 07:25:58] [INFO] Completed recalculating stock for 2026-02 from day 27
[2026-02-27 07:25:58] [INFO] Starting cascading to current month for item SCMPL0010694 sold on 2026-02-27
[2026-02-27 07:25:58] [INFO] Daily stock updated successfully for item SCMPL0010694 on 2026-02-27 in table tbldailystock_1: Sales=5, Closing=41
[2026-02-27 07:25:58] [INFO] Starting daily stock update for item SCMPL0010694 sold on 2026-02-27 (Qty: 5)
[2026-02-27 07:25:59] [INFO] Recalculating stock from day 27 for item SCMPL0010694 in 2026-02 in table tbldailystock_1
[2026-02-27 07:25:59] [DEBUG] Day 27: Opening=46, Purchase=0, Sales=10, Closing=36
[2026-02-27 07:25:59] [DEBUG] Day 28: Opening=36, Purchase=0, Sales=0, Closing=36
[2026-02-27 07:25:59] [INFO] Completed recalculating stock for 2026-02 from day 27
[2026-02-27 07:25:59] [INFO] Starting cascading to current month for item SCMPL0010694 sold on 2026-02-27
[2026-02-27 07:25:59] [INFO] Daily stock updated successfully for item SCMPL0010694 on 2026-02-27 in table tbldailystock_1: Sales=10, Closing=36
[2026-02-27 07:25:59] [INFO] Starting daily stock update for item SCMPL0010694 sold on 2026-02-27 (Qty: 5)
[2026-02-27 07:25:59] [INFO] Recalculating stock from day 27 for item SCMPL0010694 in 2026-02 in table tbldailystock_1
[2026-02-27 07:25:59] [DEBUG] Day 27: Opening=46, Purchase=0, Sales=15, Closing=31
[2026-02-27 07:25:59] [DEBUG] Day 28: Opening=31, Purchase=0, Sales=0, Closing=31
[2026-02-27 07:25:59] [INFO] Completed recalculating stock for 2026-02 from day 27
[2026-02-27 07:25:59] [INFO] Starting cascading to current month for item SCMPL0010694 sold on 2026-02-27
[2026-02-27 07:25:59] [INFO] Daily stock updated successfully for item SCMPL0010694 on 2026-02-27 in table tbldailystock_1: Sales=15, Closing=31
[2026-02-27 07:25:59] [INFO] Starting daily stock update for item SCMPL0010694 sold on 2026-02-27 (Qty: 5)
[2026-02-27 07:25:59] [INFO] Recalculating stock from day 27 for item SCMPL0010694 in 2026-02 in table tbldailystock_1
[2026-02-27 07:25:59] [DEBUG] Day 27: Opening=46, Purchase=0, Sales=20, Closing=26
[2026-02-27 07:25:59] [DEBUG] Day 28: Opening=26, Purchase=0, Sales=0, Closing=26
[2026-02-27 07:25:59] [INFO] Completed recalculating stock for 2026-02 from day 27
[2026-02-27 07:25:59] [INFO] Starting cascading to current month for item SCMPL0010694 sold on 2026-02-27
[2026-02-27 07:25:59] [INFO] Daily stock updated successfully for item SCMPL0010694 on 2026-02-27 in table tbldailystock_1: Sales=20, Closing=26
[2026-02-27 07:25:59] [INFO] Starting daily stock update for item SCMPL0010694 sold on 2026-02-27 (Qty: 5)
[2026-02-27 07:25:59] [INFO] Recalculating stock from day 27 for item SCMPL0010694 in 2026-02 in table tbldailystock_1
[2026-02-27 07:25:59] [DEBUG] Day 27: Opening=46, Purchase=0, Sales=25, Closing=21
[2026-02-27 07:25:59] [DEBUG] Day 28: Opening=21, Purchase=0, Sales=0, Closing=21
[2026-02-27 07:25:59] [INFO] Completed recalculating stock for 2026-02 from day 27
[2026-02-27 07:25:59] [INFO] Starting cascading to current month for item SCMPL0010694 sold on 2026-02-27
[2026-02-27 07:25:59] [INFO] Daily stock updated successfully for item SCMPL0010694 on 2026-02-27 in table tbldailystock_1: Sales=25, Closing=21
[2026-02-27 07:25:59] [INFO] Starting daily stock update for item SCMPL0010694 sold on 2026-02-27 (Qty: 5)
[2026-02-27 07:25:59] [INFO] Recalculating stock from day 27 for item SCMPL0010694 in 2026-02 in table tbldailystock_1
[2026-02-27 07:25:59] [DEBUG] Day 27: Opening=46, Purchase=0, Sales=30, Closing=16
[2026-02-27 07:25:59] [DEBUG] Day 28: Opening=16, Purchase=0, Sales=0, Closing=16
[2026-02-27 07:25:59] [INFO] Completed recalculating stock for 2026-02 from day 27
[2026-02-27 07:25:59] [INFO] Starting cascading to current month for item SCMPL0010694 sold on 2026-02-27
[2026-02-27 07:25:59] [INFO] Daily stock updated successfully for item SCMPL0010694 on 2026-02-27 in table tbldailystock_1: Sales=30, Closing=16
[2026-02-27 07:25:59] [INFO] Starting daily stock update for item SCMPL0010694 sold on 2026-02-27 (Qty: 5)
[2026-02-27 07:25:59] [INFO] Recalculating stock from day 27 for item SCMPL0010694 in 2026-02 in table tbldailystock_1
[2026-02-27 07:25:59] [DEBUG] Day 27: Opening=46, Purchase=0, Sales=35, Closing=11
[2026-02-27 07:25:59] [DEBUG] Day 28: Opening=11, Purchase=0, Sales=0, Closing=11
[2026-02-27 07:25:59] [INFO] Completed recalculating stock for 2026-02 from day 27
[2026-02-27 07:25:59] [INFO] Starting cascading to current month for item SCMPL0010694 sold on 2026-02-27
[2026-02-27 07:25:59] [INFO] Daily stock updated successfully for item SCMPL0010694 on 2026-02-27 in table tbldailystock_1: Sales=35, Closing=11
[2026-02-27 07:25:59] [INFO] Starting daily stock update for item SCMPL0010694 sold on 2026-02-27 (Qty: 5)
[2026-02-27 07:25:59] [INFO] Recalculating stock from day 27 for item SCMPL0010694 in 2026-02 in table tbldailystock_1
[2026-02-27 07:25:59] [DEBUG] Day 27: Opening=46, Purchase=0, Sales=40, Closing=6
[2026-02-27 07:25:59] [DEBUG] Day 28: Opening=6, Purchase=0, Sales=0, Closing=6
[2026-02-27 07:25:59] [INFO] Completed recalculating stock for 2026-02 from day 27
[2026-02-27 07:25:59] [INFO] Starting cascading to current month for item SCMPL0010694 sold on 2026-02-27
[2026-02-27 07:25:59] [INFO] Daily stock updated successfully for item SCMPL0010694 on 2026-02-27 in table tbldailystock_1: Sales=40, Closing=6
[2026-02-27 07:25:59] [INFO] Starting daily stock update for item SCMPL0010694 sold on 2026-02-27 (Qty: 5)
[2026-02-27 07:25:59] [INFO] Recalculating stock from day 27 for item SCMPL0010694 in 2026-02 in table tbldailystock_1
[2026-02-27 07:25:59] [DEBUG] Day 27: Opening=46, Purchase=0, Sales=45, Closing=1
[2026-02-27 07:25:59] [DEBUG] Day 28: Opening=1, Purchase=0, Sales=0, Closing=1
[2026-02-27 07:25:59] [INFO] Completed recalculating stock for 2026-02 from day 27
[2026-02-27 07:25:59] [INFO] Starting cascading to current month for item SCMPL0010694 sold on 2026-02-27
[2026-02-27 07:25:59] [INFO] Daily stock updated successfully for item SCMPL0010694 on 2026-02-27 in table tbldailystock_1: Sales=45, Closing=1
[2026-02-27 07:25:59] [INFO] Starting daily stock update for item SCMPL0010694 sold on 2026-02-27 (Qty: 1)
[2026-02-27 07:25:59] [INFO] Recalculating stock from day 27 for item SCMPL0010694 in 2026-02 in table tbldailystock_1
[2026-02-27 07:25:59] [DEBUG] Day 27: Opening=46, Purchase=0, Sales=46, Closing=0
[2026-02-27 07:25:59] [DEBUG] Day 28: Opening=0, Purchase=0, Sales=0, Closing=0
[2026-02-27 07:25:59] [INFO] Completed recalculating stock for 2026-02 from day 27
[2026-02-27 07:25:59] [INFO] Starting cascading to current month for item SCMPL0010694 sold on 2026-02-27
[2026-02-27 07:25:59] [INFO] Daily stock updated successfully for item SCMPL0010694 on 2026-02-27 in table tbldailystock_1: Sales=46, Closing=0
[2026-02-27 07:25:59] [INFO] Starting daily stock update for item SCMPL0041503 sold on 2026-02-27 (Qty: 4)
[2026-02-27 07:25:59] [INFO] Recalculating stock from day 27 for item SCMPL0041503 in 2026-02 in table tbldailystock_1
[2026-02-27 07:25:59] [DEBUG] Day 27: Opening=44, Purchase=0, Sales=4, Closing=40
[2026-02-27 07:25:59] [DEBUG] Day 28: Opening=40, Purchase=0, Sales=0, Closing=40
[2026-02-27 07:25:59] [INFO] Completed recalculating stock for 2026-02 from day 27
[2026-02-27 07:25:59] [INFO] Starting cascading to current month for item SCMPL0041503 sold on 2026-02-27
[2026-02-27 07:25:59] [INFO] Daily stock updated successfully for item SCMPL0041503 on 2026-02-27 in table tbldailystock_1: Sales=4, Closing=40
[2026-02-27 07:25:59] [INFO] Starting daily stock update for item SCMPL0041503 sold on 2026-02-27 (Qty: 5)
[2026-02-27 07:25:59] [INFO] Recalculating stock from day 27 for item SCMPL0041503 in 2026-02 in table tbldailystock_1
[2026-02-27 07:25:59] [DEBUG] Day 27: Opening=44, Purchase=0, Sales=9, Closing=35
[2026-02-27 07:25:59] [DEBUG] Day 28: Opening=35, Purchase=0, Sales=0, Closing=35
[2026-02-27 07:25:59] [INFO] Completed recalculating stock for 2026-02 from day 27
[2026-02-27 07:25:59] [INFO] Starting cascading to current month for item SCMPL0041503 sold on 2026-02-27
[2026-02-27 07:25:59] [INFO] Daily stock updated successfully for item SCMPL0041503 on 2026-02-27 in table tbldailystock_1: Sales=9, Closing=35
[2026-02-27 07:25:59] [INFO] Starting daily stock update for item SCMPL0041503 sold on 2026-02-27 (Qty: 5)
[2026-02-27 07:25:59] [INFO] Recalculating stock from day 27 for item SCMPL0041503 in 2026-02 in table tbldailystock_1
[2026-02-27 07:25:59] [DEBUG] Day 27: Opening=44, Purchase=0, Sales=14, Closing=30
[2026-02-27 07:25:59] [DEBUG] Day 28: Opening=30, Purchase=0, Sales=0, Closing=30
[2026-02-27 07:25:59] [INFO] Completed recalculating stock for 2026-02 from day 27
[2026-02-27 07:25:59] [INFO] Starting cascading to current month for item SCMPL0041503 sold on 2026-02-27
[2026-02-27 07:25:59] [INFO] Daily stock updated successfully for item SCMPL0041503 on 2026-02-27 in table tbldailystock_1: Sales=14, Closing=30
[2026-02-27 07:25:59] [INFO] Starting daily stock update for item SCMPL0041503 sold on 2026-02-27 (Qty: 5)
[2026-02-27 07:25:59] [INFO] Recalculating stock from day 27 for item SCMPL0041503 in 2026-02 in table tbldailystock_1
[2026-02-27 07:26:00] [DEBUG] Day 27: Opening=44, Purchase=0, Sales=19, Closing=25
[2026-02-27 07:26:00] [DEBUG] Day 28: Opening=25, Purchase=0, Sales=0, Closing=25
[2026-02-27 07:26:00] [INFO] Completed recalculating stock for 2026-02 from day 27
[2026-02-27 07:26:00] [INFO] Starting cascading to current month for item SCMPL0041503 sold on 2026-02-27
[2026-02-27 07:26:00] [INFO] Daily stock updated successfully for item SCMPL0041503 on 2026-02-27 in table tbldailystock_1: Sales=19, Closing=25
[2026-02-27 07:26:00] [INFO] Starting daily stock update for item SCMPL0041503 sold on 2026-02-27 (Qty: 5)
[2026-02-27 07:26:00] [INFO] Recalculating stock from day 27 for item SCMPL0041503 in 2026-02 in table tbldailystock_1
[2026-02-27 07:26:00] [DEBUG] Day 27: Opening=44, Purchase=0, Sales=24, Closing=20
[2026-02-27 07:26:00] [DEBUG] Day 28: Opening=20, Purchase=0, Sales=0, Closing=20
[2026-02-27 07:26:00] [INFO] Completed recalculating stock for 2026-02 from day 27
[2026-02-27 07:26:00] [INFO] Starting cascading to current month for item SCMPL0041503 sold on 2026-02-27
[2026-02-27 07:26:00] [INFO] Daily stock updated successfully for item SCMPL0041503 on 2026-02-27 in table tbldailystock_1: Sales=24, Closing=20
[2026-02-27 07:26:00] [INFO] Starting daily stock update for item SCMPL0041503 sold on 2026-02-27 (Qty: 5)
[2026-02-27 07:26:00] [INFO] Recalculating stock from day 27 for item SCMPL0041503 in 2026-02 in table tbldailystock_1
[2026-02-27 07:26:00] [DEBUG] Day 27: Opening=44, Purchase=0, Sales=29, Closing=15
[2026-02-27 07:26:00] [DEBUG] Day 28: Opening=15, Purchase=0, Sales=0, Closing=15
[2026-02-27 07:26:00] [INFO] Completed recalculating stock for 2026-02 from day 27
[2026-02-27 07:26:00] [INFO] Starting cascading to current month for item SCMPL0041503 sold on 2026-02-27
[2026-02-27 07:26:00] [INFO] Daily stock updated successfully for item SCMPL0041503 on 2026-02-27 in table tbldailystock_1: Sales=29, Closing=15
[2026-02-27 07:26:00] [INFO] Starting daily stock update for item SCMPL0041503 sold on 2026-02-27 (Qty: 5)
[2026-02-27 07:26:00] [INFO] Recalculating stock from day 27 for item SCMPL0041503 in 2026-02 in table tbldailystock_1
[2026-02-27 07:26:00] [DEBUG] Day 27: Opening=44, Purchase=0, Sales=34, Closing=10
[2026-02-27 07:26:00] [DEBUG] Day 28: Opening=10, Purchase=0, Sales=0, Closing=10
[2026-02-27 07:26:00] [INFO] Completed recalculating stock for 2026-02 from day 27
[2026-02-27 07:26:00] [INFO] Starting cascading to current month for item SCMPL0041503 sold on 2026-02-27
[2026-02-27 07:26:00] [INFO] Daily stock updated successfully for item SCMPL0041503 on 2026-02-27 in table tbldailystock_1: Sales=34, Closing=10
[2026-02-27 07:26:00] [INFO] Starting daily stock update for item SCMPL0041503 sold on 2026-02-27 (Qty: 5)
[2026-02-27 07:26:00] [INFO] Recalculating stock from day 27 for item SCMPL0041503 in 2026-02 in table tbldailystock_1
[2026-02-27 07:26:00] [DEBUG] Day 27: Opening=44, Purchase=0, Sales=39, Closing=5
[2026-02-27 07:26:00] [DEBUG] Day 28: Opening=5, Purchase=0, Sales=0, Closing=5
[2026-02-27 07:26:00] [INFO] Completed recalculating stock for 2026-02 from day 27
[2026-02-27 07:26:00] [INFO] Starting cascading to current month for item SCMPL0041503 sold on 2026-02-27
[2026-02-27 07:26:00] [INFO] Daily stock updated successfully for item SCMPL0041503 on 2026-02-27 in table tbldailystock_1: Sales=39, Closing=5
[2026-02-27 07:26:00] [INFO] Starting daily stock update for item SCMPL0041503 sold on 2026-02-27 (Qty: 5)
[2026-02-27 07:26:00] [INFO] Recalculating stock from day 27 for item SCMPL0041503 in 2026-02 in table tbldailystock_1
[2026-02-27 07:26:00] [DEBUG] Day 27: Opening=44, Purchase=0, Sales=44, Closing=0
[2026-02-27 07:26:00] [DEBUG] Day 28: Opening=0, Purchase=0, Sales=0, Closing=0
[2026-02-27 07:26:00] [INFO] Completed recalculating stock for 2026-02 from day 27
[2026-02-27 07:26:00] [INFO] Starting cascading to current month for item SCMPL0041503 sold on 2026-02-27
[2026-02-27 07:26:00] [INFO] Daily stock updated successfully for item SCMPL0041503 on 2026-02-27 in table tbldailystock_1: Sales=44, Closing=0
[2026-02-27 07:26:00] [INFO] Starting bulk cash memo generation for 18 bills
[2026-02-27 07:26:00] [ERROR] Bulk cash memo generation failed: Table 'winesoft.tblcashmemo' doesn't exist
[2026-02-27 07:26:00] [INFO] Session quantities cleared
[2026-02-27 07:26:19] [INFO] === PAGE ACCESS ===
[2026-02-27 07:26:19] [INFO] Request method: GET
[2026-02-27 07:26:19] [INFO] Search term: ''
[2026-02-27 07:26:19] [INFO] Current session ID: f54komu4n5ujk0v2u94o18q400
[2026-02-27 07:26:20] [INFO] Final session quantities count: 0
[2026-02-27 07:26:20] [INFO] Items in current view: 50
[2026-02-27 07:26:20] [INFO] Sales Page Load Debug Info:
Array
(
    [total_items] => 94
    [current_page] => 1
    [total_pages] => 2
    [session_quantities_count] => 0
    [post_quantities_count] => 0
    [date_range] => 2026-02-27 to 2026-02-27
    [days_count] => 1
    [user_id] => 1
    [comp_id] => 1
    [license_type] => FL-II
    [allowed_classes] => Array
        (
            [0] => W
            [1] => V
            [2] => M
            [3] => F
            [4] => D
            [5] => K
            [6] => G
            [7] => R
            [8] => O
        )

    [end_date_day] => 27
    [closing_column] => DAY_27_CLOSING
    [end_date_month] => 2026-02
    [stock_filter] => > 0
    [daily_stock_table] => tbldailystock_1
    [table_suffix] => 
    [current_month] => 2026-02
    [has_restrictions] => 
    [available_dates] => Array
        (
            [0] => 2026-02-27
        )

    [unavailable_dates] => Array
        (
        )

    [dry_dates] => Array
        (
        )

    [latest_global_sale] => 
)

[2026-02-27 07:26:23] [INFO] Session quantity updated: SCMPL0010694 = 0
[2026-02-27 07:26:23] [INFO] Session quantity updated: SCMPL0010694 = 3
[2026-02-27 07:26:23] [INFO] Session quantity updated: SCMPL0010694 = 3
[2026-02-27 07:26:24] [INFO] Session quantity updated: SCMPL0010694 = 46
[2026-02-27 07:26:24] [INFO] Session quantity updated: SCMPL0010694 = 46
[2026-02-27 07:26:29] [INFO] Session quantity updated: SCMPL0041503 = 44
[2026-02-27 07:26:29] [INFO] Session quantity updated: SCMPL0041503 = 44
[2026-02-27 07:26:30] [INFO] Session quantity updated: SCMPL0041503 = 44
[2026-02-27 07:38:31] [INFO] === PAGE ACCESS ===
[2026-02-27 07:38:31] [INFO] Request method: GET
[2026-02-27 07:38:31] [INFO] Search term: ''
[2026-02-27 07:38:31] [INFO] Current session ID: f54komu4n5ujk0v2u94o18q400
[2026-02-27 07:38:31] [INFO] Final session quantities count: 2
[2026-02-27 07:38:31] [INFO] Items in current view: 50
[2026-02-27 07:38:31] [INFO] Sales Page Load Debug Info:
Array
(
    [total_items] => 94
    [current_page] => 1
    [total_pages] => 2
    [session_quantities_count] => 2
    [post_quantities_count] => 0
    [date_range] => 2026-02-27 to 2026-02-27
    [days_count] => 1
    [user_id] => 1
    [comp_id] => 1
    [license_type] => FL-II
    [allowed_classes] => Array
        (
            [0] => W
            [1] => V
            [2] => M
            [3] => F
            [4] => D
            [5] => K
            [6] => G
            [7] => R
            [8] => O
        )

    [end_date_day] => 27
    [closing_column] => DAY_27_CLOSING
    [end_date_month] => 2026-02
    [stock_filter] => > 0
    [daily_stock_table] => tbldailystock_1
    [table_suffix] => 
    [current_month] => 2026-02
    [has_restrictions] => 
    [available_dates] => Array
        (
            [0] => 2026-02-27
        )

    [unavailable_dates] => Array
        (
        )

    [dry_dates] => Array
        (
        )

    [latest_global_sale] => 
)

[2026-02-27 07:47:17] [INFO] === PAGE ACCESS ===
[2026-02-27 07:47:17] [INFO] Request method: GET
[2026-02-27 07:47:17] [INFO] Search term: ''
[2026-02-27 07:47:17] [INFO] Current session ID: f54komu4n5ujk0v2u94o18q400
[2026-02-27 07:47:17] [INFO] Final session quantities count: 2
[2026-02-27 07:47:17] [INFO] Items in current view: 50
[2026-02-27 07:47:17] [INFO] Sales Page Load Debug Info:
Array
(
    [total_items] => 94
    [current_page] => 1
    [total_pages] => 2
    [session_quantities_count] => 2
    [post_quantities_count] => 0
    [date_range] => 2026-02-27 to 2026-02-27
    [days_count] => 1
    [user_id] => 1
    [comp_id] => 1
    [license_type] => FL-II
    [allowed_classes] => Array
        (
            [0] => W
            [1] => V
            [2] => M
            [3] => F
            [4] => D
            [5] => K
            [6] => G
            [7] => R
            [8] => O
        )

    [end_date_day] => 27
    [closing_column] => DAY_27_CLOSING
    [end_date_month] => 2026-02
    [stock_filter] => > 0
    [daily_stock_table] => tbldailystock_1
    [table_suffix] => 
    [current_month] => 2026-02
    [has_restrictions] => 
    [available_dates] => Array
        (
            [0] => 2026-02-27
        )

    [unavailable_dates] => Array
        (
        )

    [dry_dates] => Array
        (
        )

    [latest_global_sale] => 
)

[2026-02-27 07:48:16] [INFO] === PAGE ACCESS ===
[2026-02-27 07:48:16] [INFO] Request method: GET
[2026-02-27 07:48:16] [INFO] Search term: ''
[2026-02-27 07:48:16] [INFO] Current session ID: f54komu4n5ujk0v2u94o18q400
[2026-02-27 07:48:16] [INFO] Final session quantities count: 2
[2026-02-27 07:48:16] [INFO] Items in current view: 50
[2026-02-27 07:48:16] [INFO] Sales Page Load Debug Info:
Array
(
    [total_items] => 94
    [current_page] => 1
    [total_pages] => 2
    [session_quantities_count] => 2
    [post_quantities_count] => 0
    [date_range] => 2026-02-27 to 2026-02-27
    [days_count] => 1
    [user_id] => 1
    [comp_id] => 1
    [license_type] => FL-II
    [allowed_classes] => Array
        (
            [0] => W
            [1] => V
            [2] => M
            [3] => F
            [4] => D
            [5] => K
            [6] => G
            [7] => R
            [8] => O
        )

    [end_date_day] => 27
    [closing_column] => DAY_27_CLOSING
    [end_date_month] => 2026-02
    [stock_filter] => > 0
    [daily_stock_table] => tbldailystock_1
    [table_suffix] => 
    [current_month] => 2026-02
    [has_restrictions] => 
    [available_dates] => Array
        (
            [0] => 2026-02-27
        )

    [unavailable_dates] => Array
        (
        )

    [dry_dates] => Array
        (
        )

    [latest_global_sale] => 
)

[2026-02-27 07:48:17] [INFO] === PAGE ACCESS ===
[2026-02-27 07:48:17] [INFO] Request method: GET
[2026-02-27 07:48:17] [INFO] Search term: ''
[2026-02-27 07:48:17] [INFO] Current session ID: f54komu4n5ujk0v2u94o18q400
[2026-02-27 07:48:17] [INFO] Final session quantities count: 2
[2026-02-27 07:48:17] [INFO] Items in current view: 50
[2026-02-27 07:48:17] [INFO] Sales Page Load Debug Info:
Array
(
    [total_items] => 94
    [current_page] => 1
    [total_pages] => 2
    [session_quantities_count] => 2
    [post_quantities_count] => 0
    [date_range] => 2026-02-27 to 2026-02-27
    [days_count] => 1
    [user_id] => 1
    [comp_id] => 1
    [license_type] => FL-II
    [allowed_classes] => Array
        (
            [0] => W
            [1] => V
            [2] => M
            [3] => F
            [4] => D
            [5] => K
            [6] => G
            [7] => R
            [8] => O
        )

    [end_date_day] => 27
    [closing_column] => DAY_27_CLOSING
    [end_date_month] => 2026-02
    [stock_filter] => > 0
    [daily_stock_table] => tbldailystock_1
    [table_suffix] => 
    [current_month] => 2026-02
    [has_restrictions] => 
    [available_dates] => Array
        (
            [0] => 2026-02-27
        )

    [unavailable_dates] => Array
        (
        )

    [dry_dates] => Array
        (
        )

    [latest_global_sale] => 
)

[2026-02-27 07:55:10] [INFO] === PAGE ACCESS ===
[2026-02-27 07:55:10] [INFO] Request method: GET
[2026-02-27 07:55:10] [INFO] Search term: ''
[2026-02-27 07:55:10] [INFO] Current session ID: f54komu4n5ujk0v2u94o18q400
[2026-02-27 07:55:10] [INFO] Final session quantities count: 2
[2026-02-27 07:55:10] [INFO] Items in current view: 50
[2026-02-27 07:55:10] [INFO] Sales Page Load Debug Info:
Array
(
    [total_items] => 94
    [current_page] => 1
    [total_pages] => 2
    [session_quantities_count] => 2
    [post_quantities_count] => 0
    [date_range] => 2026-02-27 to 2026-02-27
    [days_count] => 1
    [user_id] => 1
    [comp_id] => 1
    [license_type] => FL-II
    [allowed_classes] => Array
        (
            [0] => W
            [1] => V
            [2] => M
            [3] => F
            [4] => D
            [5] => K
            [6] => G
            [7] => R
            [8] => O
        )

    [end_date_day] => 27
    [closing_column] => DAY_27_CLOSING
    [end_date_month] => 2026-02
    [stock_filter] => > 0
    [daily_stock_table] => tbldailystock_1
    [table_suffix] => 
    [current_month] => 2026-02
    [has_restrictions] => 
    [available_dates] => Array
        (
            [0] => 2026-02-27
        )

    [unavailable_dates] => Array
        (
        )

    [dry_dates] => Array
        (
        )

    [latest_global_sale] => 
)

[2026-02-27 07:55:15] [INFO] === PAGE ACCESS ===
[2026-02-27 07:55:15] [INFO] Request method: GET
[2026-02-27 07:55:15] [INFO] Search term: ''
[2026-02-27 07:55:15] [INFO] Current session ID: f54komu4n5ujk0v2u94o18q400
[2026-02-27 07:55:15] [INFO] GLOBAL CHECK: Latest existing sale: 2026-02-27
[2026-02-27 07:55:15] [INFO] Available dates: 
[2026-02-27 07:55:15] [INFO] Unavailable dates (has existing sales): 2026-02-27
[2026-02-27 07:55:15] [INFO] Final session quantities count: 0
[2026-02-27 07:55:15] [INFO] Items in current view: 50
[2026-02-27 07:55:15] [INFO] Sales Page Load Debug Info:
Array
(
    [total_items] => 94
    [current_page] => 1
    [total_pages] => 2
    [session_quantities_count] => 0
    [post_quantities_count] => 0
    [date_range] => 2026-02-27 to 2026-02-27
    [days_count] => 1
    [user_id] => 1
    [comp_id] => 1
    [license_type] => FL-II
    [allowed_classes] => Array
        (
            [0] => W
            [1] => V
            [2] => M
            [3] => F
            [4] => D
            [5] => K
            [6] => G
            [7] => R
            [8] => O
        )

    [end_date_day] => 27
    [closing_column] => DAY_27_CLOSING
    [end_date_month] => 2026-02
    [stock_filter] => > 0
    [daily_stock_table] => tbldailystock_1
    [table_suffix] => 
    [current_month] => 2026-02
    [has_restrictions] => 1
    [available_dates] => Array
        (
        )

    [unavailable_dates] => Array
        (
            [0] => 2026-02-27
        )

    [dry_dates] => Array
        (
        )

    [latest_global_sale] => 2026-02-27
)

[2026-02-27 07:56:56] [INFO] === PAGE ACCESS ===
[2026-02-27 07:56:56] [INFO] Request method: GET
[2026-02-27 07:56:56] [INFO] Search term: ''
[2026-02-27 07:56:56] [INFO] Current session ID: f54komu4n5ujk0v2u94o18q400
[2026-02-27 07:56:57] [INFO] Final session quantities count: 0
[2026-02-27 07:56:57] [INFO] Items in current view: 50
[2026-02-27 07:56:57] [INFO] Sales Page Load Debug Info:
Array
(
    [total_items] => 94
    [current_page] => 1
    [total_pages] => 2
    [session_quantities_count] => 0
    [post_quantities_count] => 0
    [date_range] => 2026-02-27 to 2026-02-27
    [days_count] => 1
    [user_id] => 1
    [comp_id] => 1
    [license_type] => FL-II
    [allowed_classes] => Array
        (
            [0] => W
            [1] => V
            [2] => M
            [3] => F
            [4] => D
            [5] => K
            [6] => G
            [7] => R
            [8] => O
        )

    [end_date_day] => 27
    [closing_column] => DAY_27_CLOSING
    [end_date_month] => 2026-02
    [stock_filter] => > 0
    [daily_stock_table] => tbldailystock_1
    [table_suffix] => 
    [current_month] => 2026-02
    [has_restrictions] => 
    [available_dates] => Array
        (
            [0] => 2026-02-27
        )

    [unavailable_dates] => Array
        (
        )

    [dry_dates] => Array
        (
        )

    [latest_global_sale] => 
)

[2026-02-27 07:56:59] [INFO] Session quantity updated: SCMPL0010694 = 46
[2026-02-27 07:57:00] [INFO] Session quantity updated: SCMPL0010694 = 46
[2026-02-27 07:57:01] [INFO] Session quantity updated: SCMPL0010694 = 46
[2026-02-27 07:57:02] [INFO] Session quantity updated: SCMPL0010694 = 46
[2026-02-27 07:57:04] [INFO] Session quantity updated: SCMPL0041503 = 44
[2026-02-27 07:57:05] [INFO] Session quantity updated: SCMPL0009678 = 29
[2026-02-27 07:57:05] [INFO] Session quantity updated: SCMPL0009678 = 29
[2026-02-27 07:57:12] [INFO] === PAGE ACCESS ===
[2026-02-27 07:57:12] [INFO] Request method: GET
[2026-02-27 07:57:12] [INFO] Search term: ''
[2026-02-27 07:57:12] [INFO] Current session ID: f54komu4n5ujk0v2u94o18q400
[2026-02-27 07:57:12] [INFO] Final session quantities count: 0
[2026-02-27 07:57:12] [INFO] Items in current view: 50
[2026-02-27 07:57:12] [INFO] Sales Page Load Debug Info:
Array
(
    [total_items] => 94
    [current_page] => 1
    [total_pages] => 2
    [session_quantities_count] => 0
    [post_quantities_count] => 0
    [date_range] => 2026-02-27 to 2026-02-27
    [days_count] => 1
    [user_id] => 1
    [comp_id] => 1
    [license_type] => FL-II
    [allowed_classes] => Array
        (
            [0] => W
            [1] => V
            [2] => M
            [3] => F
            [4] => D
            [5] => K
            [6] => G
            [7] => R
            [8] => O
        )

    [end_date_day] => 27
    [closing_column] => DAY_27_CLOSING
    [end_date_month] => 2026-02
    [stock_filter] => > 0
    [daily_stock_table] => tbldailystock_1
    [table_suffix] => 
    [current_month] => 2026-02
    [has_restrictions] => 
    [available_dates] => Array
        (
            [0] => 2026-02-27
        )

    [unavailable_dates] => Array
        (
        )

    [dry_dates] => Array
        (
        )

    [latest_global_sale] => 
)

[2026-02-27 07:57:15] [INFO] Session quantity updated: SCMPL0010694 = 46
[2026-02-27 07:57:16] [INFO] Session quantity updated: SCMPL0010694 = 46
[2026-02-27 07:57:17] [INFO] Session quantity updated: SCMPL0010694 = 46
[2026-02-27 07:57:17] [INFO] Session quantity updated: SCMPL0010694 = 46
[2026-02-27 07:57:19] [INFO] Session quantity updated: SCMPL0041503 = 44
[2026-02-27 07:57:20] [INFO] Session quantity updated: SCMPL0041503 = 44
[2026-02-27 07:57:20] [INFO] Session quantity updated: SCMPL0041503 = 44
[2026-02-27 07:57:20] [INFO] Session quantity updated: SCMPL0041503 = 44
[2026-02-27 07:57:21] [INFO] Session quantity updated: SCMPL0041503 = 44
[2026-02-27 07:57:21] [INFO] Session quantity updated: SCMPL0041503 = 44
[2026-02-27 08:03:33] [INFO] === PAGE ACCESS ===
[2026-02-27 08:03:33] [INFO] Request method: GET
[2026-02-27 08:03:33] [INFO] Search term: ''
[2026-02-27 08:03:33] [INFO] Current session ID: f54komu4n5ujk0v2u94o18q400
[2026-02-27 08:03:33] [INFO] Final session quantities count: 2
[2026-02-27 08:03:33] [INFO] Items in current view: 50
[2026-02-27 08:03:33] [INFO] Sales Page Load Debug Info:
Array
(
    [total_items] => 94
    [current_page] => 1
    [total_pages] => 2
    [session_quantities_count] => 2
    [post_quantities_count] => 0
    [date_range] => 2026-02-27 to 2026-02-27
    [days_count] => 1
    [user_id] => 1
    [comp_id] => 1
    [license_type] => FL-II
    [allowed_classes] => Array
        (
            [0] => W
            [1] => V
            [2] => M
            [3] => F
            [4] => D
            [5] => K
            [6] => G
            [7] => R
            [8] => O
        )

    [end_date_day] => 27
    [closing_column] => DAY_27_CLOSING
    [end_date_month] => 2026-02
    [stock_filter] => > 0
    [daily_stock_table] => tbldailystock_1
    [table_suffix] => 
    [current_month] => 2026-02
    [has_restrictions] => 
    [available_dates] => Array
        (
            [0] => 2026-02-27
        )

    [unavailable_dates] => Array
        (
        )

    [dry_dates] => Array
        (
        )

    [latest_global_sale] => 
)

[2026-02-27 08:06:35] [INFO] === PAGE ACCESS ===
[2026-02-27 08:06:35] [INFO] Request method: GET
[2026-02-27 08:06:35] [INFO] Search term: ''
[2026-02-27 08:06:35] [INFO] Current session ID: f54komu4n5ujk0v2u94o18q400
[2026-02-27 08:06:35] [INFO] Final session quantities count: 2
[2026-02-27 08:06:35] [INFO] Items in current view: 50
[2026-02-27 08:06:35] [INFO] Sales Page Load Debug Info:
Array
(
    [total_items] => 94
    [current_page] => 1
    [total_pages] => 2
    [session_quantities_count] => 2
    [post_quantities_count] => 0
    [date_range] => 2026-02-27 to 2026-02-27
    [days_count] => 1
    [user_id] => 1
    [comp_id] => 1
    [license_type] => FL-II
    [allowed_classes] => Array
        (
            [0] => W
            [1] => V
            [2] => M
            [3] => F
            [4] => D
            [5] => K
            [6] => G
            [7] => R
            [8] => O
        )

    [end_date_day] => 27
    [closing_column] => DAY_27_CLOSING
    [end_date_month] => 2026-02
    [stock_filter] => > 0
    [daily_stock_table] => tbldailystock_1
    [table_suffix] => 
    [current_month] => 2026-02
    [has_restrictions] => 
    [available_dates] => Array
        (
            [0] => 2026-02-27
        )

    [unavailable_dates] => Array
        (
        )

    [dry_dates] => Array
        (
        )

    [latest_global_sale] => 
)

[2026-02-27 08:10:06] [INFO] === PAGE ACCESS ===
[2026-02-27 08:10:06] [INFO] Request method: GET
[2026-02-27 08:10:06] [INFO] Search term: ''
[2026-02-27 08:10:06] [INFO] Current session ID: f54komu4n5ujk0v2u94o18q400
[2026-02-27 08:10:07] [INFO] Final session quantities count: 2
[2026-02-27 08:10:07] [INFO] Items in current view: 50
[2026-02-27 08:10:07] [INFO] Sales Page Load Debug Info:
Array
(
    [total_items] => 94
    [current_page] => 1
    [total_pages] => 2
    [session_quantities_count] => 2
    [post_quantities_count] => 0
    [date_range] => 2026-02-27 to 2026-02-27
    [days_count] => 1
    [user_id] => 1
    [comp_id] => 1
    [license_type] => FL-II
    [allowed_classes] => Array
        (
            [0] => W
            [1] => V
            [2] => M
            [3] => F
            [4] => D
            [5] => K
            [6] => G
            [7] => R
            [8] => O
        )

    [end_date_day] => 27
    [closing_column] => DAY_27_CLOSING
    [end_date_month] => 2026-02
    [stock_filter] => > 0
    [daily_stock_table] => tbldailystock_1
    [table_suffix] => 
    [current_month] => 2026-02
    [has_restrictions] => 
    [available_dates] => Array
        (
            [0] => 2026-02-27
        )

    [unavailable_dates] => Array
        (
        )

    [dry_dates] => Array
        (
        )

    [latest_global_sale] => 
)

[2026-02-27 08:10:10] [INFO] === PAGE ACCESS ===
[2026-02-27 08:10:10] [INFO] Request method: GET
[2026-02-27 08:10:10] [INFO] Search term: ''
[2026-02-27 08:10:10] [INFO] Current session ID: f54komu4n5ujk0v2u94o18q400
[2026-02-27 08:10:10] [INFO] GLOBAL CHECK: Latest existing sale: 2026-02-27
[2026-02-27 08:10:10] [INFO] Available dates: 
[2026-02-27 08:10:10] [INFO] Unavailable dates (has existing sales): 2026-02-27
[2026-02-27 08:10:10] [INFO] Final session quantities count: 0
[2026-02-27 08:10:10] [INFO] Items in current view: 50
[2026-02-27 08:10:10] [INFO] Sales Page Load Debug Info:
Array
(
    [total_items] => 94
    [current_page] => 1
    [total_pages] => 2
    [session_quantities_count] => 0
    [post_quantities_count] => 0
    [date_range] => 2026-02-27 to 2026-02-27
    [days_count] => 1
    [user_id] => 1
    [comp_id] => 1
    [license_type] => FL-II
    [allowed_classes] => Array
        (
            [0] => W
            [1] => V
            [2] => M
            [3] => F
            [4] => D
            [5] => K
            [6] => G
            [7] => R
            [8] => O
        )

    [end_date_day] => 27
    [closing_column] => DAY_27_CLOSING
    [end_date_month] => 2026-02
    [stock_filter] => > 0
    [daily_stock_table] => tbldailystock_1
    [table_suffix] => 
    [current_month] => 2026-02
    [has_restrictions] => 1
    [available_dates] => Array
        (
        )

    [unavailable_dates] => Array
        (
            [0] => 2026-02-27
        )

    [dry_dates] => Array
        (
        )

    [latest_global_sale] => 2026-02-27
)

[2026-02-27 08:10:44] [INFO] === PAGE ACCESS ===
[2026-02-27 08:10:44] [INFO] Request method: GET
[2026-02-27 08:10:44] [INFO] Search term: ''
[2026-02-27 08:10:44] [INFO] Current session ID: f54komu4n5ujk0v2u94o18q400
[2026-02-27 08:10:45] [INFO] Final session quantities count: 0
[2026-02-27 08:10:45] [INFO] Items in current view: 50
[2026-02-27 08:10:45] [INFO] Sales Page Load Debug Info:
Array
(
    [total_items] => 94
    [current_page] => 1
    [total_pages] => 2
    [session_quantities_count] => 0
    [post_quantities_count] => 0
    [date_range] => 2026-02-27 to 2026-02-27
    [days_count] => 1
    [user_id] => 1
    [comp_id] => 1
    [license_type] => FL-II
    [allowed_classes] => Array
        (
            [0] => W
            [1] => V
            [2] => M
            [3] => F
            [4] => D
            [5] => K
            [6] => G
            [7] => R
            [8] => O
        )

    [end_date_day] => 27
    [closing_column] => DAY_27_CLOSING
    [end_date_month] => 2026-02
    [stock_filter] => > 0
    [daily_stock_table] => tbldailystock_1
    [table_suffix] => 
    [current_month] => 2026-02
    [has_restrictions] => 
    [available_dates] => Array
        (
            [0] => 2026-02-27
        )

    [unavailable_dates] => Array
        (
        )

    [dry_dates] => Array
        (
        )

    [latest_global_sale] => 
)

[2026-02-27 08:10:47] [INFO] Session quantity updated: SCMPL0010694 = 0
[2026-02-27 08:10:48] [INFO] Session quantity updated: SCMPL0010694 = 0
[2026-02-27 08:10:51] [INFO] Session quantity updated: SCMBR0018137 = 23
[2026-02-27 08:10:56] [INFO] Session quantity updated: SCMLS0018798 = 6
[2026-02-27 08:10:56] [INFO] Session quantity updated: SCMLS0018798 = 6
[2026-02-27 08:10:56] [INFO] Session quantity updated: SCMLS0018798 = 6
[2026-02-27 08:11:01] [INFO] Session quantity updated: SCMPL0010655 = 112
[2026-02-27 08:11:02] [INFO] Session quantity updated: SCMPL0010655 = 112
[2026-02-27 08:11:05] [INFO] Session quantity updated: SCMPL0010655 = 112
[2026-02-27 08:11:21] [INFO] === PAGE ACCESS ===
[2026-02-27 08:11:21] [INFO] Request method: GET
[2026-02-27 08:11:21] [INFO] Search term: ''
[2026-02-27 08:11:21] [INFO] Current session ID: f54komu4n5ujk0v2u94o18q400
[2026-02-27 08:11:21] [INFO] GLOBAL CHECK: Latest existing sale: 2026-02-27
[2026-02-27 08:11:21] [INFO] Available dates: 
[2026-02-27 08:11:21] [INFO] Unavailable dates (has existing sales): 2026-02-27
[2026-02-27 08:11:21] [INFO] Final session quantities count: 0
[2026-02-27 08:11:21] [INFO] Items in current view: 50
[2026-02-27 08:11:21] [INFO] Sales Page Load Debug Info:
Array
(
    [total_items] => 94
    [current_page] => 1
    [total_pages] => 2
    [session_quantities_count] => 0
    [post_quantities_count] => 0
    [date_range] => 2026-02-27 to 2026-02-27
    [days_count] => 1
    [user_id] => 1
    [comp_id] => 1
    [license_type] => FL-II
    [allowed_classes] => Array
        (
            [0] => W
            [1] => V
            [2] => M
            [3] => F
            [4] => D
            [5] => K
            [6] => G
            [7] => R
            [8] => O
        )

    [end_date_day] => 27
    [closing_column] => DAY_27_CLOSING
    [end_date_month] => 2026-02
    [stock_filter] => > 0
    [daily_stock_table] => tbldailystock_1
    [table_suffix] => 
    [current_month] => 2026-02
    [has_restrictions] => 1
    [available_dates] => Array
        (
        )

    [unavailable_dates] => Array
        (
            [0] => 2026-02-27
        )

    [dry_dates] => Array
        (
        )

    [latest_global_sale] => 2026-02-27
)

[2026-02-27 08:11:46] [INFO] === PAGE ACCESS ===
[2026-02-27 08:11:46] [INFO] Request method: GET
[2026-02-27 08:11:46] [INFO] Search term: ''
[2026-02-27 08:11:46] [INFO] Current session ID: f54komu4n5ujk0v2u94o18q400
[2026-02-27 08:11:47] [INFO] Final session quantities count: 0
[2026-02-27 08:11:47] [INFO] Items in current view: 50
[2026-02-27 08:11:47] [INFO] Sales Page Load Debug Info:
Array
(
    [total_items] => 94
    [current_page] => 1
    [total_pages] => 2
    [session_quantities_count] => 0
    [post_quantities_count] => 0
    [date_range] => 2026-02-27 to 2026-02-27
    [days_count] => 1
    [user_id] => 1
    [comp_id] => 1
    [license_type] => FL-II
    [allowed_classes] => Array
        (
            [0] => W
            [1] => V
            [2] => M
            [3] => F
            [4] => D
            [5] => K
            [6] => G
            [7] => R
            [8] => O
        )

    [end_date_day] => 27
    [closing_column] => DAY_27_CLOSING
    [end_date_month] => 2026-02
    [stock_filter] => > 0
    [daily_stock_table] => tbldailystock_1
    [table_suffix] => 
    [current_month] => 2026-02
    [has_restrictions] => 
    [available_dates] => Array
        (
            [0] => 2026-02-27
        )

    [unavailable_dates] => Array
        (
        )

    [dry_dates] => Array
        (
        )

    [latest_global_sale] => 
)

[2026-02-27 08:11:51] [INFO] Session quantity updated: SCMPL0010694 = 0
[2026-02-27 08:11:51] [INFO] Session quantity updated: SCMPL0010694 = 0
[2026-02-27 08:11:53] [INFO] Session quantity updated: SCMPL0010694 = 46
[2026-02-27 08:11:53] [INFO] Session quantity updated: SCMPL0010694 = 46
[2026-02-27 08:11:54] [INFO] Session quantity updated: SCMPL0010694 = 46
[2026-02-27 08:11:59] [INFO] Session quantity updated: SCMPL0010696 = 0
[2026-02-27 08:11:59] [INFO] Session quantity updated: SCMPL0010696 = 0
[2026-02-27 08:12:00] [INFO] Session quantity updated: SCMPL0010696 = 0
[2026-02-27 08:12:01] [INFO] Session quantity updated: SCMPL0010696 = 1
[2026-02-27 08:12:01] [INFO] Session quantity updated: SCMPL0010696 = 1
[2026-02-27 08:12:05] [INFO] Session quantity updated: SCMPL0010696 = 1
[2026-02-27 08:12:12] [INFO] Session quantity updated: SCMPL0041500 = 0
[2026-02-27 08:12:12] [INFO] Session quantity updated: SCMPL0041500 = 0
[2026-02-27 08:12:13] [INFO] Session quantity updated: SCMPL0041500 = 0
[2026-02-27 08:12:13] [INFO] Session quantity updated: SCMPL0041500 = 0
[2026-02-27 08:12:14] [INFO] Session quantity updated: SCMPL0041500 = 0
[2026-02-27 08:12:14] [INFO] Session quantity updated: SCMPL0041500 = 0
[2026-02-27 08:12:14] [INFO] Session quantity updated: SCMPL0041500 = 0
[2026-02-27 08:12:14] [INFO] Session quantity updated: SCMPL0041500 = 0
[2026-02-27 08:12:15] [INFO] Session quantity updated: SCMPL0041500 = 1
[2026-02-27 08:12:15] [INFO] Session quantity updated: SCMPL0041500 = 1
[2026-02-27 08:12:15] [INFO] Session quantity updated: SCMPL0041500 = 1
[2026-02-27 08:12:18] [INFO] Session quantity updated: SCMKS0018283 = 1
[2026-02-27 08:12:18] [INFO] Session quantity updated: SCMKS0018283 = 1
[2026-02-27 08:12:21] [INFO] Session quantity updated: SCMKS0018283 = 1
[2026-02-27 08:12:21] [INFO] Session quantity updated: SCMPL0009678 = 29
[2026-02-27 08:12:22] [INFO] Session quantity updated: SCMPL0009678 = 29
[2026-02-27 08:12:23] [INFO] Session quantity updated: SCMKS0018283 = 1
[2026-02-27 08:12:23] [INFO] Session quantity updated: SCMKS0018283 = 1
[2026-02-27 08:12:30] [INFO] === PAGE ACCESS ===
[2026-02-27 08:12:30] [INFO] Request method: GET
[2026-02-27 08:12:30] [INFO] Search term: ''
[2026-02-27 08:12:30] [INFO] Current session ID: f54komu4n5ujk0v2u94o18q400
[2026-02-27 08:12:30] [INFO] Final session quantities count: 5
[2026-02-27 08:12:30] [INFO] Items in current view: 50
[2026-02-27 08:12:30] [INFO] Sales Page Load Debug Info:
Array
(
    [total_items] => 94
    [current_page] => 1
    [total_pages] => 2
    [session_quantities_count] => 5
    [post_quantities_count] => 0
    [date_range] => 2026-02-27 to 2026-02-27
    [days_count] => 1
    [user_id] => 1
    [comp_id] => 1
    [license_type] => FL-II
    [allowed_classes] => Array
        (
            [0] => W
            [1] => V
            [2] => M
            [3] => F
            [4] => D
            [5] => K
            [6] => G
            [7] => R
            [8] => O
        )

    [end_date_day] => 27
    [closing_column] => DAY_27_CLOSING
    [end_date_month] => 2026-02
    [stock_filter] => > 0
    [daily_stock_table] => tbldailystock_1
    [table_suffix] => 
    [current_month] => 2026-02
    [has_restrictions] => 
    [available_dates] => Array
        (
            [0] => 2026-02-27
        )

    [unavailable_dates] => Array
        (
        )

    [dry_dates] => Array
        (
        )

    [latest_global_sale] => 
)

[2026-02-27 08:12:32] [INFO] Session quantity updated: SCMPL0041503 = 0
[2026-02-27 08:12:33] [INFO] Session quantity updated: SCMPL0041503 = 0
[2026-02-27 08:12:33] [INFO] Session quantity updated: SCMPL0041503 = 44
[2026-02-27 08:12:33] [INFO] Session quantity updated: SCMPL0041503 = 44
[2026-02-27 08:12:34] [INFO] Session quantity updated: SCMPL0041503 = 44
[2026-02-27 08:12:35] [INFO] Session quantity updated: SCMPL0021774 = 32
[2026-02-27 08:12:36] [INFO] Session quantity updated: SCMPL0021774 = 32
[2026-02-27 08:12:36] [INFO] Session quantity updated: SCMPL0021774 = 32
[2026-02-27 08:12:43] [INFO] Session quantity updated: SCMPL0039775 = 1
[2026-02-27 08:12:43] [INFO] Session quantity updated: SCMPL0039775 = 1
[2026-02-27 08:12:43] [INFO] Session quantity updated: SCMPL0039775 = 1
[2026-02-27 08:12:44] [INFO] Session quantity updated: SCMPL0010619 = 19
[2026-02-27 08:12:44] [INFO] Session quantity updated: SCMPL0010619 = 19
[2026-02-27 08:12:45] [INFO] Session quantity updated: SCMKS0026876 = 21
[2026-02-27 08:12:46] [INFO] Session quantity updated: SCMIT0022719 = 10
[2026-02-27 08:12:48] [INFO] Session quantity updated: SCMLS0018484 = 1
[2026-02-27 08:12:50] [INFO] Session quantity updated: SCMBR0018139 = 71
[2026-02-27 08:12:51] [INFO] Session quantity updated: SCMBR0018132 = 3
[2026-02-27 08:12:52] [INFO] Session quantity updated: SCMBR0018132 = 3
[2026-02-27 08:12:55] [INFO] Session quantity updated: SCMBR0018160 = 71
[2026-02-27 08:12:57] [INFO] Session quantity updated: SCMLS0019511 = 1
[2026-02-27 08:13:00] [INFO] Session quantity updated: SCMPL0010612 = 161
[2026-02-27 08:13:01] [INFO] Session quantity updated: SCMPL0027585 = 34
[2026-02-27 08:13:01] [INFO] Session quantity updated: SCMPL0027585 = 88
[2026-02-27 08:13:01] [INFO] Session quantity updated: SCMPL0027585 = 88
[2026-02-27 08:13:03] [INFO] Session quantity updated: SCMPL0027585 = 88
[2026-02-27 08:13:04] [INFO] Session quantity updated: SCMPL0027586 = 74
[2026-02-27 08:13:05] [INFO] Session quantity updated: SCMLS0018789 = 1
[2026-02-27 08:13:05] [INFO] Session quantity updated: SCMLS0018789 = 1
[2026-02-27 08:13:07] [INFO] Session quantity updated: SCMPL0009821 = 13
[2026-02-27 08:13:08] [INFO] Session quantity updated: SCMPL0009821 = 13
[2026-02-27 08:13:09] [INFO] Session quantity updated: SCMPL0009821 = 13
[2026-02-27 08:13:13] [INFO] Session quantity updated: SCMLS0018800 = 1
[2026-02-27 08:13:13] [INFO] Session quantity updated: SCMBR0018149 = 7
[2026-02-27 08:13:13] [INFO] Session quantity updated: SCMBR0018149 = 7
[2026-02-27 08:13:14] [INFO] Session quantity updated: SCMBR0018149 = 7
[2026-02-27 08:13:14] [INFO] Session quantity updated: SCMLS0018823 = 1
[2026-02-27 08:13:14] [INFO] Session quantity updated: SCMLS0018823 = 1
[2026-02-27 08:13:15] [INFO] Session quantity updated: SCMBR0009846 = 3
[2026-02-27 08:13:16] [INFO] Session quantity updated: SCMBR0009846 = 11
[2026-02-27 08:13:18] [INFO] Session quantity updated: SCMBR0018628 = 6
[2026-02-27 08:13:18] [INFO] Session quantity updated: SCMBR0018628 = 6
[2026-02-27 08:13:18] [INFO] Session quantity updated: SCMBR0018628 = 6
[2026-02-27 08:13:19] [INFO] Session quantity updated: SCMBR0018628 = 6
[2026-02-27 08:13:19] [INFO] Session quantity updated: SCMPL0032649 = 3
[2026-02-27 08:13:19] [INFO] Session quantity updated: SCMPL0032649 = 3
[2026-02-27 08:13:20] [INFO] Session quantity updated: SCMPL0032649 = 3
[2026-02-27 08:13:20] [INFO] Session quantity updated: SCMPL0032649 = 3
[2026-02-27 08:13:23] [INFO] Session quantity updated: SCMPL0030235 = 46
[2026-02-27 08:13:24] [INFO] Session quantity updated: SCMPL0010654 = 12
[2026-02-27 08:13:24] [INFO] Session quantity updated: SCMPL0010655 = 112
[2026-02-27 08:13:25] [INFO] Session quantity updated: SCMPL0010655 = 112
[2026-02-27 08:13:26] [INFO] Session quantity updated: SCMPL0010655 = 112
[2026-02-27 08:13:36] [INFO] === PAGE ACCESS ===
[2026-02-27 08:13:36] [INFO] Request method: GET
[2026-02-27 08:13:36] [INFO] Search term: ''
[2026-02-27 08:13:36] [INFO] Current session ID: f54komu4n5ujk0v2u94o18q400
[2026-02-27 08:13:37] [INFO] GLOBAL CHECK: Latest existing sale: 2026-02-27
[2026-02-27 08:13:37] [INFO] Available dates: 
[2026-02-27 08:13:37] [INFO] Unavailable dates (has existing sales): 2026-02-27
[2026-02-27 08:13:37] [INFO] Final session quantities count: 0
[2026-02-27 08:13:37] [INFO] Items in current view: 50
[2026-02-27 08:13:37] [INFO] Sales Page Load Debug Info:
Array
(
    [total_items] => 94
    [current_page] => 1
    [total_pages] => 2
    [session_quantities_count] => 0
    [post_quantities_count] => 0
    [date_range] => 2026-02-27 to 2026-02-27
    [days_count] => 1
    [user_id] => 1
    [comp_id] => 1
    [license_type] => FL-II
    [allowed_classes] => Array
        (
            [0] => W
            [1] => V
            [2] => M
            [3] => F
            [4] => D
            [5] => K
            [6] => G
            [7] => R
            [8] => O
        )

    [end_date_day] => 27
    [closing_column] => DAY_27_CLOSING
    [end_date_month] => 2026-02
    [stock_filter] => > 0
    [daily_stock_table] => tbldailystock_1
    [table_suffix] => 
    [current_month] => 2026-02
    [has_restrictions] => 1
    [available_dates] => Array
        (
        )

    [unavailable_dates] => Array
        (
            [0] => 2026-02-27
        )

    [dry_dates] => Array
        (
        )

    [latest_global_sale] => 2026-02-27
)

[2026-02-27 08:14:43] [INFO] === PAGE ACCESS ===
[2026-02-27 08:14:43] [INFO] Request method: GET
[2026-02-27 08:14:43] [INFO] Search term: ''
[2026-02-27 08:14:43] [INFO] Current session ID: f54komu4n5ujk0v2u94o18q400
[2026-02-27 08:14:43] [INFO] GLOBAL CHECK: Latest existing sale: 2026-02-27
[2026-02-27 08:14:43] [INFO] Available dates: 
[2026-02-27 08:14:43] [INFO] Unavailable dates (has existing sales): 2026-02-27
[2026-02-27 08:14:43] [INFO] Final session quantities count: 0
[2026-02-27 08:14:43] [INFO] Items in current view: 50
[2026-02-27 08:14:43] [INFO] Sales Page Load Debug Info:
Array
(
    [total_items] => 94
    [current_page] => 1
    [total_pages] => 2
    [session_quantities_count] => 0
    [post_quantities_count] => 0
    [date_range] => 2026-02-27 to 2026-02-27
    [days_count] => 1
    [user_id] => 1
    [comp_id] => 1
    [license_type] => FL-II
    [allowed_classes] => Array
        (
            [0] => W
            [1] => V
            [2] => M
            [3] => F
            [4] => D
            [5] => K
            [6] => G
            [7] => R
            [8] => O
        )

    [end_date_day] => 27
    [closing_column] => DAY_27_CLOSING
    [end_date_month] => 2026-02
    [stock_filter] => > 0
    [daily_stock_table] => tbldailystock_1
    [table_suffix] => 
    [current_month] => 2026-02
    [has_restrictions] => 1
    [available_dates] => Array
        (
        )

    [unavailable_dates] => Array
        (
            [0] => 2026-02-27
        )

    [dry_dates] => Array
        (
        )

    [latest_global_sale] => 2026-02-27
)

[2026-02-27 08:15:55] [INFO] === PAGE ACCESS ===
[2026-02-27 08:15:55] [INFO] Request method: GET
[2026-02-27 08:15:55] [INFO] Search term: ''
[2026-02-27 08:15:55] [INFO] Current session ID: f54komu4n5ujk0v2u94o18q400
[2026-02-27 08:15:56] [INFO] Final session quantities count: 0
[2026-02-27 08:15:56] [INFO] Items in current view: 50
[2026-02-27 08:15:56] [INFO] Sales Page Load Debug Info:
Array
(
    [total_items] => 94
    [current_page] => 1
    [total_pages] => 2
    [session_quantities_count] => 0
    [post_quantities_count] => 0
    [date_range] => 2026-02-27 to 2026-02-27
    [days_count] => 1
    [user_id] => 1
    [comp_id] => 1
    [license_type] => FL-II
    [allowed_classes] => Array
        (
            [0] => W
            [1] => V
            [2] => M
            [3] => F
            [4] => D
            [5] => K
            [6] => G
            [7] => R
            [8] => O
        )

    [end_date_day] => 27
    [closing_column] => DAY_27_CLOSING
    [end_date_month] => 2026-02
    [stock_filter] => > 0
    [daily_stock_table] => tbldailystock_1
    [table_suffix] => 
    [current_month] => 2026-02
    [has_restrictions] => 
    [available_dates] => Array
        (
            [0] => 2026-02-27
        )

    [unavailable_dates] => Array
        (
        )

    [dry_dates] => Array
        (
        )

    [latest_global_sale] => 
)

[2026-02-27 08:15:59] [INFO] Session quantity updated: SCMPL0010694 = 46
[2026-02-27 08:16:00] [INFO] Session quantity updated: SCMPL0010694 = 46
[2026-02-27 08:16:02] [INFO] Session quantity updated: SCMPL0010694 = 46
[2026-02-27 08:16:02] [INFO] Session quantity updated: SCMPL0010694 = 46
[2026-02-27 08:16:03] [INFO] Session quantity updated: SCMPL0010694 = 46
[2026-02-27 08:16:04] [INFO] Session quantity updated: SCMPL0041503 = 44
[2026-02-27 08:16:04] [INFO] Session quantity updated: SCMPL0021774 = 32
[2026-02-27 08:16:06] [INFO] Session quantity updated: SCMLS0018484 = 1
[2026-02-27 08:16:06] [INFO] Session quantity updated: SCMLS0018484 = 1
[2026-02-27 08:16:07] [INFO] Session quantity updated: SCMPL0009678 = 29
[2026-02-27 08:16:07] [INFO] Session quantity updated: SCMPL0009678 = 29
[2026-02-27 08:16:08] [INFO] Session quantity updated: SCMKS0018283 = 1
[2026-02-27 08:16:08] [INFO] Session quantity updated: SCMKS0018283 = 1
[2026-02-27 08:16:11] [INFO] Session quantity updated: SCMBR0018137 = 145
[2026-02-27 08:16:11] [INFO] Session quantity updated: SCMBR0018139 = 71
[2026-02-27 08:16:11] [INFO] Session quantity updated: SCMBR0009735 = 50
[2026-02-27 08:16:12] [INFO] Session quantity updated: SCMBR0018132 = 90
[2026-02-27 08:16:12] [INFO] Session quantity updated: SCMBR0018158 = 30
[2026-02-27 08:16:12] [INFO] Session quantity updated: SCMBR0018159 = 49
[2026-02-27 08:16:13] [INFO] Session quantity updated: SCMBR0018160 = 71
[2026-02-27 08:16:13] [INFO] Session quantity updated: SCMBR0018963 = 24
[2026-02-27 08:16:13] [INFO] Session quantity updated: SCMLS0019511 = 1
[2026-02-27 08:16:13] [INFO] Session quantity updated: SCMPL0030851 = 69
[2026-02-27 08:16:14] [INFO] Session quantity updated: SCMPL0009770 = 57
[2026-02-27 08:16:14] [INFO] Session quantity updated: SCMPL0010445 = 91
[2026-02-27 08:16:14] [INFO] Session quantity updated: SCMPL0010612 = 161
[2026-02-27 08:16:14] [INFO] Session quantity updated: SCMPL0027585 = 88
[2026-02-27 08:16:15] [INFO] Session quantity updated: SCMPL0027586 = 74
[2026-02-27 08:16:15] [INFO] Session quantity updated: SCMKS0036602 = 6
[2026-02-27 08:16:15] [INFO] Session quantity updated: SCMLS0030596 = 1
[2026-02-27 08:16:16] [INFO] Session quantity updated: SCMLS0030095 = 6
[2026-02-27 08:16:16] [INFO] Session quantity updated: SCMIT0019512 = 1
[2026-02-27 08:16:17] [INFO] Session quantity updated: SCMLS0018800 = 1
[2026-02-27 08:16:17] [INFO] Session quantity updated: SCMLS0018823 = 1
[2026-02-27 08:16:18] [INFO] Session quantity updated: SCMBR0018149 = 7
[2026-02-27 08:16:18] [INFO] Session quantity updated: SCMBR0009847 = 46
[2026-02-27 08:16:18] [INFO] Session quantity updated: SCMBR0018627 = 82
[2026-02-27 08:16:19] [INFO] Session quantity updated: SCMBR0018619 = 31
[2026-02-27 08:16:19] [INFO] Session quantity updated: SCMBR0018619 = 31
[2026-02-27 08:16:20] [INFO] Session quantity updated: SCMBR0018628 = 6
[2026-02-27 08:16:20] [INFO] Session quantity updated: SCMPL0032649 = 3
[2026-02-27 08:16:21] [INFO] Session quantity updated: SCMBR0018145 = 12
[2026-02-27 08:16:21] [INFO] Session quantity updated: SCMPL0022639 = 122
[2026-02-27 08:16:21] [INFO] Session quantity updated: SCMPL0030235 = 46
[2026-02-27 08:16:22] [INFO] Session quantity updated: SCMPL0030235 = 46
[2026-02-27 08:16:22] [INFO] Session quantity updated: SCMPL0010654 = 12
[2026-02-27 08:16:22] [INFO] Session quantity updated: SCMPL0010655 = 112
[2026-02-27 08:16:23] [INFO] Session quantity updated: SCMPL0010655 = 112
[2026-02-27 08:23:23] [INFO] === PAGE ACCESS ===
[2026-02-27 08:23:23] [INFO] Request method: GET
[2026-02-27 08:23:23] [INFO] Search term: ''
[2026-02-27 08:23:23] [INFO] Current session ID: f54komu4n5ujk0v2u94o18q400
[2026-02-27 08:23:24] [INFO] Final session quantities count: 38
[2026-02-27 08:23:24] [INFO] Items in current view: 50
[2026-02-27 08:23:24] [INFO] Sales Page Load Debug Info:
Array
(
    [total_items] => 94
    [current_page] => 1
    [total_pages] => 2
    [session_quantities_count] => 38
    [post_quantities_count] => 0
    [date_range] => 2026-02-27 to 2026-02-27
    [days_count] => 1
    [user_id] => 1
    [comp_id] => 1
    [license_type] => FL-II
    [allowed_classes] => Array
        (
            [0] => W
            [1] => V
            [2] => M
            [3] => F
            [4] => D
            [5] => K
            [6] => G
            [7] => R
            [8] => O
        )

    [end_date_day] => 27
    [closing_column] => DAY_27_CLOSING
    [end_date_month] => 2026-02
    [stock_filter] => > 0
    [daily_stock_table] => tbldailystock_1
    [table_suffix] => 
    [current_month] => 2026-02
    [has_restrictions] => 
    [available_dates] => Array
        (
            [0] => 2026-02-27
        )

    [unavailable_dates] => Array
        (
        )

    [dry_dates] => Array
        (
        )

    [latest_global_sale] => 
)

[2026-02-27 08:33:42] [INFO] === PAGE ACCESS ===
[2026-02-27 08:33:42] [INFO] Request method: GET
[2026-02-27 08:33:42] [INFO] Search term: ''
[2026-02-27 08:33:42] [INFO] Current session ID: f54komu4n5ujk0v2u94o18q400
[2026-02-27 08:33:42] [INFO] Final session quantities count: 38
[2026-02-27 08:33:42] [INFO] Items in current view: 50
[2026-02-27 08:33:42] [INFO] Sales Page Load Debug Info:
Array
(
    [total_items] => 94
    [current_page] => 1
    [total_pages] => 2
    [session_quantities_count] => 38
    [post_quantities_count] => 0
    [date_range] => 2026-02-27 to 2026-02-27
    [days_count] => 1
    [user_id] => 1
    [comp_id] => 1
    [license_type] => FL-II
    [allowed_classes] => Array
        (
            [0] => W
            [1] => V
            [2] => M
            [3] => F
            [4] => D
            [5] => K
            [6] => G
            [7] => R
            [8] => O
        )

    [end_date_day] => 27
    [closing_column] => DAY_27_CLOSING
    [end_date_month] => 2026-02
    [stock_filter] => > 0
    [daily_stock_table] => tbldailystock_1
    [table_suffix] => 
    [current_month] => 2026-02
    [has_restrictions] => 
    [available_dates] => Array
        (
            [0] => 2026-02-27
        )

    [unavailable_dates] => Array
        (
        )

    [dry_dates] => Array
        (
        )

    [latest_global_sale] => 
)

[2026-02-27 09:41:48] [INFO] === PAGE ACCESS ===
[2026-02-27 09:41:48] [INFO] Request method: GET
[2026-02-27 09:41:48] [INFO] Search term: ''
[2026-02-27 09:41:48] [INFO] Current session ID: 8jjmt7q9ff4e2nhtehdoegka3g
[2026-02-27 09:41:49] [INFO] Final session quantities count: 0
[2026-02-27 09:41:49] [INFO] Items in current view: 50
[2026-02-27 09:41:49] [INFO] Sales Page Load Debug Info:
Array
(
    [total_items] => 94
    [current_page] => 1
    [total_pages] => 2
    [session_quantities_count] => 0
    [post_quantities_count] => 0
    [date_range] => 2026-02-27 to 2026-02-27
    [days_count] => 1
    [user_id] => 1
    [comp_id] => 1
    [license_type] => FL-II
    [allowed_classes] => Array
        (
            [0] => W
            [1] => V
            [2] => M
            [3] => F
            [4] => D
            [5] => K
            [6] => G
            [7] => R
            [8] => O
        )

    [end_date_day] => 27
    [closing_column] => DAY_27_CLOSING
    [end_date_month] => 2026-02
    [stock_filter] => > 0
    [daily_stock_table] => tbldailystock_1
    [table_suffix] => 
    [current_month] => 2026-02
    [has_restrictions] => 
    [available_dates] => Array
        (
            [0] => 2026-02-27
        )

    [unavailable_dates] => Array
        (
        )

    [dry_dates] => Array
        (
        )

    [latest_global_sale] => 
)

[2026-02-27 09:41:54] [INFO] Session quantity updated: SCMPL0010694 = 46
[2026-02-27 09:41:54] [INFO] Session quantity updated: SCMPL0010694 = 46
[2026-02-27 09:41:55] [INFO] Session quantity updated: SCMPL0010694 = 46
[2026-02-27 09:41:55] [INFO] Session quantity updated: SCMPL0010694 = 46
[2026-02-27 09:41:56] [INFO] Session quantity updated: SCMPL0010696 = 1
[2026-02-27 09:41:56] [INFO] Session quantity updated: SCMPL0010696 = 1
[2026-02-27 09:41:58] [INFO] Session quantity updated: SCMPL0041500 = 1
[2026-02-27 09:41:58] [INFO] Session quantity updated: SCMPL0041500 = 1
[2026-02-27 09:41:59] [INFO] Session quantity updated: SCMPL0041503 = 44
[2026-02-27 09:42:00] [INFO] Session quantity updated: SCMPL0041503 = 44
[2026-02-27 09:42:01] [INFO] Session quantity updated: SCMPL0021774 = 32
[2026-02-27 09:42:01] [INFO] Session quantity updated: SCMPL0021774 = 32
[2026-02-27 09:42:03] [INFO] Session quantity updated: SCMPL0009678 = 29
[2026-02-27 09:42:03] [INFO] Session quantity updated: SCMPL0009678 = 29
[2026-02-27 09:42:04] [INFO] Session quantity updated: SCMKS0018283 = 1
[2026-02-27 09:42:04] [INFO] Session quantity updated: SCMKS0018283 = 1
[2026-02-27 09:42:05] [INFO] Session quantity updated: SCMPL0039775 = 1
[2026-02-27 09:42:05] [INFO] Session quantity updated: SCMPL0039775 = 1
[2026-02-27 09:42:05] [INFO] Session quantity updated: SCMPL0010619 = 19
[2026-02-27 09:42:06] [INFO] Session quantity updated: SCMPL0010619 = 19
[2026-02-27 09:42:06] [INFO] Session quantity updated: SCMKS0026876 = 21
[2026-02-27 09:42:06] [INFO] Session quantity updated: SCMKS0026876 = 21
[2026-02-27 09:42:07] [INFO] Session quantity updated: SCMIT0022719 = 10
[2026-02-27 09:42:07] [INFO] Session quantity updated: SCMIT0022719 = 10
[2026-02-27 09:42:07] [INFO] Session quantity updated: SCMLS0018484 = 1
[2026-02-27 09:42:08] [INFO] Session quantity updated: SCMLS0018484 = 1
[2026-02-27 09:42:08] [INFO] Session quantity updated: SCMBR0018137 = 145
[2026-02-27 09:42:08] [INFO] Session quantity updated: SCMBR0018137 = 145
[2026-02-27 09:42:08] [INFO] Session quantity updated: SCMBR0018139 = 71
[2026-02-27 09:42:09] [INFO] Session quantity updated: SCMBR0018139 = 71
[2026-02-27 09:42:09] [INFO] Session quantity updated: SCMBR0009735 = 50
[2026-02-27 09:42:09] [INFO] Session quantity updated: SCMBR0009735 = 50
[2026-02-27 09:42:10] [INFO] Session quantity updated: SCMBR0018132 = 90
[2026-02-27 09:42:10] [INFO] Session quantity updated: SCMBR0018132 = 90
[2026-02-27 09:42:11] [INFO] Session quantity updated: SCMBR0018158 = 30
[2026-02-27 09:42:11] [INFO] Session quantity updated: SCMBR0018158 = 30
[2026-02-27 09:42:12] [INFO] Session quantity updated: SCMBR0018159 = 49
[2026-02-27 09:42:12] [INFO] Session quantity updated: SCMBR0018159 = 49
[2026-02-27 09:42:13] [INFO] === PAGE ACCESS ===
[2026-02-27 09:42:13] [INFO] Request method: GET
[2026-02-27 09:42:13] [INFO] Search term: ''
[2026-02-27 09:42:13] [INFO] Current session ID: 8jjmt7q9ff4e2nhtehdoegka3g
[2026-02-27 09:42:14] [INFO] Final session quantities count: 18
[2026-02-27 09:42:14] [INFO] Items in current view: 50
[2026-02-27 09:42:14] [INFO] Sales Page Load Debug Info:
Array
(
    [total_items] => 94
    [current_page] => 1
    [total_pages] => 2
    [session_quantities_count] => 18
    [post_quantities_count] => 0
    [date_range] => 2026-02-27 to 2026-02-27
    [days_count] => 1
    [user_id] => 1
    [comp_id] => 1
    [license_type] => FL-II
    [allowed_classes] => Array
        (
            [0] => W
            [1] => V
            [2] => M
            [3] => F
            [4] => D
            [5] => K
            [6] => G
            [7] => R
            [8] => O
        )

    [end_date_day] => 27
    [closing_column] => DAY_27_CLOSING
    [end_date_month] => 2026-02
    [stock_filter] => > 0
    [daily_stock_table] => tbldailystock_1
    [table_suffix] => 
    [current_month] => 2026-02
    [has_restrictions] => 
    [available_dates] => Array
        (
            [0] => 2026-02-27
        )

    [unavailable_dates] => Array
        (
        )

    [dry_dates] => Array
        (
        )

    [latest_global_sale] => 
)

[2026-02-27 09:42:18] [INFO] Session quantity updated: SCMBR0018160 = 71
[2026-02-27 09:42:18] [INFO] Session quantity updated: SCMBR0018160 = 71
[2026-02-27 09:42:19] [INFO] Session quantity updated: SCMBR0018160 = 71
[2026-02-27 09:42:20] [INFO] Session quantity updated: SCMBR0018160 = 71
[2026-02-27 09:42:20] [INFO] Session quantity updated: SCMBR0018963 = 24
[2026-02-27 09:42:20] [INFO] Session quantity updated: SCMBR0018963 = 24
[2026-02-27 09:42:21] [INFO] Session quantity updated: SCMLS0019511 = 1
[2026-02-27 09:42:21] [INFO] Session quantity updated: SCMLS0019511 = 1
[2026-02-27 09:42:21] [INFO] Session quantity updated: SCMPL0030851 = 69
[2026-02-27 09:42:21] [INFO] Session quantity updated: SCMPL0030851 = 69
[2026-02-27 09:42:22] [INFO] Session quantity updated: SCMPL0009770 = 57
[2026-02-27 09:42:22] [INFO] Session quantity updated: SCMPL0009770 = 57
[2026-02-27 09:42:22] [INFO] Session quantity updated: SCMPL0010445 = 91
[2026-02-27 09:42:22] [INFO] Session quantity updated: SCMPL0010445 = 91
[2026-02-27 09:42:23] [INFO] Session quantity updated: SCMPL0010612 = 161
[2026-02-27 09:42:23] [INFO] Session quantity updated: SCMPL0010612 = 161
[2026-02-27 09:42:23] [INFO] Session quantity updated: SCMPL0027585 = 88
[2026-02-27 09:42:23] [INFO] Session quantity updated: SCMPL0027585 = 88
[2026-02-27 09:42:24] [INFO] Session quantity updated: SCMPL0027586 = 74
[2026-02-27 09:42:24] [INFO] Session quantity updated: SCMPL0027586 = 74
[2026-02-27 09:42:24] [INFO] Session quantity updated: SCMLS0018789 = 1
[2026-02-27 09:42:25] [INFO] Session quantity updated: SCMLS0018789 = 1
[2026-02-27 09:42:25] [INFO] Session quantity updated: SCMKS0036602 = 6
[2026-02-27 09:42:25] [INFO] Session quantity updated: SCMKS0036602 = 6
[2026-02-27 09:42:26] [INFO] Session quantity updated: SCMLS0030596 = 1
[2026-02-27 09:42:26] [INFO] Session quantity updated: SCMLS0030596 = 1
[2026-02-27 09:42:26] [INFO] Session quantity updated: SCMPL0009821 = 13
[2026-02-27 09:42:26] [INFO] Session quantity updated: SCMPL0009821 = 13
[2026-02-27 09:42:27] [INFO] Session quantity updated: SCMLS0030095 = 6
[2026-02-27 09:42:27] [INFO] Session quantity updated: SCMLS0030095 = 6
[2026-02-27 09:42:27] [INFO] Session quantity updated: SCMLW0021031 = 1
[2026-02-27 09:42:27] [INFO] Session quantity updated: SCMLW0021031 = 1
[2026-02-27 09:42:28] [INFO] Session quantity updated: SCMIT0019512 = 1
[2026-02-27 09:42:28] [INFO] Session quantity updated: SCMIT0019512 = 1
[2026-02-27 09:42:28] [INFO] Session quantity updated: SCMLS0036767 = 1
[2026-02-27 09:42:29] [INFO] Session quantity updated: SCMLS0036767 = 1
[2026-02-27 09:42:29] [INFO] Session quantity updated: SCMLS0018798 = 6
[2026-02-27 09:42:29] [INFO] Session quantity updated: SCMLS0018798 = 6
[2026-02-27 09:42:30] [INFO] Session quantity updated: SCMLS0018800 = 1
[2026-02-27 09:42:30] [INFO] Session quantity updated: SCMLS0018800 = 1
[2026-02-27 09:42:30] [INFO] Session quantity updated: SCMLS0018823 = 1
[2026-02-27 09:42:31] [INFO] Session quantity updated: SCMBR0018149 = 7
[2026-02-27 09:42:31] [INFO] Session quantity updated: SCMBR0009846 = 11
[2026-02-27 09:42:32] [INFO] Session quantity updated: SCMBR0009847 = 46
[2026-02-27 09:42:32] [INFO] Session quantity updated: SCMBR0018627 = 82
[2026-02-27 09:42:32] [INFO] Session quantity updated: SCMBR0018619 = 31
[2026-02-27 09:42:33] [INFO] Session quantity updated: SCMBR0018628 = 6
[2026-02-27 09:42:33] [INFO] Session quantity updated: SCMBR0018628 = 6
[2026-02-27 09:42:34] [INFO] Session quantity updated: SCMPL0032649 = 3
[2026-02-27 09:42:34] [INFO] Session quantity updated: SCMBR0018145 = 12
[2026-02-27 09:42:34] [INFO] Session quantity updated: SCMPL0022639 = 122
[2026-02-27 09:42:35] [INFO] Session quantity updated: SCMPL0022639 = 122
[2026-02-27 09:42:35] [INFO] Session quantity updated: SCMPL0030235 = 46
[2026-02-27 09:42:35] [INFO] Session quantity updated: SCMPL0030235 = 46
[2026-02-27 09:42:36] [INFO] Session quantity updated: SCMPL0010654 = 12
[2026-02-27 09:42:36] [INFO] Session quantity updated: SCMPL0010655 = 112
[2026-02-27 09:42:36] [INFO] Session quantity updated: SCMPL0010655 = 112
[2026-02-27 09:42:55] [INFO] === PAGE ACCESS ===
[2026-02-27 09:42:55] [INFO] Request method: GET
[2026-02-27 09:42:55] [INFO] Search term: ''
[2026-02-27 09:42:55] [INFO] Current session ID: 8jjmt7q9ff4e2nhtehdoegka3g
[2026-02-27 09:42:55] [INFO] Final session quantities count: 50
[2026-02-27 09:42:55] [INFO] Items in current view: 50
[2026-02-27 09:42:55] [INFO] Sales Page Load Debug Info:
Array
(
    [total_items] => 94
    [current_page] => 1
    [total_pages] => 2
    [session_quantities_count] => 50
    [post_quantities_count] => 0
    [date_range] => 2026-02-27 to 2026-02-27
    [days_count] => 1
    [user_id] => 1
    [comp_id] => 1
    [license_type] => FL-II
    [allowed_classes] => Array
        (
            [0] => W
            [1] => V
            [2] => M
            [3] => F
            [4] => D
            [5] => K
            [6] => G
            [7] => R
            [8] => O
        )

    [end_date_day] => 27
    [closing_column] => DAY_27_CLOSING
    [end_date_month] => 2026-02
    [stock_filter] => > 0
    [daily_stock_table] => tbldailystock_1
    [table_suffix] => 
    [current_month] => 2026-02
    [has_restrictions] => 
    [available_dates] => Array
        (
            [0] => 2026-02-27
        )

    [unavailable_dates] => Array
        (
        )

    [dry_dates] => Array
        (
        )

    [latest_global_sale] => 
)

[2026-02-27 09:43:00] [INFO] === PAGE ACCESS ===
[2026-02-27 09:43:00] [INFO] Request method: GET
[2026-02-27 09:43:00] [INFO] Search term: ''
[2026-02-27 09:43:00] [INFO] Current session ID: 8jjmt7q9ff4e2nhtehdoegka3g
[2026-02-27 09:43:00] [INFO] Final session quantities count: 50
[2026-02-27 09:43:00] [INFO] Items in current view: 50
[2026-02-27 09:43:00] [INFO] Sales Page Load Debug Info:
Array
(
    [total_items] => 94
    [current_page] => 1
    [total_pages] => 2
    [session_quantities_count] => 50
    [post_quantities_count] => 0
    [date_range] => 2026-02-27 to 2026-02-27
    [days_count] => 1
    [user_id] => 1
    [comp_id] => 1
    [license_type] => FL-II
    [allowed_classes] => Array
        (
            [0] => W
            [1] => V
            [2] => M
            [3] => F
            [4] => D
            [5] => K
            [6] => G
            [7] => R
            [8] => O
        )

    [end_date_day] => 27
    [closing_column] => DAY_27_CLOSING
    [end_date_month] => 2026-02
    [stock_filter] => > 0
    [daily_stock_table] => tbldailystock_1
    [table_suffix] => 
    [current_month] => 2026-02
    [has_restrictions] => 
    [available_dates] => Array
        (
            [0] => 2026-02-27
        )

    [unavailable_dates] => Array
        (
        )

    [dry_dates] => Array
        (
        )

    [latest_global_sale] => 
)

[2026-02-27 09:43:07] [INFO] === PAGE ACCESS ===
[2026-02-27 09:43:07] [INFO] Request method: GET
[2026-02-27 09:43:07] [INFO] Search term: ''
[2026-02-27 09:43:07] [INFO] Current session ID: 8jjmt7q9ff4e2nhtehdoegka3g
[2026-02-27 09:43:08] [INFO] GLOBAL CHECK: Latest existing sale: 2026-02-27
[2026-02-27 09:43:08] [INFO] Available dates: 
[2026-02-27 09:43:08] [INFO] Unavailable dates (has existing sales): 2026-02-27
[2026-02-27 09:43:08] [INFO] Final session quantities count: 0
[2026-02-27 09:43:08] [INFO] Items in current view: 50
[2026-02-27 09:43:08] [INFO] Sales Page Load Debug Info:
Array
(
    [total_items] => 94
    [current_page] => 1
    [total_pages] => 2
    [session_quantities_count] => 0
    [post_quantities_count] => 0
    [date_range] => 2026-02-27 to 2026-02-27
    [days_count] => 1
    [user_id] => 1
    [comp_id] => 1
    [license_type] => FL-II
    [allowed_classes] => Array
        (
            [0] => W
            [1] => V
            [2] => M
            [3] => F
            [4] => D
            [5] => K
            [6] => G
            [7] => R
            [8] => O
        )

    [end_date_day] => 27
    [closing_column] => DAY_27_CLOSING
    [end_date_month] => 2026-02
    [stock_filter] => > 0
    [daily_stock_table] => tbldailystock_1
    [table_suffix] => 
    [current_month] => 2026-02
    [has_restrictions] => 1
    [available_dates] => Array
        (
        )

    [unavailable_dates] => Array
        (
            [0] => 2026-02-27
        )

    [dry_dates] => Array
        (
        )

    [latest_global_sale] => 2026-02-27
)

[2026-02-27 10:03:52] [INFO] === PAGE ACCESS ===
[2026-02-27 10:03:52] [INFO] Request method: GET
[2026-02-27 10:03:52] [INFO] Search term: ''
[2026-02-27 10:03:52] [INFO] Current session ID: 8jjmt7q9ff4e2nhtehdoegka3g
[2026-02-27 10:03:53] [INFO] Final session quantities count: 0
[2026-02-27 10:03:53] [INFO] Items in current view: 50
[2026-02-27 10:03:53] [INFO] Sales Page Load Debug Info:
Array
(
    [total_items] => 94
    [current_page] => 1
    [total_pages] => 2
    [session_quantities_count] => 0
    [post_quantities_count] => 0
    [date_range] => 2026-02-27 to 2026-02-27
    [days_count] => 1
    [user_id] => 1
    [comp_id] => 1
    [license_type] => FL-II
    [allowed_classes] => Array
        (
            [0] => W
            [1] => V
            [2] => M
            [3] => F
            [4] => D
            [5] => K
            [6] => G
            [7] => R
            [8] => O
        )

    [end_date_day] => 27
    [closing_column] => DAY_27_CLOSING
    [end_date_month] => 2026-02
    [stock_filter] => > 0
    [daily_stock_table] => tbldailystock_1
    [table_suffix] => 
    [current_month] => 2026-02
    [has_restrictions] => 
    [available_dates] => Array
        (
            [0] => 2026-02-27
        )

    [unavailable_dates] => Array
        (
        )

    [dry_dates] => Array
        (
        )

    [latest_global_sale] => 
)

[2026-02-27 10:03:57] [INFO] Session quantity updated: SCMPL0010694 = 42
[2026-02-27 10:03:57] [INFO] Session quantity updated: SCMPL0010694 = 42
[2026-02-27 10:03:58] [INFO] Session quantity updated: SCMPL0010694 = 46
[2026-02-27 10:03:58] [INFO] Session quantity updated: SCMPL0010694 = 46
[2026-02-27 10:03:59] [INFO] Session quantity updated: SCMPL0010694 = 46
[2026-02-27 10:03:59] [INFO] Session quantity updated: SCMPL0010696 = 1
[2026-02-27 10:04:00] [INFO] Session quantity updated: SCMPL0041500 = 1
[2026-02-27 10:04:00] [INFO] Session quantity updated: SCMPL0041503 = 44
[2026-02-27 10:04:00] [INFO] Session quantity updated: SCMPL0021774 = 32
[2026-02-27 10:04:01] [INFO] Session quantity updated: SCMPL0009678 = 29
[2026-02-27 10:04:01] [INFO] Session quantity updated: SCMKS0018283 = 1
[2026-02-27 10:04:01] [INFO] Session quantity updated: SCMPL0039775 = 1
[2026-02-27 10:04:02] [INFO] Session quantity updated: SCMPL0010619 = 19
[2026-02-27 10:04:02] [INFO] Session quantity updated: SCMKS0026876 = 21
[2026-02-27 10:04:02] [INFO] Session quantity updated: SCMIT0022719 = 10
[2026-02-27 10:04:03] [INFO] Session quantity updated: SCMLS0018484 = 1
[2026-02-27 10:04:03] [INFO] Session quantity updated: SCMBR0018137 = 145
[2026-02-27 10:04:03] [INFO] Session quantity updated: SCMBR0018139 = 71
[2026-02-27 10:04:03] [INFO] Session quantity updated: SCMBR0018139 = 71
[2026-02-27 10:04:04] [INFO] Session quantity updated: SCMBR0009735 = 50
[2026-02-27 10:04:05] [INFO] Session quantity updated: SCMBR0018132 = 90
[2026-02-27 10:04:05] [INFO] Session quantity updated: SCMBR0018158 = 30
[2026-02-27 10:04:05] [INFO] Session quantity updated: SCMBR0018159 = 49
[2026-02-27 10:04:06] [INFO] Session quantity updated: SCMBR0018160 = 71
[2026-02-27 10:04:06] [INFO] Session quantity updated: SCMBR0018963 = 24
[2026-02-27 10:04:06] [INFO] Session quantity updated: SCMLS0019511 = 1
[2026-02-27 10:04:07] [INFO] Session quantity updated: SCMPL0030851 = 69
[2026-02-27 10:04:07] [INFO] Session quantity updated: SCMPL0009770 = 57
[2026-02-27 10:04:07] [INFO] Session quantity updated: SCMPL0010445 = 91
[2026-02-27 10:04:08] [INFO] Session quantity updated: SCMPL0010612 = 161
[2026-02-27 10:04:08] [INFO] Session quantity updated: SCMPL0027585 = 88
[2026-02-27 10:04:08] [INFO] Session quantity updated: SCMPL0027586 = 74
[2026-02-27 10:04:09] [INFO] Session quantity updated: SCMLS0018789 = 1
[2026-02-27 10:04:09] [INFO] Session quantity updated: SCMKS0036602 = 6
[2026-02-27 10:04:09] [INFO] Session quantity updated: SCMLS0030596 = 1
[2026-02-27 10:04:09] [INFO] Session quantity updated: SCMPL0009821 = 13
[2026-02-27 10:04:10] [INFO] Session quantity updated: SCMLS0030095 = 6
[2026-02-27 10:04:10] [INFO] Session quantity updated: SCMLW0021031 = 1
[2026-02-27 10:04:10] [INFO] Session quantity updated: SCMIT0019512 = 1
[2026-02-27 10:04:11] [INFO] Session quantity updated: SCMLS0036767 = 1
[2026-02-27 10:04:11] [INFO] Session quantity updated: SCMLS0018800 = 1
[2026-02-27 10:04:12] [INFO] Session quantity updated: SCMLS0018823 = 1
[2026-02-27 10:04:12] [INFO] Session quantity updated: SCMBR0018149 = 7
[2026-02-27 10:04:12] [INFO] Session quantity updated: SCMBR0009846 = 11
[2026-02-27 10:04:12] [INFO] Session quantity updated: SCMBR0009847 = 46
[2026-02-27 10:04:13] [INFO] Session quantity updated: SCMBR0018627 = 82
[2026-02-27 10:04:13] [INFO] Session quantity updated: SCMBR0018619 = 31
[2026-02-27 10:04:13] [INFO] Session quantity updated: SCMBR0018628 = 6
[2026-02-27 10:04:14] [INFO] Session quantity updated: SCMPL0032649 = 3
[2026-02-27 10:04:14] [INFO] Session quantity updated: SCMBR0018145 = 12
[2026-02-27 10:04:14] [INFO] Session quantity updated: SCMPL0022639 = 122
[2026-02-27 10:04:14] [INFO] Session quantity updated: SCMPL0030235 = 46
[2026-02-27 10:04:15] [INFO] Session quantity updated: SCMPL0010654 = 12
[2026-02-27 10:04:15] [INFO] Session quantity updated: SCMPL0010655 = 112
[2026-02-27 10:04:15] [INFO] Session quantity updated: SCMPL0010655 = 112
[2026-02-27 10:05:14] [INFO] === PAGE ACCESS ===
[2026-02-27 10:05:14] [INFO] Request method: GET
[2026-02-27 10:05:14] [INFO] Search term: ''
[2026-02-27 10:05:14] [INFO] Current session ID: 8jjmt7q9ff4e2nhtehdoegka3g
[2026-02-27 10:05:15] [INFO] Final session quantities count: 49
[2026-02-27 10:05:15] [INFO] Items in current view: 50
[2026-02-27 10:05:15] [INFO] Sales Page Load Debug Info:
Array
(
    [total_items] => 94
    [current_page] => 1
    [total_pages] => 2
    [session_quantities_count] => 49
    [post_quantities_count] => 0
    [date_range] => 2026-02-27 to 2026-02-27
    [days_count] => 1
    [user_id] => 1
    [comp_id] => 1
    [license_type] => FL-II
    [allowed_classes] => Array
        (
            [0] => W
            [1] => V
            [2] => M
            [3] => F
            [4] => D
            [5] => K
            [6] => G
            [7] => R
            [8] => O
        )

    [end_date_day] => 27
    [closing_column] => DAY_27_CLOSING
    [end_date_month] => 2026-02
    [stock_filter] => > 0
    [daily_stock_table] => tbldailystock_1
    [table_suffix] => 
    [current_month] => 2026-02
    [has_restrictions] => 
    [available_dates] => Array
        (
            [0] => 2026-02-27
        )

    [unavailable_dates] => Array
        (
        )

    [dry_dates] => Array
        (
        )

    [latest_global_sale] => 
)

[2026-02-27 10:05:26] [INFO] === PAGE ACCESS ===
[2026-02-27 10:05:26] [INFO] Request method: GET
[2026-02-27 10:05:26] [INFO] Search term: ''
[2026-02-27 10:05:26] [INFO] Current session ID: 8jjmt7q9ff4e2nhtehdoegka3g
[2026-02-27 10:05:26] [INFO] GLOBAL CHECK: Latest existing sale: 2026-02-27
[2026-02-27 10:05:26] [INFO] Available dates: 
[2026-02-27 10:05:26] [INFO] Unavailable dates (has existing sales): 2026-02-27
[2026-02-27 10:05:26] [INFO] Final session quantities count: 0
[2026-02-27 10:05:26] [INFO] Items in current view: 50
[2026-02-27 10:05:26] [INFO] Sales Page Load Debug Info:
Array
(
    [total_items] => 94
    [current_page] => 1
    [total_pages] => 2
    [session_quantities_count] => 0
    [post_quantities_count] => 0
    [date_range] => 2026-02-27 to 2026-02-27
    [days_count] => 1
    [user_id] => 1
    [comp_id] => 1
    [license_type] => FL-II
    [allowed_classes] => Array
        (
            [0] => W
            [1] => V
            [2] => M
            [3] => F
            [4] => D
            [5] => K
            [6] => G
            [7] => R
            [8] => O
        )

    [end_date_day] => 27
    [closing_column] => DAY_27_CLOSING
    [end_date_month] => 2026-02
    [stock_filter] => > 0
    [daily_stock_table] => tbldailystock_1
    [table_suffix] => 
    [current_month] => 2026-02
    [has_restrictions] => 1
    [available_dates] => Array
        (
        )

    [unavailable_dates] => Array
        (
            [0] => 2026-02-27
        )

    [dry_dates] => Array
        (
        )

    [latest_global_sale] => 2026-02-27
)

[2026-02-27 12:21:06] [INFO] === PAGE ACCESS ===
[2026-02-27 12:21:06] [INFO] Request method: GET
[2026-02-27 12:21:06] [INFO] Search term: ''
[2026-02-27 12:21:06] [INFO] Current session ID: 8jjmt7q9ff4e2nhtehdoegka3g
[2026-02-27 12:21:07] [INFO] Final session quantities count: 0
[2026-02-27 12:21:07] [INFO] Items in current view: 50
[2026-02-27 12:21:07] [INFO] Sales Page Load Debug Info:
Array
(
    [total_items] => 94
    [current_page] => 1
    [total_pages] => 2
    [session_quantities_count] => 0
    [post_quantities_count] => 0
    [date_range] => 2026-02-27 to 2026-02-27
    [days_count] => 1
    [user_id] => 1
    [comp_id] => 1
    [license_type] => FL-II
    [allowed_classes] => Array
        (
            [0] => W
            [1] => V
            [2] => M
            [3] => F
            [4] => D
            [5] => K
            [6] => G
            [7] => R
            [8] => O
        )

    [end_date_day] => 27
    [closing_column] => DAY_27_CLOSING
    [end_date_month] => 2026-02
    [stock_filter] => > 0
    [daily_stock_table] => tbldailystock_1
    [table_suffix] => 
    [current_month] => 2026-02
    [has_restrictions] => 
    [available_dates] => Array
        (
            [0] => 2026-02-27
        )

    [unavailable_dates] => Array
        (
        )

    [dry_dates] => Array
        (
        )

    [latest_global_sale] => 
)

[2026-02-27 12:21:10] [INFO] Session quantity updated: SCMPL0010694 = 46
[2026-02-27 12:21:10] [INFO] Session quantity updated: SCMPL0010694 = 46
[2026-02-27 12:21:11] [INFO] Session quantity updated: SCMPL0010694 = 46
[2026-02-27 12:21:11] [INFO] Session quantity updated: SCMPL0010694 = 46
[2026-02-27 12:21:12] [INFO] Session quantity updated: SCMPL0010696 = 1
[2026-02-27 12:21:12] [INFO] Session quantity updated: SCMPL0010696 = 1
[2026-02-27 12:21:12] [INFO] Session quantity updated: SCMPL0041500 = 1
[2026-02-27 12:21:13] [INFO] Session quantity updated: SCMPL0041500 = 1
[2026-02-27 12:21:13] [INFO] Session quantity updated: SCMPL0041503 = 44
[2026-02-27 12:21:13] [INFO] Session quantity updated: SCMPL0041503 = 44
[2026-02-27 12:21:13] [INFO] Session quantity updated: SCMPL0021774 = 32
[2026-02-27 12:21:14] [INFO] Session quantity updated: SCMPL0021774 = 32
[2026-02-27 12:21:14] [INFO] Session quantity updated: SCMPL0009678 = 29
[2026-02-27 12:21:14] [INFO] Session quantity updated: SCMPL0009678 = 29
[2026-02-27 12:21:15] [INFO] Session quantity updated: SCMKS0018283 = 1
[2026-02-27 12:21:15] [INFO] Session quantity updated: SCMKS0018283 = 1
[2026-02-27 12:21:15] [INFO] Session quantity updated: SCMPL0039775 = 1
[2026-02-27 12:21:16] [INFO] Session quantity updated: SCMPL0039775 = 1
[2026-02-27 12:21:16] [INFO] Session quantity updated: SCMPL0010619 = 19
[2026-02-27 12:21:16] [INFO] Session quantity updated: SCMPL0010619 = 19
[2026-02-27 12:21:16] [INFO] Session quantity updated: SCMKS0026876 = 21
[2026-02-27 12:21:17] [INFO] Session quantity updated: SCMKS0026876 = 21
[2026-02-27 12:21:17] [INFO] Session quantity updated: SCMIT0022719 = 10
[2026-02-27 12:21:17] [INFO] Session quantity updated: SCMIT0022719 = 10
[2026-02-27 12:21:17] [INFO] Session quantity updated: SCMLS0018484 = 1
[2026-02-27 12:21:18] [INFO] Session quantity updated: SCMLS0018484 = 1
[2026-02-27 12:21:18] [INFO] Session quantity updated: SCMBR0018137 = 145
[2026-02-27 12:21:18] [INFO] Session quantity updated: SCMBR0018137 = 145
[2026-02-27 12:21:18] [INFO] Session quantity updated: SCMBR0018139 = 71
[2026-02-27 12:21:19] [INFO] Session quantity updated: SCMBR0018139 = 71
[2026-02-27 12:21:19] [INFO] Session quantity updated: SCMBR0009735 = 50
[2026-02-27 12:21:19] [INFO] Session quantity updated: SCMBR0009735 = 50
[2026-02-27 12:21:20] [INFO] Session quantity updated: SCMBR0018132 = 90
[2026-02-27 12:21:20] [INFO] Session quantity updated: SCMBR0018132 = 90
[2026-02-27 12:21:20] [INFO] Session quantity updated: SCMBR0018158 = 30
[2026-02-27 12:21:20] [INFO] Session quantity updated: SCMBR0018158 = 30
[2026-02-27 12:21:20] [INFO] Session quantity updated: SCMBR0018159 = 49
[2026-02-27 12:21:21] [INFO] Session quantity updated: SCMBR0018159 = 49
[2026-02-27 12:21:21] [INFO] Session quantity updated: SCMBR0018160 = 71
[2026-02-27 12:21:21] [INFO] Session quantity updated: SCMBR0018160 = 71
[2026-02-27 12:21:22] [INFO] Session quantity updated: SCMBR0018963 = 24
[2026-02-27 12:21:22] [INFO] Session quantity updated: SCMBR0018963 = 24
[2026-02-27 12:21:22] [INFO] Session quantity updated: SCMLS0019511 = 1
[2026-02-27 12:21:22] [INFO] Session quantity updated: SCMLS0019511 = 1
[2026-02-27 12:21:22] [INFO] Session quantity updated: SCMPL0030851 = 69
[2026-02-27 12:21:23] [INFO] Session quantity updated: SCMPL0030851 = 69
[2026-02-27 12:21:23] [INFO] Session quantity updated: SCMPL0009770 = 57
[2026-02-27 12:21:23] [INFO] Session quantity updated: SCMPL0009770 = 57
[2026-02-27 12:21:23] [INFO] Session quantity updated: SCMPL0010445 = 91
[2026-02-27 12:21:24] [INFO] Session quantity updated: SCMPL0010445 = 91
[2026-02-27 12:21:24] [INFO] Session quantity updated: SCMPL0010612 = 161
[2026-02-27 12:21:24] [INFO] Session quantity updated: SCMPL0010612 = 161
[2026-02-27 12:21:24] [INFO] Session quantity updated: SCMPL0027585 = 88
[2026-02-27 12:21:25] [INFO] Session quantity updated: SCMPL0027586 = 74
[2026-02-27 12:21:25] [INFO] Session quantity updated: SCMPL0027586 = 74
[2026-02-27 12:21:25] [INFO] Session quantity updated: SCMLS0018789 = 1
[2026-02-27 12:21:26] [INFO] Session quantity updated: SCMKS0036602 = 6
[2026-02-27 12:21:26] [INFO] Session quantity updated: SCMKS0036602 = 6
[2026-02-27 12:21:26] [INFO] Session quantity updated: SCMLS0030596 = 1
[2026-02-27 12:21:26] [INFO] Session quantity updated: SCMPL0009821 = 13
[2026-02-27 12:21:27] [INFO] Session quantity updated: SCMPL0009821 = 13
[2026-02-27 12:21:27] [INFO] Session quantity updated: SCMLS0030095 = 6
[2026-02-27 12:21:27] [INFO] Session quantity updated: SCMLS0030095 = 6
[2026-02-27 12:21:28] [INFO] Session quantity updated: SCMLW0021031 = 1
[2026-02-27 12:21:28] [INFO] Session quantity updated: SCMLW0021031 = 1
[2026-02-27 12:21:28] [INFO] Session quantity updated: SCMIT0019512 = 1
[2026-02-27 12:21:28] [INFO] Session quantity updated: SCMLS0036767 = 1
[2026-02-27 12:21:29] [INFO] Session quantity updated: SCMLS0018798 = 6
[2026-02-27 12:21:29] [INFO] Session quantity updated: SCMLS0018800 = 1
[2026-02-27 12:21:29] [INFO] Session quantity updated: SCMLS0018823 = 1
[2026-02-27 12:21:30] [INFO] Session quantity updated: SCMBR0018149 = 7
[2026-02-27 12:21:30] [INFO] Session quantity updated: SCMBR0009846 = 11
[2026-02-27 12:21:30] [INFO] Session quantity updated: SCMBR0009846 = 11
[2026-02-27 12:21:30] [INFO] Session quantity updated: SCMBR0009847 = 46
[2026-02-27 12:21:31] [INFO] Session quantity updated: SCMBR0018627 = 82
[2026-02-27 12:21:31] [INFO] Session quantity updated: SCMBR0018619 = 31
[2026-02-27 12:21:31] [INFO] Session quantity updated: SCMBR0018628 = 6
[2026-02-27 12:21:32] [INFO] Session quantity updated: SCMPL0032649 = 3
[2026-02-27 12:21:32] [INFO] Session quantity updated: SCMBR0018145 = 12
[2026-02-27 12:21:32] [INFO] Session quantity updated: SCMBR0018145 = 12
[2026-02-27 12:21:34] [INFO] Session quantity updated: SCMPL0022639 = 122
[2026-02-27 12:21:34] [INFO] Session quantity updated: SCMPL0030235 = 46
[2026-02-27 12:21:35] [INFO] Session quantity updated: SCMPL0010655 = 112
[2026-02-27 12:21:35] [INFO] Session quantity updated: SCMPL0010655 = 112
[2026-02-27 12:21:37] [INFO] Session quantity updated: SCMPL0010655 = 112
[2026-02-27 12:21:37] [INFO] Session quantity updated: SCMPL0010655 = 112
[2026-02-27 12:21:38] [INFO] Session quantity updated: SCMPL0010655 = 112
[2026-02-27 12:21:38] [INFO] Session quantity updated: SCMPL0010655 = 112
[2026-02-27 12:21:43] [INFO] === PAGE ACCESS ===
[2026-02-27 12:21:43] [INFO] Request method: GET
[2026-02-27 12:21:43] [INFO] Search term: ''
[2026-02-27 12:21:43] [INFO] Current session ID: 8jjmt7q9ff4e2nhtehdoegka3g
[2026-02-27 12:21:44] [INFO] Final session quantities count: 49
[2026-02-27 12:21:44] [INFO] Items in current view: 50
[2026-02-27 12:21:44] [INFO] Sales Page Load Debug Info:
Array
(
    [total_items] => 94
    [current_page] => 1
    [total_pages] => 2
    [session_quantities_count] => 49
    [post_quantities_count] => 0
    [date_range] => 2026-02-27 to 2026-02-27
    [days_count] => 1
    [user_id] => 1
    [comp_id] => 1
    [license_type] => FL-II
    [allowed_classes] => Array
        (
            [0] => W
            [1] => V
            [2] => M
            [3] => F
            [4] => D
            [5] => K
            [6] => G
            [7] => R
            [8] => O
        )

    [end_date_day] => 27
    [closing_column] => DAY_27_CLOSING
    [end_date_month] => 2026-02
    [stock_filter] => > 0
    [daily_stock_table] => tbldailystock_1
    [table_suffix] => 
    [current_month] => 2026-02
    [has_restrictions] => 
    [available_dates] => Array
        (
            [0] => 2026-02-27
        )

    [unavailable_dates] => Array
        (
        )

    [dry_dates] => Array
        (
        )

    [latest_global_sale] => 
)

[2026-02-27 12:21:49] [INFO] Session quantity updated: SCMPL0010654 = 11
[2026-02-27 12:21:49] [INFO] Session quantity updated: SCMPL0010654 = 11
[2026-02-27 12:21:51] [INFO] Session quantity updated: SCMPL0010654 = 12
[2026-02-27 12:21:51] [INFO] Session quantity updated: SCMPL0010654 = 12
[2026-02-27 12:21:53] [INFO] Session quantity updated: SCMPL0010654 = 12
[2026-02-27 12:21:53] [INFO] Session quantity updated: SCMPL0010654 = 12
[2026-02-27 12:22:36] [INFO] === PAGE ACCESS ===
[2026-02-27 12:22:36] [INFO] Request method: GET
[2026-02-27 12:22:36] [INFO] Search term: ''
[2026-02-27 12:22:36] [INFO] Current session ID: 8jjmt7q9ff4e2nhtehdoegka3g
[2026-02-27 12:22:36] [INFO] GLOBAL CHECK: Latest existing sale: 2026-02-27
[2026-02-27 12:22:36] [INFO] Available dates: 
[2026-02-27 12:22:36] [INFO] Unavailable dates (has existing sales): 2026-02-27
[2026-02-27 12:22:36] [INFO] Final session quantities count: 50
[2026-02-27 12:22:36] [INFO] Items in current view: 50
[2026-02-27 12:22:36] [INFO] Sales Page Load Debug Info:
Array
(
    [total_items] => 94
    [current_page] => 1
    [total_pages] => 2
    [session_quantities_count] => 50
    [post_quantities_count] => 0
    [date_range] => 2026-02-27 to 2026-02-27
    [days_count] => 1
    [user_id] => 1
    [comp_id] => 1
    [license_type] => FL-II
    [allowed_classes] => Array
        (
            [0] => W
            [1] => V
            [2] => M
            [3] => F
            [4] => D
            [5] => K
            [6] => G
            [7] => R
            [8] => O
        )

    [end_date_day] => 27
    [closing_column] => DAY_27_CLOSING
    [end_date_month] => 2026-02
    [stock_filter] => > 0
    [daily_stock_table] => tbldailystock_1
    [table_suffix] => 
    [current_month] => 2026-02
    [has_restrictions] => 1
    [available_dates] => Array
        (
        )

    [unavailable_dates] => Array
        (
            [0] => 2026-02-27
        )

    [dry_dates] => Array
        (
        )

    [latest_global_sale] => 2026-02-27
)

[2026-02-27 12:25:24] [INFO] === PAGE ACCESS ===
[2026-02-27 12:25:24] [INFO] Request method: GET
[2026-02-27 12:25:24] [INFO] Search term: ''
[2026-02-27 12:25:24] [INFO] Current session ID: 8jjmt7q9ff4e2nhtehdoegka3g
[2026-02-27 12:25:25] [INFO] Final session quantities count: 50
[2026-02-27 12:25:25] [INFO] Items in current view: 50
[2026-02-27 12:25:25] [INFO] Sales Page Load Debug Info:
Array
(
    [total_items] => 94
    [current_page] => 1
    [total_pages] => 2
    [session_quantities_count] => 50
    [post_quantities_count] => 0
    [date_range] => 2026-02-27 to 2026-02-27
    [days_count] => 1
    [user_id] => 1
    [comp_id] => 1
    [license_type] => FL-II
    [allowed_classes] => Array
        (
            [0] => W
            [1] => V
            [2] => M
            [3] => F
            [4] => D
            [5] => K
            [6] => G
            [7] => R
            [8] => O
        )

    [end_date_day] => 27
    [closing_column] => DAY_27_CLOSING
    [end_date_month] => 2026-02
    [stock_filter] => > 0
    [daily_stock_table] => tbldailystock_1
    [table_suffix] => 
    [current_month] => 2026-02
    [has_restrictions] => 
    [available_dates] => Array
        (
            [0] => 2026-02-27
        )

    [unavailable_dates] => Array
        (
        )

    [dry_dates] => Array
        (
        )

    [latest_global_sale] => 
)

[2026-02-27 12:25:31] [INFO] === PAGE ACCESS ===
[2026-02-27 12:25:31] [INFO] Request method: GET
[2026-02-27 12:25:31] [INFO] Search term: ''
[2026-02-27 12:25:31] [INFO] Current session ID: 8jjmt7q9ff4e2nhtehdoegka3g
[2026-02-27 12:25:31] [INFO] GLOBAL CHECK: Latest existing sale: 2026-02-27
[2026-02-27 12:25:31] [INFO] Available dates: 
[2026-02-27 12:25:31] [INFO] Unavailable dates (has existing sales): 2026-02-27
[2026-02-27 12:25:31] [INFO] Final session quantities count: 0
[2026-02-27 12:25:31] [INFO] Items in current view: 50
[2026-02-27 12:25:31] [INFO] Sales Page Load Debug Info:
Array
(
    [total_items] => 94
    [current_page] => 1
    [total_pages] => 2
    [session_quantities_count] => 0
    [post_quantities_count] => 0
    [date_range] => 2026-02-27 to 2026-02-27
    [days_count] => 1
    [user_id] => 1
    [comp_id] => 1
    [license_type] => FL-II
    [allowed_classes] => Array
        (
            [0] => W
            [1] => V
            [2] => M
            [3] => F
            [4] => D
            [5] => K
            [6] => G
            [7] => R
            [8] => O
        )

    [end_date_day] => 27
    [closing_column] => DAY_27_CLOSING
    [end_date_month] => 2026-02
    [stock_filter] => > 0
    [daily_stock_table] => tbldailystock_1
    [table_suffix] => 
    [current_month] => 2026-02
    [has_restrictions] => 1
    [available_dates] => Array
        (
        )

    [unavailable_dates] => Array
        (
            [0] => 2026-02-27
        )

    [dry_dates] => Array
        (
        )

    [latest_global_sale] => 2026-02-27
)

[2026-02-27 12:28:28] [INFO] === PAGE ACCESS ===
[2026-02-27 12:28:28] [INFO] Request method: GET
[2026-02-27 12:28:28] [INFO] Search term: ''
[2026-02-27 12:28:28] [INFO] Current session ID: 8jjmt7q9ff4e2nhtehdoegka3g
[2026-02-27 12:28:29] [INFO] GLOBAL CHECK: Latest existing sale: 2026-02-27
[2026-02-27 12:28:29] [INFO] Available dates: 
[2026-02-27 12:28:29] [INFO] Unavailable dates (has existing sales): 2026-02-27
[2026-02-27 12:28:29] [INFO] Final session quantities count: 0
[2026-02-27 12:28:29] [INFO] Items in current view: 50
[2026-02-27 12:28:29] [INFO] Sales Page Load Debug Info:
Array
(
    [total_items] => 94
    [current_page] => 1
    [total_pages] => 2
    [session_quantities_count] => 0
    [post_quantities_count] => 0
    [date_range] => 2026-02-27 to 2026-02-27
    [days_count] => 1
    [user_id] => 1
    [comp_id] => 1
    [license_type] => FL-II
    [allowed_classes] => Array
        (
            [0] => W
            [1] => V
            [2] => M
            [3] => F
            [4] => D
            [5] => K
            [6] => G
            [7] => R
            [8] => O
        )

    [end_date_day] => 27
    [closing_column] => DAY_27_CLOSING
    [end_date_month] => 2026-02
    [stock_filter] => > 0
    [daily_stock_table] => tbldailystock_1
    [table_suffix] => 
    [current_month] => 2026-02
    [has_restrictions] => 1
    [available_dates] => Array
        (
        )

    [unavailable_dates] => Array
        (
            [0] => 2026-02-27
        )

    [dry_dates] => Array
        (
        )

    [latest_global_sale] => 2026-02-27
)

[2026-02-27 12:34:55] [INFO] === PAGE ACCESS ===
[2026-02-27 12:34:55] [INFO] Request method: GET
[2026-02-27 12:34:55] [INFO] Search term: ''
[2026-02-27 12:34:55] [INFO] Current session ID: 8jjmt7q9ff4e2nhtehdoegka3g
[2026-02-27 12:34:55] [INFO] Final session quantities count: 0
[2026-02-27 12:34:55] [INFO] Items in current view: 50
[2026-02-27 12:34:56] [INFO] Sales Page Load Debug Info:
Array
(
    [total_items] => 94
    [current_page] => 1
    [total_pages] => 2
    [session_quantities_count] => 0
    [post_quantities_count] => 0
    [date_range] => 2026-02-27 to 2026-02-27
    [days_count] => 1
    [user_id] => 1
    [comp_id] => 1
    [license_type] => FL-II
    [allowed_classes] => Array
        (
            [0] => W
            [1] => V
            [2] => M
            [3] => F
            [4] => D
            [5] => K
            [6] => G
            [7] => R
            [8] => O
        )

    [end_date_day] => 27
    [closing_column] => DAY_27_CLOSING
    [end_date_month] => 2026-02
    [stock_filter] => > 0
    [daily_stock_table] => tbldailystock_1
    [table_suffix] => 
    [current_month] => 2026-02
    [has_restrictions] => 
    [available_dates] => Array
        (
            [0] => 2026-02-27
        )

    [unavailable_dates] => Array
        (
        )

    [dry_dates] => Array
        (
        )

    [latest_global_sale] => 
)

[2026-02-27 12:35:00] [INFO] === PAGE ACCESS ===
[2026-02-27 12:35:00] [INFO] Request method: GET
[2026-02-27 12:35:00] [INFO] Search term: ''
[2026-02-27 12:35:00] [INFO] Current session ID: 8jjmt7q9ff4e2nhtehdoegka3g
[2026-02-27 12:35:00] [INFO] Final session quantities count: 0
[2026-02-27 12:35:00] [INFO] Items in current view: 50
[2026-02-27 12:35:00] [INFO] Sales Page Load Debug Info:
Array
(
    [total_items] => 94
    [current_page] => 1
    [total_pages] => 2
    [session_quantities_count] => 0
    [post_quantities_count] => 0
    [date_range] => 2026-02-27 to 2026-02-27
    [days_count] => 1
    [user_id] => 1
    [comp_id] => 1
    [license_type] => FL-II
    [allowed_classes] => Array
        (
            [0] => W
            [1] => V
            [2] => M
            [3] => F
            [4] => D
            [5] => K
            [6] => G
            [7] => R
            [8] => O
        )

    [end_date_day] => 27
    [closing_column] => DAY_27_CLOSING
    [end_date_month] => 2026-02
    [stock_filter] => > 0
    [daily_stock_table] => tbldailystock_1
    [table_suffix] => 
    [current_month] => 2026-02
    [has_restrictions] => 
    [available_dates] => Array
        (
            [0] => 2026-02-27
        )

    [unavailable_dates] => Array
        (
        )

    [dry_dates] => Array
        (
        )

    [latest_global_sale] => 
)

[2026-02-27 12:35:11] [INFO] === PAGE ACCESS ===
[2026-02-27 12:35:11] [INFO] Request method: GET
[2026-02-27 12:35:11] [INFO] Search term: ''
[2026-02-27 12:35:11] [INFO] Current session ID: 8jjmt7q9ff4e2nhtehdoegka3g
[2026-02-27 12:35:11] [INFO] Final session quantities count: 0
[2026-02-27 12:35:11] [INFO] Items in current view: 50
[2026-02-27 12:35:11] [INFO] Sales Page Load Debug Info:
Array
(
    [total_items] => 94
    [current_page] => 1
    [total_pages] => 2
    [session_quantities_count] => 0
    [post_quantities_count] => 0
    [date_range] => 2026-02-26 to 2026-02-26
    [days_count] => 1
    [user_id] => 1
    [comp_id] => 1
    [license_type] => FL-II
    [allowed_classes] => Array
        (
            [0] => W
            [1] => V
            [2] => M
            [3] => F
            [4] => D
            [5] => K
            [6] => G
            [7] => R
            [8] => O
        )

    [end_date_day] => 26
    [closing_column] => DAY_26_CLOSING
    [end_date_month] => 2026-02
    [stock_filter] => > 0
    [daily_stock_table] => tbldailystock_1
    [table_suffix] => 
    [current_month] => 2026-02
    [has_restrictions] => 
    [available_dates] => Array
        (
            [0] => 2026-02-26
        )

    [unavailable_dates] => Array
        (
        )

    [dry_dates] => Array
        (
        )

    [latest_global_sale] => 
)

[2026-02-27 12:35:14] [INFO] Session quantity updated: SCMPL0010694 = 46
[2026-02-27 12:35:14] [INFO] Session quantity updated: SCMPL0010694 = 46
[2026-02-27 12:35:15] [INFO] Session quantity updated: SCMPL0010694 = 46
[2026-02-27 12:35:15] [INFO] Session quantity updated: SCMPL0010694 = 46
[2026-02-27 12:35:29] [INFO] === PAGE ACCESS ===
[2026-02-27 12:35:29] [INFO] Request method: GET
[2026-02-27 12:35:29] [INFO] Search term: ''
[2026-02-27 12:35:29] [INFO] Current session ID: 8jjmt7q9ff4e2nhtehdoegka3g
[2026-02-27 12:35:29] [INFO] Final session quantities count: 1
[2026-02-27 12:35:29] [INFO] Items in current view: 50
[2026-02-27 12:35:29] [INFO] Sales Page Load Debug Info:
Array
(
    [total_items] => 94
    [current_page] => 1
    [total_pages] => 2
    [session_quantities_count] => 1
    [post_quantities_count] => 0
    [date_range] => 2026-02-27 to 2026-02-27
    [days_count] => 1
    [user_id] => 1
    [comp_id] => 1
    [license_type] => FL-II
    [allowed_classes] => Array
        (
            [0] => W
            [1] => V
            [2] => M
            [3] => F
            [4] => D
            [5] => K
            [6] => G
            [7] => R
            [8] => O
        )

    [end_date_day] => 27
    [closing_column] => DAY_27_CLOSING
    [end_date_month] => 2026-02
    [stock_filter] => > 0
    [daily_stock_table] => tbldailystock_1
    [table_suffix] => 
    [current_month] => 2026-02
    [has_restrictions] => 
    [available_dates] => Array
        (
            [0] => 2026-02-27
        )

    [unavailable_dates] => Array
        (
        )

    [dry_dates] => Array
        (
        )

    [latest_global_sale] => 
)

[2026-02-27 12:35:40] [INFO] === PAGE ACCESS ===
[2026-02-27 12:35:40] [INFO] Request method: GET
[2026-02-27 12:35:40] [INFO] Search term: ''
[2026-02-27 12:35:40] [INFO] Current session ID: 8jjmt7q9ff4e2nhtehdoegka3g
[2026-02-27 12:35:40] [INFO] GLOBAL CHECK: Latest existing sale: 2026-02-26
[2026-02-27 12:35:40] [INFO] Available dates: 
[2026-02-27 12:35:40] [INFO] Unavailable dates (has existing sales): 2026-02-26
[2026-02-27 12:35:40] [INFO] Final session quantities count: 1
[2026-02-27 12:35:40] [INFO] Items in current view: 50
[2026-02-27 12:35:40] [INFO] Sales Page Load Debug Info:
Array
(
    [total_items] => 94
    [current_page] => 1
    [total_pages] => 2
    [session_quantities_count] => 1
    [post_quantities_count] => 0
    [date_range] => 2026-02-26 to 2026-02-26
    [days_count] => 1
    [user_id] => 1
    [comp_id] => 1
    [license_type] => FL-II
    [allowed_classes] => Array
        (
            [0] => W
            [1] => V
            [2] => M
            [3] => F
            [4] => D
            [5] => K
            [6] => G
            [7] => R
            [8] => O
        )

    [end_date_day] => 26
    [closing_column] => DAY_26_CLOSING
    [end_date_month] => 2026-02
    [stock_filter] => > 0
    [daily_stock_table] => tbldailystock_1
    [table_suffix] => 
    [current_month] => 2026-02
    [has_restrictions] => 1
    [available_dates] => Array
        (
        )

    [unavailable_dates] => Array
        (
            [0] => 2026-02-26
        )

    [dry_dates] => Array
        (
        )

    [latest_global_sale] => 2026-02-26
)

[2026-02-27 12:35:47] [INFO] === PAGE ACCESS ===
[2026-02-27 12:35:47] [INFO] Request method: GET
[2026-02-27 12:35:47] [INFO] Search term: ''
[2026-02-27 12:35:47] [INFO] Current session ID: 8jjmt7q9ff4e2nhtehdoegka3g
[2026-02-27 12:35:47] [INFO] Final session quantities count: 1
[2026-02-27 12:35:47] [INFO] Items in current view: 50
[2026-02-27 12:35:47] [INFO] Sales Page Load Debug Info:
Array
(
    [total_items] => 94
    [current_page] => 1
    [total_pages] => 2
    [session_quantities_count] => 1
    [post_quantities_count] => 0
    [date_range] => 2026-02-27 to 2026-02-27
    [days_count] => 1
    [user_id] => 1
    [comp_id] => 1
    [license_type] => FL-II
    [allowed_classes] => Array
        (
            [0] => W
            [1] => V
            [2] => M
            [3] => F
            [4] => D
            [5] => K
            [6] => G
            [7] => R
            [8] => O
        )

    [end_date_day] => 27
    [closing_column] => DAY_27_CLOSING
    [end_date_month] => 2026-02
    [stock_filter] => > 0
    [daily_stock_table] => tbldailystock_1
    [table_suffix] => 
    [current_month] => 2026-02
    [has_restrictions] => 
    [available_dates] => Array
        (
            [0] => 2026-02-27
        )

    [unavailable_dates] => Array
        (
        )

    [dry_dates] => Array
        (
        )

    [latest_global_sale] => 
)

[2026-02-27 12:36:11] [INFO] === PAGE ACCESS ===
[2026-02-27 12:36:11] [INFO] Request method: GET
[2026-02-27 12:36:11] [INFO] Search term: ''
[2026-02-27 12:36:11] [INFO] Current session ID: 8jjmt7q9ff4e2nhtehdoegka3g
[2026-02-27 12:36:11] [INFO] Final session quantities count: 1
[2026-02-27 12:36:11] [INFO] Items in current view: 50
[2026-02-27 12:36:11] [INFO] Sales Page Load Debug Info:
Array
(
    [total_items] => 94
    [current_page] => 1
    [total_pages] => 2
    [session_quantities_count] => 1
    [post_quantities_count] => 0
    [date_range] => 2026-02-27 to 2026-02-27
    [days_count] => 1
    [user_id] => 1
    [comp_id] => 1
    [license_type] => FL-II
    [allowed_classes] => Array
        (
            [0] => W
            [1] => V
            [2] => M
            [3] => F
            [4] => D
            [5] => K
            [6] => G
            [7] => R
            [8] => O
        )

    [end_date_day] => 27
    [closing_column] => DAY_27_CLOSING
    [end_date_month] => 2026-02
    [stock_filter] => > 0
    [daily_stock_table] => tbldailystock_1
    [table_suffix] => 
    [current_month] => 2026-02
    [has_restrictions] => 
    [available_dates] => Array
        (
            [0] => 2026-02-27
        )

    [unavailable_dates] => Array
        (
        )

    [dry_dates] => Array
        (
        )

    [latest_global_sale] => 
)

[2026-02-27 12:36:17] [INFO] === PAGE ACCESS ===
[2026-02-27 12:36:17] [INFO] Request method: GET
[2026-02-27 12:36:17] [INFO] Search term: ''
[2026-02-27 12:36:17] [INFO] Current session ID: 8jjmt7q9ff4e2nhtehdoegka3g
[2026-02-27 12:36:17] [INFO] Final session quantities count: 1
[2026-02-27 12:36:17] [INFO] Items in current view: 50
[2026-02-27 12:36:17] [INFO] Sales Page Load Debug Info:
Array
(
    [total_items] => 94
    [current_page] => 1
    [total_pages] => 2
    [session_quantities_count] => 1
    [post_quantities_count] => 0
    [date_range] => 2026-02-27 to 2026-02-27
    [days_count] => 1
    [user_id] => 1
    [comp_id] => 1
    [license_type] => FL-II
    [allowed_classes] => Array
        (
            [0] => W
            [1] => V
            [2] => M
            [3] => F
            [4] => D
            [5] => K
            [6] => G
            [7] => R
            [8] => O
        )

    [end_date_day] => 27
    [closing_column] => DAY_27_CLOSING
    [end_date_month] => 2026-02
    [stock_filter] => > 0
    [daily_stock_table] => tbldailystock_1
    [table_suffix] => 
    [current_month] => 2026-02
    [has_restrictions] => 
    [available_dates] => Array
        (
            [0] => 2026-02-27
        )

    [unavailable_dates] => Array
        (
        )

    [dry_dates] => Array
        (
        )

    [latest_global_sale] => 
)

[2026-02-27 12:36:49] [INFO] === PAGE ACCESS ===
[2026-02-27 12:36:49] [INFO] Request method: GET
[2026-02-27 12:36:49] [INFO] Search term: ''
[2026-02-27 12:36:49] [INFO] Current session ID: 8jjmt7q9ff4e2nhtehdoegka3g
[2026-02-27 12:36:50] [INFO] GLOBAL CHECK: Latest existing sale: 2026-02-27
[2026-02-27 12:36:50] [INFO] Available dates: 
[2026-02-27 12:36:50] [INFO] Unavailable dates (has existing sales): 2026-02-27
[2026-02-27 12:36:50] [INFO] Final session quantities count: 1
[2026-02-27 12:36:50] [INFO] Items in current view: 50
[2026-02-27 12:36:50] [INFO] Sales Page Load Debug Info:
Array
(
    [total_items] => 94
    [current_page] => 1
    [total_pages] => 2
    [session_quantities_count] => 1
    [post_quantities_count] => 0
    [date_range] => 2026-02-27 to 2026-02-27
    [days_count] => 1
    [user_id] => 1
    [comp_id] => 1
    [license_type] => FL-II
    [allowed_classes] => Array
        (
            [0] => W
            [1] => V
            [2] => M
            [3] => F
            [4] => D
            [5] => K
            [6] => G
            [7] => R
            [8] => O
        )

    [end_date_day] => 27
    [closing_column] => DAY_27_CLOSING
    [end_date_month] => 2026-02
    [stock_filter] => > 0
    [daily_stock_table] => tbldailystock_1
    [table_suffix] => 
    [current_month] => 2026-02
    [has_restrictions] => 1
    [available_dates] => Array
        (
        )

    [unavailable_dates] => Array
        (
            [0] => 2026-02-27
        )

    [dry_dates] => Array
        (
        )

    [latest_global_sale] => 2026-02-27
)

[2026-02-27 12:37:52] [INFO] === PAGE ACCESS ===
[2026-02-27 12:37:52] [INFO] Request method: GET
[2026-02-27 12:37:52] [INFO] Search term: ''
[2026-02-27 12:37:52] [INFO] Current session ID: 8jjmt7q9ff4e2nhtehdoegka3g
[2026-02-27 12:37:52] [INFO] Final session quantities count: 1
[2026-02-27 12:37:52] [INFO] Items in current view: 50
[2026-02-27 12:37:52] [INFO] Sales Page Load Debug Info:
Array
(
    [total_items] => 94
    [current_page] => 1
    [total_pages] => 2
    [session_quantities_count] => 1
    [post_quantities_count] => 0
    [date_range] => 2026-02-27 to 2026-02-27
    [days_count] => 1
    [user_id] => 1
    [comp_id] => 1
    [license_type] => FL-II
    [allowed_classes] => Array
        (
            [0] => W
            [1] => V
            [2] => M
            [3] => F
            [4] => D
            [5] => K
            [6] => G
            [7] => R
            [8] => O
        )

    [end_date_day] => 27
    [closing_column] => DAY_27_CLOSING
    [end_date_month] => 2026-02
    [stock_filter] => > 0
    [daily_stock_table] => tbldailystock_1
    [table_suffix] => 
    [current_month] => 2026-02
    [has_restrictions] => 
    [available_dates] => Array
        (
            [0] => 2026-02-27
        )

    [unavailable_dates] => Array
        (
        )

    [dry_dates] => Array
        (
        )

    [latest_global_sale] => 
)

[2026-02-27 12:38:02] [INFO] === PAGE ACCESS ===
[2026-02-27 12:38:02] [INFO] Request method: GET
[2026-02-27 12:38:02] [INFO] Search term: ''
[2026-02-27 12:38:02] [INFO] Current session ID: 8jjmt7q9ff4e2nhtehdoegka3g
[2026-02-27 12:38:02] [INFO] Final session quantities count: 1
[2026-02-27 12:38:02] [INFO] Items in current view: 50
[2026-02-27 12:38:02] [INFO] Sales Page Load Debug Info:
Array
(
    [total_items] => 94
    [current_page] => 1
    [total_pages] => 2
    [session_quantities_count] => 1
    [post_quantities_count] => 0
    [date_range] => 2026-02-26 to 2026-02-26
    [days_count] => 1
    [user_id] => 1
    [comp_id] => 1
    [license_type] => FL-II
    [allowed_classes] => Array
        (
            [0] => W
            [1] => V
            [2] => M
            [3] => F
            [4] => D
            [5] => K
            [6] => G
            [7] => R
            [8] => O
        )

    [end_date_day] => 26
    [closing_column] => DAY_26_CLOSING
    [end_date_month] => 2026-02
    [stock_filter] => > 0
    [daily_stock_table] => tbldailystock_1
    [table_suffix] => 
    [current_month] => 2026-02
    [has_restrictions] => 
    [available_dates] => Array
        (
            [0] => 2026-02-26
        )

    [unavailable_dates] => Array
        (
        )

    [dry_dates] => Array
        (
        )

    [latest_global_sale] => 
)

[2026-02-27 12:38:07] [INFO] === PAGE ACCESS ===
[2026-02-27 12:38:07] [INFO] Request method: GET
[2026-02-27 12:38:07] [INFO] Search term: ''
[2026-02-27 12:38:07] [INFO] Current session ID: 8jjmt7q9ff4e2nhtehdoegka3g
[2026-02-27 12:38:07] [INFO] GLOBAL CHECK: Latest existing sale: 2026-02-26
[2026-02-27 12:38:07] [INFO] Available dates: 
[2026-02-27 12:38:07] [INFO] Unavailable dates (has existing sales): 2026-02-26
[2026-02-27 12:38:07] [INFO] Final session quantities count: 0
[2026-02-27 12:38:07] [INFO] Items in current view: 50
[2026-02-27 12:38:07] [INFO] Sales Page Load Debug Info:
Array
(
    [total_items] => 94
    [current_page] => 1
    [total_pages] => 2
    [session_quantities_count] => 0
    [post_quantities_count] => 0
    [date_range] => 2026-02-26 to 2026-02-26
    [days_count] => 1
    [user_id] => 1
    [comp_id] => 1
    [license_type] => FL-II
    [allowed_classes] => Array
        (
            [0] => W
            [1] => V
            [2] => M
            [3] => F
            [4] => D
            [5] => K
            [6] => G
            [7] => R
            [8] => O
        )

    [end_date_day] => 26
    [closing_column] => DAY_26_CLOSING
    [end_date_month] => 2026-02
    [stock_filter] => > 0
    [daily_stock_table] => tbldailystock_1
    [table_suffix] => 
    [current_month] => 2026-02
    [has_restrictions] => 1
    [available_dates] => Array
        (
        )

    [unavailable_dates] => Array
        (
            [0] => 2026-02-26
        )

    [dry_dates] => Array
        (
        )

    [latest_global_sale] => 2026-02-26
)

[2026-02-27 12:38:10] [INFO] === PAGE ACCESS ===
[2026-02-27 12:38:10] [INFO] Request method: GET
[2026-02-27 12:38:10] [INFO] Search term: ''
[2026-02-27 12:38:10] [INFO] Current session ID: 8jjmt7q9ff4e2nhtehdoegka3g
[2026-02-27 12:38:10] [INFO] Final session quantities count: 0
[2026-02-27 12:38:10] [INFO] Items in current view: 50
[2026-02-27 12:38:10] [INFO] Sales Page Load Debug Info:
Array
(
    [total_items] => 94
    [current_page] => 1
    [total_pages] => 2
    [session_quantities_count] => 0
    [post_quantities_count] => 0
    [date_range] => 2026-02-27 to 2026-02-27
    [days_count] => 1
    [user_id] => 1
    [comp_id] => 1
    [license_type] => FL-II
    [allowed_classes] => Array
        (
            [0] => W
            [1] => V
            [2] => M
            [3] => F
            [4] => D
            [5] => K
            [6] => G
            [7] => R
            [8] => O
        )

    [end_date_day] => 27
    [closing_column] => DAY_27_CLOSING
    [end_date_month] => 2026-02
    [stock_filter] => > 0
    [daily_stock_table] => tbldailystock_1
    [table_suffix] => 
    [current_month] => 2026-02
    [has_restrictions] => 
    [available_dates] => Array
        (
            [0] => 2026-02-27
        )

    [unavailable_dates] => Array
        (
        )

    [dry_dates] => Array
        (
        )

    [latest_global_sale] => 
)

[2026-02-27 12:54:32] [INFO] Session quantity updated: SCMPL0010694 = 0
[2026-02-27 12:54:32] [INFO] Session quantity updated: SCMPL0010694 = 0
[2026-02-27 12:54:33] [INFO] Session quantity updated: SCMPL0010694 = 0
[2026-02-27 12:54:33] [INFO] Session quantity updated: SCMPL0010694 = 0
[2026-02-27 12:54:34] [INFO] Session quantity updated: SCMPL0010694 = 0
[2026-02-27 12:54:34] [INFO] Session quantity updated: SCMPL0010694 = 0
[2026-02-27 12:54:34] [INFO] Session quantity updated: SCMPL0010694 = 4
[2026-02-27 12:54:35] [INFO] Session quantity updated: SCMPL0010694 = 46
[2026-02-27 12:54:35] [INFO] Session quantity updated: SCMPL0010694 = 46
[2026-02-27 12:54:35] [INFO] Session quantity updated: SCMPL0010694 = 46
[2026-02-27 12:54:37] [INFO] Session quantity updated: SCMPL0010694 = 46
[2026-02-27 12:54:38] [INFO] === PAGE ACCESS ===
[2026-02-27 12:54:38] [INFO] Request method: GET
[2026-02-27 12:54:38] [INFO] Search term: ''
[2026-02-27 12:54:38] [INFO] Current session ID: 8jjmt7q9ff4e2nhtehdoegka3g
[2026-02-27 12:54:39] [INFO] GLOBAL CHECK: Latest existing sale: 2026-02-27
[2026-02-27 12:54:39] [INFO] Available dates: 
[2026-02-27 12:54:39] [INFO] Unavailable dates (has existing sales): 2026-02-27
[2026-02-27 12:54:39] [INFO] Final session quantities count: 0
[2026-02-27 12:54:39] [INFO] Items in current view: 50
[2026-02-27 12:54:39] [INFO] Sales Page Load Debug Info:
Array
(
    [total_items] => 94
    [current_page] => 1
    [total_pages] => 2
    [session_quantities_count] => 0
    [post_quantities_count] => 0
    [date_range] => 2026-02-27 to 2026-02-27
    [days_count] => 1
    [user_id] => 1
    [comp_id] => 1
    [license_type] => FL-II
    [allowed_classes] => Array
        (
            [0] => W
            [1] => V
            [2] => M
            [3] => F
            [4] => D
            [5] => K
            [6] => G
            [7] => R
            [8] => O
        )

    [end_date_day] => 27
    [closing_column] => DAY_27_CLOSING
    [end_date_month] => 2026-02
    [stock_filter] => > 0
    [daily_stock_table] => tbldailystock_1
    [table_suffix] => 
    [current_month] => 2026-02
    [has_restrictions] => 1
    [available_dates] => Array
        (
        )

    [unavailable_dates] => Array
        (
            [0] => 2026-02-27
        )

    [dry_dates] => Array
        (
        )

    [latest_global_sale] => 2026-02-27
)

[2026-02-27 13:22:30] [INFO] === PAGE ACCESS ===
[2026-02-27 13:22:30] [INFO] Request method: GET
[2026-02-27 13:22:30] [INFO] Search term: ''
[2026-02-27 13:22:30] [INFO] Current session ID: 8jjmt7q9ff4e2nhtehdoegka3g
[2026-02-27 13:22:30] [INFO] Final session quantities count: 0
[2026-02-27 13:22:30] [INFO] Items in current view: 50
[2026-02-27 13:22:30] [INFO] Sales Page Load Debug Info:
Array
(
    [total_items] => 94
    [current_page] => 1
    [total_pages] => 2
    [session_quantities_count] => 0
    [post_quantities_count] => 0
    [date_range] => 2026-02-27 to 2026-02-27
    [days_count] => 1
    [user_id] => 1
    [comp_id] => 1
    [license_type] => FL-II
    [allowed_classes] => Array
        (
            [0] => W
            [1] => V
            [2] => M
            [3] => F
            [4] => D
            [5] => K
            [6] => G
            [7] => R
            [8] => O
        )

    [end_date_day] => 27
    [closing_column] => DAY_27_CLOSING
    [end_date_month] => 2026-02
    [stock_filter] => > 0
    [daily_stock_table] => tbldailystock_1
    [table_suffix] => 
    [current_month] => 2026-02
    [has_restrictions] => 
    [available_dates] => Array
        (
            [0] => 2026-02-27
        )

    [unavailable_dates] => Array
        (
        )

    [dry_dates] => Array
        (
        )

    [latest_global_sale] => 
)

[2026-02-27 13:22:32] [INFO] === PAGE ACCESS ===
[2026-02-27 13:22:32] [INFO] Request method: GET
[2026-02-27 13:22:32] [INFO] Search term: ''
[2026-02-27 13:22:32] [INFO] Current session ID: 8jjmt7q9ff4e2nhtehdoegka3g
[2026-02-27 13:22:33] [INFO] Final session quantities count: 0
[2026-02-27 13:22:33] [INFO] Items in current view: 50
[2026-02-27 13:22:33] [INFO] Sales Page Load Debug Info:
Array
(
    [total_items] => 94
    [current_page] => 1
    [total_pages] => 2
    [session_quantities_count] => 0
    [post_quantities_count] => 0
    [date_range] => 2026-02-27 to 2026-02-27
    [days_count] => 1
    [user_id] => 1
    [comp_id] => 1
    [license_type] => FL-II
    [allowed_classes] => Array
        (
            [0] => W
            [1] => V
            [2] => M
            [3] => F
            [4] => D
            [5] => K
            [6] => G
            [7] => R
            [8] => O
        )

    [end_date_day] => 27
    [closing_column] => DAY_27_CLOSING
    [end_date_month] => 2026-02
    [stock_filter] => > 0
    [daily_stock_table] => tbldailystock_1
    [table_suffix] => 
    [current_month] => 2026-02
    [has_restrictions] => 
    [available_dates] => Array
        (
            [0] => 2026-02-27
        )

    [unavailable_dates] => Array
        (
        )

    [dry_dates] => Array
        (
        )

    [latest_global_sale] => 
)

[2026-02-27 13:22:36] [INFO] Session quantity updated: SCMPL0010694 = 0
[2026-02-27 13:22:36] [INFO] Session quantity updated: SCMPL0010694 = 0
[2026-02-27 13:22:37] [INFO] Session quantity updated: SCMPL0010694 = 3
[2026-02-27 13:22:37] [INFO] Session quantity updated: SCMPL0010694 = 3
[2026-02-27 13:22:37] [INFO] Session quantity updated: SCMPL0010694 = 33
[2026-02-27 13:22:37] [INFO] Session quantity updated: SCMPL0010694 = 33
[2026-02-27 13:22:42] [INFO] Starting daily stock update for item SCMPL0010694 sold on 2026-02-27 (Qty: 5)
[2026-02-27 13:22:42] [INFO] Recalculating stock from day 27 for item SCMPL0010694 in 2026-02 in table tbldailystock_1
[2026-02-27 13:22:42] [DEBUG] Day 27: Opening=46, Purchase=0, Sales=5, Closing=41
[2026-02-27 13:22:43] [DEBUG] Day 28: Opening=41, Purchase=0, Sales=0, Closing=41
[2026-02-27 13:22:43] [INFO] Completed recalculating stock for 2026-02 from day 27
[2026-02-27 13:22:43] [INFO] Starting cascading to current month for item SCMPL0010694 sold on 2026-02-27
[2026-02-27 13:22:43] [INFO] Daily stock updated successfully for item SCMPL0010694 on 2026-02-27 in table tbldailystock_1: Sales=5, Closing=41
[2026-02-27 13:22:43] [INFO] Starting daily stock update for item SCMPL0010694 sold on 2026-02-27 (Qty: 5)
[2026-02-27 13:22:43] [INFO] Recalculating stock from day 27 for item SCMPL0010694 in 2026-02 in table tbldailystock_1
[2026-02-27 13:22:43] [DEBUG] Day 27: Opening=46, Purchase=0, Sales=10, Closing=36
[2026-02-27 13:22:43] [DEBUG] Day 28: Opening=36, Purchase=0, Sales=0, Closing=36
[2026-02-27 13:22:43] [INFO] Completed recalculating stock for 2026-02 from day 27
[2026-02-27 13:22:43] [INFO] Starting cascading to current month for item SCMPL0010694 sold on 2026-02-27
[2026-02-27 13:22:43] [INFO] Daily stock updated successfully for item SCMPL0010694 on 2026-02-27 in table tbldailystock_1: Sales=10, Closing=36
[2026-02-27 13:22:43] [INFO] Starting daily stock update for item SCMPL0010694 sold on 2026-02-27 (Qty: 5)
[2026-02-27 13:22:43] [INFO] Recalculating stock from day 27 for item SCMPL0010694 in 2026-02 in table tbldailystock_1
[2026-02-27 13:22:43] [DEBUG] Day 27: Opening=46, Purchase=0, Sales=15, Closing=31
[2026-02-27 13:22:43] [DEBUG] Day 28: Opening=31, Purchase=0, Sales=0, Closing=31
[2026-02-27 13:22:43] [INFO] Completed recalculating stock for 2026-02 from day 27
[2026-02-27 13:22:43] [INFO] Starting cascading to current month for item SCMPL0010694 sold on 2026-02-27
[2026-02-27 13:22:43] [INFO] Daily stock updated successfully for item SCMPL0010694 on 2026-02-27 in table tbldailystock_1: Sales=15, Closing=31
[2026-02-27 13:22:43] [INFO] Starting daily stock update for item SCMPL0010694 sold on 2026-02-27 (Qty: 5)
[2026-02-27 13:22:43] [INFO] Recalculating stock from day 27 for item SCMPL0010694 in 2026-02 in table tbldailystock_1
[2026-02-27 13:22:43] [DEBUG] Day 27: Opening=46, Purchase=0, Sales=20, Closing=26
[2026-02-27 13:22:43] [DEBUG] Day 28: Opening=26, Purchase=0, Sales=0, Closing=26
[2026-02-27 13:22:43] [INFO] Completed recalculating stock for 2026-02 from day 27
[2026-02-27 13:22:43] [INFO] Starting cascading to current month for item SCMPL0010694 sold on 2026-02-27
[2026-02-27 13:22:43] [INFO] Daily stock updated successfully for item SCMPL0010694 on 2026-02-27 in table tbldailystock_1: Sales=20, Closing=26
[2026-02-27 13:22:43] [INFO] Starting daily stock update for item SCMPL0010694 sold on 2026-02-27 (Qty: 5)
[2026-02-27 13:22:43] [INFO] Recalculating stock from day 27 for item SCMPL0010694 in 2026-02 in table tbldailystock_1
[2026-02-27 13:22:43] [DEBUG] Day 27: Opening=46, Purchase=0, Sales=25, Closing=21
[2026-02-27 13:22:43] [DEBUG] Day 28: Opening=21, Purchase=0, Sales=0, Closing=21
[2026-02-27 13:22:43] [INFO] Completed recalculating stock for 2026-02 from day 27
[2026-02-27 13:22:43] [INFO] Starting cascading to current month for item SCMPL0010694 sold on 2026-02-27
[2026-02-27 13:22:43] [INFO] Daily stock updated successfully for item SCMPL0010694 on 2026-02-27 in table tbldailystock_1: Sales=25, Closing=21
[2026-02-27 13:22:43] [INFO] Starting daily stock update for item SCMPL0010694 sold on 2026-02-27 (Qty: 5)
[2026-02-27 13:22:43] [INFO] Recalculating stock from day 27 for item SCMPL0010694 in 2026-02 in table tbldailystock_1
[2026-02-27 13:22:43] [DEBUG] Day 27: Opening=46, Purchase=0, Sales=30, Closing=16
[2026-02-27 13:22:43] [DEBUG] Day 28: Opening=16, Purchase=0, Sales=0, Closing=16
[2026-02-27 13:22:43] [INFO] Completed recalculating stock for 2026-02 from day 27
[2026-02-27 13:22:43] [INFO] Starting cascading to current month for item SCMPL0010694 sold on 2026-02-27
[2026-02-27 13:22:43] [INFO] Daily stock updated successfully for item SCMPL0010694 on 2026-02-27 in table tbldailystock_1: Sales=30, Closing=16
[2026-02-27 13:22:43] [INFO] Starting daily stock update for item SCMPL0010694 sold on 2026-02-27 (Qty: 3)
[2026-02-27 13:22:43] [INFO] Recalculating stock from day 27 for item SCMPL0010694 in 2026-02 in table tbldailystock_1
[2026-02-27 13:22:43] [DEBUG] Day 27: Opening=46, Purchase=0, Sales=33, Closing=13
[2026-02-27 13:22:43] [DEBUG] Day 28: Opening=13, Purchase=0, Sales=0, Closing=13
[2026-02-27 13:22:43] [INFO] Completed recalculating stock for 2026-02 from day 27
[2026-02-27 13:22:43] [INFO] Starting cascading to current month for item SCMPL0010694 sold on 2026-02-27
[2026-02-27 13:22:43] [INFO] Daily stock updated successfully for item SCMPL0010694 on 2026-02-27 in table tbldailystock_1: Sales=33, Closing=13
[2026-02-27 13:22:43] [INFO] === PAGE ACCESS ===
[2026-02-27 13:22:43] [INFO] Request method: GET
[2026-02-27 13:22:43] [INFO] Search term: ''
[2026-02-27 13:22:43] [INFO] Current session ID: 8jjmt7q9ff4e2nhtehdoegka3g
[2026-02-27 13:22:43] [INFO] GLOBAL CHECK: Latest existing sale: 2026-02-27
[2026-02-27 13:22:43] [INFO] Available dates: 
[2026-02-27 13:22:43] [INFO] Unavailable dates (has existing sales): 2026-02-27
[2026-02-27 13:22:43] [INFO] Final session quantities count: 0
[2026-02-27 13:22:43] [INFO] Items in current view: 50
[2026-02-27 13:22:43] [INFO] Sales Page Load Debug Info:
Array
(
    [total_items] => 94
    [current_page] => 1
    [total_pages] => 2
    [session_quantities_count] => 0
    [post_quantities_count] => 0
    [date_range] => 2026-02-27 to 2026-02-27
    [days_count] => 1
    [user_id] => 1
    [comp_id] => 1
    [license_type] => FL-II
    [allowed_classes] => Array
        (
            [0] => W
            [1] => V
            [2] => M
            [3] => F
            [4] => D
            [5] => K
            [6] => G
            [7] => R
            [8] => O
        )

    [end_date_day] => 27
    [closing_column] => DAY_27_CLOSING
    [end_date_month] => 2026-02
    [stock_filter] => > 0
    [daily_stock_table] => tbldailystock_1
    [table_suffix] => 
    [current_month] => 2026-02
    [has_restrictions] => 1
    [available_dates] => Array
        (
        )

    [unavailable_dates] => Array
        (
            [0] => 2026-02-27
        )

    [dry_dates] => Array
        (
        )

    [latest_global_sale] => 2026-02-27
)

[2026-02-27 13:23:06] [INFO] === PAGE ACCESS ===
[2026-02-27 13:23:06] [INFO] Request method: GET
[2026-02-27 13:23:06] [INFO] Search term: ''
[2026-02-27 13:23:06] [INFO] Current session ID: 8jjmt7q9ff4e2nhtehdoegka3g
[2026-02-27 13:23:07] [INFO] GLOBAL CHECK: Latest existing sale: 2026-02-27
[2026-02-27 13:23:07] [INFO] Available dates: 
[2026-02-27 13:23:07] [INFO] Unavailable dates (has existing sales): 2026-02-27
[2026-02-27 13:23:07] [INFO] Final session quantities count: 0
[2026-02-27 13:23:07] [INFO] Items in current view: 50
[2026-02-27 13:23:07] [INFO] Sales Page Load Debug Info:
Array
(
    [total_items] => 94
    [current_page] => 1
    [total_pages] => 2
    [session_quantities_count] => 0
    [post_quantities_count] => 0
    [date_range] => 2026-02-27 to 2026-02-27
    [days_count] => 1
    [user_id] => 1
    [comp_id] => 1
    [license_type] => FL-II
    [allowed_classes] => Array
        (
            [0] => W
            [1] => V
            [2] => M
            [3] => F
            [4] => D
            [5] => K
            [6] => G
            [7] => R
            [8] => O
        )

    [end_date_day] => 27
    [closing_column] => DAY_27_CLOSING
    [end_date_month] => 2026-02
    [stock_filter] => > 0
    [daily_stock_table] => tbldailystock_1
    [table_suffix] => 
    [current_month] => 2026-02
    [has_restrictions] => 1
    [available_dates] => Array
        (
        )

    [unavailable_dates] => Array
        (
            [0] => 2026-02-27
        )

    [dry_dates] => Array
        (
        )

    [latest_global_sale] => 2026-02-27
)

[2026-02-27 13:23:25] [INFO] === PAGE ACCESS ===
[2026-02-27 13:23:25] [INFO] Request method: GET
[2026-02-27 13:23:25] [INFO] Search term: ''
[2026-02-27 13:23:25] [INFO] Current session ID: 8jjmt7q9ff4e2nhtehdoegka3g
[2026-02-27 13:23:25] [INFO] Final session quantities count: 0
[2026-02-27 13:23:25] [INFO] Items in current view: 50
[2026-02-27 13:23:25] [INFO] Sales Page Load Debug Info:
Array
(
    [total_items] => 94
    [current_page] => 1
    [total_pages] => 2
    [session_quantities_count] => 0
    [post_quantities_count] => 0
    [date_range] => 2026-02-27 to 2026-02-27
    [days_count] => 1
    [user_id] => 1
    [comp_id] => 1
    [license_type] => FL-II
    [allowed_classes] => Array
        (
            [0] => W
            [1] => V
            [2] => M
            [3] => F
            [4] => D
            [5] => K
            [6] => G
            [7] => R
            [8] => O
        )

    [end_date_day] => 27
    [closing_column] => DAY_27_CLOSING
    [end_date_month] => 2026-02
    [stock_filter] => > 0
    [daily_stock_table] => tbldailystock_1
    [table_suffix] => 
    [current_month] => 2026-02
    [has_restrictions] => 
    [available_dates] => Array
        (
            [0] => 2026-02-27
        )

    [unavailable_dates] => Array
        (
        )

    [dry_dates] => Array
        (
        )

    [latest_global_sale] => 
)

[2026-02-27 13:23:28] [INFO] Session quantity updated: SCMPL0010694 = 0
[2026-02-27 13:23:28] [INFO] Session quantity updated: SCMPL0010694 = 0
[2026-02-27 13:23:29] [INFO] Session quantity updated: SCMPL0010694 = 23
[2026-02-27 13:23:30] [INFO] Session quantity updated: SCMPL0010694 = 46
[2026-02-27 13:23:30] [INFO] Session quantity updated: SCMPL0010694 = 46
[2026-02-27 13:23:31] [INFO] Session quantity updated: SCMPL0010696 = 1
[2026-02-27 13:23:31] [INFO] Session quantity updated: SCMPL0010696 = 1
[2026-02-27 13:23:33] [INFO] Session quantity updated: SCMPL0041500 = 1
[2026-02-27 13:23:33] [INFO] Session quantity updated: SCMPL0041500 = 1
[2026-02-27 13:23:34] [INFO] Session quantity updated: SCMPL0021774 = 32
[2026-02-27 13:23:34] [INFO] Session quantity updated: SCMPL0021774 = 32
[2026-02-27 13:23:35] [INFO] Session quantity updated: SCMPL0041503 = 44
[2026-02-27 13:23:36] [INFO] Session quantity updated: SCMPL0021774 = 32
[2026-02-27 13:23:36] [INFO] Session quantity updated: SCMPL0021774 = 32
[2026-02-27 13:23:38] [INFO] Session quantity updated: SCMKS0018283 = 1
[2026-02-27 13:23:38] [INFO] Session quantity updated: SCMKS0018283 = 1
[2026-02-27 13:23:39] [INFO] Session quantity updated: SCMPL0010619 = 19
[2026-02-27 13:23:40] [INFO] Session quantity updated: SCMKS0026876 = 21
[2026-02-27 13:23:40] [INFO] Session quantity updated: SCMKS0026876 = 21
[2026-02-27 13:23:41] [INFO] Session quantity updated: SCMKS0026876 = 21
[2026-02-27 13:23:41] [INFO] Session quantity updated: SCMKS0026876 = 21
[2026-02-27 13:23:42] [INFO] Session quantity updated: SCMIT0022719 = 10
[2026-02-27 13:23:42] [INFO] Session quantity updated: SCMIT0022719 = 10
[2026-02-27 13:23:43] [INFO] Session quantity updated: SCMIT0022719 = 10
[2026-02-27 13:23:43] [INFO] Session quantity updated: SCMLS0018484 = 1
[2026-02-27 13:23:44] [INFO] Session quantity updated: SCMBR0018137 = 33
[2026-02-27 13:23:44] [INFO] Session quantity updated: SCMBR0018137 = 33
[2026-02-27 13:23:45] [INFO] Session quantity updated: SCMBR0018137 = 33
[2026-02-27 13:23:46] [INFO] Session quantity updated: SCMBR0018137 = 33
[2026-02-27 13:23:47] [INFO] Session quantity updated: SCMBR0018137 = 145
[2026-02-27 13:23:48] [INFO] Session quantity updated: SCMBR0018139 = 71
[2026-02-27 13:23:49] [INFO] Session quantity updated: SCMBR0009735 = 50
[2026-02-27 13:23:49] [INFO] Session quantity updated: SCMBR0009735 = 50
[2026-02-27 13:23:50] [INFO] Session quantity updated: SCMBR0018132 = 90
[2026-02-27 13:23:50] [INFO] Session quantity updated: SCMBR0018132 = 90
[2026-02-27 13:23:51] [INFO] Session quantity updated: SCMBR0018132 = 90
[2026-02-27 13:23:52] [INFO] Session quantity updated: SCMBR0018158 = 30
[2026-02-27 13:23:53] [INFO] Session quantity updated: SCMBR0018159 = 49
[2026-02-27 13:23:53] [INFO] Session quantity updated: SCMBR0018159 = 49
[2026-02-27 13:23:54] [INFO] Session quantity updated: SCMBR0018160 = 71
[2026-02-27 13:23:55] [INFO] Session quantity updated: SCMBR0018963 = 24
[2026-02-27 13:23:56] [INFO] Session quantity updated: SCMPL0030851 = 33
[2026-02-27 13:23:56] [INFO] Session quantity updated: SCMPL0030851 = 33
[2026-02-27 13:23:58] [INFO] Session quantity updated: SCMPL0030851 = 69
[2026-02-27 13:23:59] [INFO] Session quantity updated: SCMPL0009770 = 57
[2026-02-27 13:24:00] [INFO] Session quantity updated: SCMPL0009770 = 57
[2026-02-27 13:24:01] [INFO] Session quantity updated: SCMPL0010445 = 91
[2026-02-27 13:24:01] [INFO] Session quantity updated: SCMPL0010445 = 91
[2026-02-27 13:24:04] [INFO] Session quantity updated: SCMLS0018789 = 1
[2026-02-27 13:24:04] [INFO] Session quantity updated: SCMLS0018789 = 1
[2026-02-27 13:24:07] [INFO] Session quantity updated: SCMLS0030095 = 6
[2026-02-27 13:24:07] [INFO] Session quantity updated: SCMLS0030095 = 6
[2026-02-27 13:24:08] [INFO] Session quantity updated: SCMPL0009821 = 13
[2026-02-27 13:24:08] [INFO] Session quantity updated: SCMPL0009821 = 13
[2026-02-27 13:24:09] [INFO] Session quantity updated: SCMPL0009821 = 13
[2026-02-27 13:24:10] [INFO] Session quantity updated: SCMLW0021031 = 1
[2026-02-27 13:24:11] [INFO] Session quantity updated: SCMIT0019512 = 1
[2026-02-27 13:24:11] [INFO] Session quantity updated: SCMIT0019512 = 1
[2026-02-27 13:24:12] [INFO] Session quantity updated: SCMLS0018798 = 6
[2026-02-27 13:24:12] [INFO] Session quantity updated: SCMLS0018798 = 6
[2026-02-27 13:24:13] [INFO] Session quantity updated: SCMLS0018800 = 1
[2026-02-27 13:24:13] [INFO] Session quantity updated: SCMLS0018800 = 1
[2026-02-27 13:24:14] [INFO] Session quantity updated: SCMBR0018149 = 7
[2026-02-27 13:24:14] [INFO] Session quantity updated: SCMBR0018149 = 7
[2026-02-27 13:24:15] [INFO] Session quantity updated: SCMLS0018823 = 1
[2026-02-27 13:24:15] [INFO] Session quantity updated: SCMBR0018149 = 7
[2026-02-27 13:24:16] [INFO] Session quantity updated: SCMBR0018149 = 7
[2026-02-27 13:24:16] [INFO] Session quantity updated: SCMBR0009846 = 11
[2026-02-27 13:24:17] [INFO] Session quantity updated: SCMBR0009847 = 46
[2026-02-27 13:24:17] [INFO] Session quantity updated: SCMBR0009847 = 46
[2026-02-27 13:24:18] [INFO] Session quantity updated: SCMBR0018627 = 33
[2026-02-27 13:24:21] [INFO] Session quantity updated: SCMPL0030235 = 3
[2026-02-27 13:24:22] [INFO] Session quantity updated: SCMPL0022639 = 122
[2026-02-27 13:24:23] [INFO] Session quantity updated: SCMPL0022639 = 122
[2026-02-27 13:24:23] [INFO] Session quantity updated: SCMPL0030235 = 33
[2026-02-27 13:24:24] [INFO] Session quantity updated: SCMPL0030235 = 33
[2026-02-27 13:24:24] [INFO] Session quantity updated: SCMPL0030235 = 33
[2026-02-27 13:24:25] [INFO] Session quantity updated: SCMPL0030235 = 33
[2026-02-27 13:24:26] [INFO] Session quantity updated: SCMPL0010654 = 12
[2026-02-27 13:24:26] [INFO] Session quantity updated: SCMPL0010654 = 12
[2026-02-27 13:24:28] [INFO] Session quantity updated: SCMPL0030235 = 46
[2026-02-27 13:24:29] [INFO] Session quantity updated: SCMPL0010654 = 3
[2026-02-27 13:24:29] [INFO] Session quantity updated: SCMPL0010654 = 3
[2026-02-27 13:24:29] [INFO] Session quantity updated: SCMPL0010654 = 12
[2026-02-27 13:24:30] [INFO] Session quantity updated: SCMPL0010654 = 12
[2026-02-27 13:24:30] [INFO] Session quantity updated: SCMPL0010655 = 33
[2026-02-27 13:24:31] [INFO] Session quantity updated: SCMPL0010655 = 112
[2026-02-27 13:24:31] [INFO] Session quantity updated: SCMPL0010655 = 112
[2026-02-27 13:24:33] [INFO] Session quantity updated: SCMPL0010655 = 112
[2026-02-27 13:24:33] [INFO] === PAGE ACCESS ===
[2026-02-27 13:24:33] [INFO] Request method: GET
[2026-02-27 13:24:33] [INFO] Search term: ''
[2026-02-27 13:24:33] [INFO] Current session ID: 8jjmt7q9ff4e2nhtehdoegka3g
[2026-02-27 13:24:33] [INFO] Final session quantities count: 37
[2026-02-27 13:24:33] [INFO] Items in current view: 44
[2026-02-27 13:24:33] [INFO] Sales Page Load Debug Info:
Array
(
    [total_items] => 94
    [current_page] => 2
    [total_pages] => 2
    [session_quantities_count] => 37
    [post_quantities_count] => 0
    [date_range] => 2026-02-27 to 2026-02-27
    [days_count] => 1
    [user_id] => 1
    [comp_id] => 1
    [license_type] => FL-II
    [allowed_classes] => Array
        (
            [0] => W
            [1] => V
            [2] => M
            [3] => F
            [4] => D
            [5] => K
            [6] => G
            [7] => R
            [8] => O
        )

    [end_date_day] => 27
    [closing_column] => DAY_27_CLOSING
    [end_date_month] => 2026-02
    [stock_filter] => > 0
    [daily_stock_table] => tbldailystock_1
    [table_suffix] => 
    [current_month] => 2026-02
    [has_restrictions] => 
    [available_dates] => Array
        (
            [0] => 2026-02-27
        )

    [unavailable_dates] => Array
        (
        )

    [dry_dates] => Array
        (
        )

    [latest_global_sale] => 
)

[2026-02-27 13:24:35] [INFO] Session quantity updated: SCMIT0020187 = 15
[2026-02-27 13:24:38] [INFO] Session quantity updated: SCMPL0041865 = 6
[2026-02-27 13:24:40] [INFO] Session quantity updated: SCMPL0031273 = 12
[2026-02-27 13:24:41] [INFO] Session quantity updated: SCMPL0031273 = 12
[2026-02-27 13:24:41] [INFO] Session quantity updated: SCMPL0031273 = 12
[2026-02-27 13:24:41] [INFO] Session quantity updated: SCMKS0023811 = 1
[2026-02-27 13:24:42] [INFO] Session quantity updated: SCMKS0023811 = 1
[2026-02-27 13:24:43] [INFO] Session quantity updated: SCMPL0037373 = 5
[2026-02-27 13:24:44] [INFO] Session quantity updated: SCMPL0041325 = 3
[2026-02-27 13:24:45] [INFO] Session quantity updated: SCMPL0041325 = 38
[2026-02-27 13:24:48] [INFO] Session quantity updated: SCMPL0033029 = 94
[2026-02-27 13:24:48] [INFO] Session quantity updated: SCMPL0033029 = 94
[2026-02-27 13:24:49] [INFO] Session quantity updated: SCMPL0033029 = 94
[2026-02-27 13:24:49] [INFO] Session quantity updated: SCMPL0033029 = 94
[2026-02-27 13:24:50] [INFO] Session quantity updated: SCMPL0011125 = 12
[2026-02-27 13:24:51] [INFO] Session quantity updated: SCMKS0033344 = 26
[2026-02-27 13:24:51] [INFO] Session quantity updated: SCMKS0033344 = 26
[2026-02-27 13:24:52] [INFO] Session quantity updated: SCMKS0033344 = 26
[2026-02-27 13:24:52] [INFO] Session quantity updated: SCMKS0033344 = 26
[2026-02-27 13:24:53] [INFO] Session quantity updated: SCMPL0038226 = 24
[2026-02-27 13:24:53] [INFO] Session quantity updated: SCMPL0038226 = 24
[2026-02-27 13:24:54] [INFO] Session quantity updated: SCMPL0042623 = 50
[2026-02-27 13:24:54] [INFO] Session quantity updated: SCMPL0042623 = 50
[2026-02-27 13:24:55] [INFO] Session quantity updated: SCMPL0042623 = 50
[2026-02-27 13:24:56] [INFO] Session quantity updated: SCMPL0033758 = 36
[2026-02-27 13:24:56] [INFO] Session quantity updated: SCMPL0033758 = 36
[2026-02-27 13:24:56] [INFO] Session quantity updated: SCMKS0041508 = 1
[2026-02-27 13:24:57] [INFO] Session quantity updated: SCMKS0041508 = 1
[2026-02-27 13:24:57] [INFO] Session quantity updated: SCMKS0041508 = 1
[2026-02-27 13:24:58] [INFO] Session quantity updated: SCMPL0027714 = 4
[2026-02-27 13:24:59] [INFO] Session quantity updated: SCMPL0039780 = 14
[2026-02-27 13:25:01] [INFO] Session quantity updated: SCMPL0010095 = 20
[2026-02-27 13:25:01] [INFO] Session quantity updated: SCMPL0010076 = 8
[2026-02-27 13:25:05] [INFO] Session quantity updated: SCMPL0010625 = 5
[2026-02-27 13:25:06] [INFO] Session quantity updated: SCMPL0009968 = 13
[2026-02-27 13:25:07] [INFO] Session quantity updated: SCMWN0019724 = 103
[2026-02-27 13:25:07] [INFO] Session quantity updated: SCMWN0019724 = 103
[2026-02-27 13:25:08] [INFO] Session quantity updated: SCMWN0019724 = 103
[2026-02-27 13:25:08] [INFO] Session quantity updated: SCMWN0019724 = 103
[2026-02-27 13:25:09] [INFO] Session quantity updated: SCMWN0019723 = 6
[2026-02-27 13:25:09] [INFO] Session quantity updated: SCMWN0019723 = 6
[2026-02-27 13:25:10] [INFO] Session quantity updated: SCMWN0019723 = 6
[2026-02-27 13:25:10] [INFO] Session quantity updated: SCMWN0019723 = 6
[2026-02-27 13:25:12] [INFO] Session quantity updated: SCMWN0019689 = 52
[2026-02-27 13:25:13] [INFO] Session quantity updated: SCMWN0019689 = 52
[2026-02-27 13:25:14] [INFO] Session quantity updated: SCMWN0019742 = 36
[2026-02-27 13:25:14] [INFO] Session quantity updated: SCMWN0019742 = 36
[2026-02-27 13:25:15] [INFO] Session quantity updated: SCMLS0029317 = 1
[2026-02-27 13:25:16] [INFO] Session quantity updated: SCMLS0029317 = 1
[2026-02-27 13:25:16] [INFO] Session quantity updated: SCMLS0029317 = 1
[2026-02-27 13:25:17] [INFO] Session quantity updated: SCMLS0040513 = 1
[2026-02-27 13:25:18] [INFO] Session quantity updated: SCMLS0040513 = 1
[2026-02-27 13:25:18] [INFO] Session quantity updated: SCMLS0040513 = 1
[2026-02-27 13:25:19] [INFO] Session quantity updated: SCMBR0018167 = 76
[2026-02-27 13:25:20] [INFO] Session quantity updated: SCMBR0018167 = 76
[2026-02-27 13:25:20] [INFO] Session quantity updated: SCMBR0018157 = 3
[2026-02-27 13:25:20] [INFO] Session quantity updated: SCMBR0018157 = 3
[2026-02-27 13:25:21] [INFO] Session quantity updated: SCMBR0018163 = 92
[2026-02-27 13:25:22] [INFO] Session quantity updated: SCMBR0018163 = 92
[2026-02-27 13:25:24] [INFO] Session quantity updated: SCMBR0018161 = 66
[2026-02-27 13:25:24] [INFO] Session quantity updated: SCMPL0010011 = 11
[2026-02-27 13:25:24] [INFO] Session quantity updated: SCMPL0010011 = 11
[2026-02-27 13:25:25] [INFO] Session quantity updated: SCMPL0010020 = 1
[2026-02-27 13:25:25] [INFO] Session quantity updated: SCMPL0010020 = 1
[2026-02-27 13:25:27] [INFO] === PAGE ACCESS ===
[2026-02-27 13:25:27] [INFO] Request method: GET
[2026-02-27 13:25:27] [INFO] Search term: ''
[2026-02-27 13:25:27] [INFO] Current session ID: 8jjmt7q9ff4e2nhtehdoegka3g
[2026-02-27 13:25:28] [INFO] Final session quantities count: 68
[2026-02-27 13:25:28] [INFO] Items in current view: 44
[2026-02-27 13:25:28] [INFO] Sales Page Load Debug Info:
Array
(
    [total_items] => 94
    [current_page] => 2
    [total_pages] => 2
    [session_quantities_count] => 68
    [post_quantities_count] => 0
    [date_range] => 2026-02-27 to 2026-02-27
    [days_count] => 1
    [user_id] => 1
    [comp_id] => 1
    [license_type] => FL-II
    [allowed_classes] => Array
        (
            [0] => W
            [1] => V
            [2] => M
            [3] => F
            [4] => D
            [5] => K
            [6] => G
            [7] => R
            [8] => O
        )

    [end_date_day] => 27
    [closing_column] => DAY_27_CLOSING
    [end_date_month] => 2026-02
    [stock_filter] => > 0
    [daily_stock_table] => tbldailystock_1
    [table_suffix] => 
    [current_month] => 2026-02
    [has_restrictions] => 
    [available_dates] => Array
        (
            [0] => 2026-02-27
        )

    [unavailable_dates] => Array
        (
        )

    [dry_dates] => Array
        (
        )

    [latest_global_sale] => 
)

[2026-02-27 13:25:31] [INFO] Session quantity updated: SCMBR0018164 = 0
[2026-02-27 13:25:32] [INFO] Session quantity updated: SCMBR0018164 = 128
[2026-02-27 13:25:33] [INFO] Session quantity updated: SCMBR0018164 = 128
[2026-02-27 13:25:33] [INFO] Session quantity updated: SCMBR0018164 = 128
[2026-02-27 13:25:40] [INFO] Session quantity updated: SCMWN0019727 = 2
[2026-02-27 13:25:41] [INFO] Session quantity updated: SCMWN0019727 = 2
[2026-02-27 13:25:41] [INFO] Session quantity updated: SCMWN0019727 = 2
[2026-02-27 13:25:44] [INFO] Session quantity updated: SCMPL0031735 = 3
[2026-02-27 13:25:47] [INFO] Session quantity updated: SCMPL0012165 = 39
[2026-02-27 13:25:48] [INFO] Session quantity updated: SCMPL0010096 = 49
[2026-02-27 13:25:49] [INFO] Session quantity updated: SCMPL0010096 = 49
[2026-02-27 13:25:55] [INFO] Session quantity updated: SCMPL0040482 = 11
[2026-02-27 13:25:55] [INFO] Session quantity updated: SCMPL0040482 = 11
[2026-02-27 13:25:57] [INFO] Session quantity updated: SCMPL0010486 = 1
[2026-02-27 13:25:58] [INFO] Session quantity updated: SCMPL0031276 = 21
[2026-02-27 13:25:59] [INFO] Session quantity updated: SCMPL0031276 = 21
[2026-02-27 13:26:01] [INFO] Session quantity updated: SCMPL0012689 = 143
[2026-02-27 13:26:02] [INFO] Session quantity updated: SCMPL0012689 = 143
[2026-02-27 13:26:02] [INFO] Session quantity updated: SCMPL0041325 = 4
[2026-02-27 13:26:02] [INFO] Session quantity updated: SCMPL0041325 = 4
[2026-02-27 13:26:02] [INFO] Session quantity updated: SCMPL0041325 = 4
[2026-02-27 13:26:03] [INFO] Session quantity updated: SCMPL0041325 = 38
[2026-02-27 13:26:04] [INFO] Session quantity updated: SCMPL0009936 = 111
[2026-02-27 13:26:05] [INFO] Session quantity updated: SCMPL0009936 = 111
[2026-02-27 13:26:05] [INFO] Session quantity updated: SCMPL0009935 = 169
[2026-02-27 13:26:06] [INFO] Session quantity updated: SCMPL0009935 = 169
[2026-02-27 13:26:10] [INFO] Session quantity updated: SCMPL0009935 = 169
[2026-02-27 13:26:10] [INFO] === PAGE ACCESS ===
[2026-02-27 13:26:10] [INFO] Request method: GET
[2026-02-27 13:26:10] [INFO] Search term: ''
[2026-02-27 13:26:10] [INFO] Current session ID: 8jjmt7q9ff4e2nhtehdoegka3g
[2026-02-27 13:26:10] [INFO] Final session quantities count: 79
[2026-02-27 13:26:10] [INFO] Items in current view: 50
[2026-02-27 13:26:10] [INFO] Sales Page Load Debug Info:
Array
(
    [total_items] => 94
    [current_page] => 1
    [total_pages] => 2
    [session_quantities_count] => 79
    [post_quantities_count] => 0
    [date_range] => 2026-02-27 to 2026-02-27
    [days_count] => 1
    [user_id] => 1
    [comp_id] => 1
    [license_type] => FL-II
    [allowed_classes] => Array
        (
            [0] => W
            [1] => V
            [2] => M
            [3] => F
            [4] => D
            [5] => K
            [6] => G
            [7] => R
            [8] => O
        )

    [end_date_day] => 27
    [closing_column] => DAY_27_CLOSING
    [end_date_month] => 2026-02
    [stock_filter] => > 0
    [daily_stock_table] => tbldailystock_1
    [table_suffix] => 
    [current_month] => 2026-02
    [has_restrictions] => 
    [available_dates] => Array
        (
            [0] => 2026-02-27
        )

    [unavailable_dates] => Array
        (
        )

    [dry_dates] => Array
        (
        )

    [latest_global_sale] => 
)

[2026-02-27 13:26:13] [INFO] Session quantity updated: SCMPL0009678 = 29
[2026-02-27 13:26:13] [INFO] Session quantity updated: SCMPL0009678 = 29
[2026-02-27 13:26:15] [INFO] Session quantity updated: SCMPL0039775 = 1
[2026-02-27 13:26:22] [INFO] Session quantity updated: SCMPL0010612 = 44
[2026-02-27 13:26:22] [INFO] Session quantity updated: SCMPL0010612 = 161
[2026-02-27 13:26:22] [INFO] Session quantity updated: SCMPL0010612 = 161
[2026-02-27 13:26:23] [INFO] Session quantity updated: SCMPL0010612 = 161
[2026-02-27 13:26:23] [INFO] Session quantity updated: SCMPL0027585 = 88
[2026-02-27 13:26:24] [INFO] Session quantity updated: SCMPL0027585 = 88
[2026-02-27 13:26:24] [INFO] Session quantity updated: SCMPL0027585 = 88
[2026-02-27 13:26:25] [INFO] Session quantity updated: SCMPL0027586 = 74
[2026-02-27 13:26:25] [INFO] Session quantity updated: SCMPL0027586 = 74
[2026-02-27 13:26:25] [INFO] Session quantity updated: SCMPL0027586 = 74
[2026-02-27 13:26:26] [INFO] Session quantity updated: SCMKS0036602 = 6
[2026-02-27 13:26:27] [INFO] Session quantity updated: SCMLS0030596 = 1
[2026-02-27 13:26:30] [INFO] Session quantity updated: SCMLS0036767 = 1
[2026-02-27 13:26:30] [INFO] Session quantity updated: SCMLS0036767 = 1
[2026-02-27 13:26:31] [INFO] Session quantity updated: SCMLS0036767 = 1
[2026-02-27 13:26:41] [INFO] Session quantity updated: SCMBR0018619 = 0
[2026-02-27 13:26:41] [INFO] Session quantity updated: SCMBR0018619 = 0
[2026-02-27 13:26:43] [INFO] Session quantity updated: SCMBR0018619 = 31
[2026-02-27 13:26:43] [INFO] Session quantity updated: SCMBR0018619 = 31
[2026-02-27 13:26:44] [INFO] Session quantity updated: SCMBR0018619 = 31
[2026-02-27 13:26:45] [INFO] Session quantity updated: SCMBR0018628 = 6
[2026-02-27 13:26:46] [INFO] Session quantity updated: SCMPL0032649 = 3
[2026-02-27 13:26:47] [INFO] Session quantity updated: SCMBR0018145 = 12
[2026-02-27 13:26:47] [INFO] Session quantity updated: SCMPL0022639 = 4
[2026-02-27 13:26:48] [INFO] Session quantity updated: SCMPL0022639 = 4
[2026-02-27 13:26:49] [INFO] Session quantity updated: SCMPL0022639 = 122
[2026-02-27 13:26:50] [INFO] Session quantity updated: SCMPL0022639 = 122
[2026-02-27 13:26:50] [INFO] Session quantity updated: SCMPL0022639 = 122
[2026-02-27 13:26:53] [INFO] Session quantity updated: SCMBR0018627 = 82
[2026-02-27 13:26:53] [INFO] Session quantity updated: SCMBR0018627 = 82
[2026-02-27 13:26:56] [INFO] === PAGE ACCESS ===
[2026-02-27 13:26:56] [INFO] Request method: GET
[2026-02-27 13:26:56] [INFO] Search term: ''
[2026-02-27 13:26:56] [INFO] Current session ID: 8jjmt7q9ff4e2nhtehdoegka3g
[2026-02-27 13:26:56] [INFO] Final session quantities count: 91
[2026-02-27 13:26:56] [INFO] Items in current view: 44
[2026-02-27 13:26:56] [INFO] Sales Page Load Debug Info:
Array
(
    [total_items] => 94
    [current_page] => 2
    [total_pages] => 2
    [session_quantities_count] => 91
    [post_quantities_count] => 0
    [date_range] => 2026-02-27 to 2026-02-27
    [days_count] => 1
    [user_id] => 1
    [comp_id] => 1
    [license_type] => FL-II
    [allowed_classes] => Array
        (
            [0] => W
            [1] => V
            [2] => M
            [3] => F
            [4] => D
            [5] => K
            [6] => G
            [7] => R
            [8] => O
        )

    [end_date_day] => 27
    [closing_column] => DAY_27_CLOSING
    [end_date_month] => 2026-02
    [stock_filter] => > 0
    [daily_stock_table] => tbldailystock_1
    [table_suffix] => 
    [current_month] => 2026-02
    [has_restrictions] => 
    [available_dates] => Array
        (
            [0] => 2026-02-27
        )

    [unavailable_dates] => Array
        (
        )

    [dry_dates] => Array
        (
        )

    [latest_global_sale] => 
)

[2026-02-27 13:26:59] [INFO] === PAGE ACCESS ===
[2026-02-27 13:26:59] [INFO] Request method: GET
[2026-02-27 13:26:59] [INFO] Search term: ''
[2026-02-27 13:26:59] [INFO] Current session ID: 8jjmt7q9ff4e2nhtehdoegka3g
[2026-02-27 13:27:00] [INFO] Final session quantities count: 91
[2026-02-27 13:27:00] [INFO] Items in current view: 50
[2026-02-27 13:27:00] [INFO] Sales Page Load Debug Info:
Array
(
    [total_items] => 94
    [current_page] => 1
    [total_pages] => 2
    [session_quantities_count] => 91
    [post_quantities_count] => 0
    [date_range] => 2026-02-27 to 2026-02-27
    [days_count] => 1
    [user_id] => 1
    [comp_id] => 1
    [license_type] => FL-II
    [allowed_classes] => Array
        (
            [0] => W
            [1] => V
            [2] => M
            [3] => F
            [4] => D
            [5] => K
            [6] => G
            [7] => R
            [8] => O
        )

    [end_date_day] => 27
    [closing_column] => DAY_27_CLOSING
    [end_date_month] => 2026-02
    [stock_filter] => > 0
    [daily_stock_table] => tbldailystock_1
    [table_suffix] => 
    [current_month] => 2026-02
    [has_restrictions] => 
    [available_dates] => Array
        (
            [0] => 2026-02-27
        )

    [unavailable_dates] => Array
        (
        )

    [dry_dates] => Array
        (
        )

    [latest_global_sale] => 
)

[2026-02-27 13:27:07] [INFO] Session quantity updated: SCMLS0019511 = 1
[2026-02-27 13:27:07] [INFO] Session quantity updated: SCMLS0019511 = 1
[2026-02-27 13:27:08] [INFO] Session quantity updated: SCMLS0019511 = 1
[2026-02-27 13:27:08] [INFO] Session quantity updated: SCMLS0019511 = 1
[2026-02-27 13:27:15] [INFO] Starting daily stock update for item SCMIT0019512 sold on 2026-02-27 (Qty: 1)
[2026-02-27 13:27:15] [INFO] Recalculating stock from day 27 for item SCMIT0019512 in 2026-02 in table tbldailystock_1
[2026-02-27 13:27:15] [DEBUG] Day 27: Opening=1, Purchase=0, Sales=1, Closing=0
[2026-02-27 13:27:15] [DEBUG] Day 28: Opening=0, Purchase=0, Sales=0, Closing=0
[2026-02-27 13:27:15] [INFO] Completed recalculating stock for 2026-02 from day 27
[2026-02-27 13:27:15] [INFO] Starting cascading to current month for item SCMIT0019512 sold on 2026-02-27
[2026-02-27 13:27:15] [INFO] Daily stock updated successfully for item SCMIT0019512 on 2026-02-27 in table tbldailystock_1: Sales=1, Closing=0
[2026-02-27 13:27:15] [INFO] Starting daily stock update for item SCMLS0018798 sold on 2026-02-27 (Qty: 1)
[2026-02-27 13:27:15] [INFO] Recalculating stock from day 27 for item SCMLS0018798 in 2026-02 in table tbldailystock_1
[2026-02-27 13:27:16] [DEBUG] Day 27: Opening=6, Purchase=0, Sales=1, Closing=5
[2026-02-27 13:27:16] [DEBUG] Day 28: Opening=5, Purchase=0, Sales=0, Closing=5
[2026-02-27 13:27:16] [INFO] Completed recalculating stock for 2026-02 from day 27
[2026-02-27 13:27:16] [INFO] Starting cascading to current month for item SCMLS0018798 sold on 2026-02-27
[2026-02-27 13:27:16] [INFO] Daily stock updated successfully for item SCMLS0018798 on 2026-02-27 in table tbldailystock_1: Sales=1, Closing=5
[2026-02-27 13:27:16] [INFO] Starting daily stock update for item SCMPL0009935 sold on 2026-02-27 (Qty: 11)
[2026-02-27 13:27:16] [INFO] Recalculating stock from day 27 for item SCMPL0009935 in 2026-02 in table tbldailystock_1
[2026-02-27 13:27:16] [DEBUG] Day 27: Opening=169, Purchase=0, Sales=11, Closing=158
[2026-02-27 13:27:16] [DEBUG] Day 28: Opening=158, Purchase=0, Sales=0, Closing=158
[2026-02-27 13:27:16] [INFO] Completed recalculating stock for 2026-02 from day 27
[2026-02-27 13:27:16] [INFO] Starting cascading to current month for item SCMPL0009935 sold on 2026-02-27
[2026-02-27 13:27:16] [INFO] Daily stock updated successfully for item SCMPL0009935 on 2026-02-27 in table tbldailystock_1: Sales=11, Closing=158
[2026-02-27 13:27:16] [INFO] Starting daily stock update for item SCMPL0009935 sold on 2026-02-27 (Qty: 11)
[2026-02-27 13:27:16] [INFO] Recalculating stock from day 27 for item SCMPL0009935 in 2026-02 in table tbldailystock_1
[2026-02-27 13:27:16] [DEBUG] Day 27: Opening=169, Purchase=0, Sales=22, Closing=147
[2026-02-27 13:27:16] [DEBUG] Day 28: Opening=147, Purchase=0, Sales=0, Closing=147
[2026-02-27 13:27:16] [INFO] Completed recalculating stock for 2026-02 from day 27
[2026-02-27 13:27:16] [INFO] Starting cascading to current month for item SCMPL0009935 sold on 2026-02-27
[2026-02-27 13:27:16] [INFO] Daily stock updated successfully for item SCMPL0009935 on 2026-02-27 in table tbldailystock_1: Sales=22, Closing=147
[2026-02-27 13:27:16] [INFO] Starting daily stock update for item SCMPL0009935 sold on 2026-02-27 (Qty: 11)
[2026-02-27 13:27:16] [INFO] Recalculating stock from day 27 for item SCMPL0009935 in 2026-02 in table tbldailystock_1
[2026-02-27 13:27:16] [DEBUG] Day 27: Opening=169, Purchase=0, Sales=33, Closing=136
[2026-02-27 13:27:16] [DEBUG] Day 28: Opening=136, Purchase=0, Sales=0, Closing=136
[2026-02-27 13:27:16] [INFO] Completed recalculating stock for 2026-02 from day 27
[2026-02-27 13:27:16] [INFO] Starting cascading to current month for item SCMPL0009935 sold on 2026-02-27
[2026-02-27 13:27:16] [INFO] Daily stock updated successfully for item SCMPL0009935 on 2026-02-27 in table tbldailystock_1: Sales=33, Closing=136
[2026-02-27 13:27:16] [INFO] Starting daily stock update for item SCMPL0009935 sold on 2026-02-27 (Qty: 11)
[2026-02-27 13:27:16] [INFO] Recalculating stock from day 27 for item SCMPL0009935 in 2026-02 in table tbldailystock_1
[2026-02-27 13:27:16] [DEBUG] Day 27: Opening=169, Purchase=0, Sales=44, Closing=125
[2026-02-27 13:27:16] [DEBUG] Day 28: Opening=125, Purchase=0, Sales=0, Closing=125
[2026-02-27 13:27:16] [INFO] Completed recalculating stock for 2026-02 from day 27
[2026-02-27 13:27:16] [INFO] Starting cascading to current month for item SCMPL0009935 sold on 2026-02-27
[2026-02-27 13:27:16] [INFO] Daily stock updated successfully for item SCMPL0009935 on 2026-02-27 in table tbldailystock_1: Sales=44, Closing=125
[2026-02-27 13:27:16] [INFO] Starting daily stock update for item SCMPL0009935 sold on 2026-02-27 (Qty: 11)
[2026-02-27 13:27:16] [INFO] Recalculating stock from day 27 for item SCMPL0009935 in 2026-02 in table tbldailystock_1
[2026-02-27 13:27:16] [DEBUG] Day 27: Opening=169, Purchase=0, Sales=55, Closing=114
[2026-02-27 13:27:16] [DEBUG] Day 28: Opening=114, Purchase=0, Sales=0, Closing=114
[2026-02-27 13:27:16] [INFO] Completed recalculating stock for 2026-02 from day 27
[2026-02-27 13:27:16] [INFO] Starting cascading to current month for item SCMPL0009935 sold on 2026-02-27
[2026-02-27 13:27:16] [INFO] Daily stock updated successfully for item SCMPL0009935 on 2026-02-27 in table tbldailystock_1: Sales=55, Closing=114
[2026-02-27 13:27:16] [INFO] Starting daily stock update for item SCMPL0009935 sold on 2026-02-27 (Qty: 11)
[2026-02-27 13:27:16] [INFO] Recalculating stock from day 27 for item SCMPL0009935 in 2026-02 in table tbldailystock_1
[2026-02-27 13:27:16] [DEBUG] Day 27: Opening=169, Purchase=0, Sales=66, Closing=103
[2026-02-27 13:27:16] [DEBUG] Day 28: Opening=103, Purchase=0, Sales=0, Closing=103
[2026-02-27 13:27:16] [INFO] Completed recalculating stock for 2026-02 from day 27
[2026-02-27 13:27:16] [INFO] Starting cascading to current month for item SCMPL0009935 sold on 2026-02-27
[2026-02-27 13:27:16] [INFO] Daily stock updated successfully for item SCMPL0009935 on 2026-02-27 in table tbldailystock_1: Sales=66, Closing=103
[2026-02-27 13:27:16] [INFO] Starting daily stock update for item SCMPL0009935 sold on 2026-02-27 (Qty: 11)
[2026-02-27 13:27:16] [INFO] Recalculating stock from day 27 for item SCMPL0009935 in 2026-02 in table tbldailystock_1
[2026-02-27 13:27:16] [DEBUG] Day 27: Opening=169, Purchase=0, Sales=77, Closing=92
[2026-02-27 13:27:16] [DEBUG] Day 28: Opening=92, Purchase=0, Sales=0, Closing=92
[2026-02-27 13:27:16] [INFO] Completed recalculating stock for 2026-02 from day 27
[2026-02-27 13:27:16] [INFO] Starting cascading to current month for item SCMPL0009935 sold on 2026-02-27
[2026-02-27 13:27:16] [INFO] Daily stock updated successfully for item SCMPL0009935 on 2026-02-27 in table tbldailystock_1: Sales=77, Closing=92
[2026-02-27 13:27:16] [INFO] Starting daily stock update for item SCMPL0009935 sold on 2026-02-27 (Qty: 11)
[2026-02-27 13:27:16] [INFO] Recalculating stock from day 27 for item SCMPL0009935 in 2026-02 in table tbldailystock_1
[2026-02-27 13:27:16] [DEBUG] Day 27: Opening=169, Purchase=0, Sales=88, Closing=81
[2026-02-27 13:27:16] [DEBUG] Day 28: Opening=81, Purchase=0, Sales=0, Closing=81
[2026-02-27 13:27:16] [INFO] Completed recalculating stock for 2026-02 from day 27
[2026-02-27 13:27:16] [INFO] Starting cascading to current month for item SCMPL0009935 sold on 2026-02-27
[2026-02-27 13:27:16] [INFO] Daily stock updated successfully for item SCMPL0009935 on 2026-02-27 in table tbldailystock_1: Sales=88, Closing=81
[2026-02-27 13:27:16] [INFO] Starting daily stock update for item SCMPL0009935 sold on 2026-02-27 (Qty: 11)
[2026-02-27 13:27:16] [INFO] Recalculating stock from day 27 for item SCMPL0009935 in 2026-02 in table tbldailystock_1
[2026-02-27 13:27:16] [DEBUG] Day 27: Opening=169, Purchase=0, Sales=99, Closing=70
[2026-02-27 13:27:16] [DEBUG] Day 28: Opening=70, Purchase=0, Sales=0, Closing=70
[2026-02-27 13:27:16] [INFO] Completed recalculating stock for 2026-02 from day 27
[2026-02-27 13:27:16] [INFO] Starting cascading to current month for item SCMPL0009935 sold on 2026-02-27
[2026-02-27 13:27:16] [INFO] Daily stock updated successfully for item SCMPL0009935 on 2026-02-27 in table tbldailystock_1: Sales=99, Closing=70
[2026-02-27 13:27:16] [INFO] Starting daily stock update for item SCMPL0009935 sold on 2026-02-27 (Qty: 11)
[2026-02-27 13:27:16] [INFO] Recalculating stock from day 27 for item SCMPL0009935 in 2026-02 in table tbldailystock_1
[2026-02-27 13:27:16] [DEBUG] Day 27: Opening=169, Purchase=0, Sales=110, Closing=59
[2026-02-27 13:27:16] [DEBUG] Day 28: Opening=59, Purchase=0, Sales=0, Closing=59
[2026-02-27 13:27:16] [INFO] Completed recalculating stock for 2026-02 from day 27
[2026-02-27 13:27:16] [INFO] Starting cascading to current month for item SCMPL0009935 sold on 2026-02-27
[2026-02-27 13:27:16] [INFO] Daily stock updated successfully for item SCMPL0009935 on 2026-02-27 in table tbldailystock_1: Sales=110, Closing=59
[2026-02-27 13:27:16] [INFO] Starting daily stock update for item SCMPL0009935 sold on 2026-02-27 (Qty: 11)
[2026-02-27 13:27:16] [INFO] Recalculating stock from day 27 for item SCMPL0009935 in 2026-02 in table tbldailystock_1
[2026-02-27 13:27:16] [DEBUG] Day 27: Opening=169, Purchase=0, Sales=121, Closing=48
[2026-02-27 13:27:16] [DEBUG] Day 28: Opening=48, Purchase=0, Sales=0, Closing=48
[2026-02-27 13:27:16] [INFO] Completed recalculating stock for 2026-02 from day 27
[2026-02-27 13:27:16] [INFO] Starting cascading to current month for item SCMPL0009935 sold on 2026-02-27
[2026-02-27 13:27:16] [INFO] Daily stock updated successfully for item SCMPL0009935 on 2026-02-27 in table tbldailystock_1: Sales=121, Closing=48
[2026-02-27 13:27:16] [INFO] Starting daily stock update for item SCMPL0009935 sold on 2026-02-27 (Qty: 11)
[2026-02-27 13:27:16] [INFO] Recalculating stock from day 27 for item SCMPL0009935 in 2026-02 in table tbldailystock_1
[2026-02-27 13:27:16] [DEBUG] Day 27: Opening=169, Purchase=0, Sales=132, Closing=37
[2026-02-27 13:27:16] [DEBUG] Day 28: Opening=37, Purchase=0, Sales=0, Closing=37
[2026-02-27 13:27:16] [INFO] Completed recalculating stock for 2026-02 from day 27
[2026-02-27 13:27:16] [INFO] Starting cascading to current month for item SCMPL0009935 sold on 2026-02-27
[2026-02-27 13:27:16] [INFO] Daily stock updated successfully for item SCMPL0009935 on 2026-02-27 in table tbldailystock_1: Sales=132, Closing=37
[2026-02-27 13:27:16] [INFO] Starting daily stock update for item SCMPL0009935 sold on 2026-02-27 (Qty: 11)
[2026-02-27 13:27:16] [INFO] Recalculating stock from day 27 for item SCMPL0009935 in 2026-02 in table tbldailystock_1
[2026-02-27 13:27:16] [DEBUG] Day 27: Opening=169, Purchase=0, Sales=143, Closing=26
[2026-02-27 13:27:16] [DEBUG] Day 28: Opening=26, Purchase=0, Sales=0, Closing=26
[2026-02-27 13:27:16] [INFO] Completed recalculating stock for 2026-02 from day 27
[2026-02-27 13:27:16] [INFO] Starting cascading to current month for item SCMPL0009935 sold on 2026-02-27
[2026-02-27 13:27:16] [INFO] Daily stock updated successfully for item SCMPL0009935 on 2026-02-27 in table tbldailystock_1: Sales=143, Closing=26
[2026-02-27 13:27:16] [INFO] Starting daily stock update for item SCMPL0009935 sold on 2026-02-27 (Qty: 11)
[2026-02-27 13:27:17] [INFO] Recalculating stock from day 27 for item SCMPL0009935 in 2026-02 in table tbldailystock_1
[2026-02-27 13:27:17] [DEBUG] Day 27: Opening=169, Purchase=0, Sales=154, Closing=15
[2026-02-27 13:27:17] [DEBUG] Day 28: Opening=15, Purchase=0, Sales=0, Closing=15
[2026-02-27 13:27:17] [INFO] Completed recalculating stock for 2026-02 from day 27
[2026-02-27 13:27:17] [INFO] Starting cascading to current month for item SCMPL0009935 sold on 2026-02-27
[2026-02-27 13:27:17] [INFO] Daily stock updated successfully for item SCMPL0009935 on 2026-02-27 in table tbldailystock_1: Sales=154, Closing=15
[2026-02-27 13:27:17] [INFO] Starting daily stock update for item SCMPL0009935 sold on 2026-02-27 (Qty: 11)
[2026-02-27 13:27:17] [INFO] Recalculating stock from day 27 for item SCMPL0009935 in 2026-02 in table tbldailystock_1
[2026-02-27 13:27:17] [DEBUG] Day 27: Opening=169, Purchase=0, Sales=165, Closing=4
[2026-02-27 13:27:17] [DEBUG] Day 28: Opening=4, Purchase=0, Sales=0, Closing=4
[2026-02-27 13:27:17] [INFO] Completed recalculating stock for 2026-02 from day 27
[2026-02-27 13:27:17] [INFO] Starting cascading to current month for item SCMPL0009935 sold on 2026-02-27
[2026-02-27 13:27:17] [INFO] Daily stock updated successfully for item SCMPL0009935 on 2026-02-27 in table tbldailystock_1: Sales=165, Closing=4
[2026-02-27 13:27:17] [INFO] Starting daily stock update for item SCMPL0009935 sold on 2026-02-27 (Qty: 4)
[2026-02-27 13:27:17] [INFO] Recalculating stock from day 27 for item SCMPL0009935 in 2026-02 in table tbldailystock_1
[2026-02-27 13:27:17] [DEBUG] Day 27: Opening=169, Purchase=0, Sales=169, Closing=0
[2026-02-27 13:27:17] [DEBUG] Day 28: Opening=0, Purchase=0, Sales=0, Closing=0
[2026-02-27 13:27:17] [INFO] Completed recalculating stock for 2026-02 from day 27
[2026-02-27 13:27:17] [INFO] Starting cascading to current month for item SCMPL0009935 sold on 2026-02-27
[2026-02-27 13:27:17] [INFO] Daily stock updated successfully for item SCMPL0009935 on 2026-02-27 in table tbldailystock_1: Sales=169, Closing=0
[2026-02-27 13:27:17] [INFO] Starting daily stock update for item SCMPL0010076 sold on 2026-02-27 (Qty: 7)
[2026-02-27 13:27:17] [INFO] Recalculating stock from day 27 for item SCMPL0010076 in 2026-02 in table tbldailystock_1
[2026-02-27 13:27:17] [DEBUG] Day 27: Opening=8, Purchase=0, Sales=7, Closing=1
[2026-02-27 13:27:17] [DEBUG] Day 28: Opening=1, Purchase=0, Sales=0, Closing=1
[2026-02-27 13:27:17] [INFO] Completed recalculating stock for 2026-02 from day 27
[2026-02-27 13:27:17] [INFO] Starting cascading to current month for item SCMPL0010076 sold on 2026-02-27
[2026-02-27 13:27:17] [INFO] Daily stock updated successfully for item SCMPL0010076 on 2026-02-27 in table tbldailystock_1: Sales=7, Closing=1
[2026-02-27 13:27:17] [INFO] Starting daily stock update for item SCMPL0010076 sold on 2026-02-27 (Qty: 1)
[2026-02-27 13:27:17] [INFO] Recalculating stock from day 27 for item SCMPL0010076 in 2026-02 in table tbldailystock_1
[2026-02-27 13:27:17] [DEBUG] Day 27: Opening=8, Purchase=0, Sales=8, Closing=0
[2026-02-27 13:27:17] [DEBUG] Day 28: Opening=0, Purchase=0, Sales=0, Closing=0
[2026-02-27 13:27:17] [INFO] Completed recalculating stock for 2026-02 from day 27
[2026-02-27 13:27:17] [INFO] Starting cascading to current month for item SCMPL0010076 sold on 2026-02-27
[2026-02-27 13:27:17] [INFO] Daily stock updated successfully for item SCMPL0010076 on 2026-02-27 in table tbldailystock_1: Sales=8, Closing=0
[2026-02-27 13:27:17] [INFO] Starting daily stock update for item SCMPL0010612 sold on 2026-02-27 (Qty: 10)
[2026-02-27 13:27:17] [INFO] Recalculating stock from day 27 for item SCMPL0010612 in 2026-02 in table tbldailystock_1
[2026-02-27 13:27:17] [DEBUG] Day 27: Opening=161, Purchase=0, Sales=10, Closing=151
[2026-02-27 13:27:17] [DEBUG] Day 28: Opening=151, Purchase=0, Sales=0, Closing=151
[2026-02-27 13:27:17] [INFO] Completed recalculating stock for 2026-02 from day 27
[2026-02-27 13:27:17] [INFO] Starting cascading to current month for item SCMPL0010612 sold on 2026-02-27
[2026-02-27 13:27:17] [INFO] Daily stock updated successfully for item SCMPL0010612 on 2026-02-27 in table tbldailystock_1: Sales=10, Closing=151
[2026-02-27 13:27:17] [INFO] Starting daily stock update for item SCMPL0010612 sold on 2026-02-27 (Qty: 11)
[2026-02-27 13:27:17] [INFO] Recalculating stock from day 27 for item SCMPL0010612 in 2026-02 in table tbldailystock_1
[2026-02-27 13:27:17] [DEBUG] Day 27: Opening=161, Purchase=0, Sales=21, Closing=140
[2026-02-27 13:27:17] [DEBUG] Day 28: Opening=140, Purchase=0, Sales=0, Closing=140
[2026-02-27 13:27:17] [INFO] Completed recalculating stock for 2026-02 from day 27
[2026-02-27 13:27:17] [INFO] Starting cascading to current month for item SCMPL0010612 sold on 2026-02-27
[2026-02-27 13:27:17] [INFO] Daily stock updated successfully for item SCMPL0010612 on 2026-02-27 in table tbldailystock_1: Sales=21, Closing=140
[2026-02-27 13:27:17] [INFO] Starting daily stock update for item SCMPL0010612 sold on 2026-02-27 (Qty: 11)
[2026-02-27 13:27:17] [INFO] Recalculating stock from day 27 for item SCMPL0010612 in 2026-02 in table tbldailystock_1
[2026-02-27 13:27:17] [DEBUG] Day 27: Opening=161, Purchase=0, Sales=32, Closing=129
[2026-02-27 13:27:17] [DEBUG] Day 28: Opening=129, Purchase=0, Sales=0, Closing=129
[2026-02-27 13:27:17] [INFO] Completed recalculating stock for 2026-02 from day 27
[2026-02-27 13:27:17] [INFO] Starting cascading to current month for item SCMPL0010612 sold on 2026-02-27
[2026-02-27 13:27:17] [INFO] Daily stock updated successfully for item SCMPL0010612 on 2026-02-27 in table tbldailystock_1: Sales=32, Closing=129
[2026-02-27 13:27:17] [INFO] Starting daily stock update for item SCMPL0010612 sold on 2026-02-27 (Qty: 11)
[2026-02-27 13:27:17] [INFO] Recalculating stock from day 27 for item SCMPL0010612 in 2026-02 in table tbldailystock_1
[2026-02-27 13:27:17] [DEBUG] Day 27: Opening=161, Purchase=0, Sales=43, Closing=118
[2026-02-27 13:27:17] [DEBUG] Day 28: Opening=118, Purchase=0, Sales=0, Closing=118
[2026-02-27 13:27:17] [INFO] Completed recalculating stock for 2026-02 from day 27
[2026-02-27 13:27:17] [INFO] Starting cascading to current month for item SCMPL0010612 sold on 2026-02-27
[2026-02-27 13:27:17] [INFO] Daily stock updated successfully for item SCMPL0010612 on 2026-02-27 in table tbldailystock_1: Sales=43, Closing=118
[2026-02-27 13:27:17] [INFO] Starting daily stock update for item SCMPL0010612 sold on 2026-02-27 (Qty: 11)
[2026-02-27 13:27:17] [INFO] Recalculating stock from day 27 for item SCMPL0010612 in 2026-02 in table tbldailystock_1
[2026-02-27 13:27:17] [DEBUG] Day 27: Opening=161, Purchase=0, Sales=54, Closing=107
[2026-02-27 13:27:17] [DEBUG] Day 28: Opening=107, Purchase=0, Sales=0, Closing=107
[2026-02-27 13:27:17] [INFO] Completed recalculating stock for 2026-02 from day 27
[2026-02-27 13:27:17] [INFO] Starting cascading to current month for item SCMPL0010612 sold on 2026-02-27
[2026-02-27 13:27:17] [INFO] Daily stock updated successfully for item SCMPL0010612 on 2026-02-27 in table tbldailystock_1: Sales=54, Closing=107
[2026-02-27 13:27:17] [INFO] Starting daily stock update for item SCMPL0010612 sold on 2026-02-27 (Qty: 11)
[2026-02-27 13:27:17] [INFO] Recalculating stock from day 27 for item SCMPL0010612 in 2026-02 in table tbldailystock_1
[2026-02-27 13:27:17] [DEBUG] Day 27: Opening=161, Purchase=0, Sales=65, Closing=96
[2026-02-27 13:27:17] [DEBUG] Day 28: Opening=96, Purchase=0, Sales=0, Closing=96
[2026-02-27 13:27:17] [INFO] Completed recalculating stock for 2026-02 from day 27
[2026-02-27 13:27:17] [INFO] Starting cascading to current month for item SCMPL0010612 sold on 2026-02-27
[2026-02-27 13:27:17] [INFO] Daily stock updated successfully for item SCMPL0010612 on 2026-02-27 in table tbldailystock_1: Sales=65, Closing=96
[2026-02-27 13:27:17] [INFO] Starting daily stock update for item SCMPL0010612 sold on 2026-02-27 (Qty: 11)
[2026-02-27 13:27:17] [INFO] Recalculating stock from day 27 for item SCMPL0010612 in 2026-02 in table tbldailystock_1
[2026-02-27 13:27:17] [DEBUG] Day 27: Opening=161, Purchase=0, Sales=76, Closing=85
[2026-02-27 13:27:17] [DEBUG] Day 28: Opening=85, Purchase=0, Sales=0, Closing=85
[2026-02-27 13:27:17] [INFO] Completed recalculating stock for 2026-02 from day 27
[2026-02-27 13:27:17] [INFO] Starting cascading to current month for item SCMPL0010612 sold on 2026-02-27
[2026-02-27 13:27:17] [INFO] Daily stock updated successfully for item SCMPL0010612 on 2026-02-27 in table tbldailystock_1: Sales=76, Closing=85
[2026-02-27 13:27:17] [INFO] Starting daily stock update for item SCMPL0010612 sold on 2026-02-27 (Qty: 11)
[2026-02-27 13:27:17] [INFO] Recalculating stock from day 27 for item SCMPL0010612 in 2026-02 in table tbldailystock_1
[2026-02-27 13:27:18] [DEBUG] Day 27: Opening=161, Purchase=0, Sales=87, Closing=74
[2026-02-27 13:27:18] [DEBUG] Day 28: Opening=74, Purchase=0, Sales=0, Closing=74
[2026-02-27 13:27:18] [INFO] Completed recalculating stock for 2026-02 from day 27
[2026-02-27 13:27:18] [INFO] Starting cascading to current month for item SCMPL0010612 sold on 2026-02-27
[2026-02-27 13:27:18] [INFO] Daily stock updated successfully for item SCMPL0010612 on 2026-02-27 in table tbldailystock_1: Sales=87, Closing=74
[2026-02-27 13:27:18] [INFO] Starting daily stock update for item SCMPL0010612 sold on 2026-02-27 (Qty: 11)
[2026-02-27 13:27:18] [INFO] Recalculating stock from day 27 for item SCMPL0010612 in 2026-02 in table tbldailystock_1
[2026-02-27 13:27:18] [DEBUG] Day 27: Opening=161, Purchase=0, Sales=98, Closing=63
[2026-02-27 13:27:18] [DEBUG] Day 28: Opening=63, Purchase=0, Sales=0, Closing=63
[2026-02-27 13:27:18] [INFO] Completed recalculating stock for 2026-02 from day 27
[2026-02-27 13:27:18] [INFO] Starting cascading to current month for item SCMPL0010612 sold on 2026-02-27
[2026-02-27 13:27:18] [INFO] Daily stock updated successfully for item SCMPL0010612 on 2026-02-27 in table tbldailystock_1: Sales=98, Closing=63
[2026-02-27 13:27:18] [INFO] Starting daily stock update for item SCMPL0010612 sold on 2026-02-27 (Qty: 11)
[2026-02-27 13:27:18] [INFO] Recalculating stock from day 27 for item SCMPL0010612 in 2026-02 in table tbldailystock_1
[2026-02-27 13:27:18] [DEBUG] Day 27: Opening=161, Purchase=0, Sales=109, Closing=52
[2026-02-27 13:27:18] [DEBUG] Day 28: Opening=52, Purchase=0, Sales=0, Closing=52
[2026-02-27 13:27:18] [INFO] Completed recalculating stock for 2026-02 from day 27
[2026-02-27 13:27:18] [INFO] Starting cascading to current month for item SCMPL0010612 sold on 2026-02-27
[2026-02-27 13:27:18] [INFO] Daily stock updated successfully for item SCMPL0010612 on 2026-02-27 in table tbldailystock_1: Sales=109, Closing=52
[2026-02-27 13:27:18] [INFO] Starting daily stock update for item SCMPL0010612 sold on 2026-02-27 (Qty: 11)
[2026-02-27 13:27:18] [INFO] Recalculating stock from day 27 for item SCMPL0010612 in 2026-02 in table tbldailystock_1
[2026-02-27 13:27:18] [DEBUG] Day 27: Opening=161, Purchase=0, Sales=120, Closing=41
[2026-02-27 13:27:18] [DEBUG] Day 28: Opening=41, Purchase=0, Sales=0, Closing=41
[2026-02-27 13:27:18] [INFO] Completed recalculating stock for 2026-02 from day 27
[2026-02-27 13:27:18] [INFO] Starting cascading to current month for item SCMPL0010612 sold on 2026-02-27
[2026-02-27 13:27:18] [INFO] Daily stock updated successfully for item SCMPL0010612 on 2026-02-27 in table tbldailystock_1: Sales=120, Closing=41
[2026-02-27 13:27:18] [INFO] Starting daily stock update for item SCMPL0010612 sold on 2026-02-27 (Qty: 11)
[2026-02-27 13:27:18] [INFO] Recalculating stock from day 27 for item SCMPL0010612 in 2026-02 in table tbldailystock_1
[2026-02-27 13:27:18] [DEBUG] Day 27: Opening=161, Purchase=0, Sales=131, Closing=30
[2026-02-27 13:27:18] [DEBUG] Day 28: Opening=30, Purchase=0, Sales=0, Closing=30
[2026-02-27 13:27:18] [INFO] Completed recalculating stock for 2026-02 from day 27
[2026-02-27 13:27:18] [INFO] Starting cascading to current month for item SCMPL0010612 sold on 2026-02-27
[2026-02-27 13:27:18] [INFO] Daily stock updated successfully for item SCMPL0010612 on 2026-02-27 in table tbldailystock_1: Sales=131, Closing=30
[2026-02-27 13:27:18] [INFO] Starting daily stock update for item SCMPL0010612 sold on 2026-02-27 (Qty: 11)
[2026-02-27 13:27:18] [INFO] Recalculating stock from day 27 for item SCMPL0010612 in 2026-02 in table tbldailystock_1
[2026-02-27 13:27:18] [DEBUG] Day 27: Opening=161, Purchase=0, Sales=142, Closing=19
[2026-02-27 13:27:18] [DEBUG] Day 28: Opening=19, Purchase=0, Sales=0, Closing=19
[2026-02-27 13:27:18] [INFO] Completed recalculating stock for 2026-02 from day 27
[2026-02-27 13:27:18] [INFO] Starting cascading to current month for item SCMPL0010612 sold on 2026-02-27
[2026-02-27 13:27:18] [INFO] Daily stock updated successfully for item SCMPL0010612 on 2026-02-27 in table tbldailystock_1: Sales=142, Closing=19
[2026-02-27 13:27:18] [INFO] Starting daily stock update for item SCMPL0010612 sold on 2026-02-27 (Qty: 11)
[2026-02-27 13:27:18] [INFO] Recalculating stock from day 27 for item SCMPL0010612 in 2026-02 in table tbldailystock_1
[2026-02-27 13:27:18] [DEBUG] Day 27: Opening=161, Purchase=0, Sales=153, Closing=8
[2026-02-27 13:27:18] [DEBUG] Day 28: Opening=8, Purchase=0, Sales=0, Closing=8
[2026-02-27 13:27:18] [INFO] Completed recalculating stock for 2026-02 from day 27
[2026-02-27 13:27:18] [INFO] Starting cascading to current month for item SCMPL0010612 sold on 2026-02-27
[2026-02-27 13:27:18] [INFO] Daily stock updated successfully for item SCMPL0010612 on 2026-02-27 in table tbldailystock_1: Sales=153, Closing=8
[2026-02-27 13:27:18] [INFO] Starting daily stock update for item SCMPL0010612 sold on 2026-02-27 (Qty: 8)
[2026-02-27 13:27:18] [INFO] Recalculating stock from day 27 for item SCMPL0010612 in 2026-02 in table tbldailystock_1
[2026-02-27 13:27:18] [DEBUG] Day 27: Opening=161, Purchase=0, Sales=161, Closing=0
[2026-02-27 13:27:18] [DEBUG] Day 28: Opening=0, Purchase=0, Sales=0, Closing=0
[2026-02-27 13:27:18] [INFO] Completed recalculating stock for 2026-02 from day 27
[2026-02-27 13:27:18] [INFO] Starting cascading to current month for item SCMPL0010612 sold on 2026-02-27
[2026-02-27 13:27:18] [INFO] Daily stock updated successfully for item SCMPL0010612 on 2026-02-27 in table tbldailystock_1: Sales=161, Closing=0
[2026-02-27 13:27:18] [INFO] Starting daily stock update for item SCMPL0010654 sold on 2026-02-27 (Qty: 3)
[2026-02-27 13:27:18] [INFO] Recalculating stock from day 27 for item SCMPL0010654 in 2026-02 in table tbldailystock_1
[2026-02-27 13:27:18] [DEBUG] Day 27: Opening=12, Purchase=0, Sales=3, Closing=9
[2026-02-27 13:27:18] [DEBUG] Day 28: Opening=9, Purchase=0, Sales=0, Closing=9
[2026-02-27 13:27:18] [INFO] Completed recalculating stock for 2026-02 from day 27
[2026-02-27 13:27:18] [INFO] Starting cascading to current month for item SCMPL0010654 sold on 2026-02-27
[2026-02-27 13:27:18] [INFO] Daily stock updated successfully for item SCMPL0010654 on 2026-02-27 in table tbldailystock_1: Sales=3, Closing=9
[2026-02-27 13:27:18] [INFO] Starting daily stock update for item SCMPL0010654 sold on 2026-02-27 (Qty: 9)
[2026-02-27 13:27:18] [INFO] Recalculating stock from day 27 for item SCMPL0010654 in 2026-02 in table tbldailystock_1
[2026-02-27 13:27:18] [DEBUG] Day 27: Opening=12, Purchase=0, Sales=12, Closing=0
[2026-02-27 13:27:18] [DEBUG] Day 28: Opening=0, Purchase=0, Sales=0, Closing=0
[2026-02-27 13:27:18] [INFO] Completed recalculating stock for 2026-02 from day 27
[2026-02-27 13:27:18] [INFO] Starting cascading to current month for item SCMPL0010654 sold on 2026-02-27
[2026-02-27 13:27:18] [INFO] Daily stock updated successfully for item SCMPL0010654 on 2026-02-27 in table tbldailystock_1: Sales=12, Closing=0
[2026-02-27 13:27:18] [INFO] Starting daily stock update for item SCMPL0027585 sold on 2026-02-27 (Qty: 2)
[2026-02-27 13:27:18] [INFO] Recalculating stock from day 27 for item SCMPL0027585 in 2026-02 in table tbldailystock_1
[2026-02-27 13:27:18] [DEBUG] Day 27: Opening=88, Purchase=0, Sales=2, Closing=86
[2026-02-27 13:27:18] [DEBUG] Day 28: Opening=86, Purchase=0, Sales=0, Closing=86
[2026-02-27 13:27:18] [INFO] Completed recalculating stock for 2026-02 from day 27
[2026-02-27 13:27:18] [INFO] Starting cascading to current month for item SCMPL0027585 sold on 2026-02-27
[2026-02-27 13:27:18] [INFO] Daily stock updated successfully for item SCMPL0027585 on 2026-02-27 in table tbldailystock_1: Sales=2, Closing=86
[2026-02-27 13:27:18] [INFO] Starting daily stock update for item SCMPL0027585 sold on 2026-02-27 (Qty: 11)
[2026-02-27 13:27:18] [INFO] Recalculating stock from day 27 for item SCMPL0027585 in 2026-02 in table tbldailystock_1
[2026-02-27 13:27:18] [DEBUG] Day 27: Opening=88, Purchase=0, Sales=13, Closing=75
[2026-02-27 13:27:18] [DEBUG] Day 28: Opening=75, Purchase=0, Sales=0, Closing=75
[2026-02-27 13:27:18] [INFO] Completed recalculating stock for 2026-02 from day 27
[2026-02-27 13:27:18] [INFO] Starting cascading to current month for item SCMPL0027585 sold on 2026-02-27
[2026-02-27 13:27:18] [INFO] Daily stock updated successfully for item SCMPL0027585 on 2026-02-27 in table tbldailystock_1: Sales=13, Closing=75
[2026-02-27 13:27:18] [INFO] Starting daily stock update for item SCMPL0027585 sold on 2026-02-27 (Qty: 11)
[2026-02-27 13:27:18] [INFO] Recalculating stock from day 27 for item SCMPL0027585 in 2026-02 in table tbldailystock_1
[2026-02-27 13:27:18] [DEBUG] Day 27: Opening=88, Purchase=0, Sales=24, Closing=64
[2026-02-27 13:27:18] [DEBUG] Day 28: Opening=64, Purchase=0, Sales=0, Closing=64
[2026-02-27 13:27:18] [INFO] Completed recalculating stock for 2026-02 from day 27
[2026-02-27 13:27:18] [INFO] Starting cascading to current month for item SCMPL0027585 sold on 2026-02-27
[2026-02-27 13:27:18] [INFO] Daily stock updated successfully for item SCMPL0027585 on 2026-02-27 in table tbldailystock_1: Sales=24, Closing=64
[2026-02-27 13:27:18] [INFO] Starting daily stock update for item SCMPL0027585 sold on 2026-02-27 (Qty: 11)
[2026-02-27 13:27:18] [INFO] Recalculating stock from day 27 for item SCMPL0027585 in 2026-02 in table tbldailystock_1
[2026-02-27 13:27:18] [DEBUG] Day 27: Opening=88, Purchase=0, Sales=35, Closing=53
[2026-02-27 13:27:18] [DEBUG] Day 28: Opening=53, Purchase=0, Sales=0, Closing=53
[2026-02-27 13:27:18] [INFO] Completed recalculating stock for 2026-02 from day 27
[2026-02-27 13:27:18] [INFO] Starting cascading to current month for item SCMPL0027585 sold on 2026-02-27
[2026-02-27 13:27:18] [INFO] Daily stock updated successfully for item SCMPL0027585 on 2026-02-27 in table tbldailystock_1: Sales=35, Closing=53
[2026-02-27 13:27:18] [INFO] Starting daily stock update for item SCMPL0027585 sold on 2026-02-27 (Qty: 11)
[2026-02-27 13:27:18] [INFO] Recalculating stock from day 27 for item SCMPL0027585 in 2026-02 in table tbldailystock_1
[2026-02-27 13:27:18] [DEBUG] Day 27: Opening=88, Purchase=0, Sales=46, Closing=42
[2026-02-27 13:27:18] [DEBUG] Day 28: Opening=42, Purchase=0, Sales=0, Closing=42
[2026-02-27 13:27:18] [INFO] Completed recalculating stock for 2026-02 from day 27
[2026-02-27 13:27:18] [INFO] Starting cascading to current month for item SCMPL0027585 sold on 2026-02-27
[2026-02-27 13:27:18] [INFO] Daily stock updated successfully for item SCMPL0027585 on 2026-02-27 in table tbldailystock_1: Sales=46, Closing=42
[2026-02-27 13:27:18] [INFO] Starting daily stock update for item SCMPL0027585 sold on 2026-02-27 (Qty: 11)
[2026-02-27 13:27:18] [INFO] Recalculating stock from day 27 for item SCMPL0027585 in 2026-02 in table tbldailystock_1
[2026-02-27 13:27:18] [DEBUG] Day 27: Opening=88, Purchase=0, Sales=57, Closing=31
[2026-02-27 13:27:18] [DEBUG] Day 28: Opening=31, Purchase=0, Sales=0, Closing=31
[2026-02-27 13:27:18] [INFO] Completed recalculating stock for 2026-02 from day 27
[2026-02-27 13:27:18] [INFO] Starting cascading to current month for item SCMPL0027585 sold on 2026-02-27
[2026-02-27 13:27:18] [INFO] Daily stock updated successfully for item SCMPL0027585 on 2026-02-27 in table tbldailystock_1: Sales=57, Closing=31
[2026-02-27 13:27:18] [INFO] Starting daily stock update for item SCMPL0027585 sold on 2026-02-27 (Qty: 11)
[2026-02-27 13:27:19] [INFO] Recalculating stock from day 27 for item SCMPL0027585 in 2026-02 in table tbldailystock_1
[2026-02-27 13:27:19] [DEBUG] Day 27: Opening=88, Purchase=0, Sales=68, Closing=20
[2026-02-27 13:27:19] [DEBUG] Day 28: Opening=20, Purchase=0, Sales=0, Closing=20
[2026-02-27 13:27:19] [INFO] Completed recalculating stock for 2026-02 from day 27
[2026-02-27 13:27:19] [INFO] Starting cascading to current month for item SCMPL0027585 sold on 2026-02-27
[2026-02-27 13:27:19] [INFO] Daily stock updated successfully for item SCMPL0027585 on 2026-02-27 in table tbldailystock_1: Sales=68, Closing=20
[2026-02-27 13:27:19] [INFO] Starting daily stock update for item SCMPL0027585 sold on 2026-02-27 (Qty: 11)
[2026-02-27 13:27:19] [INFO] Recalculating stock from day 27 for item SCMPL0027585 in 2026-02 in table tbldailystock_1
[2026-02-27 13:27:19] [DEBUG] Day 27: Opening=88, Purchase=0, Sales=79, Closing=9
[2026-02-27 13:27:19] [DEBUG] Day 28: Opening=9, Purchase=0, Sales=0, Closing=9
[2026-02-27 13:27:19] [INFO] Completed recalculating stock for 2026-02 from day 27
[2026-02-27 13:27:19] [INFO] Starting cascading to current month for item SCMPL0027585 sold on 2026-02-27
[2026-02-27 13:27:19] [INFO] Daily stock updated successfully for item SCMPL0027585 on 2026-02-27 in table tbldailystock_1: Sales=79, Closing=9
[2026-02-27 13:27:19] [INFO] Starting daily stock update for item SCMPL0027585 sold on 2026-02-27 (Qty: 9)
[2026-02-27 13:27:19] [INFO] Recalculating stock from day 27 for item SCMPL0027585 in 2026-02 in table tbldailystock_1
[2026-02-27 13:27:19] [DEBUG] Day 27: Opening=88, Purchase=0, Sales=88, Closing=0
[2026-02-27 13:27:19] [DEBUG] Day 28: Opening=0, Purchase=0, Sales=0, Closing=0
[2026-02-27 13:27:19] [INFO] Completed recalculating stock for 2026-02 from day 27
[2026-02-27 13:27:19] [INFO] Starting cascading to current month for item SCMPL0027585 sold on 2026-02-27
[2026-02-27 13:27:19] [INFO] Daily stock updated successfully for item SCMPL0027585 on 2026-02-27 in table tbldailystock_1: Sales=88, Closing=0
[2026-02-27 13:27:19] [INFO] Starting daily stock update for item SCMPL0030235 sold on 2026-02-27 (Qty: 2)
[2026-02-27 13:27:19] [INFO] Recalculating stock from day 27 for item SCMPL0030235 in 2026-02 in table tbldailystock_1
[2026-02-27 13:27:19] [DEBUG] Day 27: Opening=46, Purchase=0, Sales=2, Closing=44
[2026-02-27 13:27:19] [DEBUG] Day 28: Opening=44, Purchase=0, Sales=0, Closing=44
[2026-02-27 13:27:19] [INFO] Completed recalculating stock for 2026-02 from day 27
[2026-02-27 13:27:19] [INFO] Starting cascading to current month for item SCMPL0030235 sold on 2026-02-27
[2026-02-27 13:27:19] [INFO] Daily stock updated successfully for item SCMPL0030235 on 2026-02-27 in table tbldailystock_1: Sales=2, Closing=44
[2026-02-27 13:27:19] [INFO] Starting daily stock update for item SCMPL0030235 sold on 2026-02-27 (Qty: 11)
[2026-02-27 13:27:19] [INFO] Recalculating stock from day 27 for item SCMPL0030235 in 2026-02 in table tbldailystock_1
[2026-02-27 13:27:19] [DEBUG] Day 27: Opening=46, Purchase=0, Sales=13, Closing=33
[2026-02-27 13:27:19] [DEBUG] Day 28: Opening=33, Purchase=0, Sales=0, Closing=33
[2026-02-27 13:27:19] [INFO] Completed recalculating stock for 2026-02 from day 27
[2026-02-27 13:27:19] [INFO] Starting cascading to current month for item SCMPL0030235 sold on 2026-02-27
[2026-02-27 13:27:19] [INFO] Daily stock updated successfully for item SCMPL0030235 on 2026-02-27 in table tbldailystock_1: Sales=13, Closing=33
[2026-02-27 13:27:19] [INFO] Starting daily stock update for item SCMPL0030235 sold on 2026-02-27 (Qty: 11)
[2026-02-27 13:27:19] [INFO] Recalculating stock from day 27 for item SCMPL0030235 in 2026-02 in table tbldailystock_1
[2026-02-27 13:27:19] [DEBUG] Day 27: Opening=46, Purchase=0, Sales=24, Closing=22
[2026-02-27 13:27:19] [DEBUG] Day 28: Opening=22, Purchase=0, Sales=0, Closing=22
[2026-02-27 13:27:19] [INFO] Completed recalculating stock for 2026-02 from day 27
[2026-02-27 13:27:19] [INFO] Starting cascading to current month for item SCMPL0030235 sold on 2026-02-27
[2026-02-27 13:27:19] [INFO] Daily stock updated successfully for item SCMPL0030235 on 2026-02-27 in table tbldailystock_1: Sales=24, Closing=22
[2026-02-27 13:27:19] [INFO] Starting daily stock update for item SCMPL0030235 sold on 2026-02-27 (Qty: 11)
[2026-02-27 13:27:19] [INFO] Recalculating stock from day 27 for item SCMPL0030235 in 2026-02 in table tbldailystock_1
[2026-02-27 13:27:19] [DEBUG] Day 27: Opening=46, Purchase=0, Sales=35, Closing=11
[2026-02-27 13:27:19] [DEBUG] Day 28: Opening=11, Purchase=0, Sales=0, Closing=11
[2026-02-27 13:27:19] [INFO] Completed recalculating stock for 2026-02 from day 27
[2026-02-27 13:27:19] [INFO] Starting cascading to current month for item SCMPL0030235 sold on 2026-02-27
[2026-02-27 13:27:19] [INFO] Daily stock updated successfully for item SCMPL0030235 on 2026-02-27 in table tbldailystock_1: Sales=35, Closing=11
[2026-02-27 13:27:19] [INFO] Starting daily stock update for item SCMPL0030235 sold on 2026-02-27 (Qty: 11)
[2026-02-27 13:27:19] [INFO] Recalculating stock from day 27 for item SCMPL0030235 in 2026-02 in table tbldailystock_1
[2026-02-27 13:27:19] [DEBUG] Day 27: Opening=46, Purchase=0, Sales=46, Closing=0
[2026-02-27 13:27:19] [DEBUG] Day 28: Opening=0, Purchase=0, Sales=0, Closing=0
[2026-02-27 13:27:19] [INFO] Completed recalculating stock for 2026-02 from day 27
[2026-02-27 13:27:19] [INFO] Starting cascading to current month for item SCMPL0030235 sold on 2026-02-27
[2026-02-27 13:27:19] [INFO] Daily stock updated successfully for item SCMPL0030235 on 2026-02-27 in table tbldailystock_1: Sales=46, Closing=0
[2026-02-27 13:27:19] [INFO] Starting daily stock update for item SCMPL0038226 sold on 2026-02-27 (Qty: 11)
[2026-02-27 13:27:19] [INFO] Recalculating stock from day 27 for item SCMPL0038226 in 2026-02 in table tbldailystock_1
[2026-02-27 13:27:19] [DEBUG] Day 27: Opening=24, Purchase=0, Sales=11, Closing=13
[2026-02-27 13:27:19] [DEBUG] Day 28: Opening=13, Purchase=0, Sales=0, Closing=13
[2026-02-27 13:27:19] [INFO] Completed recalculating stock for 2026-02 from day 27
[2026-02-27 13:27:19] [INFO] Starting cascading to current month for item SCMPL0038226 sold on 2026-02-27
[2026-02-27 13:27:19] [INFO] Daily stock updated successfully for item SCMPL0038226 on 2026-02-27 in table tbldailystock_1: Sales=11, Closing=13
[2026-02-27 13:27:19] [INFO] Starting daily stock update for item SCMPL0038226 sold on 2026-02-27 (Qty: 11)
[2026-02-27 13:27:19] [INFO] Recalculating stock from day 27 for item SCMPL0038226 in 2026-02 in table tbldailystock_1
[2026-02-27 13:27:19] [DEBUG] Day 27: Opening=24, Purchase=0, Sales=22, Closing=2
[2026-02-27 13:27:19] [DEBUG] Day 28: Opening=2, Purchase=0, Sales=0, Closing=2
[2026-02-27 13:27:19] [INFO] Completed recalculating stock for 2026-02 from day 27
[2026-02-27 13:27:19] [INFO] Starting cascading to current month for item SCMPL0038226 sold on 2026-02-27
[2026-02-27 13:27:19] [INFO] Daily stock updated successfully for item SCMPL0038226 on 2026-02-27 in table tbldailystock_1: Sales=22, Closing=2
[2026-02-27 13:27:19] [INFO] Starting daily stock update for item SCMPL0038226 sold on 2026-02-27 (Qty: 2)
[2026-02-27 13:27:19] [INFO] Recalculating stock from day 27 for item SCMPL0038226 in 2026-02 in table tbldailystock_1
[2026-02-27 13:27:19] [DEBUG] Day 27: Opening=24, Purchase=0, Sales=24, Closing=0
[2026-02-27 13:27:19] [DEBUG] Day 28: Opening=0, Purchase=0, Sales=0, Closing=0
[2026-02-27 13:27:19] [INFO] Completed recalculating stock for 2026-02 from day 27
[2026-02-27 13:27:19] [INFO] Starting cascading to current month for item SCMPL0038226 sold on 2026-02-27
[2026-02-27 13:27:19] [INFO] Daily stock updated successfully for item SCMPL0038226 on 2026-02-27 in table tbldailystock_1: Sales=24, Closing=0
[2026-02-27 13:27:19] [INFO] Starting daily stock update for item SCMPL0040482 sold on 2026-02-27 (Qty: 9)
[2026-02-27 13:27:19] [INFO] Recalculating stock from day 27 for item SCMPL0040482 in 2026-02 in table tbldailystock_1
[2026-02-27 13:27:19] [DEBUG] Day 27: Opening=11, Purchase=0, Sales=9, Closing=2
[2026-02-27 13:27:19] [DEBUG] Day 28: Opening=2, Purchase=0, Sales=0, Closing=2
[2026-02-27 13:27:19] [INFO] Completed recalculating stock for 2026-02 from day 27
[2026-02-27 13:27:19] [INFO] Starting cascading to current month for item SCMPL0040482 sold on 2026-02-27
[2026-02-27 13:27:19] [INFO] Daily stock updated successfully for item SCMPL0040482 on 2026-02-27 in table tbldailystock_1: Sales=9, Closing=2
[2026-02-27 13:27:19] [INFO] Starting daily stock update for item SCMPL0040482 sold on 2026-02-27 (Qty: 2)
[2026-02-27 13:27:19] [INFO] Recalculating stock from day 27 for item SCMPL0040482 in 2026-02 in table tbldailystock_1
[2026-02-27 13:27:19] [DEBUG] Day 27: Opening=11, Purchase=0, Sales=11, Closing=0
[2026-02-27 13:27:19] [DEBUG] Day 28: Opening=0, Purchase=0, Sales=0, Closing=0
[2026-02-27 13:27:19] [INFO] Completed recalculating stock for 2026-02 from day 27
[2026-02-27 13:27:19] [INFO] Starting cascading to current month for item SCMPL0040482 sold on 2026-02-27
[2026-02-27 13:27:19] [INFO] Daily stock updated successfully for item SCMPL0040482 on 2026-02-27 in table tbldailystock_1: Sales=11, Closing=0
[2026-02-27 13:27:19] [INFO] Starting daily stock update for item SCMPL0041325 sold on 2026-02-27 (Qty: 9)
[2026-02-27 13:27:19] [INFO] Recalculating stock from day 27 for item SCMPL0041325 in 2026-02 in table tbldailystock_1
[2026-02-27 13:27:19] [DEBUG] Day 27: Opening=38, Purchase=0, Sales=9, Closing=29
[2026-02-27 13:27:19] [DEBUG] Day 28: Opening=29, Purchase=0, Sales=0, Closing=29
[2026-02-27 13:27:19] [INFO] Completed recalculating stock for 2026-02 from day 27
[2026-02-27 13:27:19] [INFO] Starting cascading to current month for item SCMPL0041325 sold on 2026-02-27
[2026-02-27 13:27:19] [INFO] Daily stock updated successfully for item SCMPL0041325 on 2026-02-27 in table tbldailystock_1: Sales=9, Closing=29
[2026-02-27 13:27:19] [INFO] Starting daily stock update for item SCMPL0041325 sold on 2026-02-27 (Qty: 11)
[2026-02-27 13:27:19] [INFO] Recalculating stock from day 27 for item SCMPL0041325 in 2026-02 in table tbldailystock_1
[2026-02-27 13:27:19] [DEBUG] Day 27: Opening=38, Purchase=0, Sales=20, Closing=18
[2026-02-27 13:27:19] [DEBUG] Day 28: Opening=18, Purchase=0, Sales=0, Closing=18
[2026-02-27 13:27:19] [INFO] Completed recalculating stock for 2026-02 from day 27
[2026-02-27 13:27:19] [INFO] Starting cascading to current month for item SCMPL0041325 sold on 2026-02-27
[2026-02-27 13:27:19] [INFO] Daily stock updated successfully for item SCMPL0041325 on 2026-02-27 in table tbldailystock_1: Sales=20, Closing=18
[2026-02-27 13:27:19] [INFO] Starting daily stock update for item SCMPL0041325 sold on 2026-02-27 (Qty: 11)
[2026-02-27 13:27:19] [INFO] Recalculating stock from day 27 for item SCMPL0041325 in 2026-02 in table tbldailystock_1
[2026-02-27 13:27:19] [DEBUG] Day 27: Opening=38, Purchase=0, Sales=31, Closing=7
[2026-02-27 13:27:19] [DEBUG] Day 28: Opening=7, Purchase=0, Sales=0, Closing=7
[2026-02-27 13:27:19] [INFO] Completed recalculating stock for 2026-02 from day 27
[2026-02-27 13:27:19] [INFO] Starting cascading to current month for item SCMPL0041325 sold on 2026-02-27
[2026-02-27 13:27:19] [INFO] Daily stock updated successfully for item SCMPL0041325 on 2026-02-27 in table tbldailystock_1: Sales=31, Closing=7
[2026-02-27 13:27:19] [INFO] Starting daily stock update for item SCMPL0041325 sold on 2026-02-27 (Qty: 7)
[2026-02-27 13:27:19] [INFO] Recalculating stock from day 27 for item SCMPL0041325 in 2026-02 in table tbldailystock_1
[2026-02-27 13:27:19] [DEBUG] Day 27: Opening=38, Purchase=0, Sales=38, Closing=0
[2026-02-27 13:27:19] [DEBUG] Day 28: Opening=0, Purchase=0, Sales=0, Closing=0
[2026-02-27 13:27:19] [INFO] Completed recalculating stock for 2026-02 from day 27
[2026-02-27 13:27:19] [INFO] Starting cascading to current month for item SCMPL0041325 sold on 2026-02-27
[2026-02-27 13:27:19] [INFO] Daily stock updated successfully for item SCMPL0041325 on 2026-02-27 in table tbldailystock_1: Sales=38, Closing=0
[2026-02-27 13:27:19] [INFO] Starting daily stock update for item SCMIT0020187 sold on 2026-02-27 (Qty: 2)
[2026-02-27 13:27:19] [INFO] Recalculating stock from day 27 for item SCMIT0020187 in 2026-02 in table tbldailystock_1
[2026-02-27 13:27:19] [DEBUG] Day 27: Opening=15, Purchase=0, Sales=2, Closing=13
[2026-02-27 13:27:19] [DEBUG] Day 28: Opening=13, Purchase=0, Sales=0, Closing=13
[2026-02-27 13:27:19] [INFO] Completed recalculating stock for 2026-02 from day 27
[2026-02-27 13:27:19] [INFO] Starting cascading to current month for item SCMIT0020187 sold on 2026-02-27
[2026-02-27 13:27:19] [INFO] Daily stock updated successfully for item SCMIT0020187 on 2026-02-27 in table tbldailystock_1: Sales=2, Closing=13
[2026-02-27 13:27:19] [INFO] Starting daily stock update for item SCMIT0020187 sold on 2026-02-27 (Qty: 5)
[2026-02-27 13:27:19] [INFO] Recalculating stock from day 27 for item SCMIT0020187 in 2026-02 in table tbldailystock_1
[2026-02-27 13:27:19] [DEBUG] Day 27: Opening=15, Purchase=0, Sales=7, Closing=8
[2026-02-27 13:27:19] [DEBUG] Day 28: Opening=8, Purchase=0, Sales=0, Closing=8
[2026-02-27 13:27:19] [INFO] Completed recalculating stock for 2026-02 from day 27
[2026-02-27 13:27:19] [INFO] Starting cascading to current month for item SCMIT0020187 sold on 2026-02-27
[2026-02-27 13:27:19] [INFO] Daily stock updated successfully for item SCMIT0020187 on 2026-02-27 in table tbldailystock_1: Sales=7, Closing=8
[2026-02-27 13:27:19] [INFO] Starting daily stock update for item SCMIT0020187 sold on 2026-02-27 (Qty: 5)
[2026-02-27 13:27:19] [INFO] Recalculating stock from day 27 for item SCMIT0020187 in 2026-02 in table tbldailystock_1
[2026-02-27 13:27:20] [DEBUG] Day 27: Opening=15, Purchase=0, Sales=12, Closing=3
[2026-02-27 13:27:20] [DEBUG] Day 28: Opening=3, Purchase=0, Sales=0, Closing=3
[2026-02-27 13:27:20] [INFO] Completed recalculating stock for 2026-02 from day 27
[2026-02-27 13:27:20] [INFO] Starting cascading to current month for item SCMIT0020187 sold on 2026-02-27
[2026-02-27 13:27:20] [INFO] Daily stock updated successfully for item SCMIT0020187 on 2026-02-27 in table tbldailystock_1: Sales=12, Closing=3
[2026-02-27 13:27:20] [INFO] Starting daily stock update for item SCMIT0020187 sold on 2026-02-27 (Qty: 3)
[2026-02-27 13:27:20] [INFO] Recalculating stock from day 27 for item SCMIT0020187 in 2026-02 in table tbldailystock_1
[2026-02-27 13:27:20] [DEBUG] Day 27: Opening=15, Purchase=0, Sales=15, Closing=0
[2026-02-27 13:27:20] [DEBUG] Day 28: Opening=0, Purchase=0, Sales=0, Closing=0
[2026-02-27 13:27:20] [INFO] Completed recalculating stock for 2026-02 from day 27
[2026-02-27 13:27:20] [INFO] Starting cascading to current month for item SCMIT0020187 sold on 2026-02-27
[2026-02-27 13:27:20] [INFO] Daily stock updated successfully for item SCMIT0020187 on 2026-02-27 in table tbldailystock_1: Sales=15, Closing=0
[2026-02-27 13:27:20] [INFO] Starting daily stock update for item SCMIT0022719 sold on 2026-02-27 (Qty: 2)
[2026-02-27 13:27:20] [INFO] Recalculating stock from day 27 for item SCMIT0022719 in 2026-02 in table tbldailystock_1
[2026-02-27 13:27:20] [DEBUG] Day 27: Opening=10, Purchase=0, Sales=2, Closing=8
[2026-02-27 13:27:20] [DEBUG] Day 28: Opening=8, Purchase=0, Sales=0, Closing=8
[2026-02-27 13:27:20] [INFO] Completed recalculating stock for 2026-02 from day 27
[2026-02-27 13:27:20] [INFO] Starting cascading to current month for item SCMIT0022719 sold on 2026-02-27
[2026-02-27 13:27:20] [INFO] Daily stock updated successfully for item SCMIT0022719 on 2026-02-27 in table tbldailystock_1: Sales=2, Closing=8
[2026-02-27 13:27:20] [INFO] Starting daily stock update for item SCMIT0022719 sold on 2026-02-27 (Qty: 5)
[2026-02-27 13:27:20] [INFO] Recalculating stock from day 27 for item SCMIT0022719 in 2026-02 in table tbldailystock_1
[2026-02-27 13:27:20] [DEBUG] Day 27: Opening=10, Purchase=0, Sales=7, Closing=3
[2026-02-27 13:27:20] [DEBUG] Day 28: Opening=3, Purchase=0, Sales=0, Closing=3
[2026-02-27 13:27:20] [INFO] Completed recalculating stock for 2026-02 from day 27
[2026-02-27 13:27:20] [INFO] Starting cascading to current month for item SCMIT0022719 sold on 2026-02-27
[2026-02-27 13:27:20] [INFO] Daily stock updated successfully for item SCMIT0022719 on 2026-02-27 in table tbldailystock_1: Sales=7, Closing=3
[2026-02-27 13:27:20] [INFO] Starting daily stock update for item SCMIT0022719 sold on 2026-02-27 (Qty: 3)
[2026-02-27 13:27:20] [INFO] Recalculating stock from day 27 for item SCMIT0022719 in 2026-02 in table tbldailystock_1
[2026-02-27 13:27:20] [DEBUG] Day 27: Opening=10, Purchase=0, Sales=10, Closing=0
[2026-02-27 13:27:20] [DEBUG] Day 28: Opening=0, Purchase=0, Sales=0, Closing=0
[2026-02-27 13:27:20] [INFO] Completed recalculating stock for 2026-02 from day 27
[2026-02-27 13:27:20] [INFO] Starting cascading to current month for item SCMIT0022719 sold on 2026-02-27
[2026-02-27 13:27:20] [INFO] Daily stock updated successfully for item SCMIT0022719 on 2026-02-27 in table tbldailystock_1: Sales=10, Closing=0
[2026-02-27 13:27:20] [INFO] Starting daily stock update for item SCMKS0026876 sold on 2026-02-27 (Qty: 2)
[2026-02-27 13:27:20] [INFO] Recalculating stock from day 27 for item SCMKS0026876 in 2026-02 in table tbldailystock_1
[2026-02-27 13:27:20] [DEBUG] Day 27: Opening=21, Purchase=0, Sales=2, Closing=19
[2026-02-27 13:27:20] [DEBUG] Day 28: Opening=19, Purchase=0, Sales=0, Closing=19
[2026-02-27 13:27:20] [INFO] Completed recalculating stock for 2026-02 from day 27
[2026-02-27 13:27:20] [INFO] Starting cascading to current month for item SCMKS0026876 sold on 2026-02-27
[2026-02-27 13:27:20] [INFO] Daily stock updated successfully for item SCMKS0026876 on 2026-02-27 in table tbldailystock_1: Sales=2, Closing=19
[2026-02-27 13:27:20] [INFO] Starting daily stock update for item SCMKS0026876 sold on 2026-02-27 (Qty: 5)
[2026-02-27 13:27:20] [INFO] Recalculating stock from day 27 for item SCMKS0026876 in 2026-02 in table tbldailystock_1
[2026-02-27 13:27:20] [DEBUG] Day 27: Opening=21, Purchase=0, Sales=7, Closing=14
[2026-02-27 13:27:20] [DEBUG] Day 28: Opening=14, Purchase=0, Sales=0, Closing=14
[2026-02-27 13:27:20] [INFO] Completed recalculating stock for 2026-02 from day 27
[2026-02-27 13:27:20] [INFO] Starting cascading to current month for item SCMKS0026876 sold on 2026-02-27
[2026-02-27 13:27:20] [INFO] Daily stock updated successfully for item SCMKS0026876 on 2026-02-27 in table tbldailystock_1: Sales=7, Closing=14
[2026-02-27 13:27:20] [INFO] Starting daily stock update for item SCMKS0026876 sold on 2026-02-27 (Qty: 5)
[2026-02-27 13:27:20] [INFO] Recalculating stock from day 27 for item SCMKS0026876 in 2026-02 in table tbldailystock_1
[2026-02-27 13:27:20] [DEBUG] Day 27: Opening=21, Purchase=0, Sales=12, Closing=9
[2026-02-27 13:27:20] [DEBUG] Day 28: Opening=9, Purchase=0, Sales=0, Closing=9
[2026-02-27 13:27:20] [INFO] Completed recalculating stock for 2026-02 from day 27
[2026-02-27 13:27:20] [INFO] Starting cascading to current month for item SCMKS0026876 sold on 2026-02-27
[2026-02-27 13:27:20] [INFO] Daily stock updated successfully for item SCMKS0026876 on 2026-02-27 in table tbldailystock_1: Sales=12, Closing=9
[2026-02-27 13:27:20] [INFO] Starting daily stock update for item SCMKS0026876 sold on 2026-02-27 (Qty: 5)
[2026-02-27 13:27:20] [INFO] Recalculating stock from day 27 for item SCMKS0026876 in 2026-02 in table tbldailystock_1
[2026-02-27 13:27:20] [DEBUG] Day 27: Opening=21, Purchase=0, Sales=17, Closing=4
[2026-02-27 13:27:20] [DEBUG] Day 28: Opening=4, Purchase=0, Sales=0, Closing=4
[2026-02-27 13:27:20] [INFO] Completed recalculating stock for 2026-02 from day 27
[2026-02-27 13:27:20] [INFO] Starting cascading to current month for item SCMKS0026876 sold on 2026-02-27
[2026-02-27 13:27:20] [INFO] Daily stock updated successfully for item SCMKS0026876 on 2026-02-27 in table tbldailystock_1: Sales=17, Closing=4
[2026-02-27 13:27:20] [INFO] Starting daily stock update for item SCMKS0026876 sold on 2026-02-27 (Qty: 4)
[2026-02-27 13:27:20] [INFO] Recalculating stock from day 27 for item SCMKS0026876 in 2026-02 in table tbldailystock_1
[2026-02-27 13:27:20] [DEBUG] Day 27: Opening=21, Purchase=0, Sales=21, Closing=0
[2026-02-27 13:27:20] [DEBUG] Day 28: Opening=0, Purchase=0, Sales=0, Closing=0
[2026-02-27 13:27:20] [INFO] Completed recalculating stock for 2026-02 from day 27
[2026-02-27 13:27:20] [INFO] Starting cascading to current month for item SCMKS0026876 sold on 2026-02-27
[2026-02-27 13:27:20] [INFO] Daily stock updated successfully for item SCMKS0026876 on 2026-02-27 in table tbldailystock_1: Sales=21, Closing=0
[2026-02-27 13:27:20] [INFO] Starting daily stock update for item SCMKS0033344 sold on 2026-02-27 (Qty: 1)
[2026-02-27 13:27:20] [INFO] Recalculating stock from day 27 for item SCMKS0033344 in 2026-02 in table tbldailystock_1
[2026-02-27 13:27:20] [DEBUG] Day 27: Opening=26, Purchase=0, Sales=1, Closing=25
[2026-02-27 13:27:20] [DEBUG] Day 28: Opening=25, Purchase=0, Sales=0, Closing=25
[2026-02-27 13:27:20] [INFO] Completed recalculating stock for 2026-02 from day 27
[2026-02-27 13:27:20] [INFO] Starting cascading to current month for item SCMKS0033344 sold on 2026-02-27
[2026-02-27 13:27:20] [INFO] Daily stock updated successfully for item SCMKS0033344 on 2026-02-27 in table tbldailystock_1: Sales=1, Closing=25
[2026-02-27 13:27:20] [INFO] Starting daily stock update for item SCMKS0033344 sold on 2026-02-27 (Qty: 5)
[2026-02-27 13:27:20] [INFO] Recalculating stock from day 27 for item SCMKS0033344 in 2026-02 in table tbldailystock_1
[2026-02-27 13:27:20] [DEBUG] Day 27: Opening=26, Purchase=0, Sales=6, Closing=20
[2026-02-27 13:27:20] [DEBUG] Day 28: Opening=20, Purchase=0, Sales=0, Closing=20
[2026-02-27 13:27:20] [INFO] Completed recalculating stock for 2026-02 from day 27
[2026-02-27 13:27:20] [INFO] Starting cascading to current month for item SCMKS0033344 sold on 2026-02-27
[2026-02-27 13:27:20] [INFO] Daily stock updated successfully for item SCMKS0033344 on 2026-02-27 in table tbldailystock_1: Sales=6, Closing=20
[2026-02-27 13:27:20] [INFO] Starting daily stock update for item SCMKS0033344 sold on 2026-02-27 (Qty: 5)
[2026-02-27 13:27:20] [INFO] Recalculating stock from day 27 for item SCMKS0033344 in 2026-02 in table tbldailystock_1
[2026-02-27 13:27:20] [DEBUG] Day 27: Opening=26, Purchase=0, Sales=11, Closing=15
[2026-02-27 13:27:20] [DEBUG] Day 28: Opening=15, Purchase=0, Sales=0, Closing=15
[2026-02-27 13:27:20] [INFO] Completed recalculating stock for 2026-02 from day 27
[2026-02-27 13:27:20] [INFO] Starting cascading to current month for item SCMKS0033344 sold on 2026-02-27
[2026-02-27 13:27:20] [INFO] Daily stock updated successfully for item SCMKS0033344 on 2026-02-27 in table tbldailystock_1: Sales=11, Closing=15
[2026-02-27 13:27:20] [INFO] Starting daily stock update for item SCMKS0033344 sold on 2026-02-27 (Qty: 5)
[2026-02-27 13:27:20] [INFO] Recalculating stock from day 27 for item SCMKS0033344 in 2026-02 in table tbldailystock_1
[2026-02-27 13:27:20] [DEBUG] Day 27: Opening=26, Purchase=0, Sales=16, Closing=10
[2026-02-27 13:27:20] [DEBUG] Day 28: Opening=10, Purchase=0, Sales=0, Closing=10
[2026-02-27 13:27:20] [INFO] Completed recalculating stock for 2026-02 from day 27
[2026-02-27 13:27:20] [INFO] Starting cascading to current month for item SCMKS0033344 sold on 2026-02-27
[2026-02-27 13:27:20] [INFO] Daily stock updated successfully for item SCMKS0033344 on 2026-02-27 in table tbldailystock_1: Sales=16, Closing=10
[2026-02-27 13:27:20] [INFO] Starting daily stock update for item SCMKS0033344 sold on 2026-02-27 (Qty: 5)
[2026-02-27 13:27:20] [INFO] Recalculating stock from day 27 for item SCMKS0033344 in 2026-02 in table tbldailystock_1
[2026-02-27 13:27:20] [DEBUG] Day 27: Opening=26, Purchase=0, Sales=21, Closing=5
[2026-02-27 13:27:20] [DEBUG] Day 28: Opening=5, Purchase=0, Sales=0, Closing=5
[2026-02-27 13:27:20] [INFO] Completed recalculating stock for 2026-02 from day 27
[2026-02-27 13:27:20] [INFO] Starting cascading to current month for item SCMKS0033344 sold on 2026-02-27
[2026-02-27 13:27:20] [INFO] Daily stock updated successfully for item SCMKS0033344 on 2026-02-27 in table tbldailystock_1: Sales=21, Closing=5
[2026-02-27 13:27:20] [INFO] Starting daily stock update for item SCMKS0033344 sold on 2026-02-27 (Qty: 5)
[2026-02-27 13:27:20] [INFO] Recalculating stock from day 27 for item SCMKS0033344 in 2026-02 in table tbldailystock_1
[2026-02-27 13:27:20] [DEBUG] Day 27: Opening=26, Purchase=0, Sales=26, Closing=0
[2026-02-27 13:27:20] [DEBUG] Day 28: Opening=0, Purchase=0, Sales=0, Closing=0
[2026-02-27 13:27:20] [INFO] Completed recalculating stock for 2026-02 from day 27
[2026-02-27 13:27:20] [INFO] Starting cascading to current month for item SCMKS0033344 sold on 2026-02-27
[2026-02-27 13:27:20] [INFO] Daily stock updated successfully for item SCMKS0033344 on 2026-02-27 in table tbldailystock_1: Sales=26, Closing=0
[2026-02-27 13:27:20] [INFO] Starting daily stock update for item SCMKS0036602 sold on 2026-02-27 (Qty: 5)
[2026-02-27 13:27:20] [INFO] Recalculating stock from day 27 for item SCMKS0036602 in 2026-02 in table tbldailystock_1
[2026-02-27 13:27:20] [DEBUG] Day 27: Opening=6, Purchase=0, Sales=5, Closing=1
[2026-02-27 13:27:20] [DEBUG] Day 28: Opening=1, Purchase=0, Sales=0, Closing=1
[2026-02-27 13:27:20] [INFO] Completed recalculating stock for 2026-02 from day 27
[2026-02-27 13:27:20] [INFO] Starting cascading to current month for item SCMKS0036602 sold on 2026-02-27
[2026-02-27 13:27:20] [INFO] Daily stock updated successfully for item SCMKS0036602 on 2026-02-27 in table tbldailystock_1: Sales=5, Closing=1
[2026-02-27 13:27:20] [INFO] Starting daily stock update for item SCMKS0036602 sold on 2026-02-27 (Qty: 1)
[2026-02-27 13:27:20] [INFO] Recalculating stock from day 27 for item SCMKS0036602 in 2026-02 in table tbldailystock_1
[2026-02-27 13:27:20] [DEBUG] Day 27: Opening=6, Purchase=0, Sales=6, Closing=0
[2026-02-27 13:27:20] [DEBUG] Day 28: Opening=0, Purchase=0, Sales=0, Closing=0
[2026-02-27 13:27:20] [INFO] Completed recalculating stock for 2026-02 from day 27
[2026-02-27 13:27:20] [INFO] Starting cascading to current month for item SCMKS0036602 sold on 2026-02-27
[2026-02-27 13:27:20] [INFO] Daily stock updated successfully for item SCMKS0036602 on 2026-02-27 in table tbldailystock_1: Sales=6, Closing=0
[2026-02-27 13:27:20] [INFO] Starting daily stock update for item SCMPL0009678 sold on 2026-02-27 (Qty: 4)
[2026-02-27 13:27:21] [INFO] Recalculating stock from day 27 for item SCMPL0009678 in 2026-02 in table tbldailystock_1
[2026-02-27 13:27:21] [DEBUG] Day 27: Opening=29, Purchase=0, Sales=4, Closing=25
[2026-02-27 13:27:21] [DEBUG] Day 28: Opening=25, Purchase=0, Sales=0, Closing=25
[2026-02-27 13:27:21] [INFO] Completed recalculating stock for 2026-02 from day 27
[2026-02-27 13:27:21] [INFO] Starting cascading to current month for item SCMPL0009678 sold on 2026-02-27
[2026-02-27 13:27:21] [INFO] Daily stock updated successfully for item SCMPL0009678 on 2026-02-27 in table tbldailystock_1: Sales=4, Closing=25
[2026-02-27 13:27:21] [INFO] Starting daily stock update for item SCMPL0009678 sold on 2026-02-27 (Qty: 5)
[2026-02-27 13:27:21] [INFO] Recalculating stock from day 27 for item SCMPL0009678 in 2026-02 in table tbldailystock_1
[2026-02-27 13:27:21] [DEBUG] Day 27: Opening=29, Purchase=0, Sales=9, Closing=20
[2026-02-27 13:27:21] [DEBUG] Day 28: Opening=20, Purchase=0, Sales=0, Closing=20
[2026-02-27 13:27:21] [INFO] Completed recalculating stock for 2026-02 from day 27
[2026-02-27 13:27:21] [INFO] Starting cascading to current month for item SCMPL0009678 sold on 2026-02-27
[2026-02-27 13:27:21] [INFO] Daily stock updated successfully for item SCMPL0009678 on 2026-02-27 in table tbldailystock_1: Sales=9, Closing=20
[2026-02-27 13:27:21] [INFO] Starting daily stock update for item SCMPL0009678 sold on 2026-02-27 (Qty: 5)
[2026-02-27 13:27:21] [INFO] Recalculating stock from day 27 for item SCMPL0009678 in 2026-02 in table tbldailystock_1
[2026-02-27 13:27:21] [DEBUG] Day 27: Opening=29, Purchase=0, Sales=14, Closing=15
[2026-02-27 13:27:21] [DEBUG] Day 28: Opening=15, Purchase=0, Sales=0, Closing=15
[2026-02-27 13:27:21] [INFO] Completed recalculating stock for 2026-02 from day 27
[2026-02-27 13:27:21] [INFO] Starting cascading to current month for item SCMPL0009678 sold on 2026-02-27
[2026-02-27 13:27:21] [INFO] Daily stock updated successfully for item SCMPL0009678 on 2026-02-27 in table tbldailystock_1: Sales=14, Closing=15
[2026-02-27 13:27:21] [INFO] Starting daily stock update for item SCMPL0009678 sold on 2026-02-27 (Qty: 5)
[2026-02-27 13:27:21] [INFO] Recalculating stock from day 27 for item SCMPL0009678 in 2026-02 in table tbldailystock_1
[2026-02-27 13:27:21] [DEBUG] Day 27: Opening=29, Purchase=0, Sales=19, Closing=10
[2026-02-27 13:27:21] [DEBUG] Day 28: Opening=10, Purchase=0, Sales=0, Closing=10
[2026-02-27 13:27:21] [INFO] Completed recalculating stock for 2026-02 from day 27
[2026-02-27 13:27:21] [INFO] Starting cascading to current month for item SCMPL0009678 sold on 2026-02-27
[2026-02-27 13:27:21] [INFO] Daily stock updated successfully for item SCMPL0009678 on 2026-02-27 in table tbldailystock_1: Sales=19, Closing=10
[2026-02-27 13:27:21] [INFO] Starting daily stock update for item SCMPL0009678 sold on 2026-02-27 (Qty: 5)
[2026-02-27 13:27:21] [INFO] Recalculating stock from day 27 for item SCMPL0009678 in 2026-02 in table tbldailystock_1
[2026-02-27 13:27:21] [DEBUG] Day 27: Opening=29, Purchase=0, Sales=24, Closing=5
[2026-02-27 13:27:21] [DEBUG] Day 28: Opening=5, Purchase=0, Sales=0, Closing=5
[2026-02-27 13:27:21] [INFO] Completed recalculating stock for 2026-02 from day 27
[2026-02-27 13:27:21] [INFO] Starting cascading to current month for item SCMPL0009678 sold on 2026-02-27
[2026-02-27 13:27:21] [INFO] Daily stock updated successfully for item SCMPL0009678 on 2026-02-27 in table tbldailystock_1: Sales=24, Closing=5
[2026-02-27 13:27:21] [INFO] Starting daily stock update for item SCMPL0009678 sold on 2026-02-27 (Qty: 5)
[2026-02-27 13:27:21] [INFO] Recalculating stock from day 27 for item SCMPL0009678 in 2026-02 in table tbldailystock_1
[2026-02-27 13:27:21] [DEBUG] Day 27: Opening=29, Purchase=0, Sales=29, Closing=0
[2026-02-27 13:27:21] [DEBUG] Day 28: Opening=0, Purchase=0, Sales=0, Closing=0
[2026-02-27 13:27:21] [INFO] Completed recalculating stock for 2026-02 from day 27
[2026-02-27 13:27:21] [INFO] Starting cascading to current month for item SCMPL0009678 sold on 2026-02-27
[2026-02-27 13:27:21] [INFO] Daily stock updated successfully for item SCMPL0009678 on 2026-02-27 in table tbldailystock_1: Sales=29, Closing=0
[2026-02-27 13:27:21] [INFO] Starting daily stock update for item SCMPL0009770 sold on 2026-02-27 (Qty: 5)
[2026-02-27 13:27:21] [INFO] Recalculating stock from day 27 for item SCMPL0009770 in 2026-02 in table tbldailystock_1
[2026-02-27 13:27:21] [DEBUG] Day 27: Opening=57, Purchase=0, Sales=5, Closing=52
[2026-02-27 13:27:21] [DEBUG] Day 28: Opening=52, Purchase=0, Sales=0, Closing=52
[2026-02-27 13:27:21] [INFO] Completed recalculating stock for 2026-02 from day 27
[2026-02-27 13:27:21] [INFO] Starting cascading to current month for item SCMPL0009770 sold on 2026-02-27
[2026-02-27 13:27:21] [INFO] Daily stock updated successfully for item SCMPL0009770 on 2026-02-27 in table tbldailystock_1: Sales=5, Closing=52
[2026-02-27 13:27:21] [INFO] Starting daily stock update for item SCMPL0009770 sold on 2026-02-27 (Qty: 5)
[2026-02-27 13:27:21] [INFO] Recalculating stock from day 27 for item SCMPL0009770 in 2026-02 in table tbldailystock_1
[2026-02-27 13:27:21] [DEBUG] Day 27: Opening=57, Purchase=0, Sales=10, Closing=47
[2026-02-27 13:27:21] [DEBUG] Day 28: Opening=47, Purchase=0, Sales=0, Closing=47
[2026-02-27 13:27:21] [INFO] Completed recalculating stock for 2026-02 from day 27
[2026-02-27 13:27:21] [INFO] Starting cascading to current month for item SCMPL0009770 sold on 2026-02-27
[2026-02-27 13:27:21] [INFO] Daily stock updated successfully for item SCMPL0009770 on 2026-02-27 in table tbldailystock_1: Sales=10, Closing=47
[2026-02-27 13:27:21] [INFO] Starting daily stock update for item SCMPL0009770 sold on 2026-02-27 (Qty: 5)
[2026-02-27 13:27:21] [INFO] Recalculating stock from day 27 for item SCMPL0009770 in 2026-02 in table tbldailystock_1
[2026-02-27 13:27:21] [DEBUG] Day 27: Opening=57, Purchase=0, Sales=15, Closing=42
[2026-02-27 13:27:21] [DEBUG] Day 28: Opening=42, Purchase=0, Sales=0, Closing=42
[2026-02-27 13:27:21] [INFO] Completed recalculating stock for 2026-02 from day 27
[2026-02-27 13:27:21] [INFO] Starting cascading to current month for item SCMPL0009770 sold on 2026-02-27
[2026-02-27 13:27:21] [INFO] Daily stock updated successfully for item SCMPL0009770 on 2026-02-27 in table tbldailystock_1: Sales=15, Closing=42
[2026-02-27 13:27:21] [INFO] Starting daily stock update for item SCMPL0009770 sold on 2026-02-27 (Qty: 5)
[2026-02-27 13:27:21] [INFO] Recalculating stock from day 27 for item SCMPL0009770 in 2026-02 in table tbldailystock_1
[2026-02-27 13:27:21] [DEBUG] Day 27: Opening=57, Purchase=0, Sales=20, Closing=37
[2026-02-27 13:27:21] [DEBUG] Day 28: Opening=37, Purchase=0, Sales=0, Closing=37
[2026-02-27 13:27:21] [INFO] Completed recalculating stock for 2026-02 from day 27
[2026-02-27 13:27:21] [INFO] Starting cascading to current month for item SCMPL0009770 sold on 2026-02-27
[2026-02-27 13:27:21] [INFO] Daily stock updated successfully for item SCMPL0009770 on 2026-02-27 in table tbldailystock_1: Sales=20, Closing=37
[2026-02-27 13:27:21] [INFO] Starting daily stock update for item SCMPL0009770 sold on 2026-02-27 (Qty: 5)
[2026-02-27 13:27:21] [INFO] Recalculating stock from day 27 for item SCMPL0009770 in 2026-02 in table tbldailystock_1
[2026-02-27 13:27:21] [DEBUG] Day 27: Opening=57, Purchase=0, Sales=25, Closing=32
[2026-02-27 13:27:21] [DEBUG] Day 28: Opening=32, Purchase=0, Sales=0, Closing=32
[2026-02-27 13:27:21] [INFO] Completed recalculating stock for 2026-02 from day 27
[2026-02-27 13:27:21] [INFO] Starting cascading to current month for item SCMPL0009770 sold on 2026-02-27
[2026-02-27 13:27:21] [INFO] Daily stock updated successfully for item SCMPL0009770 on 2026-02-27 in table tbldailystock_1: Sales=25, Closing=32
[2026-02-27 13:27:21] [INFO] Starting daily stock update for item SCMPL0009770 sold on 2026-02-27 (Qty: 5)
[2026-02-27 13:27:21] [INFO] Recalculating stock from day 27 for item SCMPL0009770 in 2026-02 in table tbldailystock_1
[2026-02-27 13:27:21] [DEBUG] Day 27: Opening=57, Purchase=0, Sales=30, Closing=27
[2026-02-27 13:27:21] [DEBUG] Day 28: Opening=27, Purchase=0, Sales=0, Closing=27
[2026-02-27 13:27:21] [INFO] Completed recalculating stock for 2026-02 from day 27
[2026-02-27 13:27:21] [INFO] Starting cascading to current month for item SCMPL0009770 sold on 2026-02-27
[2026-02-27 13:27:21] [INFO] Daily stock updated successfully for item SCMPL0009770 on 2026-02-27 in table tbldailystock_1: Sales=30, Closing=27
[2026-02-27 13:27:21] [INFO] Starting daily stock update for item SCMPL0009770 sold on 2026-02-27 (Qty: 5)
[2026-02-27 13:27:21] [INFO] Recalculating stock from day 27 for item SCMPL0009770 in 2026-02 in table tbldailystock_1
[2026-02-27 13:27:21] [DEBUG] Day 27: Opening=57, Purchase=0, Sales=35, Closing=22
[2026-02-27 13:27:21] [DEBUG] Day 28: Opening=22, Purchase=0, Sales=0, Closing=22
[2026-02-27 13:27:21] [INFO] Completed recalculating stock for 2026-02 from day 27
[2026-02-27 13:27:21] [INFO] Starting cascading to current month for item SCMPL0009770 sold on 2026-02-27
[2026-02-27 13:27:21] [INFO] Daily stock updated successfully for item SCMPL0009770 on 2026-02-27 in table tbldailystock_1: Sales=35, Closing=22
[2026-02-27 13:27:21] [INFO] Starting daily stock update for item SCMPL0009770 sold on 2026-02-27 (Qty: 5)
[2026-02-27 13:27:21] [INFO] Recalculating stock from day 27 for item SCMPL0009770 in 2026-02 in table tbldailystock_1
[2026-02-27 13:27:21] [DEBUG] Day 27: Opening=57, Purchase=0, Sales=40, Closing=17
[2026-02-27 13:27:21] [DEBUG] Day 28: Opening=17, Purchase=0, Sales=0, Closing=17
[2026-02-27 13:27:21] [INFO] Completed recalculating stock for 2026-02 from day 27
[2026-02-27 13:27:21] [INFO] Starting cascading to current month for item SCMPL0009770 sold on 2026-02-27
[2026-02-27 13:27:21] [INFO] Daily stock updated successfully for item SCMPL0009770 on 2026-02-27 in table tbldailystock_1: Sales=40, Closing=17
[2026-02-27 13:27:21] [INFO] Starting daily stock update for item SCMPL0009770 sold on 2026-02-27 (Qty: 5)
[2026-02-27 13:27:21] [INFO] Recalculating stock from day 27 for item SCMPL0009770 in 2026-02 in table tbldailystock_1
[2026-02-27 13:27:21] [DEBUG] Day 27: Opening=57, Purchase=0, Sales=45, Closing=12
[2026-02-27 13:27:21] [DEBUG] Day 28: Opening=12, Purchase=0, Sales=0, Closing=12
[2026-02-27 13:27:21] [INFO] Completed recalculating stock for 2026-02 from day 27
[2026-02-27 13:27:21] [INFO] Starting cascading to current month for item SCMPL0009770 sold on 2026-02-27
[2026-02-27 13:27:21] [INFO] Daily stock updated successfully for item SCMPL0009770 on 2026-02-27 in table tbldailystock_1: Sales=45, Closing=12
[2026-02-27 13:27:21] [INFO] Starting daily stock update for item SCMPL0009770 sold on 2026-02-27 (Qty: 5)
[2026-02-27 13:27:21] [INFO] Recalculating stock from day 27 for item SCMPL0009770 in 2026-02 in table tbldailystock_1
[2026-02-27 13:27:21] [DEBUG] Day 27: Opening=57, Purchase=0, Sales=50, Closing=7
[2026-02-27 13:27:21] [DEBUG] Day 28: Opening=7, Purchase=0, Sales=0, Closing=7
[2026-02-27 13:27:21] [INFO] Completed recalculating stock for 2026-02 from day 27
[2026-02-27 13:27:21] [INFO] Starting cascading to current month for item SCMPL0009770 sold on 2026-02-27
[2026-02-27 13:27:21] [INFO] Daily stock updated successfully for item SCMPL0009770 on 2026-02-27 in table tbldailystock_1: Sales=50, Closing=7
[2026-02-27 13:27:21] [INFO] Starting daily stock update for item SCMPL0009770 sold on 2026-02-27 (Qty: 5)
[2026-02-27 13:27:21] [INFO] Recalculating stock from day 27 for item SCMPL0009770 in 2026-02 in table tbldailystock_1
[2026-02-27 13:27:21] [DEBUG] Day 27: Opening=57, Purchase=0, Sales=55, Closing=2
[2026-02-27 13:27:21] [DEBUG] Day 28: Opening=2, Purchase=0, Sales=0, Closing=2
[2026-02-27 13:27:21] [INFO] Completed recalculating stock for 2026-02 from day 27
[2026-02-27 13:27:21] [INFO] Starting cascading to current month for item SCMPL0009770 sold on 2026-02-27
[2026-02-27 13:27:21] [INFO] Daily stock updated successfully for item SCMPL0009770 on 2026-02-27 in table tbldailystock_1: Sales=55, Closing=2
[2026-02-27 13:27:21] [INFO] Starting daily stock update for item SCMPL0009770 sold on 2026-02-27 (Qty: 2)
[2026-02-27 13:27:21] [INFO] Recalculating stock from day 27 for item SCMPL0009770 in 2026-02 in table tbldailystock_1
[2026-02-27 13:27:21] [DEBUG] Day 27: Opening=57, Purchase=0, Sales=57, Closing=0
[2026-02-27 13:27:21] [DEBUG] Day 28: Opening=0, Purchase=0, Sales=0, Closing=0
[2026-02-27 13:27:21] [INFO] Completed recalculating stock for 2026-02 from day 27
[2026-02-27 13:27:21] [INFO] Starting cascading to current month for item SCMPL0009770 sold on 2026-02-27
[2026-02-27 13:27:21] [INFO] Daily stock updated successfully for item SCMPL0009770 on 2026-02-27 in table tbldailystock_1: Sales=57, Closing=0
[2026-02-27 13:27:21] [INFO] Starting daily stock update for item SCMPL0009821 sold on 2026-02-27 (Qty: 3)
[2026-02-27 13:27:21] [INFO] Recalculating stock from day 27 for item SCMPL0009821 in 2026-02 in table tbldailystock_1
[2026-02-27 13:27:21] [DEBUG] Day 27: Opening=13, Purchase=0, Sales=3, Closing=10
[2026-02-27 13:27:21] [DEBUG] Day 28: Opening=10, Purchase=0, Sales=0, Closing=10
[2026-02-27 13:27:21] [INFO] Completed recalculating stock for 2026-02 from day 27
[2026-02-27 13:27:21] [INFO] Starting cascading to current month for item SCMPL0009821 sold on 2026-02-27
[2026-02-27 13:27:21] [INFO] Daily stock updated successfully for item SCMPL0009821 on 2026-02-27 in table tbldailystock_1: Sales=3, Closing=10
[2026-02-27 13:27:21] [INFO] Starting daily stock update for item SCMPL0009821 sold on 2026-02-27 (Qty: 5)
[2026-02-27 13:27:22] [INFO] Recalculating stock from day 27 for item SCMPL0009821 in 2026-02 in table tbldailystock_1
[2026-02-27 13:27:22] [DEBUG] Day 27: Opening=13, Purchase=0, Sales=8, Closing=5
[2026-02-27 13:27:22] [DEBUG] Day 28: Opening=5, Purchase=0, Sales=0, Closing=5
[2026-02-27 13:27:22] [INFO] Completed recalculating stock for 2026-02 from day 27
[2026-02-27 13:27:22] [INFO] Starting cascading to current month for item SCMPL0009821 sold on 2026-02-27
[2026-02-27 13:27:22] [INFO] Daily stock updated successfully for item SCMPL0009821 on 2026-02-27 in table tbldailystock_1: Sales=8, Closing=5
[2026-02-27 13:27:22] [INFO] Starting daily stock update for item SCMPL0009821 sold on 2026-02-27 (Qty: 5)
[2026-02-27 13:27:22] [INFO] Recalculating stock from day 27 for item SCMPL0009821 in 2026-02 in table tbldailystock_1
[2026-02-27 13:27:22] [DEBUG] Day 27: Opening=13, Purchase=0, Sales=13, Closing=0
[2026-02-27 13:27:22] [DEBUG] Day 28: Opening=0, Purchase=0, Sales=0, Closing=0
[2026-02-27 13:27:22] [INFO] Completed recalculating stock for 2026-02 from day 27
[2026-02-27 13:27:22] [INFO] Starting cascading to current month for item SCMPL0009821 sold on 2026-02-27
[2026-02-27 13:27:22] [INFO] Daily stock updated successfully for item SCMPL0009821 on 2026-02-27 in table tbldailystock_1: Sales=13, Closing=0
[2026-02-27 13:27:22] [INFO] Starting daily stock update for item SCMPL0009936 sold on 2026-02-27 (Qty: 5)
[2026-02-27 13:27:22] [INFO] Recalculating stock from day 27 for item SCMPL0009936 in 2026-02 in table tbldailystock_1
[2026-02-27 13:27:22] [DEBUG] Day 27: Opening=111, Purchase=0, Sales=5, Closing=106
[2026-02-27 13:27:22] [DEBUG] Day 28: Opening=106, Purchase=0, Sales=0, Closing=106
[2026-02-27 13:27:22] [INFO] Completed recalculating stock for 2026-02 from day 27
[2026-02-27 13:27:22] [INFO] Starting cascading to current month for item SCMPL0009936 sold on 2026-02-27
[2026-02-27 13:27:22] [INFO] Daily stock updated successfully for item SCMPL0009936 on 2026-02-27 in table tbldailystock_1: Sales=5, Closing=106
[2026-02-27 13:27:22] [INFO] Starting daily stock update for item SCMPL0009936 sold on 2026-02-27 (Qty: 5)
[2026-02-27 13:27:22] [INFO] Recalculating stock from day 27 for item SCMPL0009936 in 2026-02 in table tbldailystock_1
[2026-02-27 13:27:22] [DEBUG] Day 27: Opening=111, Purchase=0, Sales=10, Closing=101
[2026-02-27 13:27:22] [DEBUG] Day 28: Opening=101, Purchase=0, Sales=0, Closing=101
[2026-02-27 13:27:22] [INFO] Completed recalculating stock for 2026-02 from day 27
[2026-02-27 13:27:22] [INFO] Starting cascading to current month for item SCMPL0009936 sold on 2026-02-27
[2026-02-27 13:27:22] [INFO] Daily stock updated successfully for item SCMPL0009936 on 2026-02-27 in table tbldailystock_1: Sales=10, Closing=101
[2026-02-27 13:27:22] [INFO] Starting daily stock update for item SCMPL0009936 sold on 2026-02-27 (Qty: 5)
[2026-02-27 13:27:22] [INFO] Recalculating stock from day 27 for item SCMPL0009936 in 2026-02 in table tbldailystock_1
[2026-02-27 13:27:22] [DEBUG] Day 27: Opening=111, Purchase=0, Sales=15, Closing=96
[2026-02-27 13:27:22] [DEBUG] Day 28: Opening=96, Purchase=0, Sales=0, Closing=96
[2026-02-27 13:27:22] [INFO] Completed recalculating stock for 2026-02 from day 27
[2026-02-27 13:27:22] [INFO] Starting cascading to current month for item SCMPL0009936 sold on 2026-02-27
[2026-02-27 13:27:22] [INFO] Daily stock updated successfully for item SCMPL0009936 on 2026-02-27 in table tbldailystock_1: Sales=15, Closing=96
[2026-02-27 13:27:22] [INFO] Starting daily stock update for item SCMPL0009936 sold on 2026-02-27 (Qty: 5)
[2026-02-27 13:27:22] [INFO] Recalculating stock from day 27 for item SCMPL0009936 in 2026-02 in table tbldailystock_1
[2026-02-27 13:27:22] [DEBUG] Day 27: Opening=111, Purchase=0, Sales=20, Closing=91
[2026-02-27 13:27:22] [DEBUG] Day 28: Opening=91, Purchase=0, Sales=0, Closing=91
[2026-02-27 13:27:22] [INFO] Completed recalculating stock for 2026-02 from day 27
[2026-02-27 13:27:22] [INFO] Starting cascading to current month for item SCMPL0009936 sold on 2026-02-27
[2026-02-27 13:27:22] [INFO] Daily stock updated successfully for item SCMPL0009936 on 2026-02-27 in table tbldailystock_1: Sales=20, Closing=91
[2026-02-27 13:27:22] [INFO] Starting daily stock update for item SCMPL0009936 sold on 2026-02-27 (Qty: 5)
[2026-02-27 13:27:22] [INFO] Recalculating stock from day 27 for item SCMPL0009936 in 2026-02 in table tbldailystock_1
[2026-02-27 13:27:22] [DEBUG] Day 27: Opening=111, Purchase=0, Sales=25, Closing=86
[2026-02-27 13:27:22] [DEBUG] Day 28: Opening=86, Purchase=0, Sales=0, Closing=86
[2026-02-27 13:27:22] [INFO] Completed recalculating stock for 2026-02 from day 27
[2026-02-27 13:27:22] [INFO] Starting cascading to current month for item SCMPL0009936 sold on 2026-02-27
[2026-02-27 13:27:22] [INFO] Daily stock updated successfully for item SCMPL0009936 on 2026-02-27 in table tbldailystock_1: Sales=25, Closing=86
[2026-02-27 13:27:22] [INFO] Starting daily stock update for item SCMPL0009936 sold on 2026-02-27 (Qty: 5)
[2026-02-27 13:27:22] [INFO] Recalculating stock from day 27 for item SCMPL0009936 in 2026-02 in table tbldailystock_1
[2026-02-27 13:27:22] [DEBUG] Day 27: Opening=111, Purchase=0, Sales=30, Closing=81
[2026-02-27 13:27:22] [DEBUG] Day 28: Opening=81, Purchase=0, Sales=0, Closing=81
[2026-02-27 13:27:22] [INFO] Completed recalculating stock for 2026-02 from day 27
[2026-02-27 13:27:22] [INFO] Starting cascading to current month for item SCMPL0009936 sold on 2026-02-27
[2026-02-27 13:27:22] [INFO] Daily stock updated successfully for item SCMPL0009936 on 2026-02-27 in table tbldailystock_1: Sales=30, Closing=81
[2026-02-27 13:27:22] [INFO] Starting daily stock update for item SCMPL0009936 sold on 2026-02-27 (Qty: 5)
[2026-02-27 13:27:22] [INFO] Recalculating stock from day 27 for item SCMPL0009936 in 2026-02 in table tbldailystock_1
[2026-02-27 13:27:22] [DEBUG] Day 27: Opening=111, Purchase=0, Sales=35, Closing=76
[2026-02-27 13:27:22] [DEBUG] Day 28: Opening=76, Purchase=0, Sales=0, Closing=76
[2026-02-27 13:27:22] [INFO] Completed recalculating stock for 2026-02 from day 27
[2026-02-27 13:27:22] [INFO] Starting cascading to current month for item SCMPL0009936 sold on 2026-02-27
[2026-02-27 13:27:22] [INFO] Daily stock updated successfully for item SCMPL0009936 on 2026-02-27 in table tbldailystock_1: Sales=35, Closing=76
[2026-02-27 13:27:22] [INFO] Starting daily stock update for item SCMPL0009936 sold on 2026-02-27 (Qty: 5)
[2026-02-27 13:27:22] [INFO] Recalculating stock from day 27 for item SCMPL0009936 in 2026-02 in table tbldailystock_1
[2026-02-27 13:27:22] [DEBUG] Day 27: Opening=111, Purchase=0, Sales=40, Closing=71
[2026-02-27 13:27:22] [DEBUG] Day 28: Opening=71, Purchase=0, Sales=0, Closing=71
[2026-02-27 13:27:22] [INFO] Completed recalculating stock for 2026-02 from day 27
[2026-02-27 13:27:22] [INFO] Starting cascading to current month for item SCMPL0009936 sold on 2026-02-27
[2026-02-27 13:27:22] [INFO] Daily stock updated successfully for item SCMPL0009936 on 2026-02-27 in table tbldailystock_1: Sales=40, Closing=71
[2026-02-27 13:27:22] [INFO] Starting daily stock update for item SCMPL0009936 sold on 2026-02-27 (Qty: 5)
[2026-02-27 13:27:22] [INFO] Recalculating stock from day 27 for item SCMPL0009936 in 2026-02 in table tbldailystock_1
[2026-02-27 13:27:22] [DEBUG] Day 27: Opening=111, Purchase=0, Sales=45, Closing=66
[2026-02-27 13:27:22] [DEBUG] Day 28: Opening=66, Purchase=0, Sales=0, Closing=66
[2026-02-27 13:27:22] [INFO] Completed recalculating stock for 2026-02 from day 27
[2026-02-27 13:27:22] [INFO] Starting cascading to current month for item SCMPL0009936 sold on 2026-02-27
[2026-02-27 13:27:22] [INFO] Daily stock updated successfully for item SCMPL0009936 on 2026-02-27 in table tbldailystock_1: Sales=45, Closing=66
[2026-02-27 13:27:22] [INFO] Starting daily stock update for item SCMPL0009936 sold on 2026-02-27 (Qty: 5)
[2026-02-27 13:27:22] [INFO] Recalculating stock from day 27 for item SCMPL0009936 in 2026-02 in table tbldailystock_1
[2026-02-27 13:27:22] [DEBUG] Day 27: Opening=111, Purchase=0, Sales=50, Closing=61
[2026-02-27 13:27:22] [DEBUG] Day 28: Opening=61, Purchase=0, Sales=0, Closing=61
[2026-02-27 13:27:22] [INFO] Completed recalculating stock for 2026-02 from day 27
[2026-02-27 13:27:22] [INFO] Starting cascading to current month for item SCMPL0009936 sold on 2026-02-27
[2026-02-27 13:27:22] [INFO] Daily stock updated successfully for item SCMPL0009936 on 2026-02-27 in table tbldailystock_1: Sales=50, Closing=61
[2026-02-27 13:27:22] [INFO] Starting daily stock update for item SCMPL0009936 sold on 2026-02-27 (Qty: 5)
[2026-02-27 13:27:22] [INFO] Recalculating stock from day 27 for item SCMPL0009936 in 2026-02 in table tbldailystock_1
[2026-02-27 13:27:22] [DEBUG] Day 27: Opening=111, Purchase=0, Sales=55, Closing=56
[2026-02-27 13:27:22] [DEBUG] Day 28: Opening=56, Purchase=0, Sales=0, Closing=56
[2026-02-27 13:27:22] [INFO] Completed recalculating stock for 2026-02 from day 27
[2026-02-27 13:27:22] [INFO] Starting cascading to current month for item SCMPL0009936 sold on 2026-02-27
[2026-02-27 13:27:22] [INFO] Daily stock updated successfully for item SCMPL0009936 on 2026-02-27 in table tbldailystock_1: Sales=55, Closing=56
[2026-02-27 13:27:22] [INFO] Starting daily stock update for item SCMPL0009936 sold on 2026-02-27 (Qty: 5)
[2026-02-27 13:27:22] [INFO] Recalculating stock from day 27 for item SCMPL0009936 in 2026-02 in table tbldailystock_1
[2026-02-27 13:27:22] [DEBUG] Day 27: Opening=111, Purchase=0, Sales=60, Closing=51
[2026-02-27 13:27:22] [DEBUG] Day 28: Opening=51, Purchase=0, Sales=0, Closing=51
[2026-02-27 13:27:22] [INFO] Completed recalculating stock for 2026-02 from day 27
[2026-02-27 13:27:22] [INFO] Starting cascading to current month for item SCMPL0009936 sold on 2026-02-27
[2026-02-27 13:27:22] [INFO] Daily stock updated successfully for item SCMPL0009936 on 2026-02-27 in table tbldailystock_1: Sales=60, Closing=51
[2026-02-27 13:27:22] [INFO] Starting daily stock update for item SCMPL0009936 sold on 2026-02-27 (Qty: 5)
[2026-02-27 13:27:22] [INFO] Recalculating stock from day 27 for item SCMPL0009936 in 2026-02 in table tbldailystock_1
[2026-02-27 13:27:22] [DEBUG] Day 27: Opening=111, Purchase=0, Sales=65, Closing=46
[2026-02-27 13:27:22] [DEBUG] Day 28: Opening=46, Purchase=0, Sales=0, Closing=46
[2026-02-27 13:27:22] [INFO] Completed recalculating stock for 2026-02 from day 27
[2026-02-27 13:27:22] [INFO] Starting cascading to current month for item SCMPL0009936 sold on 2026-02-27
[2026-02-27 13:27:22] [INFO] Daily stock updated successfully for item SCMPL0009936 on 2026-02-27 in table tbldailystock_1: Sales=65, Closing=46
[2026-02-27 13:27:22] [INFO] Starting daily stock update for item SCMPL0009936 sold on 2026-02-27 (Qty: 5)
[2026-02-27 13:27:22] [INFO] Recalculating stock from day 27 for item SCMPL0009936 in 2026-02 in table tbldailystock_1
[2026-02-27 13:27:22] [DEBUG] Day 27: Opening=111, Purchase=0, Sales=70, Closing=41
[2026-02-27 13:27:23] [DEBUG] Day 28: Opening=41, Purchase=0, Sales=0, Closing=41
[2026-02-27 13:27:23] [INFO] Completed recalculating stock for 2026-02 from day 27
[2026-02-27 13:27:23] [INFO] Starting cascading to current month for item SCMPL0009936 sold on 2026-02-27
[2026-02-27 13:27:23] [INFO] Daily stock updated successfully for item SCMPL0009936 on 2026-02-27 in table tbldailystock_1: Sales=70, Closing=41
[2026-02-27 13:27:23] [INFO] Starting daily stock update for item SCMPL0009936 sold on 2026-02-27 (Qty: 5)
[2026-02-27 13:27:23] [INFO] Recalculating stock from day 27 for item SCMPL0009936 in 2026-02 in table tbldailystock_1
[2026-02-27 13:27:23] [DEBUG] Day 27: Opening=111, Purchase=0, Sales=75, Closing=36
[2026-02-27 13:27:23] [DEBUG] Day 28: Opening=36, Purchase=0, Sales=0, Closing=36
[2026-02-27 13:27:23] [INFO] Completed recalculating stock for 2026-02 from day 27
[2026-02-27 13:27:23] [INFO] Starting cascading to current month for item SCMPL0009936 sold on 2026-02-27
[2026-02-27 13:27:23] [INFO] Daily stock updated successfully for item SCMPL0009936 on 2026-02-27 in table tbldailystock_1: Sales=75, Closing=36
[2026-02-27 13:27:23] [INFO] Starting daily stock update for item SCMPL0009936 sold on 2026-02-27 (Qty: 5)
[2026-02-27 13:27:23] [INFO] Recalculating stock from day 27 for item SCMPL0009936 in 2026-02 in table tbldailystock_1
[2026-02-27 13:27:23] [DEBUG] Day 27: Opening=111, Purchase=0, Sales=80, Closing=31
[2026-02-27 13:27:23] [DEBUG] Day 28: Opening=31, Purchase=0, Sales=0, Closing=31
[2026-02-27 13:27:23] [INFO] Completed recalculating stock for 2026-02 from day 27
[2026-02-27 13:27:23] [INFO] Starting cascading to current month for item SCMPL0009936 sold on 2026-02-27
[2026-02-27 13:27:23] [INFO] Daily stock updated successfully for item SCMPL0009936 on 2026-02-27 in table tbldailystock_1: Sales=80, Closing=31
[2026-02-27 13:27:23] [INFO] Starting daily stock update for item SCMPL0009936 sold on 2026-02-27 (Qty: 5)
[2026-02-27 13:27:23] [INFO] Recalculating stock from day 27 for item SCMPL0009936 in 2026-02 in table tbldailystock_1
[2026-02-27 13:27:23] [DEBUG] Day 27: Opening=111, Purchase=0, Sales=85, Closing=26
[2026-02-27 13:27:23] [DEBUG] Day 28: Opening=26, Purchase=0, Sales=0, Closing=26
[2026-02-27 13:27:23] [INFO] Completed recalculating stock for 2026-02 from day 27
[2026-02-27 13:27:23] [INFO] Starting cascading to current month for item SCMPL0009936 sold on 2026-02-27
[2026-02-27 13:27:23] [INFO] Daily stock updated successfully for item SCMPL0009936 on 2026-02-27 in table tbldailystock_1: Sales=85, Closing=26
[2026-02-27 13:27:23] [INFO] Starting daily stock update for item SCMPL0009936 sold on 2026-02-27 (Qty: 5)
[2026-02-27 13:27:23] [INFO] Recalculating stock from day 27 for item SCMPL0009936 in 2026-02 in table tbldailystock_1
[2026-02-27 13:27:23] [DEBUG] Day 27: Opening=111, Purchase=0, Sales=90, Closing=21
[2026-02-27 13:27:23] [DEBUG] Day 28: Opening=21, Purchase=0, Sales=0, Closing=21
[2026-02-27 13:27:23] [INFO] Completed recalculating stock for 2026-02 from day 27
[2026-02-27 13:27:23] [INFO] Starting cascading to current month for item SCMPL0009936 sold on 2026-02-27
[2026-02-27 13:27:23] [INFO] Daily stock updated successfully for item SCMPL0009936 on 2026-02-27 in table tbldailystock_1: Sales=90, Closing=21
[2026-02-27 13:27:23] [INFO] Starting daily stock update for item SCMPL0009936 sold on 2026-02-27 (Qty: 5)
[2026-02-27 13:27:23] [INFO] Recalculating stock from day 27 for item SCMPL0009936 in 2026-02 in table tbldailystock_1
[2026-02-27 13:27:23] [DEBUG] Day 27: Opening=111, Purchase=0, Sales=95, Closing=16
[2026-02-27 13:27:23] [DEBUG] Day 28: Opening=16, Purchase=0, Sales=0, Closing=16
[2026-02-27 13:27:23] [INFO] Completed recalculating stock for 2026-02 from day 27
[2026-02-27 13:27:23] [INFO] Starting cascading to current month for item SCMPL0009936 sold on 2026-02-27
[2026-02-27 13:27:23] [INFO] Daily stock updated successfully for item SCMPL0009936 on 2026-02-27 in table tbldailystock_1: Sales=95, Closing=16
[2026-02-27 13:27:23] [INFO] Starting daily stock update for item SCMPL0009936 sold on 2026-02-27 (Qty: 5)
[2026-02-27 13:27:23] [INFO] Recalculating stock from day 27 for item SCMPL0009936 in 2026-02 in table tbldailystock_1
[2026-02-27 13:27:23] [DEBUG] Day 27: Opening=111, Purchase=0, Sales=100, Closing=11
[2026-02-27 13:27:23] [DEBUG] Day 28: Opening=11, Purchase=0, Sales=0, Closing=11
[2026-02-27 13:27:23] [INFO] Completed recalculating stock for 2026-02 from day 27
[2026-02-27 13:27:23] [INFO] Starting cascading to current month for item SCMPL0009936 sold on 2026-02-27
[2026-02-27 13:27:23] [INFO] Daily stock updated successfully for item SCMPL0009936 on 2026-02-27 in table tbldailystock_1: Sales=100, Closing=11
[2026-02-27 13:27:23] [INFO] Starting daily stock update for item SCMPL0009936 sold on 2026-02-27 (Qty: 5)
[2026-02-27 13:27:23] [INFO] Recalculating stock from day 27 for item SCMPL0009936 in 2026-02 in table tbldailystock_1
[2026-02-27 13:27:23] [DEBUG] Day 27: Opening=111, Purchase=0, Sales=105, Closing=6
[2026-02-27 13:27:23] [DEBUG] Day 28: Opening=6, Purchase=0, Sales=0, Closing=6
[2026-02-27 13:27:23] [INFO] Completed recalculating stock for 2026-02 from day 27
[2026-02-27 13:27:23] [INFO] Starting cascading to current month for item SCMPL0009936 sold on 2026-02-27
[2026-02-27 13:27:23] [INFO] Daily stock updated successfully for item SCMPL0009936 on 2026-02-27 in table tbldailystock_1: Sales=105, Closing=6
[2026-02-27 13:27:23] [INFO] Starting daily stock update for item SCMPL0009936 sold on 2026-02-27 (Qty: 5)
[2026-02-27 13:27:23] [INFO] Recalculating stock from day 27 for item SCMPL0009936 in 2026-02 in table tbldailystock_1
[2026-02-27 13:27:23] [DEBUG] Day 27: Opening=111, Purchase=0, Sales=110, Closing=1
[2026-02-27 13:27:23] [DEBUG] Day 28: Opening=1, Purchase=0, Sales=0, Closing=1
[2026-02-27 13:27:23] [INFO] Completed recalculating stock for 2026-02 from day 27
[2026-02-27 13:27:23] [INFO] Starting cascading to current month for item SCMPL0009936 sold on 2026-02-27
[2026-02-27 13:27:23] [INFO] Daily stock updated successfully for item SCMPL0009936 on 2026-02-27 in table tbldailystock_1: Sales=110, Closing=1
[2026-02-27 13:27:23] [INFO] Starting daily stock update for item SCMPL0009936 sold on 2026-02-27 (Qty: 1)
[2026-02-27 13:27:23] [INFO] Recalculating stock from day 27 for item SCMPL0009936 in 2026-02 in table tbldailystock_1
[2026-02-27 13:27:23] [DEBUG] Day 27: Opening=111, Purchase=0, Sales=111, Closing=0
[2026-02-27 13:27:23] [DEBUG] Day 28: Opening=0, Purchase=0, Sales=0, Closing=0
[2026-02-27 13:27:23] [INFO] Completed recalculating stock for 2026-02 from day 27
[2026-02-27 13:27:23] [INFO] Starting cascading to current month for item SCMPL0009936 sold on 2026-02-27
[2026-02-27 13:27:23] [INFO] Daily stock updated successfully for item SCMPL0009936 on 2026-02-27 in table tbldailystock_1: Sales=111, Closing=0
[2026-02-27 13:27:23] [INFO] Starting daily stock update for item SCMPL0009968 sold on 2026-02-27 (Qty: 4)
[2026-02-27 13:27:23] [INFO] Recalculating stock from day 27 for item SCMPL0009968 in 2026-02 in table tbldailystock_1
[2026-02-27 13:27:23] [DEBUG] Day 27: Opening=13, Purchase=0, Sales=4, Closing=9
[2026-02-27 13:27:23] [DEBUG] Day 28: Opening=9, Purchase=0, Sales=0, Closing=9
[2026-02-27 13:27:23] [INFO] Completed recalculating stock for 2026-02 from day 27
[2026-02-27 13:27:23] [INFO] Starting cascading to current month for item SCMPL0009968 sold on 2026-02-27
[2026-02-27 13:27:23] [INFO] Daily stock updated successfully for item SCMPL0009968 on 2026-02-27 in table tbldailystock_1: Sales=4, Closing=9
[2026-02-27 13:27:23] [INFO] Starting daily stock update for item SCMPL0009968 sold on 2026-02-27 (Qty: 5)
[2026-02-27 13:27:23] [INFO] Recalculating stock from day 27 for item SCMPL0009968 in 2026-02 in table tbldailystock_1
[2026-02-27 13:27:23] [DEBUG] Day 27: Opening=13, Purchase=0, Sales=9, Closing=4
[2026-02-27 13:27:23] [DEBUG] Day 28: Opening=4, Purchase=0, Sales=0, Closing=4
[2026-02-27 13:27:23] [INFO] Completed recalculating stock for 2026-02 from day 27
[2026-02-27 13:27:23] [INFO] Starting cascading to current month for item SCMPL0009968 sold on 2026-02-27
[2026-02-27 13:27:23] [INFO] Daily stock updated successfully for item SCMPL0009968 on 2026-02-27 in table tbldailystock_1: Sales=9, Closing=4
[2026-02-27 13:27:23] [INFO] Starting daily stock update for item SCMPL0009968 sold on 2026-02-27 (Qty: 4)
[2026-02-27 13:27:23] [INFO] Recalculating stock from day 27 for item SCMPL0009968 in 2026-02 in table tbldailystock_1
[2026-02-27 13:27:23] [DEBUG] Day 27: Opening=13, Purchase=0, Sales=13, Closing=0
[2026-02-27 13:27:23] [DEBUG] Day 28: Opening=0, Purchase=0, Sales=0, Closing=0
[2026-02-27 13:27:23] [INFO] Completed recalculating stock for 2026-02 from day 27
[2026-02-27 13:27:23] [INFO] Starting cascading to current month for item SCMPL0009968 sold on 2026-02-27
[2026-02-27 13:27:23] [INFO] Daily stock updated successfully for item SCMPL0009968 on 2026-02-27 in table tbldailystock_1: Sales=13, Closing=0
[2026-02-27 13:27:23] [INFO] Starting daily stock update for item SCMPL0010011 sold on 2026-02-27 (Qty: 1)
[2026-02-27 13:27:23] [INFO] Recalculating stock from day 27 for item SCMPL0010011 in 2026-02 in table tbldailystock_1
[2026-02-27 13:27:23] [DEBUG] Day 27: Opening=11, Purchase=0, Sales=1, Closing=10
[2026-02-27 13:27:23] [DEBUG] Day 28: Opening=10, Purchase=0, Sales=0, Closing=10
[2026-02-27 13:27:23] [INFO] Completed recalculating stock for 2026-02 from day 27
[2026-02-27 13:27:23] [INFO] Starting cascading to current month for item SCMPL0010011 sold on 2026-02-27
[2026-02-27 13:27:23] [INFO] Daily stock updated successfully for item SCMPL0010011 on 2026-02-27 in table tbldailystock_1: Sales=1, Closing=10
[2026-02-27 13:27:23] [INFO] Starting daily stock update for item SCMPL0010011 sold on 2026-02-27 (Qty: 5)
[2026-02-27 13:27:23] [INFO] Recalculating stock from day 27 for item SCMPL0010011 in 2026-02 in table tbldailystock_1
[2026-02-27 13:27:24] [DEBUG] Day 27: Opening=11, Purchase=0, Sales=6, Closing=5
[2026-02-27 13:27:24] [DEBUG] Day 28: Opening=5, Purchase=0, Sales=0, Closing=5
[2026-02-27 13:27:24] [INFO] Completed recalculating stock for 2026-02 from day 27
[2026-02-27 13:27:24] [INFO] Starting cascading to current month for item SCMPL0010011 sold on 2026-02-27
[2026-02-27 13:27:24] [INFO] Daily stock updated successfully for item SCMPL0010011 on 2026-02-27 in table tbldailystock_1: Sales=6, Closing=5
[2026-02-27 13:27:24] [INFO] Starting daily stock update for item SCMPL0010011 sold on 2026-02-27 (Qty: 5)
[2026-02-27 13:27:24] [INFO] Recalculating stock from day 27 for item SCMPL0010011 in 2026-02 in table tbldailystock_1
[2026-02-27 13:27:24] [DEBUG] Day 27: Opening=11, Purchase=0, Sales=11, Closing=0
[2026-02-27 13:27:24] [DEBUG] Day 28: Opening=0, Purchase=0, Sales=0, Closing=0
[2026-02-27 13:27:24] [INFO] Completed recalculating stock for 2026-02 from day 27
[2026-02-27 13:27:24] [INFO] Starting cascading to current month for item SCMPL0010011 sold on 2026-02-27
[2026-02-27 13:27:24] [INFO] Daily stock updated successfully for item SCMPL0010011 on 2026-02-27 in table tbldailystock_1: Sales=11, Closing=0
[2026-02-27 13:27:24] [INFO] Starting daily stock update for item SCMPL0010020 sold on 2026-02-27 (Qty: 1)
[2026-02-27 13:27:24] [INFO] Recalculating stock from day 27 for item SCMPL0010020 in 2026-02 in table tbldailystock_1
[2026-02-27 13:27:24] [DEBUG] Day 27: Opening=1, Purchase=0, Sales=1, Closing=0
[2026-02-27 13:27:24] [DEBUG] Day 28: Opening=0, Purchase=0, Sales=0, Closing=0
[2026-02-27 13:27:24] [INFO] Completed recalculating stock for 2026-02 from day 27
[2026-02-27 13:27:24] [INFO] Starting cascading to current month for item SCMPL0010020 sold on 2026-02-27
[2026-02-27 13:27:24] [INFO] Daily stock updated successfully for item SCMPL0010020 on 2026-02-27 in table tbldailystock_1: Sales=1, Closing=0
[2026-02-27 13:27:24] [INFO] Starting daily stock update for item SCMPL0010095 sold on 2026-02-27 (Qty: 4)
[2026-02-27 13:27:24] [INFO] Recalculating stock from day 27 for item SCMPL0010095 in 2026-02 in table tbldailystock_1
[2026-02-27 13:27:24] [DEBUG] Day 27: Opening=20, Purchase=0, Sales=4, Closing=16
[2026-02-27 13:27:24] [DEBUG] Day 28: Opening=16, Purchase=0, Sales=0, Closing=16
[2026-02-27 13:27:24] [INFO] Completed recalculating stock for 2026-02 from day 27
[2026-02-27 13:27:24] [INFO] Starting cascading to current month for item SCMPL0010095 sold on 2026-02-27
[2026-02-27 13:27:24] [INFO] Daily stock updated successfully for item SCMPL0010095 on 2026-02-27 in table tbldailystock_1: Sales=4, Closing=16
[2026-02-27 13:27:24] [INFO] Starting daily stock update for item SCMPL0010095 sold on 2026-02-27 (Qty: 5)
[2026-02-27 13:27:24] [INFO] Recalculating stock from day 27 for item SCMPL0010095 in 2026-02 in table tbldailystock_1
[2026-02-27 13:27:24] [DEBUG] Day 27: Opening=20, Purchase=0, Sales=9, Closing=11
[2026-02-27 13:27:24] [DEBUG] Day 28: Opening=11, Purchase=0, Sales=0, Closing=11
[2026-02-27 13:27:24] [INFO] Completed recalculating stock for 2026-02 from day 27
[2026-02-27 13:27:24] [INFO] Starting cascading to current month for item SCMPL0010095 sold on 2026-02-27
[2026-02-27 13:27:24] [INFO] Daily stock updated successfully for item SCMPL0010095 on 2026-02-27 in table tbldailystock_1: Sales=9, Closing=11
[2026-02-27 13:27:24] [INFO] Starting daily stock update for item SCMPL0010095 sold on 2026-02-27 (Qty: 5)
[2026-02-27 13:27:24] [INFO] Recalculating stock from day 27 for item SCMPL0010095 in 2026-02 in table tbldailystock_1
[2026-02-27 13:27:24] [DEBUG] Day 27: Opening=20, Purchase=0, Sales=14, Closing=6
[2026-02-27 13:27:24] [DEBUG] Day 28: Opening=6, Purchase=0, Sales=0, Closing=6
[2026-02-27 13:27:24] [INFO] Completed recalculating stock for 2026-02 from day 27
[2026-02-27 13:27:24] [INFO] Starting cascading to current month for item SCMPL0010095 sold on 2026-02-27
[2026-02-27 13:27:24] [INFO] Daily stock updated successfully for item SCMPL0010095 on 2026-02-27 in table tbldailystock_1: Sales=14, Closing=6
[2026-02-27 13:27:24] [INFO] Starting daily stock update for item SCMPL0010095 sold on 2026-02-27 (Qty: 5)
[2026-02-27 13:27:24] [INFO] Recalculating stock from day 27 for item SCMPL0010095 in 2026-02 in table tbldailystock_1
[2026-02-27 13:27:24] [DEBUG] Day 27: Opening=20, Purchase=0, Sales=19, Closing=1
[2026-02-27 13:27:24] [DEBUG] Day 28: Opening=1, Purchase=0, Sales=0, Closing=1
[2026-02-27 13:27:24] [INFO] Completed recalculating stock for 2026-02 from day 27
[2026-02-27 13:27:24] [INFO] Starting cascading to current month for item SCMPL0010095 sold on 2026-02-27
[2026-02-27 13:27:24] [INFO] Daily stock updated successfully for item SCMPL0010095 on 2026-02-27 in table tbldailystock_1: Sales=19, Closing=1
[2026-02-27 13:27:24] [INFO] Starting daily stock update for item SCMPL0010095 sold on 2026-02-27 (Qty: 1)
[2026-02-27 13:27:24] [INFO] Recalculating stock from day 27 for item SCMPL0010095 in 2026-02 in table tbldailystock_1
[2026-02-27 13:27:24] [DEBUG] Day 27: Opening=20, Purchase=0, Sales=20, Closing=0
[2026-02-27 13:27:24] [DEBUG] Day 28: Opening=0, Purchase=0, Sales=0, Closing=0
[2026-02-27 13:27:24] [INFO] Completed recalculating stock for 2026-02 from day 27
[2026-02-27 13:27:24] [INFO] Starting cascading to current month for item SCMPL0010095 sold on 2026-02-27
[2026-02-27 13:27:24] [INFO] Daily stock updated successfully for item SCMPL0010095 on 2026-02-27 in table tbldailystock_1: Sales=20, Closing=0
[2026-02-27 13:27:24] [INFO] Starting daily stock update for item SCMPL0010096 sold on 2026-02-27 (Qty: 4)
[2026-02-27 13:27:24] [INFO] Recalculating stock from day 27 for item SCMPL0010096 in 2026-02 in table tbldailystock_1
[2026-02-27 13:27:24] [DEBUG] Day 27: Opening=49, Purchase=0, Sales=4, Closing=45
[2026-02-27 13:27:24] [DEBUG] Day 28: Opening=45, Purchase=0, Sales=0, Closing=45
[2026-02-27 13:27:24] [INFO] Completed recalculating stock for 2026-02 from day 27
[2026-02-27 13:27:24] [INFO] Starting cascading to current month for item SCMPL0010096 sold on 2026-02-27
[2026-02-27 13:27:24] [INFO] Daily stock updated successfully for item SCMPL0010096 on 2026-02-27 in table tbldailystock_1: Sales=4, Closing=45
[2026-02-27 13:27:24] [INFO] Starting daily stock update for item SCMPL0010096 sold on 2026-02-27 (Qty: 5)
[2026-02-27 13:27:24] [INFO] Recalculating stock from day 27 for item SCMPL0010096 in 2026-02 in table tbldailystock_1
[2026-02-27 13:27:24] [DEBUG] Day 27: Opening=49, Purchase=0, Sales=9, Closing=40
[2026-02-27 13:27:24] [DEBUG] Day 28: Opening=40, Purchase=0, Sales=0, Closing=40
[2026-02-27 13:27:24] [INFO] Completed recalculating stock for 2026-02 from day 27
[2026-02-27 13:27:24] [INFO] Starting cascading to current month for item SCMPL0010096 sold on 2026-02-27
[2026-02-27 13:27:24] [INFO] Daily stock updated successfully for item SCMPL0010096 on 2026-02-27 in table tbldailystock_1: Sales=9, Closing=40
[2026-02-27 13:27:24] [INFO] Starting daily stock update for item SCMPL0010096 sold on 2026-02-27 (Qty: 5)
[2026-02-27 13:27:24] [INFO] Recalculating stock from day 27 for item SCMPL0010096 in 2026-02 in table tbldailystock_1
[2026-02-27 13:27:24] [DEBUG] Day 27: Opening=49, Purchase=0, Sales=14, Closing=35
[2026-02-27 13:27:24] [DEBUG] Day 28: Opening=35, Purchase=0, Sales=0, Closing=35
[2026-02-27 13:27:24] [INFO] Completed recalculating stock for 2026-02 from day 27
[2026-02-27 13:27:24] [INFO] Starting cascading to current month for item SCMPL0010096 sold on 2026-02-27
[2026-02-27 13:27:24] [INFO] Daily stock updated successfully for item SCMPL0010096 on 2026-02-27 in table tbldailystock_1: Sales=14, Closing=35
[2026-02-27 13:27:24] [INFO] Starting daily stock update for item SCMPL0010096 sold on 2026-02-27 (Qty: 5)
[2026-02-27 13:27:24] [INFO] Recalculating stock from day 27 for item SCMPL0010096 in 2026-02 in table tbldailystock_1
[2026-02-27 13:27:24] [DEBUG] Day 27: Opening=49, Purchase=0, Sales=19, Closing=30
[2026-02-27 13:27:24] [DEBUG] Day 28: Opening=30, Purchase=0, Sales=0, Closing=30
[2026-02-27 13:27:24] [INFO] Completed recalculating stock for 2026-02 from day 27
[2026-02-27 13:27:24] [INFO] Starting cascading to current month for item SCMPL0010096 sold on 2026-02-27
[2026-02-27 13:27:24] [INFO] Daily stock updated successfully for item SCMPL0010096 on 2026-02-27 in table tbldailystock_1: Sales=19, Closing=30
[2026-02-27 13:27:24] [INFO] Starting daily stock update for item SCMPL0010096 sold on 2026-02-27 (Qty: 5)
[2026-02-27 13:27:24] [INFO] Recalculating stock from day 27 for item SCMPL0010096 in 2026-02 in table tbldailystock_1
[2026-02-27 13:27:24] [DEBUG] Day 27: Opening=49, Purchase=0, Sales=24, Closing=25
[2026-02-27 13:27:24] [DEBUG] Day 28: Opening=25, Purchase=0, Sales=0, Closing=25
[2026-02-27 13:27:24] [INFO] Completed recalculating stock for 2026-02 from day 27
[2026-02-27 13:27:24] [INFO] Starting cascading to current month for item SCMPL0010096 sold on 2026-02-27
[2026-02-27 13:27:24] [INFO] Daily stock updated successfully for item SCMPL0010096 on 2026-02-27 in table tbldailystock_1: Sales=24, Closing=25
[2026-02-27 13:27:24] [INFO] Starting daily stock update for item SCMPL0010096 sold on 2026-02-27 (Qty: 5)
[2026-02-27 13:27:24] [INFO] Recalculating stock from day 27 for item SCMPL0010096 in 2026-02 in table tbldailystock_1
[2026-02-27 13:27:24] [DEBUG] Day 27: Opening=49, Purchase=0, Sales=29, Closing=20
[2026-02-27 13:27:24] [DEBUG] Day 28: Opening=20, Purchase=0, Sales=0, Closing=20
[2026-02-27 13:27:24] [INFO] Completed recalculating stock for 2026-02 from day 27
[2026-02-27 13:27:24] [INFO] Starting cascading to current month for item SCMPL0010096 sold on 2026-02-27
[2026-02-27 13:27:24] [INFO] Daily stock updated successfully for item SCMPL0010096 on 2026-02-27 in table tbldailystock_1: Sales=29, Closing=20
[2026-02-27 13:27:24] [INFO] Starting daily stock update for item SCMPL0010096 sold on 2026-02-27 (Qty: 5)
[2026-02-27 13:27:24] [INFO] Recalculating stock from day 27 for item SCMPL0010096 in 2026-02 in table tbldailystock_1
[2026-02-27 13:27:25] [DEBUG] Day 27: Opening=49, Purchase=0, Sales=34, Closing=15
[2026-02-27 13:27:25] [DEBUG] Day 28: Opening=15, Purchase=0, Sales=0, Closing=15
[2026-02-27 13:27:25] [INFO] Completed recalculating stock for 2026-02 from day 27
[2026-02-27 13:27:25] [INFO] Starting cascading to current month for item SCMPL0010096 sold on 2026-02-27
[2026-02-27 13:27:25] [INFO] Daily stock updated successfully for item SCMPL0010096 on 2026-02-27 in table tbldailystock_1: Sales=34, Closing=15
[2026-02-27 13:27:25] [INFO] Starting daily stock update for item SCMPL0010096 sold on 2026-02-27 (Qty: 5)
[2026-02-27 13:27:25] [INFO] Recalculating stock from day 27 for item SCMPL0010096 in 2026-02 in table tbldailystock_1
[2026-02-27 13:27:25] [DEBUG] Day 27: Opening=49, Purchase=0, Sales=39, Closing=10
[2026-02-27 13:27:25] [DEBUG] Day 28: Opening=10, Purchase=0, Sales=0, Closing=10
[2026-02-27 13:27:25] [INFO] Completed recalculating stock for 2026-02 from day 27
[2026-02-27 13:27:25] [INFO] Starting cascading to current month for item SCMPL0010096 sold on 2026-02-27
[2026-02-27 13:27:25] [INFO] Daily stock updated successfully for item SCMPL0010096 on 2026-02-27 in table tbldailystock_1: Sales=39, Closing=10
[2026-02-27 13:27:25] [INFO] Starting daily stock update for item SCMPL0010096 sold on 2026-02-27 (Qty: 5)
[2026-02-27 13:27:25] [INFO] Recalculating stock from day 27 for item SCMPL0010096 in 2026-02 in table tbldailystock_1
[2026-02-27 13:27:25] [DEBUG] Day 27: Opening=49, Purchase=0, Sales=44, Closing=5
[2026-02-27 13:27:25] [DEBUG] Day 28: Opening=5, Purchase=0, Sales=0, Closing=5
[2026-02-27 13:27:25] [INFO] Completed recalculating stock for 2026-02 from day 27
[2026-02-27 13:27:25] [INFO] Starting cascading to current month for item SCMPL0010096 sold on 2026-02-27
[2026-02-27 13:27:25] [INFO] Daily stock updated successfully for item SCMPL0010096 on 2026-02-27 in table tbldailystock_1: Sales=44, Closing=5
[2026-02-27 13:27:25] [INFO] Starting daily stock update for item SCMPL0010096 sold on 2026-02-27 (Qty: 5)
[2026-02-27 13:27:25] [INFO] Recalculating stock from day 27 for item SCMPL0010096 in 2026-02 in table tbldailystock_1
[2026-02-27 13:27:25] [DEBUG] Day 27: Opening=49, Purchase=0, Sales=49, Closing=0
[2026-02-27 13:27:25] [DEBUG] Day 28: Opening=0, Purchase=0, Sales=0, Closing=0
[2026-02-27 13:27:25] [INFO] Completed recalculating stock for 2026-02 from day 27
[2026-02-27 13:27:25] [INFO] Starting cascading to current month for item SCMPL0010096 sold on 2026-02-27
[2026-02-27 13:27:25] [INFO] Daily stock updated successfully for item SCMPL0010096 on 2026-02-27 in table tbldailystock_1: Sales=49, Closing=0
[2026-02-27 13:27:25] [INFO] Starting daily stock update for item SCMPL0010445 sold on 2026-02-27 (Qty: 5)
[2026-02-27 13:27:25] [INFO] Recalculating stock from day 27 for item SCMPL0010445 in 2026-02 in table tbldailystock_1
[2026-02-27 13:27:25] [DEBUG] Day 27: Opening=91, Purchase=0, Sales=5, Closing=86
[2026-02-27 13:27:25] [DEBUG] Day 28: Opening=86, Purchase=0, Sales=0, Closing=86
[2026-02-27 13:27:25] [INFO] Completed recalculating stock for 2026-02 from day 27
[2026-02-27 13:27:25] [INFO] Starting cascading to current month for item SCMPL0010445 sold on 2026-02-27
[2026-02-27 13:27:25] [INFO] Daily stock updated successfully for item SCMPL0010445 on 2026-02-27 in table tbldailystock_1: Sales=5, Closing=86
[2026-02-27 13:27:25] [INFO] Starting daily stock update for item SCMPL0010445 sold on 2026-02-27 (Qty: 5)
[2026-02-27 13:27:25] [INFO] Recalculating stock from day 27 for item SCMPL0010445 in 2026-02 in table tbldailystock_1
[2026-02-27 13:27:25] [DEBUG] Day 27: Opening=91, Purchase=0, Sales=10, Closing=81
[2026-02-27 13:27:25] [DEBUG] Day 28: Opening=81, Purchase=0, Sales=0, Closing=81
[2026-02-27 13:27:25] [INFO] Completed recalculating stock for 2026-02 from day 27
[2026-02-27 13:27:25] [INFO] Starting cascading to current month for item SCMPL0010445 sold on 2026-02-27
[2026-02-27 13:27:25] [INFO] Daily stock updated successfully for item SCMPL0010445 on 2026-02-27 in table tbldailystock_1: Sales=10, Closing=81
[2026-02-27 13:27:25] [INFO] Starting daily stock update for item SCMPL0010445 sold on 2026-02-27 (Qty: 5)
[2026-02-27 13:27:25] [INFO] Recalculating stock from day 27 for item SCMPL0010445 in 2026-02 in table tbldailystock_1
[2026-02-27 13:27:25] [DEBUG] Day 27: Opening=91, Purchase=0, Sales=15, Closing=76
[2026-02-27 13:27:25] [DEBUG] Day 28: Opening=76, Purchase=0, Sales=0, Closing=76
[2026-02-27 13:27:25] [INFO] Completed recalculating stock for 2026-02 from day 27
[2026-02-27 13:27:25] [INFO] Starting cascading to current month for item SCMPL0010445 sold on 2026-02-27
[2026-02-27 13:27:25] [INFO] Daily stock updated successfully for item SCMPL0010445 on 2026-02-27 in table tbldailystock_1: Sales=15, Closing=76
[2026-02-27 13:27:25] [INFO] Starting daily stock update for item SCMPL0010445 sold on 2026-02-27 (Qty: 5)
[2026-02-27 13:27:25] [INFO] Recalculating stock from day 27 for item SCMPL0010445 in 2026-02 in table tbldailystock_1
[2026-02-27 13:27:25] [DEBUG] Day 27: Opening=91, Purchase=0, Sales=20, Closing=71
[2026-02-27 13:27:25] [DEBUG] Day 28: Opening=71, Purchase=0, Sales=0, Closing=71
[2026-02-27 13:27:25] [INFO] Completed recalculating stock for 2026-02 from day 27
[2026-02-27 13:27:25] [INFO] Starting cascading to current month for item SCMPL0010445 sold on 2026-02-27
[2026-02-27 13:27:25] [INFO] Daily stock updated successfully for item SCMPL0010445 on 2026-02-27 in table tbldailystock_1: Sales=20, Closing=71
[2026-02-27 13:27:25] [INFO] Starting daily stock update for item SCMPL0010445 sold on 2026-02-27 (Qty: 5)
[2026-02-27 13:27:25] [INFO] Recalculating stock from day 27 for item SCMPL0010445 in 2026-02 in table tbldailystock_1
[2026-02-27 13:27:25] [DEBUG] Day 27: Opening=91, Purchase=0, Sales=25, Closing=66
[2026-02-27 13:27:25] [DEBUG] Day 28: Opening=66, Purchase=0, Sales=0, Closing=66
[2026-02-27 13:27:25] [INFO] Completed recalculating stock for 2026-02 from day 27
[2026-02-27 13:27:25] [INFO] Starting cascading to current month for item SCMPL0010445 sold on 2026-02-27
[2026-02-27 13:27:25] [INFO] Daily stock updated successfully for item SCMPL0010445 on 2026-02-27 in table tbldailystock_1: Sales=25, Closing=66
[2026-02-27 13:27:25] [INFO] Starting daily stock update for item SCMPL0010445 sold on 2026-02-27 (Qty: 5)
[2026-02-27 13:27:25] [INFO] Recalculating stock from day 27 for item SCMPL0010445 in 2026-02 in table tbldailystock_1
[2026-02-27 13:27:25] [DEBUG] Day 27: Opening=91, Purchase=0, Sales=30, Closing=61
[2026-02-27 13:27:25] [DEBUG] Day 28: Opening=61, Purchase=0, Sales=0, Closing=61
[2026-02-27 13:27:25] [INFO] Completed recalculating stock for 2026-02 from day 27
[2026-02-27 13:27:25] [INFO] Starting cascading to current month for item SCMPL0010445 sold on 2026-02-27
[2026-02-27 13:27:25] [INFO] Daily stock updated successfully for item SCMPL0010445 on 2026-02-27 in table tbldailystock_1: Sales=30, Closing=61
[2026-02-27 13:27:25] [INFO] Starting daily stock update for item SCMPL0010445 sold on 2026-02-27 (Qty: 5)
[2026-02-27 13:27:25] [INFO] Recalculating stock from day 27 for item SCMPL0010445 in 2026-02 in table tbldailystock_1
[2026-02-27 13:27:25] [DEBUG] Day 27: Opening=91, Purchase=0, Sales=35, Closing=56
[2026-02-27 13:27:26] [DEBUG] Day 28: Opening=56, Purchase=0, Sales=0, Closing=56
[2026-02-27 13:27:26] [INFO] Completed recalculating stock for 2026-02 from day 27
[2026-02-27 13:27:26] [INFO] Starting cascading to current month for item SCMPL0010445 sold on 2026-02-27
[2026-02-27 13:27:26] [INFO] Daily stock updated successfully for item SCMPL0010445 on 2026-02-27 in table tbldailystock_1: Sales=35, Closing=56
[2026-02-27 13:27:26] [INFO] Starting daily stock update for item SCMPL0010445 sold on 2026-02-27 (Qty: 5)
[2026-02-27 13:27:26] [INFO] Recalculating stock from day 27 for item SCMPL0010445 in 2026-02 in table tbldailystock_1
[2026-02-27 13:27:26] [DEBUG] Day 27: Opening=91, Purchase=0, Sales=40, Closing=51
[2026-02-27 13:27:26] [DEBUG] Day 28: Opening=51, Purchase=0, Sales=0, Closing=51
[2026-02-27 13:27:26] [INFO] Completed recalculating stock for 2026-02 from day 27
[2026-02-27 13:27:26] [INFO] Starting cascading to current month for item SCMPL0010445 sold on 2026-02-27
[2026-02-27 13:27:26] [INFO] Daily stock updated successfully for item SCMPL0010445 on 2026-02-27 in table tbldailystock_1: Sales=40, Closing=51
[2026-02-27 13:27:26] [INFO] Starting daily stock update for item SCMPL0010445 sold on 2026-02-27 (Qty: 5)
[2026-02-27 13:27:26] [INFO] Recalculating stock from day 27 for item SCMPL0010445 in 2026-02 in table tbldailystock_1
[2026-02-27 13:27:26] [DEBUG] Day 27: Opening=91, Purchase=0, Sales=45, Closing=46
[2026-02-27 13:27:26] [DEBUG] Day 28: Opening=46, Purchase=0, Sales=0, Closing=46
[2026-02-27 13:27:26] [INFO] Completed recalculating stock for 2026-02 from day 27
[2026-02-27 13:27:26] [INFO] Starting cascading to current month for item SCMPL0010445 sold on 2026-02-27
[2026-02-27 13:27:26] [INFO] Daily stock updated successfully for item SCMPL0010445 on 2026-02-27 in table tbldailystock_1: Sales=45, Closing=46
[2026-02-27 13:27:26] [INFO] Starting daily stock update for item SCMPL0010445 sold on 2026-02-27 (Qty: 5)
[2026-02-27 13:27:26] [INFO] Recalculating stock from day 27 for item SCMPL0010445 in 2026-02 in table tbldailystock_1
[2026-02-27 13:27:26] [DEBUG] Day 27: Opening=91, Purchase=0, Sales=50, Closing=41
[2026-02-27 13:27:26] [DEBUG] Day 28: Opening=41, Purchase=0, Sales=0, Closing=41
[2026-02-27 13:27:26] [INFO] Completed recalculating stock for 2026-02 from day 27
[2026-02-27 13:27:26] [INFO] Starting cascading to current month for item SCMPL0010445 sold on 2026-02-27
[2026-02-27 13:27:26] [INFO] Daily stock updated successfully for item SCMPL0010445 on 2026-02-27 in table tbldailystock_1: Sales=50, Closing=41
[2026-02-27 13:27:26] [INFO] Starting daily stock update for item SCMPL0010445 sold on 2026-02-27 (Qty: 5)
[2026-02-27 13:27:26] [INFO] Recalculating stock from day 27 for item SCMPL0010445 in 2026-02 in table tbldailystock_1
[2026-02-27 13:27:26] [DEBUG] Day 27: Opening=91, Purchase=0, Sales=55, Closing=36
[2026-02-27 13:27:26] [DEBUG] Day 28: Opening=36, Purchase=0, Sales=0, Closing=36
[2026-02-27 13:27:26] [INFO] Completed recalculating stock for 2026-02 from day 27
[2026-02-27 13:27:26] [INFO] Starting cascading to current month for item SCMPL0010445 sold on 2026-02-27
[2026-02-27 13:27:26] [INFO] Daily stock updated successfully for item SCMPL0010445 on 2026-02-27 in table tbldailystock_1: Sales=55, Closing=36
[2026-02-27 13:27:26] [INFO] Starting daily stock update for item SCMPL0010445 sold on 2026-02-27 (Qty: 5)
[2026-02-27 13:27:26] [INFO] Recalculating stock from day 27 for item SCMPL0010445 in 2026-02 in table tbldailystock_1
[2026-02-27 13:27:26] [DEBUG] Day 27: Opening=91, Purchase=0, Sales=60, Closing=31
[2026-02-27 13:27:26] [DEBUG] Day 28: Opening=31, Purchase=0, Sales=0, Closing=31
[2026-02-27 13:27:26] [INFO] Completed recalculating stock for 2026-02 from day 27
[2026-02-27 13:27:26] [INFO] Starting cascading to current month for item SCMPL0010445 sold on 2026-02-27
[2026-02-27 13:27:26] [INFO] Daily stock updated successfully for item SCMPL0010445 on 2026-02-27 in table tbldailystock_1: Sales=60, Closing=31
[2026-02-27 13:27:26] [INFO] Starting daily stock update for item SCMPL0010445 sold on 2026-02-27 (Qty: 5)
[2026-02-27 13:27:26] [INFO] Recalculating stock from day 27 for item SCMPL0010445 in 2026-02 in table tbldailystock_1
[2026-02-27 13:27:26] [DEBUG] Day 27: Opening=91, Purchase=0, Sales=65, Closing=26
[2026-02-27 13:27:26] [DEBUG] Day 28: Opening=26, Purchase=0, Sales=0, Closing=26
[2026-02-27 13:27:26] [INFO] Completed recalculating stock for 2026-02 from day 27
[2026-02-27 13:27:26] [INFO] Starting cascading to current month for item SCMPL0010445 sold on 2026-02-27
[2026-02-27 13:27:26] [INFO] Daily stock updated successfully for item SCMPL0010445 on 2026-02-27 in table tbldailystock_1: Sales=65, Closing=26
[2026-02-27 13:27:26] [INFO] Starting daily stock update for item SCMPL0010445 sold on 2026-02-27 (Qty: 5)
[2026-02-27 13:27:26] [INFO] Recalculating stock from day 27 for item SCMPL0010445 in 2026-02 in table tbldailystock_1
[2026-02-27 13:27:26] [DEBUG] Day 27: Opening=91, Purchase=0, Sales=70, Closing=21
[2026-02-27 13:27:26] [DEBUG] Day 28: Opening=21, Purchase=0, Sales=0, Closing=21
[2026-02-27 13:27:26] [INFO] Completed recalculating stock for 2026-02 from day 27
[2026-02-27 13:27:26] [INFO] Starting cascading to current month for item SCMPL0010445 sold on 2026-02-27
[2026-02-27 13:27:26] [INFO] Daily stock updated successfully for item SCMPL0010445 on 2026-02-27 in table tbldailystock_1: Sales=70, Closing=21
[2026-02-27 13:27:26] [INFO] Starting daily stock update for item SCMPL0010445 sold on 2026-02-27 (Qty: 5)
[2026-02-27 13:27:26] [INFO] Recalculating stock from day 27 for item SCMPL0010445 in 2026-02 in table tbldailystock_1
[2026-02-27 13:27:26] [DEBUG] Day 27: Opening=91, Purchase=0, Sales=75, Closing=16
[2026-02-27 13:27:26] [DEBUG] Day 28: Opening=16, Purchase=0, Sales=0, Closing=16
[2026-02-27 13:27:26] [INFO] Completed recalculating stock for 2026-02 from day 27
[2026-02-27 13:27:26] [INFO] Starting cascading to current month for item SCMPL0010445 sold on 2026-02-27
[2026-02-27 13:27:26] [INFO] Daily stock updated successfully for item SCMPL0010445 on 2026-02-27 in table tbldailystock_1: Sales=75, Closing=16
[2026-02-27 13:27:26] [INFO] Starting daily stock update for item SCMPL0010445 sold on 2026-02-27 (Qty: 5)
[2026-02-27 13:27:26] [INFO] Recalculating stock from day 27 for item SCMPL0010445 in 2026-02 in table tbldailystock_1
[2026-02-27 13:27:26] [DEBUG] Day 27: Opening=91, Purchase=0, Sales=80, Closing=11
[2026-02-27 13:27:26] [DEBUG] Day 28: Opening=11, Purchase=0, Sales=0, Closing=11
[2026-02-27 13:27:26] [INFO] Completed recalculating stock for 2026-02 from day 27
[2026-02-27 13:27:26] [INFO] Starting cascading to current month for item SCMPL0010445 sold on 2026-02-27
[2026-02-27 13:27:26] [INFO] Daily stock updated successfully for item SCMPL0010445 on 2026-02-27 in table tbldailystock_1: Sales=80, Closing=11
[2026-02-27 13:27:26] [INFO] Starting daily stock update for item SCMPL0010445 sold on 2026-02-27 (Qty: 5)
[2026-02-27 13:27:26] [INFO] Recalculating stock from day 27 for item SCMPL0010445 in 2026-02 in table tbldailystock_1
[2026-02-27 13:27:26] [DEBUG] Day 27: Opening=91, Purchase=0, Sales=85, Closing=6
[2026-02-27 13:27:26] [DEBUG] Day 28: Opening=6, Purchase=0, Sales=0, Closing=6
[2026-02-27 13:27:26] [INFO] Completed recalculating stock for 2026-02 from day 27
[2026-02-27 13:27:26] [INFO] Starting cascading to current month for item SCMPL0010445 sold on 2026-02-27
[2026-02-27 13:27:26] [INFO] Daily stock updated successfully for item SCMPL0010445 on 2026-02-27 in table tbldailystock_1: Sales=85, Closing=6
[2026-02-27 13:27:26] [INFO] Starting daily stock update for item SCMPL0010445 sold on 2026-02-27 (Qty: 5)
[2026-02-27 13:27:26] [INFO] Recalculating stock from day 27 for item SCMPL0010445 in 2026-02 in table tbldailystock_1
[2026-02-27 13:27:26] [DEBUG] Day 27: Opening=91, Purchase=0, Sales=90, Closing=1
[2026-02-27 13:27:26] [DEBUG] Day 28: Opening=1, Purchase=0, Sales=0, Closing=1
[2026-02-27 13:27:26] [INFO] Completed recalculating stock for 2026-02 from day 27
[2026-02-27 13:27:26] [INFO] Starting cascading to current month for item SCMPL0010445 sold on 2026-02-27
[2026-02-27 13:27:26] [INFO] Daily stock updated successfully for item SCMPL0010445 on 2026-02-27 in table tbldailystock_1: Sales=90, Closing=1
[2026-02-27 13:27:26] [INFO] Starting daily stock update for item SCMPL0010445 sold on 2026-02-27 (Qty: 1)
[2026-02-27 13:27:26] [INFO] Recalculating stock from day 27 for item SCMPL0010445 in 2026-02 in table tbldailystock_1
[2026-02-27 13:27:26] [DEBUG] Day 27: Opening=91, Purchase=0, Sales=91, Closing=0
[2026-02-27 13:27:26] [DEBUG] Day 28: Opening=0, Purchase=0, Sales=0, Closing=0
[2026-02-27 13:27:26] [INFO] Completed recalculating stock for 2026-02 from day 27
[2026-02-27 13:27:26] [INFO] Starting cascading to current month for item SCMPL0010445 sold on 2026-02-27
[2026-02-27 13:27:26] [INFO] Daily stock updated successfully for item SCMPL0010445 on 2026-02-27 in table tbldailystock_1: Sales=91, Closing=0
[2026-02-27 13:27:26] [INFO] Starting daily stock update for item SCMPL0010486 sold on 2026-02-27 (Qty: 1)
[2026-02-27 13:27:26] [INFO] Recalculating stock from day 27 for item SCMPL0010486 in 2026-02 in table tbldailystock_1
[2026-02-27 13:27:27] [DEBUG] Day 27: Opening=1, Purchase=0, Sales=1, Closing=0
[2026-02-27 13:27:27] [DEBUG] Day 28: Opening=0, Purchase=0, Sales=0, Closing=0
[2026-02-27 13:27:27] [INFO] Completed recalculating stock for 2026-02 from day 27
[2026-02-27 13:27:27] [INFO] Starting cascading to current month for item SCMPL0010486 sold on 2026-02-27
[2026-02-27 13:27:27] [INFO] Daily stock updated successfully for item SCMPL0010486 on 2026-02-27 in table tbldailystock_1: Sales=1, Closing=0
[2026-02-27 13:27:27] [INFO] Starting daily stock update for item SCMPL0010619 sold on 2026-02-27 (Qty: 3)
[2026-02-27 13:27:27] [INFO] Recalculating stock from day 27 for item SCMPL0010619 in 2026-02 in table tbldailystock_1
[2026-02-27 13:27:27] [DEBUG] Day 27: Opening=19, Purchase=0, Sales=3, Closing=16
[2026-02-27 13:27:27] [DEBUG] Day 28: Opening=16, Purchase=0, Sales=0, Closing=16
[2026-02-27 13:27:27] [INFO] Completed recalculating stock for 2026-02 from day 27
[2026-02-27 13:27:27] [INFO] Starting cascading to current month for item SCMPL0010619 sold on 2026-02-27
[2026-02-27 13:27:27] [INFO] Daily stock updated successfully for item SCMPL0010619 on 2026-02-27 in table tbldailystock_1: Sales=3, Closing=16
[2026-02-27 13:27:27] [INFO] Starting daily stock update for item SCMPL0010619 sold on 2026-02-27 (Qty: 5)
[2026-02-27 13:27:27] [INFO] Recalculating stock from day 27 for item SCMPL0010619 in 2026-02 in table tbldailystock_1
[2026-02-27 13:27:27] [DEBUG] Day 27: Opening=19, Purchase=0, Sales=8, Closing=11
[2026-02-27 13:27:27] [DEBUG] Day 28: Opening=11, Purchase=0, Sales=0, Closing=11
[2026-02-27 13:27:27] [INFO] Completed recalculating stock for 2026-02 from day 27
[2026-02-27 13:27:27] [INFO] Starting cascading to current month for item SCMPL0010619 sold on 2026-02-27
[2026-02-27 13:27:27] [INFO] Daily stock updated successfully for item SCMPL0010619 on 2026-02-27 in table tbldailystock_1: Sales=8, Closing=11
[2026-02-27 13:27:27] [INFO] Starting daily stock update for item SCMPL0010619 sold on 2026-02-27 (Qty: 5)
[2026-02-27 13:27:27] [INFO] Recalculating stock from day 27 for item SCMPL0010619 in 2026-02 in table tbldailystock_1
[2026-02-27 13:27:27] [DEBUG] Day 27: Opening=19, Purchase=0, Sales=13, Closing=6
[2026-02-27 13:27:27] [DEBUG] Day 28: Opening=6, Purchase=0, Sales=0, Closing=6
[2026-02-27 13:27:27] [INFO] Completed recalculating stock for 2026-02 from day 27
[2026-02-27 13:27:27] [INFO] Starting cascading to current month for item SCMPL0010619 sold on 2026-02-27
[2026-02-27 13:27:27] [INFO] Daily stock updated successfully for item SCMPL0010619 on 2026-02-27 in table tbldailystock_1: Sales=13, Closing=6
[2026-02-27 13:27:27] [INFO] Starting daily stock update for item SCMPL0010619 sold on 2026-02-27 (Qty: 5)
[2026-02-27 13:27:27] [INFO] Recalculating stock from day 27 for item SCMPL0010619 in 2026-02 in table tbldailystock_1
[2026-02-27 13:27:27] [DEBUG] Day 27: Opening=19, Purchase=0, Sales=18, Closing=1
[2026-02-27 13:27:27] [DEBUG] Day 28: Opening=1, Purchase=0, Sales=0, Closing=1
[2026-02-27 13:27:27] [INFO] Completed recalculating stock for 2026-02 from day 27
[2026-02-27 13:27:27] [INFO] Starting cascading to current month for item SCMPL0010619 sold on 2026-02-27
[2026-02-27 13:27:27] [INFO] Daily stock updated successfully for item SCMPL0010619 on 2026-02-27 in table tbldailystock_1: Sales=18, Closing=1
[2026-02-27 13:27:27] [INFO] Starting daily stock update for item SCMPL0010619 sold on 2026-02-27 (Qty: 1)
[2026-02-27 13:27:27] [INFO] Recalculating stock from day 27 for item SCMPL0010619 in 2026-02 in table tbldailystock_1
[2026-02-27 13:27:27] [DEBUG] Day 27: Opening=19, Purchase=0, Sales=19, Closing=0
[2026-02-27 13:27:27] [DEBUG] Day 28: Opening=0, Purchase=0, Sales=0, Closing=0
[2026-02-27 13:27:27] [INFO] Completed recalculating stock for 2026-02 from day 27
[2026-02-27 13:27:27] [INFO] Starting cascading to current month for item SCMPL0010619 sold on 2026-02-27
[2026-02-27 13:27:27] [INFO] Daily stock updated successfully for item SCMPL0010619 on 2026-02-27 in table tbldailystock_1: Sales=19, Closing=0
[2026-02-27 13:27:27] [INFO] Starting daily stock update for item SCMPL0010625 sold on 2026-02-27 (Qty: 4)
[2026-02-27 13:27:27] [INFO] Recalculating stock from day 27 for item SCMPL0010625 in 2026-02 in table tbldailystock_1
[2026-02-27 13:27:27] [DEBUG] Day 27: Opening=5, Purchase=0, Sales=4, Closing=1
[2026-02-27 13:27:27] [DEBUG] Day 28: Opening=1, Purchase=0, Sales=0, Closing=1
[2026-02-27 13:27:27] [INFO] Completed recalculating stock for 2026-02 from day 27
[2026-02-27 13:27:27] [INFO] Starting cascading to current month for item SCMPL0010625 sold on 2026-02-27
[2026-02-27 13:27:27] [INFO] Daily stock updated successfully for item SCMPL0010625 on 2026-02-27 in table tbldailystock_1: Sales=4, Closing=1
[2026-02-27 13:27:27] [INFO] Starting daily stock update for item SCMPL0010625 sold on 2026-02-27 (Qty: 1)
[2026-02-27 13:27:27] [INFO] Recalculating stock from day 27 for item SCMPL0010625 in 2026-02 in table tbldailystock_1
[2026-02-27 13:27:27] [DEBUG] Day 27: Opening=5, Purchase=0, Sales=5, Closing=0
[2026-02-27 13:27:27] [DEBUG] Day 28: Opening=0, Purchase=0, Sales=0, Closing=0
[2026-02-27 13:27:27] [INFO] Completed recalculating stock for 2026-02 from day 27
[2026-02-27 13:27:27] [INFO] Starting cascading to current month for item SCMPL0010625 sold on 2026-02-27
[2026-02-27 13:27:27] [INFO] Daily stock updated successfully for item SCMPL0010625 on 2026-02-27 in table tbldailystock_1: Sales=5, Closing=0
[2026-02-27 13:27:27] [INFO] Starting daily stock update for item SCMPL0010655 sold on 2026-02-27 (Qty: 4)
[2026-02-27 13:27:27] [INFO] Recalculating stock from day 27 for item SCMPL0010655 in 2026-02 in table tbldailystock_1
[2026-02-27 13:27:27] [DEBUG] Day 27: Opening=112, Purchase=0, Sales=4, Closing=108
[2026-02-27 13:27:27] [DEBUG] Day 28: Opening=108, Purchase=0, Sales=0, Closing=108
[2026-02-27 13:27:27] [INFO] Completed recalculating stock for 2026-02 from day 27
[2026-02-27 13:27:27] [INFO] Starting cascading to current month for item SCMPL0010655 sold on 2026-02-27
[2026-02-27 13:27:27] [INFO] Daily stock updated successfully for item SCMPL0010655 on 2026-02-27 in table tbldailystock_1: Sales=4, Closing=108
[2026-02-27 13:27:27] [INFO] Starting daily stock update for item SCMPL0010655 sold on 2026-02-27 (Qty: 5)
[2026-02-27 13:27:27] [INFO] Recalculating stock from day 27 for item SCMPL0010655 in 2026-02 in table tbldailystock_1
[2026-02-27 13:27:27] [DEBUG] Day 27: Opening=112, Purchase=0, Sales=9, Closing=103
[2026-02-27 13:27:27] [DEBUG] Day 28: Opening=103, Purchase=0, Sales=0, Closing=103
[2026-02-27 13:27:27] [INFO] Completed recalculating stock for 2026-02 from day 27
[2026-02-27 13:27:27] [INFO] Starting cascading to current month for item SCMPL0010655 sold on 2026-02-27
[2026-02-27 13:27:27] [INFO] Daily stock updated successfully for item SCMPL0010655 on 2026-02-27 in table tbldailystock_1: Sales=9, Closing=103
[2026-02-27 13:27:27] [INFO] Starting daily stock update for item SCMPL0010655 sold on 2026-02-27 (Qty: 5)
[2026-02-27 13:27:27] [INFO] Recalculating stock from day 27 for item SCMPL0010655 in 2026-02 in table tbldailystock_1
[2026-02-27 13:27:27] [DEBUG] Day 27: Opening=112, Purchase=0, Sales=14, Closing=98
[2026-02-27 13:27:27] [DEBUG] Day 28: Opening=98, Purchase=0, Sales=0, Closing=98
[2026-02-27 13:27:27] [INFO] Completed recalculating stock for 2026-02 from day 27
[2026-02-27 13:27:27] [INFO] Starting cascading to current month for item SCMPL0010655 sold on 2026-02-27
[2026-02-27 13:27:27] [INFO] Daily stock updated successfully for item SCMPL0010655 on 2026-02-27 in table tbldailystock_1: Sales=14, Closing=98
[2026-02-27 13:27:27] [INFO] Starting daily stock update for item SCMPL0010655 sold on 2026-02-27 (Qty: 5)
[2026-02-27 13:27:27] [INFO] Recalculating stock from day 27 for item SCMPL0010655 in 2026-02 in table tbldailystock_1
[2026-02-27 13:27:27] [DEBUG] Day 27: Opening=112, Purchase=0, Sales=19, Closing=93
[2026-02-27 13:27:27] [DEBUG] Day 28: Opening=93, Purchase=0, Sales=0, Closing=93
[2026-02-27 13:27:27] [INFO] Completed recalculating stock for 2026-02 from day 27
[2026-02-27 13:27:27] [INFO] Starting cascading to current month for item SCMPL0010655 sold on 2026-02-27
[2026-02-27 13:27:27] [INFO] Daily stock updated successfully for item SCMPL0010655 on 2026-02-27 in table tbldailystock_1: Sales=19, Closing=93
[2026-02-27 13:27:27] [INFO] Starting daily stock update for item SCMPL0010655 sold on 2026-02-27 (Qty: 5)
[2026-02-27 13:27:27] [INFO] Recalculating stock from day 27 for item SCMPL0010655 in 2026-02 in table tbldailystock_1
[2026-02-27 13:27:27] [DEBUG] Day 27: Opening=112, Purchase=0, Sales=24, Closing=88
[2026-02-27 13:27:27] [DEBUG] Day 28: Opening=88, Purchase=0, Sales=0, Closing=88
[2026-02-27 13:27:27] [INFO] Completed recalculating stock for 2026-02 from day 27
[2026-02-27 13:27:27] [INFO] Starting cascading to current month for item SCMPL0010655 sold on 2026-02-27
[2026-02-27 13:27:27] [INFO] Daily stock updated successfully for item SCMPL0010655 on 2026-02-27 in table tbldailystock_1: Sales=24, Closing=88
[2026-02-27 13:27:27] [INFO] Starting daily stock update for item SCMPL0010655 sold on 2026-02-27 (Qty: 5)
[2026-02-27 13:27:27] [INFO] Recalculating stock from day 27 for item SCMPL0010655 in 2026-02 in table tbldailystock_1
[2026-02-27 13:27:27] [DEBUG] Day 27: Opening=112, Purchase=0, Sales=29, Closing=83
[2026-02-27 13:27:27] [DEBUG] Day 28: Opening=83, Purchase=0, Sales=0, Closing=83
[2026-02-27 13:27:27] [INFO] Completed recalculating stock for 2026-02 from day 27
[2026-02-27 13:27:27] [INFO] Starting cascading to current month for item SCMPL0010655 sold on 2026-02-27
[2026-02-27 13:27:27] [INFO] Daily stock updated successfully for item SCMPL0010655 on 2026-02-27 in table tbldailystock_1: Sales=29, Closing=83
[2026-02-27 13:27:27] [INFO] Starting daily stock update for item SCMPL0010655 sold on 2026-02-27 (Qty: 5)
[2026-02-27 13:27:27] [INFO] Recalculating stock from day 27 for item SCMPL0010655 in 2026-02 in table tbldailystock_1
[2026-02-27 13:27:27] [DEBUG] Day 27: Opening=112, Purchase=0, Sales=34, Closing=78
[2026-02-27 13:27:27] [DEBUG] Day 28: Opening=78, Purchase=0, Sales=0, Closing=78
[2026-02-27 13:27:27] [INFO] Completed recalculating stock for 2026-02 from day 27
[2026-02-27 13:27:27] [INFO] Starting cascading to current month for item SCMPL0010655 sold on 2026-02-27
[2026-02-27 13:27:27] [INFO] Daily stock updated successfully for item SCMPL0010655 on 2026-02-27 in table tbldailystock_1: Sales=34, Closing=78
[2026-02-27 13:27:27] [INFO] Starting daily stock update for item SCMPL0010655 sold on 2026-02-27 (Qty: 5)
[2026-02-27 13:27:27] [INFO] Recalculating stock from day 27 for item SCMPL0010655 in 2026-02 in table tbldailystock_1
[2026-02-27 13:27:27] [DEBUG] Day 27: Opening=112, Purchase=0, Sales=39, Closing=73
[2026-02-27 13:27:28] [DEBUG] Day 28: Opening=73, Purchase=0, Sales=0, Closing=73
[2026-02-27 13:27:28] [INFO] Completed recalculating stock for 2026-02 from day 27
[2026-02-27 13:27:28] [INFO] Starting cascading to current month for item SCMPL0010655 sold on 2026-02-27
[2026-02-27 13:27:28] [INFO] Daily stock updated successfully for item SCMPL0010655 on 2026-02-27 in table tbldailystock_1: Sales=39, Closing=73
[2026-02-27 13:27:28] [INFO] Starting daily stock update for item SCMPL0010655 sold on 2026-02-27 (Qty: 5)
[2026-02-27 13:27:28] [INFO] Recalculating stock from day 27 for item SCMPL0010655 in 2026-02 in table tbldailystock_1
[2026-02-27 13:27:28] [DEBUG] Day 27: Opening=112, Purchase=0, Sales=44, Closing=68
[2026-02-27 13:27:28] [DEBUG] Day 28: Opening=68, Purchase=0, Sales=0, Closing=68
[2026-02-27 13:27:28] [INFO] Completed recalculating stock for 2026-02 from day 27
[2026-02-27 13:27:28] [INFO] Starting cascading to current month for item SCMPL0010655 sold on 2026-02-27
[2026-02-27 13:27:28] [INFO] Daily stock updated successfully for item SCMPL0010655 on 2026-02-27 in table tbldailystock_1: Sales=44, Closing=68
[2026-02-27 13:27:28] [INFO] Starting daily stock update for item SCMPL0010655 sold on 2026-02-27 (Qty: 5)
[2026-02-27 13:27:28] [INFO] Recalculating stock from day 27 for item SCMPL0010655 in 2026-02 in table tbldailystock_1
[2026-02-27 13:27:28] [DEBUG] Day 27: Opening=112, Purchase=0, Sales=49, Closing=63
[2026-02-27 13:27:28] [DEBUG] Day 28: Opening=63, Purchase=0, Sales=0, Closing=63
[2026-02-27 13:27:28] [INFO] Completed recalculating stock for 2026-02 from day 27
[2026-02-27 13:27:28] [INFO] Starting cascading to current month for item SCMPL0010655 sold on 2026-02-27
[2026-02-27 13:27:28] [INFO] Daily stock updated successfully for item SCMPL0010655 on 2026-02-27 in table tbldailystock_1: Sales=49, Closing=63
[2026-02-27 13:27:28] [INFO] Starting daily stock update for item SCMPL0010655 sold on 2026-02-27 (Qty: 5)
[2026-02-27 13:27:28] [INFO] Recalculating stock from day 27 for item SCMPL0010655 in 2026-02 in table tbldailystock_1
[2026-02-27 13:27:28] [DEBUG] Day 27: Opening=112, Purchase=0, Sales=54, Closing=58
[2026-02-27 13:27:28] [DEBUG] Day 28: Opening=58, Purchase=0, Sales=0, Closing=58
[2026-02-27 13:27:28] [INFO] Completed recalculating stock for 2026-02 from day 27
[2026-02-27 13:27:28] [INFO] Starting cascading to current month for item SCMPL0010655 sold on 2026-02-27
[2026-02-27 13:27:28] [INFO] Daily stock updated successfully for item SCMPL0010655 on 2026-02-27 in table tbldailystock_1: Sales=54, Closing=58
[2026-02-27 13:27:28] [INFO] Starting daily stock update for item SCMPL0010655 sold on 2026-02-27 (Qty: 5)
[2026-02-27 13:27:28] [INFO] Recalculating stock from day 27 for item SCMPL0010655 in 2026-02 in table tbldailystock_1
[2026-02-27 13:27:28] [DEBUG] Day 27: Opening=112, Purchase=0, Sales=59, Closing=53
[2026-02-27 13:27:28] [DEBUG] Day 28: Opening=53, Purchase=0, Sales=0, Closing=53
[2026-02-27 13:27:28] [INFO] Completed recalculating stock for 2026-02 from day 27
[2026-02-27 13:27:28] [INFO] Starting cascading to current month for item SCMPL0010655 sold on 2026-02-27
[2026-02-27 13:27:28] [INFO] Daily stock updated successfully for item SCMPL0010655 on 2026-02-27 in table tbldailystock_1: Sales=59, Closing=53
[2026-02-27 13:27:28] [INFO] Starting daily stock update for item SCMPL0010655 sold on 2026-02-27 (Qty: 5)
[2026-02-27 13:27:28] [INFO] Recalculating stock from day 27 for item SCMPL0010655 in 2026-02 in table tbldailystock_1
[2026-02-27 13:27:28] [DEBUG] Day 27: Opening=112, Purchase=0, Sales=64, Closing=48
[2026-02-27 13:27:28] [DEBUG] Day 28: Opening=48, Purchase=0, Sales=0, Closing=48
[2026-02-27 13:27:28] [INFO] Completed recalculating stock for 2026-02 from day 27
[2026-02-27 13:27:28] [INFO] Starting cascading to current month for item SCMPL0010655 sold on 2026-02-27
[2026-02-27 13:27:28] [INFO] Daily stock updated successfully for item SCMPL0010655 on 2026-02-27 in table tbldailystock_1: Sales=64, Closing=48
[2026-02-27 13:27:28] [INFO] Starting daily stock update for item SCMPL0010655 sold on 2026-02-27 (Qty: 5)
[2026-02-27 13:27:28] [INFO] Recalculating stock from day 27 for item SCMPL0010655 in 2026-02 in table tbldailystock_1
[2026-02-27 13:27:28] [DEBUG] Day 27: Opening=112, Purchase=0, Sales=69, Closing=43
[2026-02-27 13:27:28] [DEBUG] Day 28: Opening=43, Purchase=0, Sales=0, Closing=43
[2026-02-27 13:27:28] [INFO] Completed recalculating stock for 2026-02 from day 27
[2026-02-27 13:27:28] [INFO] Starting cascading to current month for item SCMPL0010655 sold on 2026-02-27
[2026-02-27 13:27:28] [INFO] Daily stock updated successfully for item SCMPL0010655 on 2026-02-27 in table tbldailystock_1: Sales=69, Closing=43
[2026-02-27 13:27:28] [INFO] Starting daily stock update for item SCMPL0010655 sold on 2026-02-27 (Qty: 5)
[2026-02-27 13:27:28] [INFO] Recalculating stock from day 27 for item SCMPL0010655 in 2026-02 in table tbldailystock_1
[2026-02-27 13:27:28] [DEBUG] Day 27: Opening=112, Purchase=0, Sales=74, Closing=38
[2026-02-27 13:27:28] [DEBUG] Day 28: Opening=38, Purchase=0, Sales=0, Closing=38
[2026-02-27 13:27:28] [INFO] Completed recalculating stock for 2026-02 from day 27
[2026-02-27 13:27:28] [INFO] Starting cascading to current month for item SCMPL0010655 sold on 2026-02-27
[2026-02-27 13:27:28] [INFO] Daily stock updated successfully for item SCMPL0010655 on 2026-02-27 in table tbldailystock_1: Sales=74, Closing=38
[2026-02-27 13:27:28] [INFO] Starting daily stock update for item SCMPL0010655 sold on 2026-02-27 (Qty: 5)
[2026-02-27 13:27:28] [INFO] Recalculating stock from day 27 for item SCMPL0010655 in 2026-02 in table tbldailystock_1
[2026-02-27 13:27:28] [DEBUG] Day 27: Opening=112, Purchase=0, Sales=79, Closing=33
[2026-02-27 13:27:28] [DEBUG] Day 28: Opening=33, Purchase=0, Sales=0, Closing=33
[2026-02-27 13:27:28] [INFO] Completed recalculating stock for 2026-02 from day 27
[2026-02-27 13:27:28] [INFO] Starting cascading to current month for item SCMPL0010655 sold on 2026-02-27
[2026-02-27 13:27:28] [INFO] Daily stock updated successfully for item SCMPL0010655 on 2026-02-27 in table tbldailystock_1: Sales=79, Closing=33
[2026-02-27 13:27:28] [INFO] Starting daily stock update for item SCMPL0010655 sold on 2026-02-27 (Qty: 5)
[2026-02-27 13:27:28] [INFO] Recalculating stock from day 27 for item SCMPL0010655 in 2026-02 in table tbldailystock_1
[2026-02-27 13:27:28] [DEBUG] Day 27: Opening=112, Purchase=0, Sales=84, Closing=28
[2026-02-27 13:27:28] [DEBUG] Day 28: Opening=28, Purchase=0, Sales=0, Closing=28
[2026-02-27 13:27:28] [INFO] Completed recalculating stock for 2026-02 from day 27
[2026-02-27 13:27:28] [INFO] Starting cascading to current month for item SCMPL0010655 sold on 2026-02-27
[2026-02-27 13:27:28] [INFO] Daily stock updated successfully for item SCMPL0010655 on 2026-02-27 in table tbldailystock_1: Sales=84, Closing=28
[2026-02-27 13:27:28] [INFO] Starting daily stock update for item SCMPL0010655 sold on 2026-02-27 (Qty: 5)
[2026-02-27 13:27:28] [INFO] Recalculating stock from day 27 for item SCMPL0010655 in 2026-02 in table tbldailystock_1
[2026-02-27 13:27:29] [DEBUG] Day 27: Opening=112, Purchase=0, Sales=89, Closing=23
[2026-02-27 13:27:29] [DEBUG] Day 28: Opening=23, Purchase=0, Sales=0, Closing=23
[2026-02-27 13:27:29] [INFO] Completed recalculating stock for 2026-02 from day 27
[2026-02-27 13:27:29] [INFO] Starting cascading to current month for item SCMPL0010655 sold on 2026-02-27
[2026-02-27 13:27:29] [INFO] Daily stock updated successfully for item SCMPL0010655 on 2026-02-27 in table tbldailystock_1: Sales=89, Closing=23
[2026-02-27 13:27:29] [INFO] Starting daily stock update for item SCMPL0010655 sold on 2026-02-27 (Qty: 5)
[2026-02-27 13:27:29] [INFO] Recalculating stock from day 27 for item SCMPL0010655 in 2026-02 in table tbldailystock_1
[2026-02-27 13:27:29] [DEBUG] Day 27: Opening=112, Purchase=0, Sales=94, Closing=18
[2026-02-27 13:27:29] [DEBUG] Day 28: Opening=18, Purchase=0, Sales=0, Closing=18
[2026-02-27 13:27:29] [INFO] Completed recalculating stock for 2026-02 from day 27
[2026-02-27 13:27:29] [INFO] Starting cascading to current month for item SCMPL0010655 sold on 2026-02-27
[2026-02-27 13:27:29] [INFO] Daily stock updated successfully for item SCMPL0010655 on 2026-02-27 in table tbldailystock_1: Sales=94, Closing=18
[2026-02-27 13:27:29] [INFO] Starting daily stock update for item SCMPL0010655 sold on 2026-02-27 (Qty: 5)
[2026-02-27 13:27:29] [INFO] Recalculating stock from day 27 for item SCMPL0010655 in 2026-02 in table tbldailystock_1
[2026-02-27 13:27:29] [DEBUG] Day 27: Opening=112, Purchase=0, Sales=99, Closing=13
[2026-02-27 13:27:29] [DEBUG] Day 28: Opening=13, Purchase=0, Sales=0, Closing=13
[2026-02-27 13:27:29] [INFO] Completed recalculating stock for 2026-02 from day 27
[2026-02-27 13:27:29] [INFO] Starting cascading to current month for item SCMPL0010655 sold on 2026-02-27
[2026-02-27 13:27:29] [INFO] Daily stock updated successfully for item SCMPL0010655 on 2026-02-27 in table tbldailystock_1: Sales=99, Closing=13
[2026-02-27 13:27:29] [INFO] Starting daily stock update for item SCMPL0010655 sold on 2026-02-27 (Qty: 5)
[2026-02-27 13:27:29] [INFO] Recalculating stock from day 27 for item SCMPL0010655 in 2026-02 in table tbldailystock_1
[2026-02-27 13:27:29] [DEBUG] Day 27: Opening=112, Purchase=0, Sales=104, Closing=8
[2026-02-27 13:27:29] [DEBUG] Day 28: Opening=8, Purchase=0, Sales=0, Closing=8
[2026-02-27 13:27:29] [INFO] Completed recalculating stock for 2026-02 from day 27
[2026-02-27 13:27:29] [INFO] Starting cascading to current month for item SCMPL0010655 sold on 2026-02-27
[2026-02-27 13:27:29] [INFO] Daily stock updated successfully for item SCMPL0010655 on 2026-02-27 in table tbldailystock_1: Sales=104, Closing=8
[2026-02-27 13:27:29] [INFO] Starting daily stock update for item SCMPL0010655 sold on 2026-02-27 (Qty: 5)
[2026-02-27 13:27:29] [INFO] Recalculating stock from day 27 for item SCMPL0010655 in 2026-02 in table tbldailystock_1
[2026-02-27 13:27:29] [DEBUG] Day 27: Opening=112, Purchase=0, Sales=109, Closing=3
[2026-02-27 13:27:29] [DEBUG] Day 28: Opening=3, Purchase=0, Sales=0, Closing=3
[2026-02-27 13:27:29] [INFO] Completed recalculating stock for 2026-02 from day 27
[2026-02-27 13:27:29] [INFO] Starting cascading to current month for item SCMPL0010655 sold on 2026-02-27
[2026-02-27 13:27:29] [INFO] Daily stock updated successfully for item SCMPL0010655 on 2026-02-27 in table tbldailystock_1: Sales=109, Closing=3
[2026-02-27 13:27:29] [INFO] Starting daily stock update for item SCMPL0010655 sold on 2026-02-27 (Qty: 3)
[2026-02-27 13:27:29] [INFO] Recalculating stock from day 27 for item SCMPL0010655 in 2026-02 in table tbldailystock_1
[2026-02-27 13:27:29] [DEBUG] Day 27: Opening=112, Purchase=0, Sales=112, Closing=0
[2026-02-27 13:27:29] [DEBUG] Day 28: Opening=0, Purchase=0, Sales=0, Closing=0
[2026-02-27 13:27:29] [INFO] Completed recalculating stock for 2026-02 from day 27
[2026-02-27 13:27:29] [INFO] Starting cascading to current month for item SCMPL0010655 sold on 2026-02-27
[2026-02-27 13:27:29] [INFO] Daily stock updated successfully for item SCMPL0010655 on 2026-02-27 in table tbldailystock_1: Sales=112, Closing=0
[2026-02-27 13:27:29] [INFO] Starting daily stock update for item SCMPL0010694 sold on 2026-02-27 (Qty: 2)
[2026-02-27 13:27:29] [INFO] Recalculating stock from day 27 for item SCMPL0010694 in 2026-02 in table tbldailystock_1
[2026-02-27 13:27:29] [DEBUG] Day 27: Opening=46, Purchase=0, Sales=2, Closing=44
[2026-02-27 13:27:29] [DEBUG] Day 28: Opening=44, Purchase=0, Sales=0, Closing=44
[2026-02-27 13:27:29] [INFO] Completed recalculating stock for 2026-02 from day 27
[2026-02-27 13:27:29] [INFO] Starting cascading to current month for item SCMPL0010694 sold on 2026-02-27
[2026-02-27 13:27:29] [INFO] Daily stock updated successfully for item SCMPL0010694 on 2026-02-27 in table tbldailystock_1: Sales=2, Closing=44
[2026-02-27 13:27:29] [INFO] Starting daily stock update for item SCMPL0010694 sold on 2026-02-27 (Qty: 5)
[2026-02-27 13:27:29] [INFO] Recalculating stock from day 27 for item SCMPL0010694 in 2026-02 in table tbldailystock_1
[2026-02-27 13:27:29] [DEBUG] Day 27: Opening=46, Purchase=0, Sales=7, Closing=39
[2026-02-27 13:27:29] [DEBUG] Day 28: Opening=39, Purchase=0, Sales=0, Closing=39
[2026-02-27 13:27:29] [INFO] Completed recalculating stock for 2026-02 from day 27
[2026-02-27 13:27:29] [INFO] Starting cascading to current month for item SCMPL0010694 sold on 2026-02-27
[2026-02-27 13:27:29] [INFO] Daily stock updated successfully for item SCMPL0010694 on 2026-02-27 in table tbldailystock_1: Sales=7, Closing=39
[2026-02-27 13:27:29] [INFO] Starting daily stock update for item SCMPL0010694 sold on 2026-02-27 (Qty: 5)
[2026-02-27 13:27:29] [INFO] Recalculating stock from day 27 for item SCMPL0010694 in 2026-02 in table tbldailystock_1
[2026-02-27 13:27:29] [DEBUG] Day 27: Opening=46, Purchase=0, Sales=12, Closing=34
[2026-02-27 13:27:29] [DEBUG] Day 28: Opening=34, Purchase=0, Sales=0, Closing=34
[2026-02-27 13:27:29] [INFO] Completed recalculating stock for 2026-02 from day 27
[2026-02-27 13:27:29] [INFO] Starting cascading to current month for item SCMPL0010694 sold on 2026-02-27
[2026-02-27 13:27:29] [INFO] Daily stock updated successfully for item SCMPL0010694 on 2026-02-27 in table tbldailystock_1: Sales=12, Closing=34
[2026-02-27 13:27:29] [INFO] Starting daily stock update for item SCMPL0010694 sold on 2026-02-27 (Qty: 5)
[2026-02-27 13:27:29] [INFO] Recalculating stock from day 27 for item SCMPL0010694 in 2026-02 in table tbldailystock_1
[2026-02-27 13:27:29] [DEBUG] Day 27: Opening=46, Purchase=0, Sales=17, Closing=29
[2026-02-27 13:27:29] [DEBUG] Day 28: Opening=29, Purchase=0, Sales=0, Closing=29
[2026-02-27 13:27:29] [INFO] Completed recalculating stock for 2026-02 from day 27
[2026-02-27 13:27:29] [INFO] Starting cascading to current month for item SCMPL0010694 sold on 2026-02-27
[2026-02-27 13:27:29] [INFO] Daily stock updated successfully for item SCMPL0010694 on 2026-02-27 in table tbldailystock_1: Sales=17, Closing=29
[2026-02-27 13:27:29] [INFO] Starting daily stock update for item SCMPL0010694 sold on 2026-02-27 (Qty: 5)
[2026-02-27 13:27:29] [INFO] Recalculating stock from day 27 for item SCMPL0010694 in 2026-02 in table tbldailystock_1
[2026-02-27 13:27:29] [DEBUG] Day 27: Opening=46, Purchase=0, Sales=22, Closing=24
[2026-02-27 13:27:29] [DEBUG] Day 28: Opening=24, Purchase=0, Sales=0, Closing=24
[2026-02-27 13:27:29] [INFO] Completed recalculating stock for 2026-02 from day 27
[2026-02-27 13:27:29] [INFO] Starting cascading to current month for item SCMPL0010694 sold on 2026-02-27
[2026-02-27 13:27:29] [INFO] Daily stock updated successfully for item SCMPL0010694 on 2026-02-27 in table tbldailystock_1: Sales=22, Closing=24
[2026-02-27 13:27:29] [INFO] Starting daily stock update for item SCMPL0010694 sold on 2026-02-27 (Qty: 5)
[2026-02-27 13:27:29] [INFO] Recalculating stock from day 27 for item SCMPL0010694 in 2026-02 in table tbldailystock_1
[2026-02-27 13:27:29] [DEBUG] Day 27: Opening=46, Purchase=0, Sales=27, Closing=19
[2026-02-27 13:27:29] [DEBUG] Day 28: Opening=19, Purchase=0, Sales=0, Closing=19
[2026-02-27 13:27:29] [INFO] Completed recalculating stock for 2026-02 from day 27
[2026-02-27 13:27:29] [INFO] Starting cascading to current month for item SCMPL0010694 sold on 2026-02-27
[2026-02-27 13:27:29] [INFO] Daily stock updated successfully for item SCMPL0010694 on 2026-02-27 in table tbldailystock_1: Sales=27, Closing=19
[2026-02-27 13:27:29] [INFO] Starting daily stock update for item SCMPL0010694 sold on 2026-02-27 (Qty: 5)
[2026-02-27 13:27:29] [INFO] Recalculating stock from day 27 for item SCMPL0010694 in 2026-02 in table tbldailystock_1
[2026-02-27 13:27:29] [DEBUG] Day 27: Opening=46, Purchase=0, Sales=32, Closing=14
[2026-02-27 13:27:29] [DEBUG] Day 28: Opening=14, Purchase=0, Sales=0, Closing=14
[2026-02-27 13:27:29] [INFO] Completed recalculating stock for 2026-02 from day 27
[2026-02-27 13:27:29] [INFO] Starting cascading to current month for item SCMPL0010694 sold on 2026-02-27
[2026-02-27 13:27:29] [INFO] Daily stock updated successfully for item SCMPL0010694 on 2026-02-27 in table tbldailystock_1: Sales=32, Closing=14
[2026-02-27 13:27:29] [INFO] Starting daily stock update for item SCMPL0010694 sold on 2026-02-27 (Qty: 5)
[2026-02-27 13:27:29] [INFO] Recalculating stock from day 27 for item SCMPL0010694 in 2026-02 in table tbldailystock_1
[2026-02-27 13:27:29] [DEBUG] Day 27: Opening=46, Purchase=0, Sales=37, Closing=9
[2026-02-27 13:27:29] [DEBUG] Day 28: Opening=9, Purchase=0, Sales=0, Closing=9
[2026-02-27 13:27:29] [INFO] Completed recalculating stock for 2026-02 from day 27
[2026-02-27 13:27:29] [INFO] Starting cascading to current month for item SCMPL0010694 sold on 2026-02-27
[2026-02-27 13:27:29] [INFO] Daily stock updated successfully for item SCMPL0010694 on 2026-02-27 in table tbldailystock_1: Sales=37, Closing=9
[2026-02-27 13:27:29] [INFO] Starting daily stock update for item SCMPL0010694 sold on 2026-02-27 (Qty: 5)
[2026-02-27 13:27:29] [INFO] Recalculating stock from day 27 for item SCMPL0010694 in 2026-02 in table tbldailystock_1
[2026-02-27 13:27:29] [DEBUG] Day 27: Opening=46, Purchase=0, Sales=42, Closing=4
[2026-02-27 13:27:29] [DEBUG] Day 28: Opening=4, Purchase=0, Sales=0, Closing=4
[2026-02-27 13:27:29] [INFO] Completed recalculating stock for 2026-02 from day 27
[2026-02-27 13:27:29] [INFO] Starting cascading to current month for item SCMPL0010694 sold on 2026-02-27
[2026-02-27 13:27:29] [INFO] Daily stock updated successfully for item SCMPL0010694 on 2026-02-27 in table tbldailystock_1: Sales=42, Closing=4
[2026-02-27 13:27:29] [INFO] Starting daily stock update for item SCMPL0010694 sold on 2026-02-27 (Qty: 4)
[2026-02-27 13:27:29] [INFO] Recalculating stock from day 27 for item SCMPL0010694 in 2026-02 in table tbldailystock_1
[2026-02-27 13:27:29] [DEBUG] Day 27: Opening=46, Purchase=0, Sales=46, Closing=0
[2026-02-27 13:27:29] [DEBUG] Day 28: Opening=0, Purchase=0, Sales=0, Closing=0
[2026-02-27 13:27:29] [INFO] Completed recalculating stock for 2026-02 from day 27
[2026-02-27 13:27:29] [INFO] Starting cascading to current month for item SCMPL0010694 sold on 2026-02-27
[2026-02-27 13:27:29] [INFO] Daily stock updated successfully for item SCMPL0010694 on 2026-02-27 in table tbldailystock_1: Sales=46, Closing=0
[2026-02-27 13:27:29] [INFO] Starting daily stock update for item SCMPL0011125 sold on 2026-02-27 (Qty: 1)
[2026-02-27 13:27:29] [INFO] Recalculating stock from day 27 for item SCMPL0011125 in 2026-02 in table tbldailystock_1
[2026-02-27 13:27:29] [DEBUG] Day 27: Opening=12, Purchase=0, Sales=1, Closing=11
[2026-02-27 13:27:29] [DEBUG] Day 28: Opening=11, Purchase=0, Sales=0, Closing=11
[2026-02-27 13:27:29] [INFO] Completed recalculating stock for 2026-02 from day 27
[2026-02-27 13:27:29] [INFO] Starting cascading to current month for item SCMPL0011125 sold on 2026-02-27
[2026-02-27 13:27:29] [INFO] Daily stock updated successfully for item SCMPL0011125 on 2026-02-27 in table tbldailystock_1: Sales=1, Closing=11
[2026-02-27 13:27:29] [INFO] Starting daily stock update for item SCMPL0011125 sold on 2026-02-27 (Qty: 5)
[2026-02-27 13:27:29] [INFO] Recalculating stock from day 27 for item SCMPL0011125 in 2026-02 in table tbldailystock_1
[2026-02-27 13:27:29] [DEBUG] Day 27: Opening=12, Purchase=0, Sales=6, Closing=6
[2026-02-27 13:27:29] [DEBUG] Day 28: Opening=6, Purchase=0, Sales=0, Closing=6
[2026-02-27 13:27:29] [INFO] Completed recalculating stock for 2026-02 from day 27
[2026-02-27 13:27:29] [INFO] Starting cascading to current month for item SCMPL0011125 sold on 2026-02-27
[2026-02-27 13:27:29] [INFO] Daily stock updated successfully for item SCMPL0011125 on 2026-02-27 in table tbldailystock_1: Sales=6, Closing=6
[2026-02-27 13:27:29] [INFO] Starting daily stock update for item SCMPL0011125 sold on 2026-02-27 (Qty: 5)
[2026-02-27 13:27:29] [INFO] Recalculating stock from day 27 for item SCMPL0011125 in 2026-02 in table tbldailystock_1
[2026-02-27 13:27:29] [DEBUG] Day 27: Opening=12, Purchase=0, Sales=11, Closing=1
[2026-02-27 13:27:29] [DEBUG] Day 28: Opening=1, Purchase=0, Sales=0, Closing=1
[2026-02-27 13:27:29] [INFO] Completed recalculating stock for 2026-02 from day 27
[2026-02-27 13:27:29] [INFO] Starting cascading to current month for item SCMPL0011125 sold on 2026-02-27
[2026-02-27 13:27:29] [INFO] Daily stock updated successfully for item SCMPL0011125 on 2026-02-27 in table tbldailystock_1: Sales=11, Closing=1
[2026-02-27 13:27:29] [INFO] Starting daily stock update for item SCMPL0011125 sold on 2026-02-27 (Qty: 1)
[2026-02-27 13:27:29] [INFO] Recalculating stock from day 27 for item SCMPL0011125 in 2026-02 in table tbldailystock_1
[2026-02-27 13:27:29] [DEBUG] Day 27: Opening=12, Purchase=0, Sales=12, Closing=0
[2026-02-27 13:27:29] [DEBUG] Day 28: Opening=0, Purchase=0, Sales=0, Closing=0
[2026-02-27 13:27:29] [INFO] Completed recalculating stock for 2026-02 from day 27
[2026-02-27 13:27:29] [INFO] Starting cascading to current month for item SCMPL0011125 sold on 2026-02-27
[2026-02-27 13:27:29] [INFO] Daily stock updated successfully for item SCMPL0011125 on 2026-02-27 in table tbldailystock_1: Sales=12, Closing=0
[2026-02-27 13:27:29] [INFO] Starting daily stock update for item SCMPL0012165 sold on 2026-02-27 (Qty: 4)
[2026-02-27 13:27:29] [INFO] Recalculating stock from day 27 for item SCMPL0012165 in 2026-02 in table tbldailystock_1
[2026-02-27 13:27:29] [DEBUG] Day 27: Opening=39, Purchase=0, Sales=4, Closing=35
[2026-02-27 13:27:30] [DEBUG] Day 28: Opening=35, Purchase=0, Sales=0, Closing=35
[2026-02-27 13:27:30] [INFO] Completed recalculating stock for 2026-02 from day 27
[2026-02-27 13:27:30] [INFO] Starting cascading to current month for item SCMPL0012165 sold on 2026-02-27
[2026-02-27 13:27:30] [INFO] Daily stock updated successfully for item SCMPL0012165 on 2026-02-27 in table tbldailystock_1: Sales=4, Closing=35
[2026-02-27 13:27:30] [INFO] Starting daily stock update for item SCMPL0012165 sold on 2026-02-27 (Qty: 5)
[2026-02-27 13:27:30] [INFO] Recalculating stock from day 27 for item SCMPL0012165 in 2026-02 in table tbldailystock_1
[2026-02-27 13:27:30] [DEBUG] Day 27: Opening=39, Purchase=0, Sales=9, Closing=30
[2026-02-27 13:27:30] [DEBUG] Day 28: Opening=30, Purchase=0, Sales=0, Closing=30
[2026-02-27 13:27:30] [INFO] Completed recalculating stock for 2026-02 from day 27
[2026-02-27 13:27:30] [INFO] Starting cascading to current month for item SCMPL0012165 sold on 2026-02-27
[2026-02-27 13:27:30] [INFO] Daily stock updated successfully for item SCMPL0012165 on 2026-02-27 in table tbldailystock_1: Sales=9, Closing=30
[2026-02-27 13:27:30] [INFO] Starting daily stock update for item SCMPL0012165 sold on 2026-02-27 (Qty: 5)
[2026-02-27 13:27:30] [INFO] Recalculating stock from day 27 for item SCMPL0012165 in 2026-02 in table tbldailystock_1
[2026-02-27 13:27:30] [DEBUG] Day 27: Opening=39, Purchase=0, Sales=14, Closing=25
[2026-02-27 13:27:30] [DEBUG] Day 28: Opening=25, Purchase=0, Sales=0, Closing=25
[2026-02-27 13:27:30] [INFO] Completed recalculating stock for 2026-02 from day 27
[2026-02-27 13:27:30] [INFO] Starting cascading to current month for item SCMPL0012165 sold on 2026-02-27
[2026-02-27 13:27:30] [INFO] Daily stock updated successfully for item SCMPL0012165 on 2026-02-27 in table tbldailystock_1: Sales=14, Closing=25
[2026-02-27 13:27:30] [INFO] Starting daily stock update for item SCMPL0012165 sold on 2026-02-27 (Qty: 5)
[2026-02-27 13:27:30] [INFO] Recalculating stock from day 27 for item SCMPL0012165 in 2026-02 in table tbldailystock_1
[2026-02-27 13:27:30] [DEBUG] Day 27: Opening=39, Purchase=0, Sales=19, Closing=20
[2026-02-27 13:27:30] [DEBUG] Day 28: Opening=20, Purchase=0, Sales=0, Closing=20
[2026-02-27 13:27:30] [INFO] Completed recalculating stock for 2026-02 from day 27
[2026-02-27 13:27:30] [INFO] Starting cascading to current month for item SCMPL0012165 sold on 2026-02-27
[2026-02-27 13:27:30] [INFO] Daily stock updated successfully for item SCMPL0012165 on 2026-02-27 in table tbldailystock_1: Sales=19, Closing=20
[2026-02-27 13:27:30] [INFO] Starting daily stock update for item SCMPL0012165 sold on 2026-02-27 (Qty: 5)
[2026-02-27 13:27:30] [INFO] Recalculating stock from day 27 for item SCMPL0012165 in 2026-02 in table tbldailystock_1
[2026-02-27 13:27:30] [DEBUG] Day 27: Opening=39, Purchase=0, Sales=24, Closing=15
[2026-02-27 13:27:30] [DEBUG] Day 28: Opening=15, Purchase=0, Sales=0, Closing=15
[2026-02-27 13:27:30] [INFO] Completed recalculating stock for 2026-02 from day 27
[2026-02-27 13:27:30] [INFO] Starting cascading to current month for item SCMPL0012165 sold on 2026-02-27
[2026-02-27 13:27:30] [INFO] Daily stock updated successfully for item SCMPL0012165 on 2026-02-27 in table tbldailystock_1: Sales=24, Closing=15
[2026-02-27 13:27:30] [INFO] Starting daily stock update for item SCMPL0012165 sold on 2026-02-27 (Qty: 5)
[2026-02-27 13:27:30] [INFO] Recalculating stock from day 27 for item SCMPL0012165 in 2026-02 in table tbldailystock_1
[2026-02-27 13:27:30] [DEBUG] Day 27: Opening=39, Purchase=0, Sales=29, Closing=10
[2026-02-27 13:27:30] [DEBUG] Day 28: Opening=10, Purchase=0, Sales=0, Closing=10
[2026-02-27 13:27:30] [INFO] Completed recalculating stock for 2026-02 from day 27
[2026-02-27 13:27:30] [INFO] Starting cascading to current month for item SCMPL0012165 sold on 2026-02-27
[2026-02-27 13:27:30] [INFO] Daily stock updated successfully for item SCMPL0012165 on 2026-02-27 in table tbldailystock_1: Sales=29, Closing=10
[2026-02-27 13:27:30] [INFO] Starting daily stock update for item SCMPL0012165 sold on 2026-02-27 (Qty: 5)
[2026-02-27 13:27:30] [INFO] Recalculating stock from day 27 for item SCMPL0012165 in 2026-02 in table tbldailystock_1
[2026-02-27 13:27:30] [DEBUG] Day 27: Opening=39, Purchase=0, Sales=34, Closing=5
[2026-02-27 13:27:30] [DEBUG] Day 28: Opening=5, Purchase=0, Sales=0, Closing=5
[2026-02-27 13:27:30] [INFO] Completed recalculating stock for 2026-02 from day 27
[2026-02-27 13:27:30] [INFO] Starting cascading to current month for item SCMPL0012165 sold on 2026-02-27
[2026-02-27 13:27:30] [INFO] Daily stock updated successfully for item SCMPL0012165 on 2026-02-27 in table tbldailystock_1: Sales=34, Closing=5
[2026-02-27 13:27:30] [INFO] Starting daily stock update for item SCMPL0012165 sold on 2026-02-27 (Qty: 5)
[2026-02-27 13:27:30] [INFO] Recalculating stock from day 27 for item SCMPL0012165 in 2026-02 in table tbldailystock_1
[2026-02-27 13:27:30] [DEBUG] Day 27: Opening=39, Purchase=0, Sales=39, Closing=0
[2026-02-27 13:27:30] [DEBUG] Day 28: Opening=0, Purchase=0, Sales=0, Closing=0
[2026-02-27 13:27:30] [INFO] Completed recalculating stock for 2026-02 from day 27
[2026-02-27 13:27:30] [INFO] Starting cascading to current month for item SCMPL0012165 sold on 2026-02-27
[2026-02-27 13:27:30] [INFO] Daily stock updated successfully for item SCMPL0012165 on 2026-02-27 in table tbldailystock_1: Sales=39, Closing=0
[2026-02-27 13:27:30] [INFO] Starting daily stock update for item SCMPL0012689 sold on 2026-02-27 (Qty: 5)
[2026-02-27 13:27:30] [INFO] Recalculating stock from day 27 for item SCMPL0012689 in 2026-02 in table tbldailystock_1
[2026-02-27 13:27:30] [DEBUG] Day 27: Opening=143, Purchase=0, Sales=5, Closing=138
[2026-02-27 13:27:30] [DEBUG] Day 28: Opening=138, Purchase=0, Sales=0, Closing=138
[2026-02-27 13:27:30] [INFO] Completed recalculating stock for 2026-02 from day 27
[2026-02-27 13:27:30] [INFO] Starting cascading to current month for item SCMPL0012689 sold on 2026-02-27
[2026-02-27 13:27:30] [INFO] Daily stock updated successfully for item SCMPL0012689 on 2026-02-27 in table tbldailystock_1: Sales=5, Closing=138
[2026-02-27 13:27:30] [INFO] Starting daily stock update for item SCMPL0012689 sold on 2026-02-27 (Qty: 5)
[2026-02-27 13:27:30] [INFO] Recalculating stock from day 27 for item SCMPL0012689 in 2026-02 in table tbldailystock_1
[2026-02-27 13:27:30] [DEBUG] Day 27: Opening=143, Purchase=0, Sales=10, Closing=133
[2026-02-27 13:27:30] [DEBUG] Day 28: Opening=133, Purchase=0, Sales=0, Closing=133
[2026-02-27 13:27:30] [INFO] Completed recalculating stock for 2026-02 from day 27
[2026-02-27 13:27:30] [INFO] Starting cascading to current month for item SCMPL0012689 sold on 2026-02-27
[2026-02-27 13:27:30] [INFO] Daily stock updated successfully for item SCMPL0012689 on 2026-02-27 in table tbldailystock_1: Sales=10, Closing=133
[2026-02-27 13:27:30] [INFO] Starting daily stock update for item SCMPL0012689 sold on 2026-02-27 (Qty: 5)
[2026-02-27 13:27:30] [INFO] Recalculating stock from day 27 for item SCMPL0012689 in 2026-02 in table tbldailystock_1
[2026-02-27 13:27:30] [DEBUG] Day 27: Opening=143, Purchase=0, Sales=15, Closing=128
[2026-02-27 13:27:30] [DEBUG] Day 28: Opening=128, Purchase=0, Sales=0, Closing=128
[2026-02-27 13:27:30] [INFO] Completed recalculating stock for 2026-02 from day 27
[2026-02-27 13:27:30] [INFO] Starting cascading to current month for item SCMPL0012689 sold on 2026-02-27
[2026-02-27 13:27:30] [INFO] Daily stock updated successfully for item SCMPL0012689 on 2026-02-27 in table tbldailystock_1: Sales=15, Closing=128
[2026-02-27 13:27:30] [INFO] Starting daily stock update for item SCMPL0012689 sold on 2026-02-27 (Qty: 5)
[2026-02-27 13:27:30] [INFO] Recalculating stock from day 27 for item SCMPL0012689 in 2026-02 in table tbldailystock_1
[2026-02-27 13:27:30] [DEBUG] Day 27: Opening=143, Purchase=0, Sales=20, Closing=123
[2026-02-27 13:27:30] [DEBUG] Day 28: Opening=123, Purchase=0, Sales=0, Closing=123
[2026-02-27 13:27:30] [INFO] Completed recalculating stock for 2026-02 from day 27
[2026-02-27 13:27:30] [INFO] Starting cascading to current month for item SCMPL0012689 sold on 2026-02-27
[2026-02-27 13:27:30] [INFO] Daily stock updated successfully for item SCMPL0012689 on 2026-02-27 in table tbldailystock_1: Sales=20, Closing=123
[2026-02-27 13:27:30] [INFO] Starting daily stock update for item SCMPL0012689 sold on 2026-02-27 (Qty: 5)
[2026-02-27 13:27:30] [INFO] Recalculating stock from day 27 for item SCMPL0012689 in 2026-02 in table tbldailystock_1
[2026-02-27 13:27:30] [DEBUG] Day 27: Opening=143, Purchase=0, Sales=25, Closing=118
[2026-02-27 13:27:30] [DEBUG] Day 28: Opening=118, Purchase=0, Sales=0, Closing=118
[2026-02-27 13:27:30] [INFO] Completed recalculating stock for 2026-02 from day 27
[2026-02-27 13:27:30] [INFO] Starting cascading to current month for item SCMPL0012689 sold on 2026-02-27
[2026-02-27 13:27:30] [INFO] Daily stock updated successfully for item SCMPL0012689 on 2026-02-27 in table tbldailystock_1: Sales=25, Closing=118
[2026-02-27 13:27:30] [INFO] Starting daily stock update for item SCMPL0012689 sold on 2026-02-27 (Qty: 5)
[2026-02-27 13:27:30] [INFO] Recalculating stock from day 27 for item SCMPL0012689 in 2026-02 in table tbldailystock_1
[2026-02-27 13:27:30] [DEBUG] Day 27: Opening=143, Purchase=0, Sales=30, Closing=113
[2026-02-27 13:27:30] [DEBUG] Day 28: Opening=113, Purchase=0, Sales=0, Closing=113
[2026-02-27 13:27:30] [INFO] Completed recalculating stock for 2026-02 from day 27
[2026-02-27 13:27:30] [INFO] Starting cascading to current month for item SCMPL0012689 sold on 2026-02-27
[2026-02-27 13:27:30] [INFO] Daily stock updated successfully for item SCMPL0012689 on 2026-02-27 in table tbldailystock_1: Sales=30, Closing=113
[2026-02-27 13:27:30] [INFO] Starting daily stock update for item SCMPL0012689 sold on 2026-02-27 (Qty: 5)
[2026-02-27 13:27:30] [INFO] Recalculating stock from day 27 for item SCMPL0012689 in 2026-02 in table tbldailystock_1
[2026-02-27 13:27:30] [DEBUG] Day 27: Opening=143, Purchase=0, Sales=35, Closing=108
[2026-02-27 13:27:30] [DEBUG] Day 28: Opening=108, Purchase=0, Sales=0, Closing=108
[2026-02-27 13:27:30] [INFO] Completed recalculating stock for 2026-02 from day 27
[2026-02-27 13:27:30] [INFO] Starting cascading to current month for item SCMPL0012689 sold on 2026-02-27
[2026-02-27 13:27:30] [INFO] Daily stock updated successfully for item SCMPL0012689 on 2026-02-27 in table tbldailystock_1: Sales=35, Closing=108
[2026-02-27 13:27:30] [INFO] Starting daily stock update for item SCMPL0012689 sold on 2026-02-27 (Qty: 5)
[2026-02-27 13:27:30] [INFO] Recalculating stock from day 27 for item SCMPL0012689 in 2026-02 in table tbldailystock_1
[2026-02-27 13:27:30] [DEBUG] Day 27: Opening=143, Purchase=0, Sales=40, Closing=103
[2026-02-27 13:27:30] [DEBUG] Day 28: Opening=103, Purchase=0, Sales=0, Closing=103
[2026-02-27 13:27:30] [INFO] Completed recalculating stock for 2026-02 from day 27
[2026-02-27 13:27:30] [INFO] Starting cascading to current month for item SCMPL0012689 sold on 2026-02-27
[2026-02-27 13:27:30] [INFO] Daily stock updated successfully for item SCMPL0012689 on 2026-02-27 in table tbldailystock_1: Sales=40, Closing=103
[2026-02-27 13:27:30] [INFO] Starting daily stock update for item SCMPL0012689 sold on 2026-02-27 (Qty: 5)
[2026-02-27 13:27:30] [INFO] Recalculating stock from day 27 for item SCMPL0012689 in 2026-02 in table tbldailystock_1
[2026-02-27 13:27:30] [DEBUG] Day 27: Opening=143, Purchase=0, Sales=45, Closing=98
[2026-02-27 13:27:30] [DEBUG] Day 28: Opening=98, Purchase=0, Sales=0, Closing=98
[2026-02-27 13:27:30] [INFO] Completed recalculating stock for 2026-02 from day 27
[2026-02-27 13:27:30] [INFO] Starting cascading to current month for item SCMPL0012689 sold on 2026-02-27
[2026-02-27 13:27:30] [INFO] Daily stock updated successfully for item SCMPL0012689 on 2026-02-27 in table tbldailystock_1: Sales=45, Closing=98
[2026-02-27 13:27:30] [INFO] Starting daily stock update for item SCMPL0012689 sold on 2026-02-27 (Qty: 5)
[2026-02-27 13:27:30] [INFO] Recalculating stock from day 27 for item SCMPL0012689 in 2026-02 in table tbldailystock_1
[2026-02-27 13:27:30] [DEBUG] Day 27: Opening=143, Purchase=0, Sales=50, Closing=93
[2026-02-27 13:27:31] [DEBUG] Day 28: Opening=93, Purchase=0, Sales=0, Closing=93
[2026-02-27 13:27:31] [INFO] Completed recalculating stock for 2026-02 from day 27
[2026-02-27 13:27:31] [INFO] Starting cascading to current month for item SCMPL0012689 sold on 2026-02-27
[2026-02-27 13:27:31] [INFO] Daily stock updated successfully for item SCMPL0012689 on 2026-02-27 in table tbldailystock_1: Sales=50, Closing=93
[2026-02-27 13:27:31] [INFO] Starting daily stock update for item SCMPL0012689 sold on 2026-02-27 (Qty: 5)
[2026-02-27 13:27:31] [INFO] Recalculating stock from day 27 for item SCMPL0012689 in 2026-02 in table tbldailystock_1
[2026-02-27 13:27:31] [DEBUG] Day 27: Opening=143, Purchase=0, Sales=55, Closing=88
[2026-02-27 13:27:31] [DEBUG] Day 28: Opening=88, Purchase=0, Sales=0, Closing=88
[2026-02-27 13:27:31] [INFO] Completed recalculating stock for 2026-02 from day 27
[2026-02-27 13:27:31] [INFO] Starting cascading to current month for item SCMPL0012689 sold on 2026-02-27
[2026-02-27 13:27:31] [INFO] Daily stock updated successfully for item SCMPL0012689 on 2026-02-27 in table tbldailystock_1: Sales=55, Closing=88
[2026-02-27 13:27:31] [INFO] Starting daily stock update for item SCMPL0012689 sold on 2026-02-27 (Qty: 5)
[2026-02-27 13:27:31] [INFO] Recalculating stock from day 27 for item SCMPL0012689 in 2026-02 in table tbldailystock_1
[2026-02-27 13:27:31] [DEBUG] Day 27: Opening=143, Purchase=0, Sales=60, Closing=83
[2026-02-27 13:27:31] [DEBUG] Day 28: Opening=83, Purchase=0, Sales=0, Closing=83
[2026-02-27 13:27:31] [INFO] Completed recalculating stock for 2026-02 from day 27
[2026-02-27 13:27:31] [INFO] Starting cascading to current month for item SCMPL0012689 sold on 2026-02-27
[2026-02-27 13:27:31] [INFO] Daily stock updated successfully for item SCMPL0012689 on 2026-02-27 in table tbldailystock_1: Sales=60, Closing=83
[2026-02-27 13:27:31] [INFO] Starting daily stock update for item SCMPL0012689 sold on 2026-02-27 (Qty: 5)
[2026-02-27 13:27:31] [INFO] Recalculating stock from day 27 for item SCMPL0012689 in 2026-02 in table tbldailystock_1
[2026-02-27 13:27:31] [DEBUG] Day 27: Opening=143, Purchase=0, Sales=65, Closing=78
[2026-02-27 13:27:31] [DEBUG] Day 28: Opening=78, Purchase=0, Sales=0, Closing=78
[2026-02-27 13:27:31] [INFO] Completed recalculating stock for 2026-02 from day 27
[2026-02-27 13:27:31] [INFO] Starting cascading to current month for item SCMPL0012689 sold on 2026-02-27
[2026-02-27 13:27:31] [INFO] Daily stock updated successfully for item SCMPL0012689 on 2026-02-27 in table tbldailystock_1: Sales=65, Closing=78
[2026-02-27 13:27:31] [INFO] Starting daily stock update for item SCMPL0012689 sold on 2026-02-27 (Qty: 5)
[2026-02-27 13:27:31] [INFO] Recalculating stock from day 27 for item SCMPL0012689 in 2026-02 in table tbldailystock_1
[2026-02-27 13:27:31] [DEBUG] Day 27: Opening=143, Purchase=0, Sales=70, Closing=73
[2026-02-27 13:27:31] [DEBUG] Day 28: Opening=73, Purchase=0, Sales=0, Closing=73
[2026-02-27 13:27:31] [INFO] Completed recalculating stock for 2026-02 from day 27
[2026-02-27 13:27:31] [INFO] Starting cascading to current month for item SCMPL0012689 sold on 2026-02-27
[2026-02-27 13:27:31] [INFO] Daily stock updated successfully for item SCMPL0012689 on 2026-02-27 in table tbldailystock_1: Sales=70, Closing=73
[2026-02-27 13:27:31] [INFO] Starting daily stock update for item SCMPL0012689 sold on 2026-02-27 (Qty: 5)
[2026-02-27 13:27:31] [INFO] Recalculating stock from day 27 for item SCMPL0012689 in 2026-02 in table tbldailystock_1
[2026-02-27 13:27:31] [DEBUG] Day 27: Opening=143, Purchase=0, Sales=75, Closing=68
[2026-02-27 13:27:31] [DEBUG] Day 28: Opening=68, Purchase=0, Sales=0, Closing=68
[2026-02-27 13:27:31] [INFO] Completed recalculating stock for 2026-02 from day 27
[2026-02-27 13:27:31] [INFO] Starting cascading to current month for item SCMPL0012689 sold on 2026-02-27
[2026-02-27 13:27:31] [INFO] Daily stock updated successfully for item SCMPL0012689 on 2026-02-27 in table tbldailystock_1: Sales=75, Closing=68
[2026-02-27 13:27:31] [INFO] Starting daily stock update for item SCMPL0012689 sold on 2026-02-27 (Qty: 5)
[2026-02-27 13:27:31] [INFO] Recalculating stock from day 27 for item SCMPL0012689 in 2026-02 in table tbldailystock_1
[2026-02-27 13:27:31] [DEBUG] Day 27: Opening=143, Purchase=0, Sales=80, Closing=63
[2026-02-27 13:27:31] [DEBUG] Day 28: Opening=63, Purchase=0, Sales=0, Closing=63
[2026-02-27 13:27:31] [INFO] Completed recalculating stock for 2026-02 from day 27
[2026-02-27 13:27:31] [INFO] Starting cascading to current month for item SCMPL0012689 sold on 2026-02-27
[2026-02-27 13:27:31] [INFO] Daily stock updated successfully for item SCMPL0012689 on 2026-02-27 in table tbldailystock_1: Sales=80, Closing=63
[2026-02-27 13:27:31] [INFO] Starting daily stock update for item SCMPL0012689 sold on 2026-02-27 (Qty: 5)
[2026-02-27 13:27:31] [INFO] Recalculating stock from day 27 for item SCMPL0012689 in 2026-02 in table tbldailystock_1
[2026-02-27 13:27:31] [DEBUG] Day 27: Opening=143, Purchase=0, Sales=85, Closing=58
[2026-02-27 13:27:31] [DEBUG] Day 28: Opening=58, Purchase=0, Sales=0, Closing=58
[2026-02-27 13:27:31] [INFO] Completed recalculating stock for 2026-02 from day 27
[2026-02-27 13:27:31] [INFO] Starting cascading to current month for item SCMPL0012689 sold on 2026-02-27
[2026-02-27 13:27:31] [INFO] Daily stock updated successfully for item SCMPL0012689 on 2026-02-27 in table tbldailystock_1: Sales=85, Closing=58
[2026-02-27 13:27:31] [INFO] Starting daily stock update for item SCMPL0012689 sold on 2026-02-27 (Qty: 5)
[2026-02-27 13:27:31] [INFO] Recalculating stock from day 27 for item SCMPL0012689 in 2026-02 in table tbldailystock_1
[2026-02-27 13:27:31] [DEBUG] Day 27: Opening=143, Purchase=0, Sales=90, Closing=53
[2026-02-27 13:27:31] [DEBUG] Day 28: Opening=53, Purchase=0, Sales=0, Closing=53
[2026-02-27 13:27:31] [INFO] Completed recalculating stock for 2026-02 from day 27
[2026-02-27 13:27:31] [INFO] Starting cascading to current month for item SCMPL0012689 sold on 2026-02-27
[2026-02-27 13:27:31] [INFO] Daily stock updated successfully for item SCMPL0012689 on 2026-02-27 in table tbldailystock_1: Sales=90, Closing=53
[2026-02-27 13:27:31] [INFO] Starting daily stock update for item SCMPL0012689 sold on 2026-02-27 (Qty: 5)
[2026-02-27 13:27:31] [INFO] Recalculating stock from day 27 for item SCMPL0012689 in 2026-02 in table tbldailystock_1
[2026-02-27 13:27:31] [DEBUG] Day 27: Opening=143, Purchase=0, Sales=95, Closing=48
[2026-02-27 13:27:31] [DEBUG] Day 28: Opening=48, Purchase=0, Sales=0, Closing=48
[2026-02-27 13:27:31] [INFO] Completed recalculating stock for 2026-02 from day 27
[2026-02-27 13:27:31] [INFO] Starting cascading to current month for item SCMPL0012689 sold on 2026-02-27
[2026-02-27 13:27:31] [INFO] Daily stock updated successfully for item SCMPL0012689 on 2026-02-27 in table tbldailystock_1: Sales=95, Closing=48
[2026-02-27 13:27:31] [INFO] Starting daily stock update for item SCMPL0012689 sold on 2026-02-27 (Qty: 5)
[2026-02-27 13:27:31] [INFO] Recalculating stock from day 27 for item SCMPL0012689 in 2026-02 in table tbldailystock_1
[2026-02-27 13:27:31] [DEBUG] Day 27: Opening=143, Purchase=0, Sales=100, Closing=43
[2026-02-27 13:27:31] [DEBUG] Day 28: Opening=43, Purchase=0, Sales=0, Closing=43
[2026-02-27 13:27:31] [INFO] Completed recalculating stock for 2026-02 from day 27
[2026-02-27 13:27:31] [INFO] Starting cascading to current month for item SCMPL0012689 sold on 2026-02-27
[2026-02-27 13:27:31] [INFO] Daily stock updated successfully for item SCMPL0012689 on 2026-02-27 in table tbldailystock_1: Sales=100, Closing=43
[2026-02-27 13:27:31] [INFO] Starting daily stock update for item SCMPL0012689 sold on 2026-02-27 (Qty: 5)
[2026-02-27 13:27:31] [INFO] Recalculating stock from day 27 for item SCMPL0012689 in 2026-02 in table tbldailystock_1
[2026-02-27 13:27:31] [DEBUG] Day 27: Opening=143, Purchase=0, Sales=105, Closing=38
[2026-02-27 13:27:31] [DEBUG] Day 28: Opening=38, Purchase=0, Sales=0, Closing=38
[2026-02-27 13:27:31] [INFO] Completed recalculating stock for 2026-02 from day 27
[2026-02-27 13:27:31] [INFO] Starting cascading to current month for item SCMPL0012689 sold on 2026-02-27
[2026-02-27 13:27:31] [INFO] Daily stock updated successfully for item SCMPL0012689 on 2026-02-27 in table tbldailystock_1: Sales=105, Closing=38
[2026-02-27 13:27:31] [INFO] Starting daily stock update for item SCMPL0012689 sold on 2026-02-27 (Qty: 5)
[2026-02-27 13:27:31] [INFO] Recalculating stock from day 27 for item SCMPL0012689 in 2026-02 in table tbldailystock_1
[2026-02-27 13:27:31] [DEBUG] Day 27: Opening=143, Purchase=0, Sales=110, Closing=33
[2026-02-27 13:27:31] [DEBUG] Day 28: Opening=33, Purchase=0, Sales=0, Closing=33
[2026-02-27 13:27:31] [INFO] Completed recalculating stock for 2026-02 from day 27
[2026-02-27 13:27:31] [INFO] Starting cascading to current month for item SCMPL0012689 sold on 2026-02-27
[2026-02-27 13:27:31] [INFO] Daily stock updated successfully for item SCMPL0012689 on 2026-02-27 in table tbldailystock_1: Sales=110, Closing=33
[2026-02-27 13:27:31] [INFO] Starting daily stock update for item SCMPL0012689 sold on 2026-02-27 (Qty: 5)
[2026-02-27 13:27:31] [INFO] Recalculating stock from day 27 for item SCMPL0012689 in 2026-02 in table tbldailystock_1
[2026-02-27 13:27:31] [DEBUG] Day 27: Opening=143, Purchase=0, Sales=115, Closing=28
[2026-02-27 13:27:31] [DEBUG] Day 28: Opening=28, Purchase=0, Sales=0, Closing=28
[2026-02-27 13:27:31] [INFO] Completed recalculating stock for 2026-02 from day 27
[2026-02-27 13:27:31] [INFO] Starting cascading to current month for item SCMPL0012689 sold on 2026-02-27
[2026-02-27 13:27:31] [INFO] Daily stock updated successfully for item SCMPL0012689 on 2026-02-27 in table tbldailystock_1: Sales=115, Closing=28
[2026-02-27 13:27:31] [INFO] Starting daily stock update for item SCMPL0012689 sold on 2026-02-27 (Qty: 5)
[2026-02-27 13:27:31] [INFO] Recalculating stock from day 27 for item SCMPL0012689 in 2026-02 in table tbldailystock_1
[2026-02-27 13:27:31] [DEBUG] Day 27: Opening=143, Purchase=0, Sales=120, Closing=23
[2026-02-27 13:27:31] [DEBUG] Day 28: Opening=23, Purchase=0, Sales=0, Closing=23
[2026-02-27 13:27:31] [INFO] Completed recalculating stock for 2026-02 from day 27
[2026-02-27 13:27:31] [INFO] Starting cascading to current month for item SCMPL0012689 sold on 2026-02-27
[2026-02-27 13:27:31] [INFO] Daily stock updated successfully for item SCMPL0012689 on 2026-02-27 in table tbldailystock_1: Sales=120, Closing=23
[2026-02-27 13:27:31] [INFO] Starting daily stock update for item SCMPL0012689 sold on 2026-02-27 (Qty: 5)
[2026-02-27 13:27:31] [INFO] Recalculating stock from day 27 for item SCMPL0012689 in 2026-02 in table tbldailystock_1
[2026-02-27 13:27:31] [DEBUG] Day 27: Opening=143, Purchase=0, Sales=125, Closing=18
[2026-02-27 13:27:31] [DEBUG] Day 28: Opening=18, Purchase=0, Sales=0, Closing=18
[2026-02-27 13:27:31] [INFO] Completed recalculating stock for 2026-02 from day 27
[2026-02-27 13:27:31] [INFO] Starting cascading to current month for item SCMPL0012689 sold on 2026-02-27
[2026-02-27 13:27:31] [INFO] Daily stock updated successfully for item SCMPL0012689 on 2026-02-27 in table tbldailystock_1: Sales=125, Closing=18
[2026-02-27 13:27:31] [INFO] Starting daily stock update for item SCMPL0012689 sold on 2026-02-27 (Qty: 5)
[2026-02-27 13:27:31] [INFO] Recalculating stock from day 27 for item SCMPL0012689 in 2026-02 in table tbldailystock_1
[2026-02-27 13:27:32] [DEBUG] Day 27: Opening=143, Purchase=0, Sales=130, Closing=13
[2026-02-27 13:27:32] [DEBUG] Day 28: Opening=13, Purchase=0, Sales=0, Closing=13
[2026-02-27 13:27:32] [INFO] Completed recalculating stock for 2026-02 from day 27
[2026-02-27 13:27:32] [INFO] Starting cascading to current month for item SCMPL0012689 sold on 2026-02-27
[2026-02-27 13:27:32] [INFO] Daily stock updated successfully for item SCMPL0012689 on 2026-02-27 in table tbldailystock_1: Sales=130, Closing=13
[2026-02-27 13:27:32] [INFO] Starting daily stock update for item SCMPL0012689 sold on 2026-02-27 (Qty: 5)
[2026-02-27 13:27:32] [INFO] Recalculating stock from day 27 for item SCMPL0012689 in 2026-02 in table tbldailystock_1
[2026-02-27 13:27:32] [DEBUG] Day 27: Opening=143, Purchase=0, Sales=135, Closing=8
[2026-02-27 13:27:32] [DEBUG] Day 28: Opening=8, Purchase=0, Sales=0, Closing=8
[2026-02-27 13:27:32] [INFO] Completed recalculating stock for 2026-02 from day 27
[2026-02-27 13:27:32] [INFO] Starting cascading to current month for item SCMPL0012689 sold on 2026-02-27
[2026-02-27 13:27:32] [INFO] Daily stock updated successfully for item SCMPL0012689 on 2026-02-27 in table tbldailystock_1: Sales=135, Closing=8
[2026-02-27 13:27:32] [INFO] Starting daily stock update for item SCMPL0012689 sold on 2026-02-27 (Qty: 5)
[2026-02-27 13:27:32] [INFO] Recalculating stock from day 27 for item SCMPL0012689 in 2026-02 in table tbldailystock_1
[2026-02-27 13:27:32] [DEBUG] Day 27: Opening=143, Purchase=0, Sales=140, Closing=3
[2026-02-27 13:27:32] [DEBUG] Day 28: Opening=3, Purchase=0, Sales=0, Closing=3
[2026-02-27 13:27:32] [INFO] Completed recalculating stock for 2026-02 from day 27
[2026-02-27 13:27:32] [INFO] Starting cascading to current month for item SCMPL0012689 sold on 2026-02-27
[2026-02-27 13:27:32] [INFO] Daily stock updated successfully for item SCMPL0012689 on 2026-02-27 in table tbldailystock_1: Sales=140, Closing=3
[2026-02-27 13:27:32] [INFO] Starting daily stock update for item SCMPL0012689 sold on 2026-02-27 (Qty: 3)
[2026-02-27 13:27:32] [INFO] Recalculating stock from day 27 for item SCMPL0012689 in 2026-02 in table tbldailystock_1
[2026-02-27 13:27:32] [DEBUG] Day 27: Opening=143, Purchase=0, Sales=143, Closing=0
[2026-02-27 13:27:32] [DEBUG] Day 28: Opening=0, Purchase=0, Sales=0, Closing=0
[2026-02-27 13:27:32] [INFO] Completed recalculating stock for 2026-02 from day 27
[2026-02-27 13:27:32] [INFO] Starting cascading to current month for item SCMPL0012689 sold on 2026-02-27
[2026-02-27 13:27:32] [INFO] Daily stock updated successfully for item SCMPL0012689 on 2026-02-27 in table tbldailystock_1: Sales=143, Closing=0
[2026-02-27 13:27:32] [INFO] Starting daily stock update for item SCMPL0022639 sold on 2026-02-27 (Qty: 2)
[2026-02-27 13:27:32] [INFO] Recalculating stock from day 27 for item SCMPL0022639 in 2026-02 in table tbldailystock_1
[2026-02-27 13:27:32] [DEBUG] Day 27: Opening=122, Purchase=0, Sales=2, Closing=120
[2026-02-27 13:27:32] [DEBUG] Day 28: Opening=120, Purchase=0, Sales=0, Closing=120
[2026-02-27 13:27:32] [INFO] Completed recalculating stock for 2026-02 from day 27
[2026-02-27 13:27:32] [INFO] Starting cascading to current month for item SCMPL0022639 sold on 2026-02-27
[2026-02-27 13:27:32] [INFO] Daily stock updated successfully for item SCMPL0022639 on 2026-02-27 in table tbldailystock_1: Sales=2, Closing=120
[2026-02-27 13:27:32] [INFO] Starting daily stock update for item SCMPL0022639 sold on 2026-02-27 (Qty: 5)
[2026-02-27 13:27:32] [INFO] Recalculating stock from day 27 for item SCMPL0022639 in 2026-02 in table tbldailystock_1
[2026-02-27 13:27:32] [DEBUG] Day 27: Opening=122, Purchase=0, Sales=7, Closing=115
[2026-02-27 13:27:32] [DEBUG] Day 28: Opening=115, Purchase=0, Sales=0, Closing=115
[2026-02-27 13:27:32] [INFO] Completed recalculating stock for 2026-02 from day 27
[2026-02-27 13:27:32] [INFO] Starting cascading to current month for item SCMPL0022639 sold on 2026-02-27
[2026-02-27 13:27:32] [INFO] Daily stock updated successfully for item SCMPL0022639 on 2026-02-27 in table tbldailystock_1: Sales=7, Closing=115
[2026-02-27 13:27:32] [INFO] Starting daily stock update for item SCMPL0022639 sold on 2026-02-27 (Qty: 5)
[2026-02-27 13:27:32] [INFO] Recalculating stock from day 27 for item SCMPL0022639 in 2026-02 in table tbldailystock_1
[2026-02-27 13:27:32] [DEBUG] Day 27: Opening=122, Purchase=0, Sales=12, Closing=110
[2026-02-27 13:27:32] [DEBUG] Day 28: Opening=110, Purchase=0, Sales=0, Closing=110
[2026-02-27 13:27:32] [INFO] Completed recalculating stock for 2026-02 from day 27
[2026-02-27 13:27:32] [INFO] Starting cascading to current month for item SCMPL0022639 sold on 2026-02-27
[2026-02-27 13:27:32] [INFO] Daily stock updated successfully for item SCMPL0022639 on 2026-02-27 in table tbldailystock_1: Sales=12, Closing=110
[2026-02-27 13:27:32] [INFO] Starting daily stock update for item SCMPL0022639 sold on 2026-02-27 (Qty: 5)
[2026-02-27 13:27:32] [INFO] Recalculating stock from day 27 for item SCMPL0022639 in 2026-02 in table tbldailystock_1
[2026-02-27 13:27:32] [DEBUG] Day 27: Opening=122, Purchase=0, Sales=17, Closing=105
[2026-02-27 13:27:32] [DEBUG] Day 28: Opening=105, Purchase=0, Sales=0, Closing=105
[2026-02-27 13:27:32] [INFO] Completed recalculating stock for 2026-02 from day 27
[2026-02-27 13:27:32] [INFO] Starting cascading to current month for item SCMPL0022639 sold on 2026-02-27
[2026-02-27 13:27:32] [INFO] Daily stock updated successfully for item SCMPL0022639 on 2026-02-27 in table tbldailystock_1: Sales=17, Closing=105
[2026-02-27 13:27:32] [INFO] Starting daily stock update for item SCMPL0022639 sold on 2026-02-27 (Qty: 5)
[2026-02-27 13:27:32] [INFO] Recalculating stock from day 27 for item SCMPL0022639 in 2026-02 in table tbldailystock_1
[2026-02-27 13:27:32] [DEBUG] Day 27: Opening=122, Purchase=0, Sales=22, Closing=100
[2026-02-27 13:27:32] [DEBUG] Day 28: Opening=100, Purchase=0, Sales=0, Closing=100
[2026-02-27 13:27:32] [INFO] Completed recalculating stock for 2026-02 from day 27
[2026-02-27 13:27:32] [INFO] Starting cascading to current month for item SCMPL0022639 sold on 2026-02-27
[2026-02-27 13:27:32] [INFO] Daily stock updated successfully for item SCMPL0022639 on 2026-02-27 in table tbldailystock_1: Sales=22, Closing=100
[2026-02-27 13:27:32] [INFO] Starting daily stock update for item SCMPL0022639 sold on 2026-02-27 (Qty: 5)
[2026-02-27 13:27:32] [INFO] Recalculating stock from day 27 for item SCMPL0022639 in 2026-02 in table tbldailystock_1
[2026-02-27 13:27:32] [DEBUG] Day 27: Opening=122, Purchase=0, Sales=27, Closing=95
[2026-02-27 13:27:32] [DEBUG] Day 28: Opening=95, Purchase=0, Sales=0, Closing=95
[2026-02-27 13:27:32] [INFO] Completed recalculating stock for 2026-02 from day 27
[2026-02-27 13:27:32] [INFO] Starting cascading to current month for item SCMPL0022639 sold on 2026-02-27
[2026-02-27 13:27:32] [INFO] Daily stock updated successfully for item SCMPL0022639 on 2026-02-27 in table tbldailystock_1: Sales=27, Closing=95
[2026-02-27 13:27:32] [INFO] Starting daily stock update for item SCMPL0022639 sold on 2026-02-27 (Qty: 5)
[2026-02-27 13:27:32] [INFO] Recalculating stock from day 27 for item SCMPL0022639 in 2026-02 in table tbldailystock_1
[2026-02-27 13:27:32] [DEBUG] Day 27: Opening=122, Purchase=0, Sales=32, Closing=90
[2026-02-27 13:27:32] [DEBUG] Day 28: Opening=90, Purchase=0, Sales=0, Closing=90
[2026-02-27 13:27:32] [INFO] Completed recalculating stock for 2026-02 from day 27
[2026-02-27 13:27:32] [INFO] Starting cascading to current month for item SCMPL0022639 sold on 2026-02-27
[2026-02-27 13:27:32] [INFO] Daily stock updated successfully for item SCMPL0022639 on 2026-02-27 in table tbldailystock_1: Sales=32, Closing=90
[2026-02-27 13:27:32] [INFO] Starting daily stock update for item SCMPL0022639 sold on 2026-02-27 (Qty: 5)
[2026-02-27 13:27:32] [INFO] Recalculating stock from day 27 for item SCMPL0022639 in 2026-02 in table tbldailystock_1
[2026-02-27 13:27:32] [DEBUG] Day 27: Opening=122, Purchase=0, Sales=37, Closing=85
[2026-02-27 13:27:32] [DEBUG] Day 28: Opening=85, Purchase=0, Sales=0, Closing=85
[2026-02-27 13:27:32] [INFO] Completed recalculating stock for 2026-02 from day 27
[2026-02-27 13:27:32] [INFO] Starting cascading to current month for item SCMPL0022639 sold on 2026-02-27
[2026-02-27 13:27:32] [INFO] Daily stock updated successfully for item SCMPL0022639 on 2026-02-27 in table tbldailystock_1: Sales=37, Closing=85
[2026-02-27 13:27:32] [INFO] Starting daily stock update for item SCMPL0022639 sold on 2026-02-27 (Qty: 5)
[2026-02-27 13:27:32] [INFO] Recalculating stock from day 27 for item SCMPL0022639 in 2026-02 in table tbldailystock_1
[2026-02-27 13:27:33] [DEBUG] Day 27: Opening=122, Purchase=0, Sales=42, Closing=80
[2026-02-27 13:27:33] [DEBUG] Day 28: Opening=80, Purchase=0, Sales=0, Closing=80
[2026-02-27 13:27:33] [INFO] Completed recalculating stock for 2026-02 from day 27
[2026-02-27 13:27:33] [INFO] Starting cascading to current month for item SCMPL0022639 sold on 2026-02-27
[2026-02-27 13:27:33] [INFO] Daily stock updated successfully for item SCMPL0022639 on 2026-02-27 in table tbldailystock_1: Sales=42, Closing=80
[2026-02-27 13:27:33] [INFO] Starting daily stock update for item SCMPL0022639 sold on 2026-02-27 (Qty: 5)
[2026-02-27 13:27:33] [INFO] Recalculating stock from day 27 for item SCMPL0022639 in 2026-02 in table tbldailystock_1
[2026-02-27 13:27:33] [DEBUG] Day 27: Opening=122, Purchase=0, Sales=47, Closing=75
[2026-02-27 13:27:33] [DEBUG] Day 28: Opening=75, Purchase=0, Sales=0, Closing=75
[2026-02-27 13:27:33] [INFO] Completed recalculating stock for 2026-02 from day 27
[2026-02-27 13:27:33] [INFO] Starting cascading to current month for item SCMPL0022639 sold on 2026-02-27
[2026-02-27 13:27:33] [INFO] Daily stock updated successfully for item SCMPL0022639 on 2026-02-27 in table tbldailystock_1: Sales=47, Closing=75
[2026-02-27 13:27:33] [INFO] Starting daily stock update for item SCMPL0022639 sold on 2026-02-27 (Qty: 5)
[2026-02-27 13:27:33] [INFO] Recalculating stock from day 27 for item SCMPL0022639 in 2026-02 in table tbldailystock_1
[2026-02-27 13:27:33] [DEBUG] Day 27: Opening=122, Purchase=0, Sales=52, Closing=70
[2026-02-27 13:27:33] [DEBUG] Day 28: Opening=70, Purchase=0, Sales=0, Closing=70
[2026-02-27 13:27:33] [INFO] Completed recalculating stock for 2026-02 from day 27
[2026-02-27 13:27:33] [INFO] Starting cascading to current month for item SCMPL0022639 sold on 2026-02-27
[2026-02-27 13:27:33] [INFO] Daily stock updated successfully for item SCMPL0022639 on 2026-02-27 in table tbldailystock_1: Sales=52, Closing=70
[2026-02-27 13:27:33] [INFO] Starting daily stock update for item SCMPL0022639 sold on 2026-02-27 (Qty: 5)
[2026-02-27 13:27:33] [INFO] Recalculating stock from day 27 for item SCMPL0022639 in 2026-02 in table tbldailystock_1
[2026-02-27 13:27:33] [DEBUG] Day 27: Opening=122, Purchase=0, Sales=57, Closing=65
[2026-02-27 13:27:33] [DEBUG] Day 28: Opening=65, Purchase=0, Sales=0, Closing=65
[2026-02-27 13:27:33] [INFO] Completed recalculating stock for 2026-02 from day 27
[2026-02-27 13:27:33] [INFO] Starting cascading to current month for item SCMPL0022639 sold on 2026-02-27
[2026-02-27 13:27:33] [INFO] Daily stock updated successfully for item SCMPL0022639 on 2026-02-27 in table tbldailystock_1: Sales=57, Closing=65
[2026-02-27 13:27:33] [INFO] Starting daily stock update for item SCMPL0022639 sold on 2026-02-27 (Qty: 5)
[2026-02-27 13:27:33] [INFO] Recalculating stock from day 27 for item SCMPL0022639 in 2026-02 in table tbldailystock_1
[2026-02-27 13:27:33] [DEBUG] Day 27: Opening=122, Purchase=0, Sales=62, Closing=60
[2026-02-27 13:27:33] [DEBUG] Day 28: Opening=60, Purchase=0, Sales=0, Closing=60
[2026-02-27 13:27:33] [INFO] Completed recalculating stock for 2026-02 from day 27
[2026-02-27 13:27:33] [INFO] Starting cascading to current month for item SCMPL0022639 sold on 2026-02-27
[2026-02-27 13:27:33] [INFO] Daily stock updated successfully for item SCMPL0022639 on 2026-02-27 in table tbldailystock_1: Sales=62, Closing=60
[2026-02-27 13:27:33] [INFO] Starting daily stock update for item SCMPL0022639 sold on 2026-02-27 (Qty: 5)
[2026-02-27 13:27:33] [INFO] Recalculating stock from day 27 for item SCMPL0022639 in 2026-02 in table tbldailystock_1
[2026-02-27 13:27:33] [DEBUG] Day 27: Opening=122, Purchase=0, Sales=67, Closing=55
[2026-02-27 13:27:33] [DEBUG] Day 28: Opening=55, Purchase=0, Sales=0, Closing=55
[2026-02-27 13:27:33] [INFO] Completed recalculating stock for 2026-02 from day 27
[2026-02-27 13:27:33] [INFO] Starting cascading to current month for item SCMPL0022639 sold on 2026-02-27
[2026-02-27 13:27:33] [INFO] Daily stock updated successfully for item SCMPL0022639 on 2026-02-27 in table tbldailystock_1: Sales=67, Closing=55
[2026-02-27 13:27:33] [INFO] Starting daily stock update for item SCMPL0022639 sold on 2026-02-27 (Qty: 5)
[2026-02-27 13:27:33] [INFO] Recalculating stock from day 27 for item SCMPL0022639 in 2026-02 in table tbldailystock_1
[2026-02-27 13:27:33] [DEBUG] Day 27: Opening=122, Purchase=0, Sales=72, Closing=50
[2026-02-27 13:27:33] [DEBUG] Day 28: Opening=50, Purchase=0, Sales=0, Closing=50
[2026-02-27 13:27:33] [INFO] Completed recalculating stock for 2026-02 from day 27
[2026-02-27 13:27:33] [INFO] Starting cascading to current month for item SCMPL0022639 sold on 2026-02-27
[2026-02-27 13:27:33] [INFO] Daily stock updated successfully for item SCMPL0022639 on 2026-02-27 in table tbldailystock_1: Sales=72, Closing=50
[2026-02-27 13:27:33] [INFO] Starting daily stock update for item SCMPL0022639 sold on 2026-02-27 (Qty: 5)
[2026-02-27 13:27:33] [INFO] Recalculating stock from day 27 for item SCMPL0022639 in 2026-02 in table tbldailystock_1
[2026-02-27 13:27:33] [DEBUG] Day 27: Opening=122, Purchase=0, Sales=77, Closing=45
[2026-02-27 13:27:33] [DEBUG] Day 28: Opening=45, Purchase=0, Sales=0, Closing=45
[2026-02-27 13:27:33] [INFO] Completed recalculating stock for 2026-02 from day 27
[2026-02-27 13:27:33] [INFO] Starting cascading to current month for item SCMPL0022639 sold on 2026-02-27
[2026-02-27 13:27:33] [INFO] Daily stock updated successfully for item SCMPL0022639 on 2026-02-27 in table tbldailystock_1: Sales=77, Closing=45
[2026-02-27 13:27:33] [INFO] Starting daily stock update for item SCMPL0022639 sold on 2026-02-27 (Qty: 5)
[2026-02-27 13:27:33] [INFO] Recalculating stock from day 27 for item SCMPL0022639 in 2026-02 in table tbldailystock_1
[2026-02-27 13:27:33] [DEBUG] Day 27: Opening=122, Purchase=0, Sales=82, Closing=40
[2026-02-27 13:27:33] [DEBUG] Day 28: Opening=40, Purchase=0, Sales=0, Closing=40
[2026-02-27 13:27:33] [INFO] Completed recalculating stock for 2026-02 from day 27
[2026-02-27 13:27:33] [INFO] Starting cascading to current month for item SCMPL0022639 sold on 2026-02-27
[2026-02-27 13:27:33] [INFO] Daily stock updated successfully for item SCMPL0022639 on 2026-02-27 in table tbldailystock_1: Sales=82, Closing=40
[2026-02-27 13:27:33] [INFO] Starting daily stock update for item SCMPL0022639 sold on 2026-02-27 (Qty: 5)
[2026-02-27 13:27:33] [INFO] Recalculating stock from day 27 for item SCMPL0022639 in 2026-02 in table tbldailystock_1
[2026-02-27 13:27:33] [DEBUG] Day 27: Opening=122, Purchase=0, Sales=87, Closing=35
[2026-02-27 13:27:33] [DEBUG] Day 28: Opening=35, Purchase=0, Sales=0, Closing=35
[2026-02-27 13:27:33] [INFO] Completed recalculating stock for 2026-02 from day 27
[2026-02-27 13:27:33] [INFO] Starting cascading to current month for item SCMPL0022639 sold on 2026-02-27
[2026-02-27 13:27:33] [INFO] Daily stock updated successfully for item SCMPL0022639 on 2026-02-27 in table tbldailystock_1: Sales=87, Closing=35
[2026-02-27 13:27:33] [INFO] Starting daily stock update for item SCMPL0022639 sold on 2026-02-27 (Qty: 5)
[2026-02-27 13:27:33] [INFO] Recalculating stock from day 27 for item SCMPL0022639 in 2026-02 in table tbldailystock_1
[2026-02-27 13:27:33] [DEBUG] Day 27: Opening=122, Purchase=0, Sales=92, Closing=30
[2026-02-27 13:27:33] [DEBUG] Day 28: Opening=30, Purchase=0, Sales=0, Closing=30
[2026-02-27 13:27:33] [INFO] Completed recalculating stock for 2026-02 from day 27
[2026-02-27 13:27:33] [INFO] Starting cascading to current month for item SCMPL0022639 sold on 2026-02-27
[2026-02-27 13:27:33] [INFO] Daily stock updated successfully for item SCMPL0022639 on 2026-02-27 in table tbldailystock_1: Sales=92, Closing=30
[2026-02-27 13:27:33] [INFO] Starting daily stock update for item SCMPL0022639 sold on 2026-02-27 (Qty: 5)
[2026-02-27 13:27:33] [INFO] Recalculating stock from day 27 for item SCMPL0022639 in 2026-02 in table tbldailystock_1
[2026-02-27 13:27:33] [DEBUG] Day 27: Opening=122, Purchase=0, Sales=97, Closing=25
[2026-02-27 13:27:33] [DEBUG] Day 28: Opening=25, Purchase=0, Sales=0, Closing=25
[2026-02-27 13:27:33] [INFO] Completed recalculating stock for 2026-02 from day 27
[2026-02-27 13:27:33] [INFO] Starting cascading to current month for item SCMPL0022639 sold on 2026-02-27
[2026-02-27 13:27:33] [INFO] Daily stock updated successfully for item SCMPL0022639 on 2026-02-27 in table tbldailystock_1: Sales=97, Closing=25
[2026-02-27 13:27:33] [INFO] Starting daily stock update for item SCMPL0022639 sold on 2026-02-27 (Qty: 5)
[2026-02-27 13:27:33] [INFO] Recalculating stock from day 27 for item SCMPL0022639 in 2026-02 in table tbldailystock_1
[2026-02-27 13:27:33] [DEBUG] Day 27: Opening=122, Purchase=0, Sales=102, Closing=20
[2026-02-27 13:27:33] [DEBUG] Day 28: Opening=20, Purchase=0, Sales=0, Closing=20
[2026-02-27 13:27:33] [INFO] Completed recalculating stock for 2026-02 from day 27
[2026-02-27 13:27:33] [INFO] Starting cascading to current month for item SCMPL0022639 sold on 2026-02-27
[2026-02-27 13:27:33] [INFO] Daily stock updated successfully for item SCMPL0022639 on 2026-02-27 in table tbldailystock_1: Sales=102, Closing=20
[2026-02-27 13:27:33] [INFO] Starting daily stock update for item SCMPL0022639 sold on 2026-02-27 (Qty: 5)
[2026-02-27 13:27:33] [INFO] Recalculating stock from day 27 for item SCMPL0022639 in 2026-02 in table tbldailystock_1
[2026-02-27 13:27:33] [DEBUG] Day 27: Opening=122, Purchase=0, Sales=107, Closing=15
[2026-02-27 13:27:33] [DEBUG] Day 28: Opening=15, Purchase=0, Sales=0, Closing=15
[2026-02-27 13:27:33] [INFO] Completed recalculating stock for 2026-02 from day 27
[2026-02-27 13:27:33] [INFO] Starting cascading to current month for item SCMPL0022639 sold on 2026-02-27
[2026-02-27 13:27:33] [INFO] Daily stock updated successfully for item SCMPL0022639 on 2026-02-27 in table tbldailystock_1: Sales=107, Closing=15
[2026-02-27 13:27:33] [INFO] Starting daily stock update for item SCMPL0022639 sold on 2026-02-27 (Qty: 5)
[2026-02-27 13:27:33] [INFO] Recalculating stock from day 27 for item SCMPL0022639 in 2026-02 in table tbldailystock_1
[2026-02-27 13:27:33] [DEBUG] Day 27: Opening=122, Purchase=0, Sales=112, Closing=10
[2026-02-27 13:27:34] [DEBUG] Day 28: Opening=10, Purchase=0, Sales=0, Closing=10
[2026-02-27 13:27:34] [INFO] Completed recalculating stock for 2026-02 from day 27
[2026-02-27 13:27:34] [INFO] Starting cascading to current month for item SCMPL0022639 sold on 2026-02-27
[2026-02-27 13:27:34] [INFO] Daily stock updated successfully for item SCMPL0022639 on 2026-02-27 in table tbldailystock_1: Sales=112, Closing=10
[2026-02-27 13:27:34] [INFO] Starting daily stock update for item SCMPL0022639 sold on 2026-02-27 (Qty: 5)
[2026-02-27 13:27:34] [INFO] Recalculating stock from day 27 for item SCMPL0022639 in 2026-02 in table tbldailystock_1
[2026-02-27 13:27:34] [DEBUG] Day 27: Opening=122, Purchase=0, Sales=117, Closing=5
[2026-02-27 13:27:34] [DEBUG] Day 28: Opening=5, Purchase=0, Sales=0, Closing=5
[2026-02-27 13:27:34] [INFO] Completed recalculating stock for 2026-02 from day 27
[2026-02-27 13:27:34] [INFO] Starting cascading to current month for item SCMPL0022639 sold on 2026-02-27
[2026-02-27 13:27:34] [INFO] Daily stock updated successfully for item SCMPL0022639 on 2026-02-27 in table tbldailystock_1: Sales=117, Closing=5
[2026-02-27 13:27:34] [INFO] Starting daily stock update for item SCMPL0022639 sold on 2026-02-27 (Qty: 5)
[2026-02-27 13:27:34] [INFO] Recalculating stock from day 27 for item SCMPL0022639 in 2026-02 in table tbldailystock_1
[2026-02-27 13:27:34] [DEBUG] Day 27: Opening=122, Purchase=0, Sales=122, Closing=0
[2026-02-27 13:27:34] [DEBUG] Day 28: Opening=0, Purchase=0, Sales=0, Closing=0
[2026-02-27 13:27:34] [INFO] Completed recalculating stock for 2026-02 from day 27
[2026-02-27 13:27:34] [INFO] Starting cascading to current month for item SCMPL0022639 sold on 2026-02-27
[2026-02-27 13:27:34] [INFO] Daily stock updated successfully for item SCMPL0022639 on 2026-02-27 in table tbldailystock_1: Sales=122, Closing=0
[2026-02-27 13:27:34] [INFO] Starting daily stock update for item SCMPL0027586 sold on 2026-02-27 (Qty: 5)
[2026-02-27 13:27:34] [INFO] Recalculating stock from day 27 for item SCMPL0027586 in 2026-02 in table tbldailystock_1
[2026-02-27 13:27:34] [DEBUG] Day 27: Opening=74, Purchase=0, Sales=5, Closing=69
[2026-02-27 13:27:34] [DEBUG] Day 28: Opening=69, Purchase=0, Sales=0, Closing=69
[2026-02-27 13:27:34] [INFO] Completed recalculating stock for 2026-02 from day 27
[2026-02-27 13:27:34] [INFO] Starting cascading to current month for item SCMPL0027586 sold on 2026-02-27
[2026-02-27 13:27:34] [INFO] Daily stock updated successfully for item SCMPL0027586 on 2026-02-27 in table tbldailystock_1: Sales=5, Closing=69
[2026-02-27 13:27:34] [INFO] Starting daily stock update for item SCMPL0027586 sold on 2026-02-27 (Qty: 5)
[2026-02-27 13:27:34] [INFO] Recalculating stock from day 27 for item SCMPL0027586 in 2026-02 in table tbldailystock_1
[2026-02-27 13:27:34] [DEBUG] Day 27: Opening=74, Purchase=0, Sales=10, Closing=64
[2026-02-27 13:27:34] [DEBUG] Day 28: Opening=64, Purchase=0, Sales=0, Closing=64
[2026-02-27 13:27:34] [INFO] Completed recalculating stock for 2026-02 from day 27
[2026-02-27 13:27:34] [INFO] Starting cascading to current month for item SCMPL0027586 sold on 2026-02-27
[2026-02-27 13:27:34] [INFO] Daily stock updated successfully for item SCMPL0027586 on 2026-02-27 in table tbldailystock_1: Sales=10, Closing=64
[2026-02-27 13:27:34] [INFO] Starting daily stock update for item SCMPL0027586 sold on 2026-02-27 (Qty: 5)
[2026-02-27 13:27:34] [INFO] Recalculating stock from day 27 for item SCMPL0027586 in 2026-02 in table tbldailystock_1
[2026-02-27 13:27:34] [DEBUG] Day 27: Opening=74, Purchase=0, Sales=15, Closing=59
[2026-02-27 13:27:34] [DEBUG] Day 28: Opening=59, Purchase=0, Sales=0, Closing=59
[2026-02-27 13:27:34] [INFO] Completed recalculating stock for 2026-02 from day 27
[2026-02-27 13:27:34] [INFO] Starting cascading to current month for item SCMPL0027586 sold on 2026-02-27
[2026-02-27 13:27:34] [INFO] Daily stock updated successfully for item SCMPL0027586 on 2026-02-27 in table tbldailystock_1: Sales=15, Closing=59
[2026-02-27 13:27:34] [INFO] Starting daily stock update for item SCMPL0027586 sold on 2026-02-27 (Qty: 5)
[2026-02-27 13:27:34] [INFO] Recalculating stock from day 27 for item SCMPL0027586 in 2026-02 in table tbldailystock_1
[2026-02-27 13:27:34] [DEBUG] Day 27: Opening=74, Purchase=0, Sales=20, Closing=54
[2026-02-27 13:27:34] [DEBUG] Day 28: Opening=54, Purchase=0, Sales=0, Closing=54
[2026-02-27 13:27:34] [INFO] Completed recalculating stock for 2026-02 from day 27
[2026-02-27 13:27:34] [INFO] Starting cascading to current month for item SCMPL0027586 sold on 2026-02-27
[2026-02-27 13:27:34] [INFO] Daily stock updated successfully for item SCMPL0027586 on 2026-02-27 in table tbldailystock_1: Sales=20, Closing=54
[2026-02-27 13:27:34] [INFO] Starting daily stock update for item SCMPL0027586 sold on 2026-02-27 (Qty: 5)
[2026-02-27 13:27:34] [INFO] Recalculating stock from day 27 for item SCMPL0027586 in 2026-02 in table tbldailystock_1
[2026-02-27 13:27:34] [DEBUG] Day 27: Opening=74, Purchase=0, Sales=25, Closing=49
[2026-02-27 13:27:34] [DEBUG] Day 28: Opening=49, Purchase=0, Sales=0, Closing=49
[2026-02-27 13:27:34] [INFO] Completed recalculating stock for 2026-02 from day 27
[2026-02-27 13:27:34] [INFO] Starting cascading to current month for item SCMPL0027586 sold on 2026-02-27
[2026-02-27 13:27:34] [INFO] Daily stock updated successfully for item SCMPL0027586 on 2026-02-27 in table tbldailystock_1: Sales=25, Closing=49
[2026-02-27 13:27:34] [INFO] Starting daily stock update for item SCMPL0027586 sold on 2026-02-27 (Qty: 5)
[2026-02-27 13:27:34] [INFO] Recalculating stock from day 27 for item SCMPL0027586 in 2026-02 in table tbldailystock_1
[2026-02-27 13:27:34] [DEBUG] Day 27: Opening=74, Purchase=0, Sales=30, Closing=44
[2026-02-27 13:27:34] [DEBUG] Day 28: Opening=44, Purchase=0, Sales=0, Closing=44
[2026-02-27 13:27:34] [INFO] Completed recalculating stock for 2026-02 from day 27
[2026-02-27 13:27:34] [INFO] Starting cascading to current month for item SCMPL0027586 sold on 2026-02-27
[2026-02-27 13:27:34] [INFO] Daily stock updated successfully for item SCMPL0027586 on 2026-02-27 in table tbldailystock_1: Sales=30, Closing=44
[2026-02-27 13:27:34] [INFO] Starting daily stock update for item SCMPL0027586 sold on 2026-02-27 (Qty: 5)
[2026-02-27 13:27:34] [INFO] Recalculating stock from day 27 for item SCMPL0027586 in 2026-02 in table tbldailystock_1
[2026-02-27 13:27:34] [DEBUG] Day 27: Opening=74, Purchase=0, Sales=35, Closing=39
[2026-02-27 13:27:34] [DEBUG] Day 28: Opening=39, Purchase=0, Sales=0, Closing=39
[2026-02-27 13:27:34] [INFO] Completed recalculating stock for 2026-02 from day 27
[2026-02-27 13:27:34] [INFO] Starting cascading to current month for item SCMPL0027586 sold on 2026-02-27
[2026-02-27 13:27:34] [INFO] Daily stock updated successfully for item SCMPL0027586 on 2026-02-27 in table tbldailystock_1: Sales=35, Closing=39
[2026-02-27 13:27:34] [INFO] Starting daily stock update for item SCMPL0027586 sold on 2026-02-27 (Qty: 5)
[2026-02-27 13:27:34] [INFO] Recalculating stock from day 27 for item SCMPL0027586 in 2026-02 in table tbldailystock_1
[2026-02-27 13:27:34] [DEBUG] Day 27: Opening=74, Purchase=0, Sales=40, Closing=34
[2026-02-27 13:27:34] [DEBUG] Day 28: Opening=34, Purchase=0, Sales=0, Closing=34
[2026-02-27 13:27:34] [INFO] Completed recalculating stock for 2026-02 from day 27
[2026-02-27 13:27:34] [INFO] Starting cascading to current month for item SCMPL0027586 sold on 2026-02-27
[2026-02-27 13:27:34] [INFO] Daily stock updated successfully for item SCMPL0027586 on 2026-02-27 in table tbldailystock_1: Sales=40, Closing=34
[2026-02-27 13:27:34] [INFO] Starting daily stock update for item SCMPL0027586 sold on 2026-02-27 (Qty: 5)
[2026-02-27 13:27:34] [INFO] Recalculating stock from day 27 for item SCMPL0027586 in 2026-02 in table tbldailystock_1
[2026-02-27 13:27:34] [DEBUG] Day 27: Opening=74, Purchase=0, Sales=45, Closing=29
[2026-02-27 13:27:34] [DEBUG] Day 28: Opening=29, Purchase=0, Sales=0, Closing=29
[2026-02-27 13:27:34] [INFO] Completed recalculating stock for 2026-02 from day 27
[2026-02-27 13:27:34] [INFO] Starting cascading to current month for item SCMPL0027586 sold on 2026-02-27
[2026-02-27 13:27:34] [INFO] Daily stock updated successfully for item SCMPL0027586 on 2026-02-27 in table tbldailystock_1: Sales=45, Closing=29
[2026-02-27 13:27:34] [INFO] Starting daily stock update for item SCMPL0027586 sold on 2026-02-27 (Qty: 5)
[2026-02-27 13:27:34] [INFO] Recalculating stock from day 27 for item SCMPL0027586 in 2026-02 in table tbldailystock_1
[2026-02-27 13:27:34] [DEBUG] Day 27: Opening=74, Purchase=0, Sales=50, Closing=24
[2026-02-27 13:27:34] [DEBUG] Day 28: Opening=24, Purchase=0, Sales=0, Closing=24
[2026-02-27 13:27:34] [INFO] Completed recalculating stock for 2026-02 from day 27
[2026-02-27 13:27:34] [INFO] Starting cascading to current month for item SCMPL0027586 sold on 2026-02-27
[2026-02-27 13:27:34] [INFO] Daily stock updated successfully for item SCMPL0027586 on 2026-02-27 in table tbldailystock_1: Sales=50, Closing=24
[2026-02-27 13:27:34] [INFO] Starting daily stock update for item SCMPL0027586 sold on 2026-02-27 (Qty: 5)
[2026-02-27 13:27:34] [INFO] Recalculating stock from day 27 for item SCMPL0027586 in 2026-02 in table tbldailystock_1
[2026-02-27 13:27:34] [DEBUG] Day 27: Opening=74, Purchase=0, Sales=55, Closing=19
[2026-02-27 13:27:34] [DEBUG] Day 28: Opening=19, Purchase=0, Sales=0, Closing=19
[2026-02-27 13:27:34] [INFO] Completed recalculating stock for 2026-02 from day 27
[2026-02-27 13:27:34] [INFO] Starting cascading to current month for item SCMPL0027586 sold on 2026-02-27
[2026-02-27 13:27:34] [INFO] Daily stock updated successfully for item SCMPL0027586 on 2026-02-27 in table tbldailystock_1: Sales=55, Closing=19
[2026-02-27 13:27:34] [INFO] Starting daily stock update for item SCMPL0027586 sold on 2026-02-27 (Qty: 5)
[2026-02-27 13:27:34] [INFO] Recalculating stock from day 27 for item SCMPL0027586 in 2026-02 in table tbldailystock_1
[2026-02-27 13:27:34] [DEBUG] Day 27: Opening=74, Purchase=0, Sales=60, Closing=14
[2026-02-27 13:27:35] [DEBUG] Day 28: Opening=14, Purchase=0, Sales=0, Closing=14
[2026-02-27 13:27:35] [INFO] Completed recalculating stock for 2026-02 from day 27
[2026-02-27 13:27:35] [INFO] Starting cascading to current month for item SCMPL0027586 sold on 2026-02-27
[2026-02-27 13:27:35] [INFO] Daily stock updated successfully for item SCMPL0027586 on 2026-02-27 in table tbldailystock_1: Sales=60, Closing=14
[2026-02-27 13:27:35] [INFO] Starting daily stock update for item SCMPL0027586 sold on 2026-02-27 (Qty: 5)
[2026-02-27 13:27:35] [INFO] Recalculating stock from day 27 for item SCMPL0027586 in 2026-02 in table tbldailystock_1
[2026-02-27 13:27:35] [DEBUG] Day 27: Opening=74, Purchase=0, Sales=65, Closing=9
[2026-02-27 13:27:35] [DEBUG] Day 28: Opening=9, Purchase=0, Sales=0, Closing=9
[2026-02-27 13:27:35] [INFO] Completed recalculating stock for 2026-02 from day 27
[2026-02-27 13:27:35] [INFO] Starting cascading to current month for item SCMPL0027586 sold on 2026-02-27
[2026-02-27 13:27:35] [INFO] Daily stock updated successfully for item SCMPL0027586 on 2026-02-27 in table tbldailystock_1: Sales=65, Closing=9
[2026-02-27 13:27:35] [INFO] Starting daily stock update for item SCMPL0027586 sold on 2026-02-27 (Qty: 5)
[2026-02-27 13:27:35] [INFO] Recalculating stock from day 27 for item SCMPL0027586 in 2026-02 in table tbldailystock_1
[2026-02-27 13:27:35] [DEBUG] Day 27: Opening=74, Purchase=0, Sales=70, Closing=4
[2026-02-27 13:27:35] [DEBUG] Day 28: Opening=4, Purchase=0, Sales=0, Closing=4
[2026-02-27 13:27:35] [INFO] Completed recalculating stock for 2026-02 from day 27
[2026-02-27 13:27:35] [INFO] Starting cascading to current month for item SCMPL0027586 sold on 2026-02-27
[2026-02-27 13:27:35] [INFO] Daily stock updated successfully for item SCMPL0027586 on 2026-02-27 in table tbldailystock_1: Sales=70, Closing=4
[2026-02-27 13:27:35] [INFO] Starting daily stock update for item SCMPL0027586 sold on 2026-02-27 (Qty: 4)
[2026-02-27 13:27:35] [INFO] Recalculating stock from day 27 for item SCMPL0027586 in 2026-02 in table tbldailystock_1
[2026-02-27 13:27:35] [DEBUG] Day 27: Opening=74, Purchase=0, Sales=74, Closing=0
[2026-02-27 13:27:35] [DEBUG] Day 28: Opening=0, Purchase=0, Sales=0, Closing=0
[2026-02-27 13:27:35] [INFO] Completed recalculating stock for 2026-02 from day 27
[2026-02-27 13:27:35] [INFO] Starting cascading to current month for item SCMPL0027586 sold on 2026-02-27
[2026-02-27 13:27:35] [INFO] Daily stock updated successfully for item SCMPL0027586 on 2026-02-27 in table tbldailystock_1: Sales=74, Closing=0
[2026-02-27 13:27:35] [INFO] Starting daily stock update for item SCMPL0027714 sold on 2026-02-27 (Qty: 1)
[2026-02-27 13:27:35] [INFO] Recalculating stock from day 27 for item SCMPL0027714 in 2026-02 in table tbldailystock_1
[2026-02-27 13:27:35] [DEBUG] Day 27: Opening=4, Purchase=0, Sales=1, Closing=3
[2026-02-27 13:27:35] [DEBUG] Day 28: Opening=3, Purchase=0, Sales=0, Closing=3
[2026-02-27 13:27:35] [INFO] Completed recalculating stock for 2026-02 from day 27
[2026-02-27 13:27:35] [INFO] Starting cascading to current month for item SCMPL0027714 sold on 2026-02-27
[2026-02-27 13:27:35] [INFO] Daily stock updated successfully for item SCMPL0027714 on 2026-02-27 in table tbldailystock_1: Sales=1, Closing=3
[2026-02-27 13:27:35] [INFO] Starting daily stock update for item SCMPL0027714 sold on 2026-02-27 (Qty: 3)
[2026-02-27 13:27:35] [INFO] Recalculating stock from day 27 for item SCMPL0027714 in 2026-02 in table tbldailystock_1
[2026-02-27 13:27:35] [DEBUG] Day 27: Opening=4, Purchase=0, Sales=4, Closing=0
[2026-02-27 13:27:35] [DEBUG] Day 28: Opening=0, Purchase=0, Sales=0, Closing=0
[2026-02-27 13:27:35] [INFO] Completed recalculating stock for 2026-02 from day 27
[2026-02-27 13:27:35] [INFO] Starting cascading to current month for item SCMPL0027714 sold on 2026-02-27
[2026-02-27 13:27:35] [INFO] Daily stock updated successfully for item SCMPL0027714 on 2026-02-27 in table tbldailystock_1: Sales=4, Closing=0
[2026-02-27 13:27:35] [INFO] Starting daily stock update for item SCMPL0030851 sold on 2026-02-27 (Qty: 2)
[2026-02-27 13:27:35] [INFO] Recalculating stock from day 27 for item SCMPL0030851 in 2026-02 in table tbldailystock_1
[2026-02-27 13:27:35] [DEBUG] Day 27: Opening=69, Purchase=0, Sales=2, Closing=67
[2026-02-27 13:27:35] [DEBUG] Day 28: Opening=67, Purchase=0, Sales=0, Closing=67
[2026-02-27 13:27:35] [INFO] Completed recalculating stock for 2026-02 from day 27
[2026-02-27 13:27:35] [INFO] Starting cascading to current month for item SCMPL0030851 sold on 2026-02-27
[2026-02-27 13:27:35] [INFO] Daily stock updated successfully for item SCMPL0030851 on 2026-02-27 in table tbldailystock_1: Sales=2, Closing=67
[2026-02-27 13:27:35] [INFO] Starting daily stock update for item SCMPL0030851 sold on 2026-02-27 (Qty: 5)
[2026-02-27 13:27:35] [INFO] Recalculating stock from day 27 for item SCMPL0030851 in 2026-02 in table tbldailystock_1
[2026-02-27 13:27:35] [DEBUG] Day 27: Opening=69, Purchase=0, Sales=7, Closing=62
[2026-02-27 13:27:35] [DEBUG] Day 28: Opening=62, Purchase=0, Sales=0, Closing=62
[2026-02-27 13:27:35] [INFO] Completed recalculating stock for 2026-02 from day 27
[2026-02-27 13:27:35] [INFO] Starting cascading to current month for item SCMPL0030851 sold on 2026-02-27
[2026-02-27 13:27:35] [INFO] Daily stock updated successfully for item SCMPL0030851 on 2026-02-27 in table tbldailystock_1: Sales=7, Closing=62
[2026-02-27 13:27:35] [INFO] Starting daily stock update for item SCMPL0030851 sold on 2026-02-27 (Qty: 5)
[2026-02-27 13:27:35] [INFO] Recalculating stock from day 27 for item SCMPL0030851 in 2026-02 in table tbldailystock_1
[2026-02-27 13:27:35] [DEBUG] Day 27: Opening=69, Purchase=0, Sales=12, Closing=57
[2026-02-27 13:27:35] [DEBUG] Day 28: Opening=57, Purchase=0, Sales=0, Closing=57
[2026-02-27 13:27:35] [INFO] Completed recalculating stock for 2026-02 from day 27
[2026-02-27 13:27:35] [INFO] Starting cascading to current month for item SCMPL0030851 sold on 2026-02-27
[2026-02-27 13:27:35] [INFO] Daily stock updated successfully for item SCMPL0030851 on 2026-02-27 in table tbldailystock_1: Sales=12, Closing=57
[2026-02-27 13:27:35] [INFO] Starting daily stock update for item SCMPL0030851 sold on 2026-02-27 (Qty: 5)
[2026-02-27 13:27:35] [INFO] Recalculating stock from day 27 for item SCMPL0030851 in 2026-02 in table tbldailystock_1
[2026-02-27 13:27:35] [DEBUG] Day 27: Opening=69, Purchase=0, Sales=17, Closing=52
[2026-02-27 13:27:35] [DEBUG] Day 28: Opening=52, Purchase=0, Sales=0, Closing=52
[2026-02-27 13:27:35] [INFO] Completed recalculating stock for 2026-02 from day 27
[2026-02-27 13:27:35] [INFO] Starting cascading to current month for item SCMPL0030851 sold on 2026-02-27
[2026-02-27 13:27:35] [INFO] Daily stock updated successfully for item SCMPL0030851 on 2026-02-27 in table tbldailystock_1: Sales=17, Closing=52
[2026-02-27 13:27:35] [INFO] Starting daily stock update for item SCMPL0030851 sold on 2026-02-27 (Qty: 5)
[2026-02-27 13:27:35] [INFO] Recalculating stock from day 27 for item SCMPL0030851 in 2026-02 in table tbldailystock_1
[2026-02-27 13:27:35] [DEBUG] Day 27: Opening=69, Purchase=0, Sales=22, Closing=47
[2026-02-27 13:27:35] [DEBUG] Day 28: Opening=47, Purchase=0, Sales=0, Closing=47
[2026-02-27 13:27:35] [INFO] Completed recalculating stock for 2026-02 from day 27
[2026-02-27 13:27:35] [INFO] Starting cascading to current month for item SCMPL0030851 sold on 2026-02-27
[2026-02-27 13:27:35] [INFO] Daily stock updated successfully for item SCMPL0030851 on 2026-02-27 in table tbldailystock_1: Sales=22, Closing=47
[2026-02-27 13:27:35] [INFO] Starting daily stock update for item SCMPL0030851 sold on 2026-02-27 (Qty: 5)
[2026-02-27 13:27:35] [INFO] Recalculating stock from day 27 for item SCMPL0030851 in 2026-02 in table tbldailystock_1
[2026-02-27 13:27:35] [DEBUG] Day 27: Opening=69, Purchase=0, Sales=27, Closing=42
[2026-02-27 13:27:35] [DEBUG] Day 28: Opening=42, Purchase=0, Sales=0, Closing=42
[2026-02-27 13:27:35] [INFO] Completed recalculating stock for 2026-02 from day 27
[2026-02-27 13:27:35] [INFO] Starting cascading to current month for item SCMPL0030851 sold on 2026-02-27
[2026-02-27 13:27:35] [INFO] Daily stock updated successfully for item SCMPL0030851 on 2026-02-27 in table tbldailystock_1: Sales=27, Closing=42
[2026-02-27 13:27:35] [INFO] Starting daily stock update for item SCMPL0030851 sold on 2026-02-27 (Qty: 5)
[2026-02-27 13:27:35] [INFO] Recalculating stock from day 27 for item SCMPL0030851 in 2026-02 in table tbldailystock_1
[2026-02-27 13:27:36] [DEBUG] Day 27: Opening=69, Purchase=0, Sales=32, Closing=37
[2026-02-27 13:27:36] [DEBUG] Day 28: Opening=37, Purchase=0, Sales=0, Closing=37
[2026-02-27 13:27:36] [INFO] Completed recalculating stock for 2026-02 from day 27
[2026-02-27 13:27:36] [INFO] Starting cascading to current month for item SCMPL0030851 sold on 2026-02-27
[2026-02-27 13:27:36] [INFO] Daily stock updated successfully for item SCMPL0030851 on 2026-02-27 in table tbldailystock_1: Sales=32, Closing=37
[2026-02-27 13:27:36] [INFO] Starting daily stock update for item SCMPL0030851 sold on 2026-02-27 (Qty: 5)
[2026-02-27 13:27:36] [INFO] Recalculating stock from day 27 for item SCMPL0030851 in 2026-02 in table tbldailystock_1
[2026-02-27 13:27:36] [DEBUG] Day 27: Opening=69, Purchase=0, Sales=37, Closing=32
[2026-02-27 13:27:36] [DEBUG] Day 28: Opening=32, Purchase=0, Sales=0, Closing=32
[2026-02-27 13:27:36] [INFO] Completed recalculating stock for 2026-02 from day 27
[2026-02-27 13:27:36] [INFO] Starting cascading to current month for item SCMPL0030851 sold on 2026-02-27
[2026-02-27 13:27:36] [INFO] Daily stock updated successfully for item SCMPL0030851 on 2026-02-27 in table tbldailystock_1: Sales=37, Closing=32
[2026-02-27 13:27:36] [INFO] Starting daily stock update for item SCMPL0030851 sold on 2026-02-27 (Qty: 5)
[2026-02-27 13:27:36] [INFO] Recalculating stock from day 27 for item SCMPL0030851 in 2026-02 in table tbldailystock_1
[2026-02-27 13:27:36] [DEBUG] Day 27: Opening=69, Purchase=0, Sales=42, Closing=27
[2026-02-27 13:27:36] [DEBUG] Day 28: Opening=27, Purchase=0, Sales=0, Closing=27
[2026-02-27 13:27:36] [INFO] Completed recalculating stock for 2026-02 from day 27
[2026-02-27 13:27:36] [INFO] Starting cascading to current month for item SCMPL0030851 sold on 2026-02-27
[2026-02-27 13:27:36] [INFO] Daily stock updated successfully for item SCMPL0030851 on 2026-02-27 in table tbldailystock_1: Sales=42, Closing=27
[2026-02-27 13:27:36] [INFO] Starting daily stock update for item SCMPL0030851 sold on 2026-02-27 (Qty: 5)
[2026-02-27 13:27:36] [INFO] Recalculating stock from day 27 for item SCMPL0030851 in 2026-02 in table tbldailystock_1
[2026-02-27 13:27:36] [DEBUG] Day 27: Opening=69, Purchase=0, Sales=47, Closing=22
[2026-02-27 13:27:36] [DEBUG] Day 28: Opening=22, Purchase=0, Sales=0, Closing=22
[2026-02-27 13:27:36] [INFO] Completed recalculating stock for 2026-02 from day 27
[2026-02-27 13:27:36] [INFO] Starting cascading to current month for item SCMPL0030851 sold on 2026-02-27
[2026-02-27 13:27:36] [INFO] Daily stock updated successfully for item SCMPL0030851 on 2026-02-27 in table tbldailystock_1: Sales=47, Closing=22
[2026-02-27 13:27:36] [INFO] Starting daily stock update for item SCMPL0030851 sold on 2026-02-27 (Qty: 5)
[2026-02-27 13:27:36] [INFO] Recalculating stock from day 27 for item SCMPL0030851 in 2026-02 in table tbldailystock_1
[2026-02-27 13:27:36] [DEBUG] Day 27: Opening=69, Purchase=0, Sales=52, Closing=17
[2026-02-27 13:27:36] [DEBUG] Day 28: Opening=17, Purchase=0, Sales=0, Closing=17
[2026-02-27 13:27:36] [INFO] Completed recalculating stock for 2026-02 from day 27
[2026-02-27 13:27:36] [INFO] Starting cascading to current month for item SCMPL0030851 sold on 2026-02-27
[2026-02-27 13:27:36] [INFO] Daily stock updated successfully for item SCMPL0030851 on 2026-02-27 in table tbldailystock_1: Sales=52, Closing=17
[2026-02-27 13:27:36] [INFO] Starting daily stock update for item SCMPL0030851 sold on 2026-02-27 (Qty: 5)
[2026-02-27 13:27:36] [INFO] Recalculating stock from day 27 for item SCMPL0030851 in 2026-02 in table tbldailystock_1
[2026-02-27 13:27:36] [DEBUG] Day 27: Opening=69, Purchase=0, Sales=57, Closing=12
[2026-02-27 13:27:36] [DEBUG] Day 28: Opening=12, Purchase=0, Sales=0, Closing=12
[2026-02-27 13:27:36] [INFO] Completed recalculating stock for 2026-02 from day 27
[2026-02-27 13:27:36] [INFO] Starting cascading to current month for item SCMPL0030851 sold on 2026-02-27
[2026-02-27 13:27:36] [INFO] Daily stock updated successfully for item SCMPL0030851 on 2026-02-27 in table tbldailystock_1: Sales=57, Closing=12
[2026-02-27 13:27:36] [INFO] Starting daily stock update for item SCMPL0030851 sold on 2026-02-27 (Qty: 5)
[2026-02-27 13:27:36] [INFO] Recalculating stock from day 27 for item SCMPL0030851 in 2026-02 in table tbldailystock_1
[2026-02-27 13:27:36] [DEBUG] Day 27: Opening=69, Purchase=0, Sales=62, Closing=7
[2026-02-27 13:27:36] [DEBUG] Day 28: Opening=7, Purchase=0, Sales=0, Closing=7
[2026-02-27 13:27:36] [INFO] Completed recalculating stock for 2026-02 from day 27
[2026-02-27 13:27:36] [INFO] Starting cascading to current month for item SCMPL0030851 sold on 2026-02-27
[2026-02-27 13:27:36] [INFO] Daily stock updated successfully for item SCMPL0030851 on 2026-02-27 in table tbldailystock_1: Sales=62, Closing=7
[2026-02-27 13:27:36] [INFO] Starting daily stock update for item SCMPL0030851 sold on 2026-02-27 (Qty: 5)
[2026-02-27 13:27:36] [INFO] Recalculating stock from day 27 for item SCMPL0030851 in 2026-02 in table tbldailystock_1
[2026-02-27 13:27:36] [DEBUG] Day 27: Opening=69, Purchase=0, Sales=67, Closing=2
[2026-02-27 13:27:36] [DEBUG] Day 28: Opening=2, Purchase=0, Sales=0, Closing=2
[2026-02-27 13:27:36] [INFO] Completed recalculating stock for 2026-02 from day 27
[2026-02-27 13:27:36] [INFO] Starting cascading to current month for item SCMPL0030851 sold on 2026-02-27
[2026-02-27 13:27:36] [INFO] Daily stock updated successfully for item SCMPL0030851 on 2026-02-27 in table tbldailystock_1: Sales=67, Closing=2
[2026-02-27 13:27:36] [INFO] Starting daily stock update for item SCMPL0030851 sold on 2026-02-27 (Qty: 2)
[2026-02-27 13:27:36] [INFO] Recalculating stock from day 27 for item SCMPL0030851 in 2026-02 in table tbldailystock_1
[2026-02-27 13:27:36] [DEBUG] Day 27: Opening=69, Purchase=0, Sales=69, Closing=0
[2026-02-27 13:27:36] [DEBUG] Day 28: Opening=0, Purchase=0, Sales=0, Closing=0
[2026-02-27 13:27:36] [INFO] Completed recalculating stock for 2026-02 from day 27
[2026-02-27 13:27:36] [INFO] Starting cascading to current month for item SCMPL0030851 sold on 2026-02-27
[2026-02-27 13:27:36] [INFO] Daily stock updated successfully for item SCMPL0030851 on 2026-02-27 in table tbldailystock_1: Sales=69, Closing=0
[2026-02-27 13:27:36] [INFO] Starting daily stock update for item SCMPL0031273 sold on 2026-02-27 (Qty: 3)
[2026-02-27 13:27:36] [INFO] Recalculating stock from day 27 for item SCMPL0031273 in 2026-02 in table tbldailystock_1
[2026-02-27 13:27:36] [DEBUG] Day 27: Opening=12, Purchase=0, Sales=3, Closing=9
[2026-02-27 13:27:36] [DEBUG] Day 28: Opening=9, Purchase=0, Sales=0, Closing=9
[2026-02-27 13:27:36] [INFO] Completed recalculating stock for 2026-02 from day 27
[2026-02-27 13:27:36] [INFO] Starting cascading to current month for item SCMPL0031273 sold on 2026-02-27
[2026-02-27 13:27:36] [INFO] Daily stock updated successfully for item SCMPL0031273 on 2026-02-27 in table tbldailystock_1: Sales=3, Closing=9
[2026-02-27 13:27:36] [INFO] Starting daily stock update for item SCMPL0031273 sold on 2026-02-27 (Qty: 5)
[2026-02-27 13:27:36] [INFO] Recalculating stock from day 27 for item SCMPL0031273 in 2026-02 in table tbldailystock_1
[2026-02-27 13:27:36] [DEBUG] Day 27: Opening=12, Purchase=0, Sales=8, Closing=4
[2026-02-27 13:27:36] [DEBUG] Day 28: Opening=4, Purchase=0, Sales=0, Closing=4
[2026-02-27 13:27:36] [INFO] Completed recalculating stock for 2026-02 from day 27
[2026-02-27 13:27:36] [INFO] Starting cascading to current month for item SCMPL0031273 sold on 2026-02-27
[2026-02-27 13:27:36] [INFO] Daily stock updated successfully for item SCMPL0031273 on 2026-02-27 in table tbldailystock_1: Sales=8, Closing=4
[2026-02-27 13:27:36] [INFO] Starting daily stock update for item SCMPL0031273 sold on 2026-02-27 (Qty: 4)
[2026-02-27 13:27:36] [INFO] Recalculating stock from day 27 for item SCMPL0031273 in 2026-02 in table tbldailystock_1
[2026-02-27 13:27:36] [DEBUG] Day 27: Opening=12, Purchase=0, Sales=12, Closing=0
[2026-02-27 13:27:36] [DEBUG] Day 28: Opening=0, Purchase=0, Sales=0, Closing=0
[2026-02-27 13:27:36] [INFO] Completed recalculating stock for 2026-02 from day 27
[2026-02-27 13:27:36] [INFO] Starting cascading to current month for item SCMPL0031273 sold on 2026-02-27
[2026-02-27 13:27:36] [INFO] Daily stock updated successfully for item SCMPL0031273 on 2026-02-27 in table tbldailystock_1: Sales=12, Closing=0
[2026-02-27 13:27:36] [INFO] Starting daily stock update for item SCMPL0031276 sold on 2026-02-27 (Qty: 1)
[2026-02-27 13:27:36] [INFO] Recalculating stock from day 27 for item SCMPL0031276 in 2026-02 in table tbldailystock_1
[2026-02-27 13:27:36] [DEBUG] Day 27: Opening=21, Purchase=0, Sales=1, Closing=20
[2026-02-27 13:27:36] [DEBUG] Day 28: Opening=20, Purchase=0, Sales=0, Closing=20
[2026-02-27 13:27:36] [INFO] Completed recalculating stock for 2026-02 from day 27
[2026-02-27 13:27:36] [INFO] Starting cascading to current month for item SCMPL0031276 sold on 2026-02-27
[2026-02-27 13:27:36] [INFO] Daily stock updated successfully for item SCMPL0031276 on 2026-02-27 in table tbldailystock_1: Sales=1, Closing=20
[2026-02-27 13:27:36] [INFO] Starting daily stock update for item SCMPL0031276 sold on 2026-02-27 (Qty: 5)
[2026-02-27 13:27:36] [INFO] Recalculating stock from day 27 for item SCMPL0031276 in 2026-02 in table tbldailystock_1
[2026-02-27 13:27:36] [DEBUG] Day 27: Opening=21, Purchase=0, Sales=6, Closing=15
[2026-02-27 13:27:36] [DEBUG] Day 28: Opening=15, Purchase=0, Sales=0, Closing=15
[2026-02-27 13:27:36] [INFO] Completed recalculating stock for 2026-02 from day 27
[2026-02-27 13:27:36] [INFO] Starting cascading to current month for item SCMPL0031276 sold on 2026-02-27
[2026-02-27 13:27:36] [INFO] Daily stock updated successfully for item SCMPL0031276 on 2026-02-27 in table tbldailystock_1: Sales=6, Closing=15
[2026-02-27 13:27:36] [INFO] Starting daily stock update for item SCMPL0031276 sold on 2026-02-27 (Qty: 5)
[2026-02-27 13:27:36] [INFO] Recalculating stock from day 27 for item SCMPL0031276 in 2026-02 in table tbldailystock_1
[2026-02-27 13:27:36] [DEBUG] Day 27: Opening=21, Purchase=0, Sales=11, Closing=10
[2026-02-27 13:27:36] [DEBUG] Day 28: Opening=10, Purchase=0, Sales=0, Closing=10
[2026-02-27 13:27:36] [INFO] Completed recalculating stock for 2026-02 from day 27
[2026-02-27 13:27:36] [INFO] Starting cascading to current month for item SCMPL0031276 sold on 2026-02-27
[2026-02-27 13:27:36] [INFO] Daily stock updated successfully for item SCMPL0031276 on 2026-02-27 in table tbldailystock_1: Sales=11, Closing=10
[2026-02-27 13:27:36] [INFO] Starting daily stock update for item SCMPL0031276 sold on 2026-02-27 (Qty: 5)
[2026-02-27 13:27:36] [INFO] Recalculating stock from day 27 for item SCMPL0031276 in 2026-02 in table tbldailystock_1
[2026-02-27 13:27:36] [DEBUG] Day 27: Opening=21, Purchase=0, Sales=16, Closing=5
[2026-02-27 13:27:36] [DEBUG] Day 28: Opening=5, Purchase=0, Sales=0, Closing=5
[2026-02-27 13:27:36] [INFO] Completed recalculating stock for 2026-02 from day 27
[2026-02-27 13:27:36] [INFO] Starting cascading to current month for item SCMPL0031276 sold on 2026-02-27
[2026-02-27 13:27:36] [INFO] Daily stock updated successfully for item SCMPL0031276 on 2026-02-27 in table tbldailystock_1: Sales=16, Closing=5
[2026-02-27 13:27:36] [INFO] Starting daily stock update for item SCMPL0031276 sold on 2026-02-27 (Qty: 5)
[2026-02-27 13:27:36] [INFO] Recalculating stock from day 27 for item SCMPL0031276 in 2026-02 in table tbldailystock_1
[2026-02-27 13:27:36] [DEBUG] Day 27: Opening=21, Purchase=0, Sales=21, Closing=0
[2026-02-27 13:27:36] [DEBUG] Day 28: Opening=0, Purchase=0, Sales=0, Closing=0
[2026-02-27 13:27:36] [INFO] Completed recalculating stock for 2026-02 from day 27
[2026-02-27 13:27:36] [INFO] Starting cascading to current month for item SCMPL0031276 sold on 2026-02-27
[2026-02-27 13:27:36] [INFO] Daily stock updated successfully for item SCMPL0031276 on 2026-02-27 in table tbldailystock_1: Sales=21, Closing=0
[2026-02-27 13:27:36] [INFO] Starting daily stock update for item SCMPL0031735 sold on 2026-02-27 (Qty: 3)
[2026-02-27 13:27:36] [INFO] Recalculating stock from day 27 for item SCMPL0031735 in 2026-02 in table tbldailystock_1
[2026-02-27 13:27:37] [DEBUG] Day 27: Opening=3, Purchase=0, Sales=3, Closing=0
[2026-02-27 13:27:37] [DEBUG] Day 28: Opening=0, Purchase=0, Sales=0, Closing=0
[2026-02-27 13:27:37] [INFO] Completed recalculating stock for 2026-02 from day 27
[2026-02-27 13:27:37] [INFO] Starting cascading to current month for item SCMPL0031735 sold on 2026-02-27
[2026-02-27 13:27:37] [INFO] Daily stock updated successfully for item SCMPL0031735 on 2026-02-27 in table tbldailystock_1: Sales=3, Closing=0
[2026-02-27 13:27:37] [INFO] Starting daily stock update for item SCMPL0032649 sold on 2026-02-27 (Qty: 2)
[2026-02-27 13:27:37] [INFO] Recalculating stock from day 27 for item SCMPL0032649 in 2026-02 in table tbldailystock_1
[2026-02-27 13:27:37] [DEBUG] Day 27: Opening=3, Purchase=0, Sales=2, Closing=1
[2026-02-27 13:27:37] [DEBUG] Day 28: Opening=1, Purchase=0, Sales=0, Closing=1
[2026-02-27 13:27:37] [INFO] Completed recalculating stock for 2026-02 from day 27
[2026-02-27 13:27:37] [INFO] Starting cascading to current month for item SCMPL0032649 sold on 2026-02-27
[2026-02-27 13:27:37] [INFO] Daily stock updated successfully for item SCMPL0032649 on 2026-02-27 in table tbldailystock_1: Sales=2, Closing=1
[2026-02-27 13:27:37] [INFO] Starting daily stock update for item SCMPL0032649 sold on 2026-02-27 (Qty: 1)
[2026-02-27 13:27:37] [INFO] Recalculating stock from day 27 for item SCMPL0032649 in 2026-02 in table tbldailystock_1
[2026-02-27 13:27:37] [DEBUG] Day 27: Opening=3, Purchase=0, Sales=3, Closing=0
[2026-02-27 13:27:37] [DEBUG] Day 28: Opening=0, Purchase=0, Sales=0, Closing=0
[2026-02-27 13:27:37] [INFO] Completed recalculating stock for 2026-02 from day 27
[2026-02-27 13:27:37] [INFO] Starting cascading to current month for item SCMPL0032649 sold on 2026-02-27
[2026-02-27 13:27:37] [INFO] Daily stock updated successfully for item SCMPL0032649 on 2026-02-27 in table tbldailystock_1: Sales=3, Closing=0
[2026-02-27 13:27:37] [INFO] Starting daily stock update for item SCMPL0033029 sold on 2026-02-27 (Qty: 4)
[2026-02-27 13:27:37] [INFO] Recalculating stock from day 27 for item SCMPL0033029 in 2026-02 in table tbldailystock_1
[2026-02-27 13:27:37] [DEBUG] Day 27: Opening=94, Purchase=0, Sales=4, Closing=90
[2026-02-27 13:27:37] [DEBUG] Day 28: Opening=90, Purchase=0, Sales=0, Closing=90
[2026-02-27 13:27:37] [INFO] Completed recalculating stock for 2026-02 from day 27
[2026-02-27 13:27:37] [INFO] Starting cascading to current month for item SCMPL0033029 sold on 2026-02-27
[2026-02-27 13:27:37] [INFO] Daily stock updated successfully for item SCMPL0033029 on 2026-02-27 in table tbldailystock_1: Sales=4, Closing=90
[2026-02-27 13:27:37] [INFO] Starting daily stock update for item SCMPL0033029 sold on 2026-02-27 (Qty: 5)
[2026-02-27 13:27:37] [INFO] Recalculating stock from day 27 for item SCMPL0033029 in 2026-02 in table tbldailystock_1
[2026-02-27 13:27:37] [DEBUG] Day 27: Opening=94, Purchase=0, Sales=9, Closing=85
[2026-02-27 13:27:37] [DEBUG] Day 28: Opening=85, Purchase=0, Sales=0, Closing=85
[2026-02-27 13:27:37] [INFO] Completed recalculating stock for 2026-02 from day 27
[2026-02-27 13:27:37] [INFO] Starting cascading to current month for item SCMPL0033029 sold on 2026-02-27
[2026-02-27 13:27:37] [INFO] Daily stock updated successfully for item SCMPL0033029 on 2026-02-27 in table tbldailystock_1: Sales=9, Closing=85
[2026-02-27 13:27:37] [INFO] Starting daily stock update for item SCMPL0033029 sold on 2026-02-27 (Qty: 5)
[2026-02-27 13:27:37] [INFO] Recalculating stock from day 27 for item SCMPL0033029 in 2026-02 in table tbldailystock_1
[2026-02-27 13:27:37] [DEBUG] Day 27: Opening=94, Purchase=0, Sales=14, Closing=80
[2026-02-27 13:27:37] [DEBUG] Day 28: Opening=80, Purchase=0, Sales=0, Closing=80
[2026-02-27 13:27:37] [INFO] Completed recalculating stock for 2026-02 from day 27
[2026-02-27 13:27:37] [INFO] Starting cascading to current month for item SCMPL0033029 sold on 2026-02-27
[2026-02-27 13:27:37] [INFO] Daily stock updated successfully for item SCMPL0033029 on 2026-02-27 in table tbldailystock_1: Sales=14, Closing=80
[2026-02-27 13:27:37] [INFO] Starting daily stock update for item SCMPL0033029 sold on 2026-02-27 (Qty: 5)
[2026-02-27 13:27:37] [INFO] Recalculating stock from day 27 for item SCMPL0033029 in 2026-02 in table tbldailystock_1
[2026-02-27 13:27:37] [DEBUG] Day 27: Opening=94, Purchase=0, Sales=19, Closing=75
[2026-02-27 13:27:37] [DEBUG] Day 28: Opening=75, Purchase=0, Sales=0, Closing=75
[2026-02-27 13:27:37] [INFO] Completed recalculating stock for 2026-02 from day 27
[2026-02-27 13:27:37] [INFO] Starting cascading to current month for item SCMPL0033029 sold on 2026-02-27
[2026-02-27 13:27:37] [INFO] Daily stock updated successfully for item SCMPL0033029 on 2026-02-27 in table tbldailystock_1: Sales=19, Closing=75
[2026-02-27 13:27:37] [INFO] Starting daily stock update for item SCMPL0033029 sold on 2026-02-27 (Qty: 5)
[2026-02-27 13:27:37] [INFO] Recalculating stock from day 27 for item SCMPL0033029 in 2026-02 in table tbldailystock_1
[2026-02-27 13:27:37] [DEBUG] Day 27: Opening=94, Purchase=0, Sales=24, Closing=70
[2026-02-27 13:27:37] [DEBUG] Day 28: Opening=70, Purchase=0, Sales=0, Closing=70
[2026-02-27 13:27:37] [INFO] Completed recalculating stock for 2026-02 from day 27
[2026-02-27 13:27:37] [INFO] Starting cascading to current month for item SCMPL0033029 sold on 2026-02-27
[2026-02-27 13:27:37] [INFO] Daily stock updated successfully for item SCMPL0033029 on 2026-02-27 in table tbldailystock_1: Sales=24, Closing=70
[2026-02-27 13:27:37] [INFO] Starting daily stock update for item SCMPL0033029 sold on 2026-02-27 (Qty: 5)
[2026-02-27 13:27:37] [INFO] Recalculating stock from day 27 for item SCMPL0033029 in 2026-02 in table tbldailystock_1
[2026-02-27 13:27:37] [DEBUG] Day 27: Opening=94, Purchase=0, Sales=29, Closing=65
[2026-02-27 13:27:37] [DEBUG] Day 28: Opening=65, Purchase=0, Sales=0, Closing=65
[2026-02-27 13:27:37] [INFO] Completed recalculating stock for 2026-02 from day 27
[2026-02-27 13:27:37] [INFO] Starting cascading to current month for item SCMPL0033029 sold on 2026-02-27
[2026-02-27 13:27:37] [INFO] Daily stock updated successfully for item SCMPL0033029 on 2026-02-27 in table tbldailystock_1: Sales=29, Closing=65
[2026-02-27 13:27:37] [INFO] Starting daily stock update for item SCMPL0033029 sold on 2026-02-27 (Qty: 5)
[2026-02-27 13:27:37] [INFO] Recalculating stock from day 27 for item SCMPL0033029 in 2026-02 in table tbldailystock_1
[2026-02-27 13:27:37] [DEBUG] Day 27: Opening=94, Purchase=0, Sales=34, Closing=60
[2026-02-27 13:27:37] [DEBUG] Day 28: Opening=60, Purchase=0, Sales=0, Closing=60
[2026-02-27 13:27:37] [INFO] Completed recalculating stock for 2026-02 from day 27
[2026-02-27 13:27:37] [INFO] Starting cascading to current month for item SCMPL0033029 sold on 2026-02-27
[2026-02-27 13:27:37] [INFO] Daily stock updated successfully for item SCMPL0033029 on 2026-02-27 in table tbldailystock_1: Sales=34, Closing=60
[2026-02-27 13:27:37] [INFO] Starting daily stock update for item SCMPL0033029 sold on 2026-02-27 (Qty: 5)
[2026-02-27 13:27:37] [INFO] Recalculating stock from day 27 for item SCMPL0033029 in 2026-02 in table tbldailystock_1
[2026-02-27 13:27:37] [DEBUG] Day 27: Opening=94, Purchase=0, Sales=39, Closing=55
[2026-02-27 13:27:37] [DEBUG] Day 28: Opening=55, Purchase=0, Sales=0, Closing=55
[2026-02-27 13:27:37] [INFO] Completed recalculating stock for 2026-02 from day 27
[2026-02-27 13:27:37] [INFO] Starting cascading to current month for item SCMPL0033029 sold on 2026-02-27
[2026-02-27 13:27:37] [INFO] Daily stock updated successfully for item SCMPL0033029 on 2026-02-27 in table tbldailystock_1: Sales=39, Closing=55
[2026-02-27 13:27:37] [INFO] Starting daily stock update for item SCMPL0033029 sold on 2026-02-27 (Qty: 5)
[2026-02-27 13:27:37] [INFO] Recalculating stock from day 27 for item SCMPL0033029 in 2026-02 in table tbldailystock_1
[2026-02-27 13:27:37] [DEBUG] Day 27: Opening=94, Purchase=0, Sales=44, Closing=50
[2026-02-27 13:27:37] [DEBUG] Day 28: Opening=50, Purchase=0, Sales=0, Closing=50
[2026-02-27 13:27:37] [INFO] Completed recalculating stock for 2026-02 from day 27
[2026-02-27 13:27:37] [INFO] Starting cascading to current month for item SCMPL0033029 sold on 2026-02-27
[2026-02-27 13:27:37] [INFO] Daily stock updated successfully for item SCMPL0033029 on 2026-02-27 in table tbldailystock_1: Sales=44, Closing=50
[2026-02-27 13:27:37] [INFO] Starting daily stock update for item SCMPL0033029 sold on 2026-02-27 (Qty: 5)
[2026-02-27 13:27:37] [INFO] Recalculating stock from day 27 for item SCMPL0033029 in 2026-02 in table tbldailystock_1
[2026-02-27 13:27:37] [DEBUG] Day 27: Opening=94, Purchase=0, Sales=49, Closing=45
[2026-02-27 13:27:37] [DEBUG] Day 28: Opening=45, Purchase=0, Sales=0, Closing=45
[2026-02-27 13:27:37] [INFO] Completed recalculating stock for 2026-02 from day 27
[2026-02-27 13:27:37] [INFO] Starting cascading to current month for item SCMPL0033029 sold on 2026-02-27
[2026-02-27 13:27:37] [INFO] Daily stock updated successfully for item SCMPL0033029 on 2026-02-27 in table tbldailystock_1: Sales=49, Closing=45
[2026-02-27 13:27:37] [INFO] Starting daily stock update for item SCMPL0033029 sold on 2026-02-27 (Qty: 5)
[2026-02-27 13:27:37] [INFO] Recalculating stock from day 27 for item SCMPL0033029 in 2026-02 in table tbldailystock_1
[2026-02-27 13:27:37] [DEBUG] Day 27: Opening=94, Purchase=0, Sales=54, Closing=40
[2026-02-27 13:27:37] [DEBUG] Day 28: Opening=40, Purchase=0, Sales=0, Closing=40
[2026-02-27 13:27:37] [INFO] Completed recalculating stock for 2026-02 from day 27
[2026-02-27 13:27:37] [INFO] Starting cascading to current month for item SCMPL0033029 sold on 2026-02-27
[2026-02-27 13:27:37] [INFO] Daily stock updated successfully for item SCMPL0033029 on 2026-02-27 in table tbldailystock_1: Sales=54, Closing=40
[2026-02-27 13:27:37] [INFO] Starting daily stock update for item SCMPL0033029 sold on 2026-02-27 (Qty: 5)
[2026-02-27 13:27:37] [INFO] Recalculating stock from day 27 for item SCMPL0033029 in 2026-02 in table tbldailystock_1
[2026-02-27 13:27:37] [DEBUG] Day 27: Opening=94, Purchase=0, Sales=59, Closing=35
[2026-02-27 13:27:37] [DEBUG] Day 28: Opening=35, Purchase=0, Sales=0, Closing=35
[2026-02-27 13:27:37] [INFO] Completed recalculating stock for 2026-02 from day 27
[2026-02-27 13:27:37] [INFO] Starting cascading to current month for item SCMPL0033029 sold on 2026-02-27
[2026-02-27 13:27:37] [INFO] Daily stock updated successfully for item SCMPL0033029 on 2026-02-27 in table tbldailystock_1: Sales=59, Closing=35
[2026-02-27 13:27:37] [INFO] Starting daily stock update for item SCMPL0033029 sold on 2026-02-27 (Qty: 5)
[2026-02-27 13:27:37] [INFO] Recalculating stock from day 27 for item SCMPL0033029 in 2026-02 in table tbldailystock_1
[2026-02-27 13:27:37] [DEBUG] Day 27: Opening=94, Purchase=0, Sales=64, Closing=30
[2026-02-27 13:27:37] [DEBUG] Day 28: Opening=30, Purchase=0, Sales=0, Closing=30
[2026-02-27 13:27:37] [INFO] Completed recalculating stock for 2026-02 from day 27
[2026-02-27 13:27:37] [INFO] Starting cascading to current month for item SCMPL0033029 sold on 2026-02-27
[2026-02-27 13:27:37] [INFO] Daily stock updated successfully for item SCMPL0033029 on 2026-02-27 in table tbldailystock_1: Sales=64, Closing=30
[2026-02-27 13:27:37] [INFO] Starting daily stock update for item SCMPL0033029 sold on 2026-02-27 (Qty: 5)
[2026-02-27 13:27:37] [INFO] Recalculating stock from day 27 for item SCMPL0033029 in 2026-02 in table tbldailystock_1
[2026-02-27 13:27:37] [DEBUG] Day 27: Opening=94, Purchase=0, Sales=69, Closing=25
[2026-02-27 13:27:37] [DEBUG] Day 28: Opening=25, Purchase=0, Sales=0, Closing=25
[2026-02-27 13:27:37] [INFO] Completed recalculating stock for 2026-02 from day 27
[2026-02-27 13:27:37] [INFO] Starting cascading to current month for item SCMPL0033029 sold on 2026-02-27
[2026-02-27 13:27:37] [INFO] Daily stock updated successfully for item SCMPL0033029 on 2026-02-27 in table tbldailystock_1: Sales=69, Closing=25
[2026-02-27 13:27:37] [INFO] Starting daily stock update for item SCMPL0033029 sold on 2026-02-27 (Qty: 5)
[2026-02-27 13:27:37] [INFO] Recalculating stock from day 27 for item SCMPL0033029 in 2026-02 in table tbldailystock_1
[2026-02-27 13:27:37] [DEBUG] Day 27: Opening=94, Purchase=0, Sales=74, Closing=20
[2026-02-27 13:27:37] [DEBUG] Day 28: Opening=20, Purchase=0, Sales=0, Closing=20
[2026-02-27 13:27:37] [INFO] Completed recalculating stock for 2026-02 from day 27
[2026-02-27 13:27:37] [INFO] Starting cascading to current month for item SCMPL0033029 sold on 2026-02-27
[2026-02-27 13:27:37] [INFO] Daily stock updated successfully for item SCMPL0033029 on 2026-02-27 in table tbldailystock_1: Sales=74, Closing=20
[2026-02-27 13:27:37] [INFO] Starting daily stock update for item SCMPL0033029 sold on 2026-02-27 (Qty: 5)
[2026-02-27 13:27:37] [INFO] Recalculating stock from day 27 for item SCMPL0033029 in 2026-02 in table tbldailystock_1
[2026-02-27 13:27:37] [DEBUG] Day 27: Opening=94, Purchase=0, Sales=79, Closing=15
[2026-02-27 13:27:38] [DEBUG] Day 28: Opening=15, Purchase=0, Sales=0, Closing=15
[2026-02-27 13:27:38] [INFO] Completed recalculating stock for 2026-02 from day 27
[2026-02-27 13:27:38] [INFO] Starting cascading to current month for item SCMPL0033029 sold on 2026-02-27
[2026-02-27 13:27:38] [INFO] Daily stock updated successfully for item SCMPL0033029 on 2026-02-27 in table tbldailystock_1: Sales=79, Closing=15
[2026-02-27 13:27:38] [INFO] Starting daily stock update for item SCMPL0033029 sold on 2026-02-27 (Qty: 5)
[2026-02-27 13:27:38] [INFO] Recalculating stock from day 27 for item SCMPL0033029 in 2026-02 in table tbldailystock_1
[2026-02-27 13:27:38] [DEBUG] Day 27: Opening=94, Purchase=0, Sales=84, Closing=10
[2026-02-27 13:27:38] [DEBUG] Day 28: Opening=10, Purchase=0, Sales=0, Closing=10
[2026-02-27 13:27:38] [INFO] Completed recalculating stock for 2026-02 from day 27
[2026-02-27 13:27:38] [INFO] Starting cascading to current month for item SCMPL0033029 sold on 2026-02-27
[2026-02-27 13:27:38] [INFO] Daily stock updated successfully for item SCMPL0033029 on 2026-02-27 in table tbldailystock_1: Sales=84, Closing=10
[2026-02-27 13:27:38] [INFO] Starting daily stock update for item SCMPL0033029 sold on 2026-02-27 (Qty: 5)
[2026-02-27 13:27:38] [INFO] Recalculating stock from day 27 for item SCMPL0033029 in 2026-02 in table tbldailystock_1
[2026-02-27 13:27:38] [DEBUG] Day 27: Opening=94, Purchase=0, Sales=89, Closing=5
[2026-02-27 13:27:38] [DEBUG] Day 28: Opening=5, Purchase=0, Sales=0, Closing=5
[2026-02-27 13:27:38] [INFO] Completed recalculating stock for 2026-02 from day 27
[2026-02-27 13:27:38] [INFO] Starting cascading to current month for item SCMPL0033029 sold on 2026-02-27
[2026-02-27 13:27:38] [INFO] Daily stock updated successfully for item SCMPL0033029 on 2026-02-27 in table tbldailystock_1: Sales=89, Closing=5
[2026-02-27 13:27:38] [INFO] Starting daily stock update for item SCMPL0033029 sold on 2026-02-27 (Qty: 5)
[2026-02-27 13:27:38] [INFO] Recalculating stock from day 27 for item SCMPL0033029 in 2026-02 in table tbldailystock_1
[2026-02-27 13:27:38] [DEBUG] Day 27: Opening=94, Purchase=0, Sales=94, Closing=0
[2026-02-27 13:27:38] [DEBUG] Day 28: Opening=0, Purchase=0, Sales=0, Closing=0
[2026-02-27 13:27:38] [INFO] Completed recalculating stock for 2026-02 from day 27
[2026-02-27 13:27:38] [INFO] Starting cascading to current month for item SCMPL0033029 sold on 2026-02-27
[2026-02-27 13:27:38] [INFO] Daily stock updated successfully for item SCMPL0033029 on 2026-02-27 in table tbldailystock_1: Sales=94, Closing=0
[2026-02-27 13:27:38] [INFO] Starting daily stock update for item SCMPL0033758 sold on 2026-02-27 (Qty: 5)
[2026-02-27 13:27:38] [INFO] Recalculating stock from day 27 for item SCMPL0033758 in 2026-02 in table tbldailystock_1
[2026-02-27 13:27:38] [DEBUG] Day 27: Opening=36, Purchase=0, Sales=5, Closing=31
[2026-02-27 13:27:38] [DEBUG] Day 28: Opening=31, Purchase=0, Sales=0, Closing=31
[2026-02-27 13:27:38] [INFO] Completed recalculating stock for 2026-02 from day 27
[2026-02-27 13:27:38] [INFO] Starting cascading to current month for item SCMPL0033758 sold on 2026-02-27
[2026-02-27 13:27:38] [INFO] Daily stock updated successfully for item SCMPL0033758 on 2026-02-27 in table tbldailystock_1: Sales=5, Closing=31
[2026-02-27 13:27:38] [INFO] Starting daily stock update for item SCMPL0033758 sold on 2026-02-27 (Qty: 5)
[2026-02-27 13:27:38] [INFO] Recalculating stock from day 27 for item SCMPL0033758 in 2026-02 in table tbldailystock_1
[2026-02-27 13:27:38] [DEBUG] Day 27: Opening=36, Purchase=0, Sales=10, Closing=26
[2026-02-27 13:27:38] [DEBUG] Day 28: Opening=26, Purchase=0, Sales=0, Closing=26
[2026-02-27 13:27:38] [INFO] Completed recalculating stock for 2026-02 from day 27
[2026-02-27 13:27:38] [INFO] Starting cascading to current month for item SCMPL0033758 sold on 2026-02-27
[2026-02-27 13:27:38] [INFO] Daily stock updated successfully for item SCMPL0033758 on 2026-02-27 in table tbldailystock_1: Sales=10, Closing=26
[2026-02-27 13:27:38] [INFO] Starting daily stock update for item SCMPL0033758 sold on 2026-02-27 (Qty: 5)
[2026-02-27 13:27:38] [INFO] Recalculating stock from day 27 for item SCMPL0033758 in 2026-02 in table tbldailystock_1
[2026-02-27 13:27:38] [DEBUG] Day 27: Opening=36, Purchase=0, Sales=15, Closing=21
[2026-02-27 13:27:38] [DEBUG] Day 28: Opening=21, Purchase=0, Sales=0, Closing=21
[2026-02-27 13:27:38] [INFO] Completed recalculating stock for 2026-02 from day 27
[2026-02-27 13:27:38] [INFO] Starting cascading to current month for item SCMPL0033758 sold on 2026-02-27
[2026-02-27 13:27:38] [INFO] Daily stock updated successfully for item SCMPL0033758 on 2026-02-27 in table tbldailystock_1: Sales=15, Closing=21
[2026-02-27 13:27:38] [INFO] Starting daily stock update for item SCMPL0033758 sold on 2026-02-27 (Qty: 5)
[2026-02-27 13:27:38] [INFO] Recalculating stock from day 27 for item SCMPL0033758 in 2026-02 in table tbldailystock_1
[2026-02-27 13:27:38] [DEBUG] Day 27: Opening=36, Purchase=0, Sales=20, Closing=16
[2026-02-27 13:27:38] [DEBUG] Day 28: Opening=16, Purchase=0, Sales=0, Closing=16
[2026-02-27 13:27:38] [INFO] Completed recalculating stock for 2026-02 from day 27
[2026-02-27 13:27:38] [INFO] Starting cascading to current month for item SCMPL0033758 sold on 2026-02-27
[2026-02-27 13:27:38] [INFO] Daily stock updated successfully for item SCMPL0033758 on 2026-02-27 in table tbldailystock_1: Sales=20, Closing=16
[2026-02-27 13:27:38] [INFO] Starting daily stock update for item SCMPL0033758 sold on 2026-02-27 (Qty: 5)
[2026-02-27 13:27:38] [INFO] Recalculating stock from day 27 for item SCMPL0033758 in 2026-02 in table tbldailystock_1
[2026-02-27 13:27:38] [DEBUG] Day 27: Opening=36, Purchase=0, Sales=25, Closing=11
[2026-02-27 13:27:38] [DEBUG] Day 28: Opening=11, Purchase=0, Sales=0, Closing=11
[2026-02-27 13:27:38] [INFO] Completed recalculating stock for 2026-02 from day 27
[2026-02-27 13:27:38] [INFO] Starting cascading to current month for item SCMPL0033758 sold on 2026-02-27
[2026-02-27 13:27:38] [INFO] Daily stock updated successfully for item SCMPL0033758 on 2026-02-27 in table tbldailystock_1: Sales=25, Closing=11
[2026-02-27 13:27:38] [INFO] Starting daily stock update for item SCMPL0033758 sold on 2026-02-27 (Qty: 5)
[2026-02-27 13:27:38] [INFO] Recalculating stock from day 27 for item SCMPL0033758 in 2026-02 in table tbldailystock_1
[2026-02-27 13:27:38] [DEBUG] Day 27: Opening=36, Purchase=0, Sales=30, Closing=6
[2026-02-27 13:27:38] [DEBUG] Day 28: Opening=6, Purchase=0, Sales=0, Closing=6
[2026-02-27 13:27:38] [INFO] Completed recalculating stock for 2026-02 from day 27
[2026-02-27 13:27:38] [INFO] Starting cascading to current month for item SCMPL0033758 sold on 2026-02-27
[2026-02-27 13:27:38] [INFO] Daily stock updated successfully for item SCMPL0033758 on 2026-02-27 in table tbldailystock_1: Sales=30, Closing=6
[2026-02-27 13:27:38] [INFO] Starting daily stock update for item SCMPL0033758 sold on 2026-02-27 (Qty: 5)
[2026-02-27 13:27:38] [INFO] Recalculating stock from day 27 for item SCMPL0033758 in 2026-02 in table tbldailystock_1
[2026-02-27 13:27:38] [DEBUG] Day 27: Opening=36, Purchase=0, Sales=35, Closing=1
[2026-02-27 13:27:38] [DEBUG] Day 28: Opening=1, Purchase=0, Sales=0, Closing=1
[2026-02-27 13:27:38] [INFO] Completed recalculating stock for 2026-02 from day 27
[2026-02-27 13:27:38] [INFO] Starting cascading to current month for item SCMPL0033758 sold on 2026-02-27
[2026-02-27 13:27:38] [INFO] Daily stock updated successfully for item SCMPL0033758 on 2026-02-27 in table tbldailystock_1: Sales=35, Closing=1
[2026-02-27 13:27:38] [INFO] Starting daily stock update for item SCMPL0033758 sold on 2026-02-27 (Qty: 1)
[2026-02-27 13:27:38] [INFO] Recalculating stock from day 27 for item SCMPL0033758 in 2026-02 in table tbldailystock_1
[2026-02-27 13:27:38] [DEBUG] Day 27: Opening=36, Purchase=0, Sales=36, Closing=0
[2026-02-27 13:27:38] [DEBUG] Day 28: Opening=0, Purchase=0, Sales=0, Closing=0
[2026-02-27 13:27:38] [INFO] Completed recalculating stock for 2026-02 from day 27
[2026-02-27 13:27:38] [INFO] Starting cascading to current month for item SCMPL0033758 sold on 2026-02-27
[2026-02-27 13:27:38] [INFO] Daily stock updated successfully for item SCMPL0033758 on 2026-02-27 in table tbldailystock_1: Sales=36, Closing=0
[2026-02-27 13:27:38] [INFO] Starting daily stock update for item SCMPL0037373 sold on 2026-02-27 (Qty: 4)
[2026-02-27 13:27:38] [INFO] Recalculating stock from day 27 for item SCMPL0037373 in 2026-02 in table tbldailystock_1
[2026-02-27 13:27:38] [DEBUG] Day 27: Opening=5, Purchase=0, Sales=4, Closing=1
[2026-02-27 13:27:38] [DEBUG] Day 28: Opening=1, Purchase=0, Sales=0, Closing=1
[2026-02-27 13:27:38] [INFO] Completed recalculating stock for 2026-02 from day 27
[2026-02-27 13:27:38] [INFO] Starting cascading to current month for item SCMPL0037373 sold on 2026-02-27
[2026-02-27 13:27:38] [INFO] Daily stock updated successfully for item SCMPL0037373 on 2026-02-27 in table tbldailystock_1: Sales=4, Closing=1
[2026-02-27 13:27:38] [INFO] Starting daily stock update for item SCMPL0037373 sold on 2026-02-27 (Qty: 1)
[2026-02-27 13:27:38] [INFO] Recalculating stock from day 27 for item SCMPL0037373 in 2026-02 in table tbldailystock_1
[2026-02-27 13:27:38] [DEBUG] Day 27: Opening=5, Purchase=0, Sales=5, Closing=0
[2026-02-27 13:27:38] [DEBUG] Day 28: Opening=0, Purchase=0, Sales=0, Closing=0
[2026-02-27 13:27:38] [INFO] Completed recalculating stock for 2026-02 from day 27
[2026-02-27 13:27:38] [INFO] Starting cascading to current month for item SCMPL0037373 sold on 2026-02-27
[2026-02-27 13:27:38] [INFO] Daily stock updated successfully for item SCMPL0037373 on 2026-02-27 in table tbldailystock_1: Sales=5, Closing=0
[2026-02-27 13:27:38] [INFO] Starting daily stock update for item SCMPL0039775 sold on 2026-02-27 (Qty: 1)
[2026-02-27 13:27:38] [INFO] Recalculating stock from day 27 for item SCMPL0039775 in 2026-02 in table tbldailystock_1
[2026-02-27 13:27:38] [DEBUG] Day 27: Opening=1, Purchase=0, Sales=1, Closing=0
[2026-02-27 13:27:38] [DEBUG] Day 28: Opening=0, Purchase=0, Sales=0, Closing=0
[2026-02-27 13:27:38] [INFO] Completed recalculating stock for 2026-02 from day 27
[2026-02-27 13:27:38] [INFO] Starting cascading to current month for item SCMPL0039775 sold on 2026-02-27
[2026-02-27 13:27:38] [INFO] Daily stock updated successfully for item SCMPL0039775 on 2026-02-27 in table tbldailystock_1: Sales=1, Closing=0
[2026-02-27 13:27:38] [INFO] Starting daily stock update for item SCMPL0039780 sold on 2026-02-27 (Qty: 3)
[2026-02-27 13:27:38] [INFO] Recalculating stock from day 27 for item SCMPL0039780 in 2026-02 in table tbldailystock_1
[2026-02-27 13:27:38] [DEBUG] Day 27: Opening=14, Purchase=0, Sales=3, Closing=11
[2026-02-27 13:27:38] [DEBUG] Day 28: Opening=11, Purchase=0, Sales=0, Closing=11
[2026-02-27 13:27:38] [INFO] Completed recalculating stock for 2026-02 from day 27
[2026-02-27 13:27:38] [INFO] Starting cascading to current month for item SCMPL0039780 sold on 2026-02-27
[2026-02-27 13:27:38] [INFO] Daily stock updated successfully for item SCMPL0039780 on 2026-02-27 in table tbldailystock_1: Sales=3, Closing=11
[2026-02-27 13:27:38] [INFO] Starting daily stock update for item SCMPL0039780 sold on 2026-02-27 (Qty: 5)
[2026-02-27 13:27:38] [INFO] Recalculating stock from day 27 for item SCMPL0039780 in 2026-02 in table tbldailystock_1
[2026-02-27 13:27:38] [DEBUG] Day 27: Opening=14, Purchase=0, Sales=8, Closing=6
[2026-02-27 13:27:38] [DEBUG] Day 28: Opening=6, Purchase=0, Sales=0, Closing=6
[2026-02-27 13:27:38] [INFO] Completed recalculating stock for 2026-02 from day 27
[2026-02-27 13:27:38] [INFO] Starting cascading to current month for item SCMPL0039780 sold on 2026-02-27
[2026-02-27 13:27:38] [INFO] Daily stock updated successfully for item SCMPL0039780 on 2026-02-27 in table tbldailystock_1: Sales=8, Closing=6
[2026-02-27 13:27:38] [INFO] Starting daily stock update for item SCMPL0039780 sold on 2026-02-27 (Qty: 5)
[2026-02-27 13:27:38] [INFO] Recalculating stock from day 27 for item SCMPL0039780 in 2026-02 in table tbldailystock_1
[2026-02-27 13:27:39] [DEBUG] Day 27: Opening=14, Purchase=0, Sales=13, Closing=1
[2026-02-27 13:27:39] [DEBUG] Day 28: Opening=1, Purchase=0, Sales=0, Closing=1
[2026-02-27 13:27:39] [INFO] Completed recalculating stock for 2026-02 from day 27
[2026-02-27 13:27:39] [INFO] Starting cascading to current month for item SCMPL0039780 sold on 2026-02-27
[2026-02-27 13:27:39] [INFO] Daily stock updated successfully for item SCMPL0039780 on 2026-02-27 in table tbldailystock_1: Sales=13, Closing=1
[2026-02-27 13:27:39] [INFO] Starting daily stock update for item SCMPL0039780 sold on 2026-02-27 (Qty: 1)
[2026-02-27 13:27:39] [INFO] Recalculating stock from day 27 for item SCMPL0039780 in 2026-02 in table tbldailystock_1
[2026-02-27 13:27:39] [DEBUG] Day 27: Opening=14, Purchase=0, Sales=14, Closing=0
[2026-02-27 13:27:39] [DEBUG] Day 28: Opening=0, Purchase=0, Sales=0, Closing=0
[2026-02-27 13:27:39] [INFO] Completed recalculating stock for 2026-02 from day 27
[2026-02-27 13:27:39] [INFO] Starting cascading to current month for item SCMPL0039780 sold on 2026-02-27
[2026-02-27 13:27:39] [INFO] Daily stock updated successfully for item SCMPL0039780 on 2026-02-27 in table tbldailystock_1: Sales=14, Closing=0
[2026-02-27 13:27:39] [INFO] Starting daily stock update for item SCMPL0041503 sold on 2026-02-27 (Qty: 4)
[2026-02-27 13:27:39] [INFO] Recalculating stock from day 27 for item SCMPL0041503 in 2026-02 in table tbldailystock_1
[2026-02-27 13:27:39] [DEBUG] Day 27: Opening=44, Purchase=0, Sales=4, Closing=40
[2026-02-27 13:27:39] [DEBUG] Day 28: Opening=40, Purchase=0, Sales=0, Closing=40
[2026-02-27 13:27:39] [INFO] Completed recalculating stock for 2026-02 from day 27
[2026-02-27 13:27:39] [INFO] Starting cascading to current month for item SCMPL0041503 sold on 2026-02-27
[2026-02-27 13:27:39] [INFO] Daily stock updated successfully for item SCMPL0041503 on 2026-02-27 in table tbldailystock_1: Sales=4, Closing=40
[2026-02-27 13:27:39] [INFO] Starting daily stock update for item SCMPL0041503 sold on 2026-02-27 (Qty: 5)
[2026-02-27 13:27:39] [INFO] Recalculating stock from day 27 for item SCMPL0041503 in 2026-02 in table tbldailystock_1
[2026-02-27 13:27:39] [DEBUG] Day 27: Opening=44, Purchase=0, Sales=9, Closing=35
[2026-02-27 13:27:39] [DEBUG] Day 28: Opening=35, Purchase=0, Sales=0, Closing=35
[2026-02-27 13:27:39] [INFO] Completed recalculating stock for 2026-02 from day 27
[2026-02-27 13:27:39] [INFO] Starting cascading to current month for item SCMPL0041503 sold on 2026-02-27
[2026-02-27 13:27:39] [INFO] Daily stock updated successfully for item SCMPL0041503 on 2026-02-27 in table tbldailystock_1: Sales=9, Closing=35
[2026-02-27 13:27:39] [INFO] Starting daily stock update for item SCMPL0041503 sold on 2026-02-27 (Qty: 5)
[2026-02-27 13:27:39] [INFO] Recalculating stock from day 27 for item SCMPL0041503 in 2026-02 in table tbldailystock_1
[2026-02-27 13:27:39] [DEBUG] Day 27: Opening=44, Purchase=0, Sales=14, Closing=30
[2026-02-27 13:27:39] [DEBUG] Day 28: Opening=30, Purchase=0, Sales=0, Closing=30
[2026-02-27 13:27:39] [INFO] Completed recalculating stock for 2026-02 from day 27
[2026-02-27 13:27:39] [INFO] Starting cascading to current month for item SCMPL0041503 sold on 2026-02-27
[2026-02-27 13:27:39] [INFO] Daily stock updated successfully for item SCMPL0041503 on 2026-02-27 in table tbldailystock_1: Sales=14, Closing=30
[2026-02-27 13:27:39] [INFO] Starting daily stock update for item SCMPL0041503 sold on 2026-02-27 (Qty: 5)
[2026-02-27 13:27:39] [INFO] Recalculating stock from day 27 for item SCMPL0041503 in 2026-02 in table tbldailystock_1
[2026-02-27 13:27:39] [DEBUG] Day 27: Opening=44, Purchase=0, Sales=19, Closing=25
[2026-02-27 13:27:39] [DEBUG] Day 28: Opening=25, Purchase=0, Sales=0, Closing=25
[2026-02-27 13:27:39] [INFO] Completed recalculating stock for 2026-02 from day 27
[2026-02-27 13:27:39] [INFO] Starting cascading to current month for item SCMPL0041503 sold on 2026-02-27
[2026-02-27 13:27:39] [INFO] Daily stock updated successfully for item SCMPL0041503 on 2026-02-27 in table tbldailystock_1: Sales=19, Closing=25
[2026-02-27 13:27:39] [INFO] Starting daily stock update for item SCMPL0041503 sold on 2026-02-27 (Qty: 5)
[2026-02-27 13:27:39] [INFO] Recalculating stock from day 27 for item SCMPL0041503 in 2026-02 in table tbldailystock_1
[2026-02-27 13:27:39] [DEBUG] Day 27: Opening=44, Purchase=0, Sales=24, Closing=20
[2026-02-27 13:27:39] [DEBUG] Day 28: Opening=20, Purchase=0, Sales=0, Closing=20
[2026-02-27 13:27:39] [INFO] Completed recalculating stock for 2026-02 from day 27
[2026-02-27 13:27:39] [INFO] Starting cascading to current month for item SCMPL0041503 sold on 2026-02-27
[2026-02-27 13:27:39] [INFO] Daily stock updated successfully for item SCMPL0041503 on 2026-02-27 in table tbldailystock_1: Sales=24, Closing=20
[2026-02-27 13:27:39] [INFO] Starting daily stock update for item SCMPL0041503 sold on 2026-02-27 (Qty: 5)
[2026-02-27 13:27:39] [INFO] Recalculating stock from day 27 for item SCMPL0041503 in 2026-02 in table tbldailystock_1
[2026-02-27 13:27:39] [DEBUG] Day 27: Opening=44, Purchase=0, Sales=29, Closing=15
[2026-02-27 13:27:39] [DEBUG] Day 28: Opening=15, Purchase=0, Sales=0, Closing=15
[2026-02-27 13:27:39] [INFO] Completed recalculating stock for 2026-02 from day 27
[2026-02-27 13:27:39] [INFO] Starting cascading to current month for item SCMPL0041503 sold on 2026-02-27
[2026-02-27 13:27:39] [INFO] Daily stock updated successfully for item SCMPL0041503 on 2026-02-27 in table tbldailystock_1: Sales=29, Closing=15
[2026-02-27 13:27:39] [INFO] Starting daily stock update for item SCMPL0041503 sold on 2026-02-27 (Qty: 5)
[2026-02-27 13:27:39] [INFO] Recalculating stock from day 27 for item SCMPL0041503 in 2026-02 in table tbldailystock_1
[2026-02-27 13:27:39] [DEBUG] Day 27: Opening=44, Purchase=0, Sales=34, Closing=10
[2026-02-27 13:27:39] [DEBUG] Day 28: Opening=10, Purchase=0, Sales=0, Closing=10
[2026-02-27 13:27:39] [INFO] Completed recalculating stock for 2026-02 from day 27
[2026-02-27 13:27:39] [INFO] Starting cascading to current month for item SCMPL0041503 sold on 2026-02-27
[2026-02-27 13:27:39] [INFO] Daily stock updated successfully for item SCMPL0041503 on 2026-02-27 in table tbldailystock_1: Sales=34, Closing=10
[2026-02-27 13:27:39] [INFO] Starting daily stock update for item SCMPL0041503 sold on 2026-02-27 (Qty: 5)
[2026-02-27 13:27:39] [INFO] Recalculating stock from day 27 for item SCMPL0041503 in 2026-02 in table tbldailystock_1
[2026-02-27 13:27:39] [DEBUG] Day 27: Opening=44, Purchase=0, Sales=39, Closing=5
[2026-02-27 13:27:39] [DEBUG] Day 28: Opening=5, Purchase=0, Sales=0, Closing=5
[2026-02-27 13:27:39] [INFO] Completed recalculating stock for 2026-02 from day 27
[2026-02-27 13:27:39] [INFO] Starting cascading to current month for item SCMPL0041503 sold on 2026-02-27
[2026-02-27 13:27:39] [INFO] Daily stock updated successfully for item SCMPL0041503 on 2026-02-27 in table tbldailystock_1: Sales=39, Closing=5
[2026-02-27 13:27:39] [INFO] Starting daily stock update for item SCMPL0041503 sold on 2026-02-27 (Qty: 5)
[2026-02-27 13:27:39] [INFO] Recalculating stock from day 27 for item SCMPL0041503 in 2026-02 in table tbldailystock_1
[2026-02-27 13:27:39] [DEBUG] Day 27: Opening=44, Purchase=0, Sales=44, Closing=0
[2026-02-27 13:27:39] [DEBUG] Day 28: Opening=0, Purchase=0, Sales=0, Closing=0
[2026-02-27 13:27:39] [INFO] Completed recalculating stock for 2026-02 from day 27
[2026-02-27 13:27:39] [INFO] Starting cascading to current month for item SCMPL0041503 sold on 2026-02-27
[2026-02-27 13:27:39] [INFO] Daily stock updated successfully for item SCMPL0041503 on 2026-02-27 in table tbldailystock_1: Sales=44, Closing=0
[2026-02-27 13:27:39] [INFO] Starting daily stock update for item SCMPL0042623 sold on 2026-02-27 (Qty: 5)
[2026-02-27 13:27:39] [INFO] Recalculating stock from day 27 for item SCMPL0042623 in 2026-02 in table tbldailystock_1
[2026-02-27 13:27:39] [DEBUG] Day 27: Opening=50, Purchase=0, Sales=5, Closing=45
[2026-02-27 13:27:39] [DEBUG] Day 28: Opening=45, Purchase=0, Sales=0, Closing=45
[2026-02-27 13:27:39] [INFO] Completed recalculating stock for 2026-02 from day 27
[2026-02-27 13:27:39] [INFO] Starting cascading to current month for item SCMPL0042623 sold on 2026-02-27
[2026-02-27 13:27:39] [INFO] Daily stock updated successfully for item SCMPL0042623 on 2026-02-27 in table tbldailystock_1: Sales=5, Closing=45
[2026-02-27 13:27:39] [INFO] Starting daily stock update for item SCMPL0042623 sold on 2026-02-27 (Qty: 5)
[2026-02-27 13:27:39] [INFO] Recalculating stock from day 27 for item SCMPL0042623 in 2026-02 in table tbldailystock_1
[2026-02-27 13:27:39] [DEBUG] Day 27: Opening=50, Purchase=0, Sales=10, Closing=40
[2026-02-27 13:27:39] [DEBUG] Day 28: Opening=40, Purchase=0, Sales=0, Closing=40
[2026-02-27 13:27:39] [INFO] Completed recalculating stock for 2026-02 from day 27
[2026-02-27 13:27:39] [INFO] Starting cascading to current month for item SCMPL0042623 sold on 2026-02-27
[2026-02-27 13:27:39] [INFO] Daily stock updated successfully for item SCMPL0042623 on 2026-02-27 in table tbldailystock_1: Sales=10, Closing=40
[2026-02-27 13:27:39] [INFO] Starting daily stock update for item SCMPL0042623 sold on 2026-02-27 (Qty: 5)
[2026-02-27 13:27:39] [INFO] Recalculating stock from day 27 for item SCMPL0042623 in 2026-02 in table tbldailystock_1
[2026-02-27 13:27:39] [DEBUG] Day 27: Opening=50, Purchase=0, Sales=15, Closing=35
[2026-02-27 13:27:39] [DEBUG] Day 28: Opening=35, Purchase=0, Sales=0, Closing=35
[2026-02-27 13:27:39] [INFO] Completed recalculating stock for 2026-02 from day 27
[2026-02-27 13:27:39] [INFO] Starting cascading to current month for item SCMPL0042623 sold on 2026-02-27
[2026-02-27 13:27:39] [INFO] Daily stock updated successfully for item SCMPL0042623 on 2026-02-27 in table tbldailystock_1: Sales=15, Closing=35
[2026-02-27 13:27:39] [INFO] Starting daily stock update for item SCMPL0042623 sold on 2026-02-27 (Qty: 5)
[2026-02-27 13:27:39] [INFO] Recalculating stock from day 27 for item SCMPL0042623 in 2026-02 in table tbldailystock_1
[2026-02-27 13:27:39] [DEBUG] Day 27: Opening=50, Purchase=0, Sales=20, Closing=30
[2026-02-27 13:27:39] [DEBUG] Day 28: Opening=30, Purchase=0, Sales=0, Closing=30
[2026-02-27 13:27:39] [INFO] Completed recalculating stock for 2026-02 from day 27
[2026-02-27 13:27:39] [INFO] Starting cascading to current month for item SCMPL0042623 sold on 2026-02-27
[2026-02-27 13:27:39] [INFO] Daily stock updated successfully for item SCMPL0042623 on 2026-02-27 in table tbldailystock_1: Sales=20, Closing=30
[2026-02-27 13:27:39] [INFO] Starting daily stock update for item SCMPL0042623 sold on 2026-02-27 (Qty: 5)
[2026-02-27 13:27:39] [INFO] Recalculating stock from day 27 for item SCMPL0042623 in 2026-02 in table tbldailystock_1
[2026-02-27 13:27:39] [DEBUG] Day 27: Opening=50, Purchase=0, Sales=25, Closing=25
[2026-02-27 13:27:39] [DEBUG] Day 28: Opening=25, Purchase=0, Sales=0, Closing=25
[2026-02-27 13:27:39] [INFO] Completed recalculating stock for 2026-02 from day 27
[2026-02-27 13:27:39] [INFO] Starting cascading to current month for item SCMPL0042623 sold on 2026-02-27
[2026-02-27 13:27:39] [INFO] Daily stock updated successfully for item SCMPL0042623 on 2026-02-27 in table tbldailystock_1: Sales=25, Closing=25
[2026-02-27 13:27:39] [INFO] Starting daily stock update for item SCMPL0042623 sold on 2026-02-27 (Qty: 5)
[2026-02-27 13:27:39] [INFO] Recalculating stock from day 27 for item SCMPL0042623 in 2026-02 in table tbldailystock_1
[2026-02-27 13:27:39] [DEBUG] Day 27: Opening=50, Purchase=0, Sales=30, Closing=20
[2026-02-27 13:27:39] [DEBUG] Day 28: Opening=20, Purchase=0, Sales=0, Closing=20
[2026-02-27 13:27:39] [INFO] Completed recalculating stock for 2026-02 from day 27
[2026-02-27 13:27:39] [INFO] Starting cascading to current month for item SCMPL0042623 sold on 2026-02-27
[2026-02-27 13:27:39] [INFO] Daily stock updated successfully for item SCMPL0042623 on 2026-02-27 in table tbldailystock_1: Sales=30, Closing=20
[2026-02-27 13:27:39] [INFO] Starting daily stock update for item SCMPL0042623 sold on 2026-02-27 (Qty: 5)
[2026-02-27 13:27:39] [INFO] Recalculating stock from day 27 for item SCMPL0042623 in 2026-02 in table tbldailystock_1
[2026-02-27 13:27:39] [DEBUG] Day 27: Opening=50, Purchase=0, Sales=35, Closing=15
[2026-02-27 13:27:39] [DEBUG] Day 28: Opening=15, Purchase=0, Sales=0, Closing=15
[2026-02-27 13:27:39] [INFO] Completed recalculating stock for 2026-02 from day 27
[2026-02-27 13:27:39] [INFO] Starting cascading to current month for item SCMPL0042623 sold on 2026-02-27
[2026-02-27 13:27:39] [INFO] Daily stock updated successfully for item SCMPL0042623 on 2026-02-27 in table tbldailystock_1: Sales=35, Closing=15
[2026-02-27 13:27:39] [INFO] Starting daily stock update for item SCMPL0042623 sold on 2026-02-27 (Qty: 5)
[2026-02-27 13:27:39] [INFO] Recalculating stock from day 27 for item SCMPL0042623 in 2026-02 in table tbldailystock_1
[2026-02-27 13:27:39] [DEBUG] Day 27: Opening=50, Purchase=0, Sales=40, Closing=10
[2026-02-27 13:27:39] [DEBUG] Day 28: Opening=10, Purchase=0, Sales=0, Closing=10
[2026-02-27 13:27:39] [INFO] Completed recalculating stock for 2026-02 from day 27
[2026-02-27 13:27:40] [INFO] Starting cascading to current month for item SCMPL0042623 sold on 2026-02-27
[2026-02-27 13:27:40] [INFO] Daily stock updated successfully for item SCMPL0042623 on 2026-02-27 in table tbldailystock_1: Sales=40, Closing=10
[2026-02-27 13:27:40] [INFO] Starting daily stock update for item SCMPL0042623 sold on 2026-02-27 (Qty: 5)
[2026-02-27 13:27:40] [INFO] Recalculating stock from day 27 for item SCMPL0042623 in 2026-02 in table tbldailystock_1
[2026-02-27 13:27:40] [DEBUG] Day 27: Opening=50, Purchase=0, Sales=45, Closing=5
[2026-02-27 13:27:40] [DEBUG] Day 28: Opening=5, Purchase=0, Sales=0, Closing=5
[2026-02-27 13:27:40] [INFO] Completed recalculating stock for 2026-02 from day 27
[2026-02-27 13:27:40] [INFO] Starting cascading to current month for item SCMPL0042623 sold on 2026-02-27
[2026-02-27 13:27:40] [INFO] Daily stock updated successfully for item SCMPL0042623 on 2026-02-27 in table tbldailystock_1: Sales=45, Closing=5
[2026-02-27 13:27:40] [INFO] Starting daily stock update for item SCMPL0042623 sold on 2026-02-27 (Qty: 5)
[2026-02-27 13:27:40] [INFO] Recalculating stock from day 27 for item SCMPL0042623 in 2026-02 in table tbldailystock_1
[2026-02-27 13:27:40] [DEBUG] Day 27: Opening=50, Purchase=0, Sales=50, Closing=0
[2026-02-27 13:27:40] [DEBUG] Day 28: Opening=0, Purchase=0, Sales=0, Closing=0
[2026-02-27 13:27:40] [INFO] Completed recalculating stock for 2026-02 from day 27
[2026-02-27 13:27:40] [INFO] Starting cascading to current month for item SCMPL0042623 sold on 2026-02-27
[2026-02-27 13:27:40] [INFO] Daily stock updated successfully for item SCMPL0042623 on 2026-02-27 in table tbldailystock_1: Sales=50, Closing=0
[2026-02-27 13:27:40] [INFO] Starting daily stock update for item SCMWN0019723 sold on 2026-02-27 (Qty: 5)
[2026-02-27 13:27:40] [INFO] Recalculating stock from day 27 for item SCMWN0019723 in 2026-02 in table tbldailystock_1
[2026-02-27 13:27:40] [DEBUG] Day 27: Opening=6, Purchase=0, Sales=5, Closing=1
[2026-02-27 13:27:40] [DEBUG] Day 28: Opening=1, Purchase=0, Sales=0, Closing=1
[2026-02-27 13:27:40] [INFO] Completed recalculating stock for 2026-02 from day 27
[2026-02-27 13:27:40] [INFO] Starting cascading to current month for item SCMWN0019723 sold on 2026-02-27
[2026-02-27 13:27:40] [INFO] Daily stock updated successfully for item SCMWN0019723 on 2026-02-27 in table tbldailystock_1: Sales=5, Closing=1
[2026-02-27 13:27:40] [INFO] Starting daily stock update for item SCMWN0019723 sold on 2026-02-27 (Qty: 1)
[2026-02-27 13:27:40] [INFO] Recalculating stock from day 27 for item SCMWN0019723 in 2026-02 in table tbldailystock_1
[2026-02-27 13:27:40] [DEBUG] Day 27: Opening=6, Purchase=0, Sales=6, Closing=0
[2026-02-27 13:27:40] [DEBUG] Day 28: Opening=0, Purchase=0, Sales=0, Closing=0
[2026-02-27 13:27:40] [INFO] Completed recalculating stock for 2026-02 from day 27
[2026-02-27 13:27:40] [INFO] Starting cascading to current month for item SCMWN0019723 sold on 2026-02-27
[2026-02-27 13:27:40] [INFO] Daily stock updated successfully for item SCMWN0019723 on 2026-02-27 in table tbldailystock_1: Sales=6, Closing=0
[2026-02-27 13:27:40] [INFO] Starting daily stock update for item SCMLS0018798 sold on 2026-02-27 (Qty: 4)
[2026-02-27 13:27:40] [INFO] Recalculating stock from day 27 for item SCMLS0018798 in 2026-02 in table tbldailystock_1
[2026-02-27 13:27:40] [DEBUG] Day 27: Opening=6, Purchase=0, Sales=5, Closing=1
[2026-02-27 13:27:40] [DEBUG] Day 28: Opening=1, Purchase=0, Sales=0, Closing=1
[2026-02-27 13:27:40] [INFO] Completed recalculating stock for 2026-02 from day 27
[2026-02-27 13:27:40] [INFO] Starting cascading to current month for item SCMLS0018798 sold on 2026-02-27
[2026-02-27 13:27:40] [INFO] Daily stock updated successfully for item SCMLS0018798 on 2026-02-27 in table tbldailystock_1: Sales=5, Closing=1
[2026-02-27 13:27:40] [INFO] Starting daily stock update for item SCMLS0018798 sold on 2026-02-27 (Qty: 1)
[2026-02-27 13:27:40] [INFO] Recalculating stock from day 27 for item SCMLS0018798 in 2026-02 in table tbldailystock_1
[2026-02-27 13:27:40] [DEBUG] Day 27: Opening=6, Purchase=0, Sales=6, Closing=0
[2026-02-27 13:27:40] [DEBUG] Day 28: Opening=0, Purchase=0, Sales=0, Closing=0
[2026-02-27 13:27:40] [INFO] Completed recalculating stock for 2026-02 from day 27
[2026-02-27 13:27:40] [INFO] Starting cascading to current month for item SCMLS0018798 sold on 2026-02-27
[2026-02-27 13:27:40] [INFO] Daily stock updated successfully for item SCMLS0018798 on 2026-02-27 in table tbldailystock_1: Sales=6, Closing=0
[2026-02-27 13:27:40] [INFO] Starting daily stock update for item SCMLS0030095 sold on 2026-02-27 (Qty: 4)
[2026-02-27 13:27:40] [INFO] Recalculating stock from day 27 for item SCMLS0030095 in 2026-02 in table tbldailystock_1
[2026-02-27 13:27:40] [DEBUG] Day 27: Opening=6, Purchase=0, Sales=4, Closing=2
[2026-02-27 13:27:40] [DEBUG] Day 28: Opening=2, Purchase=0, Sales=0, Closing=2
[2026-02-27 13:27:40] [INFO] Completed recalculating stock for 2026-02 from day 27
[2026-02-27 13:27:40] [INFO] Starting cascading to current month for item SCMLS0030095 sold on 2026-02-27
[2026-02-27 13:27:40] [INFO] Daily stock updated successfully for item SCMLS0030095 on 2026-02-27 in table tbldailystock_1: Sales=4, Closing=2
[2026-02-27 13:27:40] [INFO] Starting daily stock update for item SCMLS0030095 sold on 2026-02-27 (Qty: 2)
[2026-02-27 13:27:40] [INFO] Recalculating stock from day 27 for item SCMLS0030095 in 2026-02 in table tbldailystock_1
[2026-02-27 13:27:40] [DEBUG] Day 27: Opening=6, Purchase=0, Sales=6, Closing=0
[2026-02-27 13:27:40] [DEBUG] Day 28: Opening=0, Purchase=0, Sales=0, Closing=0
[2026-02-27 13:27:40] [INFO] Completed recalculating stock for 2026-02 from day 27
[2026-02-27 13:27:40] [INFO] Starting cascading to current month for item SCMLS0030095 sold on 2026-02-27
[2026-02-27 13:27:40] [INFO] Daily stock updated successfully for item SCMLS0030095 on 2026-02-27 in table tbldailystock_1: Sales=6, Closing=0
[2026-02-27 13:27:40] [INFO] Starting daily stock update for item SCMLS0040513 sold on 2026-02-27 (Qty: 1)
[2026-02-27 13:27:40] [INFO] Recalculating stock from day 27 for item SCMLS0040513 in 2026-02 in table tbldailystock_1
[2026-02-27 13:27:40] [DEBUG] Day 27: Opening=1, Purchase=0, Sales=1, Closing=0
[2026-02-27 13:27:40] [DEBUG] Day 28: Opening=0, Purchase=0, Sales=0, Closing=0
[2026-02-27 13:27:40] [INFO] Completed recalculating stock for 2026-02 from day 27
[2026-02-27 13:27:40] [INFO] Starting cascading to current month for item SCMLS0040513 sold on 2026-02-27
[2026-02-27 13:27:40] [INFO] Daily stock updated successfully for item SCMLS0040513 on 2026-02-27 in table tbldailystock_1: Sales=1, Closing=0
[2026-02-27 13:27:40] [INFO] Starting daily stock update for item SCMPL0021774 sold on 2026-02-27 (Qty: 1)
[2026-02-27 13:27:40] [INFO] Recalculating stock from day 27 for item SCMPL0021774 in 2026-02 in table tbldailystock_1
[2026-02-27 13:27:40] [DEBUG] Day 27: Opening=32, Purchase=0, Sales=1, Closing=31
[2026-02-27 13:27:40] [DEBUG] Day 28: Opening=31, Purchase=0, Sales=0, Closing=31
[2026-02-27 13:27:40] [INFO] Completed recalculating stock for 2026-02 from day 27
[2026-02-27 13:27:40] [INFO] Starting cascading to current month for item SCMPL0021774 sold on 2026-02-27
[2026-02-27 13:27:40] [INFO] Daily stock updated successfully for item SCMPL0021774 on 2026-02-27 in table tbldailystock_1: Sales=1, Closing=31
[2026-02-27 13:27:40] [INFO] Starting daily stock update for item SCMPL0021774 sold on 2026-02-27 (Qty: 3)
[2026-02-27 13:27:40] [INFO] Recalculating stock from day 27 for item SCMPL0021774 in 2026-02 in table tbldailystock_1
[2026-02-27 13:27:40] [DEBUG] Day 27: Opening=32, Purchase=0, Sales=4, Closing=28
[2026-02-27 13:27:40] [DEBUG] Day 28: Opening=28, Purchase=0, Sales=0, Closing=28
[2026-02-27 13:27:40] [INFO] Completed recalculating stock for 2026-02 from day 27
[2026-02-27 13:27:40] [INFO] Starting cascading to current month for item SCMPL0021774 sold on 2026-02-27
[2026-02-27 13:27:40] [INFO] Daily stock updated successfully for item SCMPL0021774 on 2026-02-27 in table tbldailystock_1: Sales=4, Closing=28
[2026-02-27 13:27:40] [INFO] Starting daily stock update for item SCMPL0021774 sold on 2026-02-27 (Qty: 3)
[2026-02-27 13:27:40] [INFO] Recalculating stock from day 27 for item SCMPL0021774 in 2026-02 in table tbldailystock_1
[2026-02-27 13:27:40] [DEBUG] Day 27: Opening=32, Purchase=0, Sales=7, Closing=25
[2026-02-27 13:27:40] [DEBUG] Day 28: Opening=25, Purchase=0, Sales=0, Closing=25
[2026-02-27 13:27:40] [INFO] Completed recalculating stock for 2026-02 from day 27
[2026-02-27 13:27:40] [INFO] Starting cascading to current month for item SCMPL0021774 sold on 2026-02-27
[2026-02-27 13:27:40] [INFO] Daily stock updated successfully for item SCMPL0021774 on 2026-02-27 in table tbldailystock_1: Sales=7, Closing=25
[2026-02-27 13:27:40] [INFO] Starting daily stock update for item SCMPL0021774 sold on 2026-02-27 (Qty: 3)
[2026-02-27 13:27:40] [INFO] Recalculating stock from day 27 for item SCMPL0021774 in 2026-02 in table tbldailystock_1
[2026-02-27 13:27:40] [DEBUG] Day 27: Opening=32, Purchase=0, Sales=10, Closing=22
[2026-02-27 13:27:40] [DEBUG] Day 28: Opening=22, Purchase=0, Sales=0, Closing=22
[2026-02-27 13:27:40] [INFO] Completed recalculating stock for 2026-02 from day 27
[2026-02-27 13:27:40] [INFO] Starting cascading to current month for item SCMPL0021774 sold on 2026-02-27
[2026-02-27 13:27:40] [INFO] Daily stock updated successfully for item SCMPL0021774 on 2026-02-27 in table tbldailystock_1: Sales=10, Closing=22
[2026-02-27 13:27:40] [INFO] Starting daily stock update for item SCMPL0021774 sold on 2026-02-27 (Qty: 3)
[2026-02-27 13:27:40] [INFO] Recalculating stock from day 27 for item SCMPL0021774 in 2026-02 in table tbldailystock_1
[2026-02-27 13:27:40] [DEBUG] Day 27: Opening=32, Purchase=0, Sales=13, Closing=19
[2026-02-27 13:27:40] [DEBUG] Day 28: Opening=19, Purchase=0, Sales=0, Closing=19
[2026-02-27 13:27:40] [INFO] Completed recalculating stock for 2026-02 from day 27
[2026-02-27 13:27:40] [INFO] Starting cascading to current month for item SCMPL0021774 sold on 2026-02-27
[2026-02-27 13:27:40] [INFO] Daily stock updated successfully for item SCMPL0021774 on 2026-02-27 in table tbldailystock_1: Sales=13, Closing=19
[2026-02-27 13:27:40] [INFO] Starting daily stock update for item SCMPL0021774 sold on 2026-02-27 (Qty: 3)
[2026-02-27 13:27:40] [INFO] Recalculating stock from day 27 for item SCMPL0021774 in 2026-02 in table tbldailystock_1
[2026-02-27 13:27:40] [DEBUG] Day 27: Opening=32, Purchase=0, Sales=16, Closing=16
[2026-02-27 13:27:40] [DEBUG] Day 28: Opening=16, Purchase=0, Sales=0, Closing=16
[2026-02-27 13:27:40] [INFO] Completed recalculating stock for 2026-02 from day 27
[2026-02-27 13:27:40] [INFO] Starting cascading to current month for item SCMPL0021774 sold on 2026-02-27
[2026-02-27 13:27:40] [INFO] Daily stock updated successfully for item SCMPL0021774 on 2026-02-27 in table tbldailystock_1: Sales=16, Closing=16
[2026-02-27 13:27:40] [INFO] Starting daily stock update for item SCMPL0021774 sold on 2026-02-27 (Qty: 3)
[2026-02-27 13:27:40] [INFO] Recalculating stock from day 27 for item SCMPL0021774 in 2026-02 in table tbldailystock_1
[2026-02-27 13:27:40] [DEBUG] Day 27: Opening=32, Purchase=0, Sales=19, Closing=13
[2026-02-27 13:27:40] [DEBUG] Day 28: Opening=13, Purchase=0, Sales=0, Closing=13
[2026-02-27 13:27:40] [INFO] Completed recalculating stock for 2026-02 from day 27
[2026-02-27 13:27:40] [INFO] Starting cascading to current month for item SCMPL0021774 sold on 2026-02-27
[2026-02-27 13:27:40] [INFO] Daily stock updated successfully for item SCMPL0021774 on 2026-02-27 in table tbldailystock_1: Sales=19, Closing=13
[2026-02-27 13:27:40] [INFO] Starting daily stock update for item SCMPL0021774 sold on 2026-02-27 (Qty: 3)
[2026-02-27 13:27:40] [INFO] Recalculating stock from day 27 for item SCMPL0021774 in 2026-02 in table tbldailystock_1
[2026-02-27 13:27:40] [DEBUG] Day 27: Opening=32, Purchase=0, Sales=22, Closing=10
[2026-02-27 13:27:40] [DEBUG] Day 28: Opening=10, Purchase=0, Sales=0, Closing=10
[2026-02-27 13:27:40] [INFO] Completed recalculating stock for 2026-02 from day 27
[2026-02-27 13:27:40] [INFO] Starting cascading to current month for item SCMPL0021774 sold on 2026-02-27
[2026-02-27 13:27:40] [INFO] Daily stock updated successfully for item SCMPL0021774 on 2026-02-27 in table tbldailystock_1: Sales=22, Closing=10
[2026-02-27 13:27:40] [INFO] Starting daily stock update for item SCMPL0021774 sold on 2026-02-27 (Qty: 3)
[2026-02-27 13:27:40] [INFO] Recalculating stock from day 27 for item SCMPL0021774 in 2026-02 in table tbldailystock_1
[2026-02-27 13:27:40] [DEBUG] Day 27: Opening=32, Purchase=0, Sales=25, Closing=7
[2026-02-27 13:27:40] [DEBUG] Day 28: Opening=7, Purchase=0, Sales=0, Closing=7
[2026-02-27 13:27:40] [INFO] Completed recalculating stock for 2026-02 from day 27
[2026-02-27 13:27:40] [INFO] Starting cascading to current month for item SCMPL0021774 sold on 2026-02-27
[2026-02-27 13:27:40] [INFO] Daily stock updated successfully for item SCMPL0021774 on 2026-02-27 in table tbldailystock_1: Sales=25, Closing=7
[2026-02-27 13:27:40] [INFO] Starting daily stock update for item SCMPL0021774 sold on 2026-02-27 (Qty: 3)
[2026-02-27 13:27:40] [INFO] Recalculating stock from day 27 for item SCMPL0021774 in 2026-02 in table tbldailystock_1
[2026-02-27 13:27:40] [DEBUG] Day 27: Opening=32, Purchase=0, Sales=28, Closing=4
[2026-02-27 13:27:40] [DEBUG] Day 28: Opening=4, Purchase=0, Sales=0, Closing=4
[2026-02-27 13:27:40] [INFO] Completed recalculating stock for 2026-02 from day 27
[2026-02-27 13:27:40] [INFO] Starting cascading to current month for item SCMPL0021774 sold on 2026-02-27
[2026-02-27 13:27:40] [INFO] Daily stock updated successfully for item SCMPL0021774 on 2026-02-27 in table tbldailystock_1: Sales=28, Closing=4
[2026-02-27 13:27:40] [INFO] Starting daily stock update for item SCMPL0021774 sold on 2026-02-27 (Qty: 3)
[2026-02-27 13:27:40] [INFO] Recalculating stock from day 27 for item SCMPL0021774 in 2026-02 in table tbldailystock_1
[2026-02-27 13:27:41] [DEBUG] Day 27: Opening=32, Purchase=0, Sales=31, Closing=1
[2026-02-27 13:27:41] [DEBUG] Day 28: Opening=1, Purchase=0, Sales=0, Closing=1
[2026-02-27 13:27:41] [INFO] Completed recalculating stock for 2026-02 from day 27
[2026-02-27 13:27:41] [INFO] Starting cascading to current month for item SCMPL0021774 sold on 2026-02-27
[2026-02-27 13:27:41] [INFO] Daily stock updated successfully for item SCMPL0021774 on 2026-02-27 in table tbldailystock_1: Sales=31, Closing=1
[2026-02-27 13:27:41] [INFO] Starting daily stock update for item SCMPL0021774 sold on 2026-02-27 (Qty: 1)
[2026-02-27 13:27:41] [INFO] Recalculating stock from day 27 for item SCMPL0021774 in 2026-02 in table tbldailystock_1
[2026-02-27 13:27:41] [DEBUG] Day 27: Opening=32, Purchase=0, Sales=32, Closing=0
[2026-02-27 13:27:41] [DEBUG] Day 28: Opening=0, Purchase=0, Sales=0, Closing=0
[2026-02-27 13:27:41] [INFO] Completed recalculating stock for 2026-02 from day 27
[2026-02-27 13:27:41] [INFO] Starting cascading to current month for item SCMPL0021774 sold on 2026-02-27
[2026-02-27 13:27:41] [INFO] Daily stock updated successfully for item SCMPL0021774 on 2026-02-27 in table tbldailystock_1: Sales=32, Closing=0
[2026-02-27 13:27:41] [INFO] Starting daily stock update for item SCMBR0009735 sold on 2026-02-27 (Qty: 2)
[2026-02-27 13:27:41] [INFO] Recalculating stock from day 27 for item SCMBR0009735 in 2026-02 in table tbldailystock_1
[2026-02-27 13:27:41] [DEBUG] Day 27: Opening=50, Purchase=0, Sales=2, Closing=48
[2026-02-27 13:27:41] [DEBUG] Day 28: Opening=48, Purchase=0, Sales=0, Closing=48
[2026-02-27 13:27:41] [INFO] Completed recalculating stock for 2026-02 from day 27
[2026-02-27 13:27:41] [INFO] Starting cascading to current month for item SCMBR0009735 sold on 2026-02-27
[2026-02-27 13:27:41] [INFO] Daily stock updated successfully for item SCMBR0009735 on 2026-02-27 in table tbldailystock_1: Sales=2, Closing=48
[2026-02-27 13:27:41] [INFO] Starting daily stock update for item SCMBR0009735 sold on 2026-02-27 (Qty: 3)
[2026-02-27 13:27:41] [INFO] Recalculating stock from day 27 for item SCMBR0009735 in 2026-02 in table tbldailystock_1
[2026-02-27 13:27:41] [DEBUG] Day 27: Opening=50, Purchase=0, Sales=5, Closing=45
[2026-02-27 13:27:41] [DEBUG] Day 28: Opening=45, Purchase=0, Sales=0, Closing=45
[2026-02-27 13:27:41] [INFO] Completed recalculating stock for 2026-02 from day 27
[2026-02-27 13:27:41] [INFO] Starting cascading to current month for item SCMBR0009735 sold on 2026-02-27
[2026-02-27 13:27:41] [INFO] Daily stock updated successfully for item SCMBR0009735 on 2026-02-27 in table tbldailystock_1: Sales=5, Closing=45
[2026-02-27 13:27:41] [INFO] Starting daily stock update for item SCMBR0009735 sold on 2026-02-27 (Qty: 3)
[2026-02-27 13:27:41] [INFO] Recalculating stock from day 27 for item SCMBR0009735 in 2026-02 in table tbldailystock_1
[2026-02-27 13:27:41] [DEBUG] Day 27: Opening=50, Purchase=0, Sales=8, Closing=42
[2026-02-27 13:27:41] [DEBUG] Day 28: Opening=42, Purchase=0, Sales=0, Closing=42
[2026-02-27 13:27:41] [INFO] Completed recalculating stock for 2026-02 from day 27
[2026-02-27 13:27:41] [INFO] Starting cascading to current month for item SCMBR0009735 sold on 2026-02-27
[2026-02-27 13:27:41] [INFO] Daily stock updated successfully for item SCMBR0009735 on 2026-02-27 in table tbldailystock_1: Sales=8, Closing=42
[2026-02-27 13:27:41] [INFO] Starting daily stock update for item SCMBR0009735 sold on 2026-02-27 (Qty: 3)
[2026-02-27 13:27:41] [INFO] Recalculating stock from day 27 for item SCMBR0009735 in 2026-02 in table tbldailystock_1
[2026-02-27 13:27:41] [DEBUG] Day 27: Opening=50, Purchase=0, Sales=11, Closing=39
[2026-02-27 13:27:41] [DEBUG] Day 28: Opening=39, Purchase=0, Sales=0, Closing=39
[2026-02-27 13:27:41] [INFO] Completed recalculating stock for 2026-02 from day 27
[2026-02-27 13:27:41] [INFO] Starting cascading to current month for item SCMBR0009735 sold on 2026-02-27
[2026-02-27 13:27:41] [INFO] Daily stock updated successfully for item SCMBR0009735 on 2026-02-27 in table tbldailystock_1: Sales=11, Closing=39
[2026-02-27 13:27:41] [INFO] Starting daily stock update for item SCMBR0009735 sold on 2026-02-27 (Qty: 3)
[2026-02-27 13:27:41] [INFO] Recalculating stock from day 27 for item SCMBR0009735 in 2026-02 in table tbldailystock_1
[2026-02-27 13:27:41] [DEBUG] Day 27: Opening=50, Purchase=0, Sales=14, Closing=36
[2026-02-27 13:27:41] [DEBUG] Day 28: Opening=36, Purchase=0, Sales=0, Closing=36
[2026-02-27 13:27:41] [INFO] Completed recalculating stock for 2026-02 from day 27
[2026-02-27 13:27:41] [INFO] Starting cascading to current month for item SCMBR0009735 sold on 2026-02-27
[2026-02-27 13:27:41] [INFO] Daily stock updated successfully for item SCMBR0009735 on 2026-02-27 in table tbldailystock_1: Sales=14, Closing=36
[2026-02-27 13:27:41] [INFO] Starting daily stock update for item SCMBR0009735 sold on 2026-02-27 (Qty: 3)
[2026-02-27 13:27:41] [INFO] Recalculating stock from day 27 for item SCMBR0009735 in 2026-02 in table tbldailystock_1
[2026-02-27 13:27:41] [DEBUG] Day 27: Opening=50, Purchase=0, Sales=17, Closing=33
[2026-02-27 13:27:41] [DEBUG] Day 28: Opening=33, Purchase=0, Sales=0, Closing=33
[2026-02-27 13:27:41] [INFO] Completed recalculating stock for 2026-02 from day 27
[2026-02-27 13:27:41] [INFO] Starting cascading to current month for item SCMBR0009735 sold on 2026-02-27
[2026-02-27 13:27:41] [INFO] Daily stock updated successfully for item SCMBR0009735 on 2026-02-27 in table tbldailystock_1: Sales=17, Closing=33
[2026-02-27 13:27:41] [INFO] Starting daily stock update for item SCMBR0009735 sold on 2026-02-27 (Qty: 3)
[2026-02-27 13:27:41] [INFO] Recalculating stock from day 27 for item SCMBR0009735 in 2026-02 in table tbldailystock_1
[2026-02-27 13:27:41] [DEBUG] Day 27: Opening=50, Purchase=0, Sales=20, Closing=30
[2026-02-27 13:27:41] [DEBUG] Day 28: Opening=30, Purchase=0, Sales=0, Closing=30
[2026-02-27 13:27:41] [INFO] Completed recalculating stock for 2026-02 from day 27
[2026-02-27 13:27:41] [INFO] Starting cascading to current month for item SCMBR0009735 sold on 2026-02-27
[2026-02-27 13:27:41] [INFO] Daily stock updated successfully for item SCMBR0009735 on 2026-02-27 in table tbldailystock_1: Sales=20, Closing=30
[2026-02-27 13:27:41] [INFO] Starting daily stock update for item SCMBR0009735 sold on 2026-02-27 (Qty: 3)
[2026-02-27 13:27:41] [INFO] Recalculating stock from day 27 for item SCMBR0009735 in 2026-02 in table tbldailystock_1
[2026-02-27 13:27:41] [DEBUG] Day 27: Opening=50, Purchase=0, Sales=23, Closing=27
[2026-02-27 13:27:41] [DEBUG] Day 28: Opening=27, Purchase=0, Sales=0, Closing=27
[2026-02-27 13:27:41] [INFO] Completed recalculating stock for 2026-02 from day 27
[2026-02-27 13:27:41] [INFO] Starting cascading to current month for item SCMBR0009735 sold on 2026-02-27
[2026-02-27 13:27:41] [INFO] Daily stock updated successfully for item SCMBR0009735 on 2026-02-27 in table tbldailystock_1: Sales=23, Closing=27
[2026-02-27 13:27:41] [INFO] Starting daily stock update for item SCMBR0009735 sold on 2026-02-27 (Qty: 3)
[2026-02-27 13:27:41] [INFO] Recalculating stock from day 27 for item SCMBR0009735 in 2026-02 in table tbldailystock_1
[2026-02-27 13:27:41] [DEBUG] Day 27: Opening=50, Purchase=0, Sales=26, Closing=24
[2026-02-27 13:27:41] [DEBUG] Day 28: Opening=24, Purchase=0, Sales=0, Closing=24
[2026-02-27 13:27:41] [INFO] Completed recalculating stock for 2026-02 from day 27
[2026-02-27 13:27:41] [INFO] Starting cascading to current month for item SCMBR0009735 sold on 2026-02-27
[2026-02-27 13:27:41] [INFO] Daily stock updated successfully for item SCMBR0009735 on 2026-02-27 in table tbldailystock_1: Sales=26, Closing=24
[2026-02-27 13:27:41] [INFO] Starting daily stock update for item SCMBR0009735 sold on 2026-02-27 (Qty: 3)
[2026-02-27 13:27:41] [INFO] Recalculating stock from day 27 for item SCMBR0009735 in 2026-02 in table tbldailystock_1
[2026-02-27 13:27:41] [DEBUG] Day 27: Opening=50, Purchase=0, Sales=29, Closing=21
[2026-02-27 13:27:41] [DEBUG] Day 28: Opening=21, Purchase=0, Sales=0, Closing=21
[2026-02-27 13:27:41] [INFO] Completed recalculating stock for 2026-02 from day 27
[2026-02-27 13:27:41] [INFO] Starting cascading to current month for item SCMBR0009735 sold on 2026-02-27
[2026-02-27 13:27:41] [INFO] Daily stock updated successfully for item SCMBR0009735 on 2026-02-27 in table tbldailystock_1: Sales=29, Closing=21
[2026-02-27 13:27:41] [INFO] Starting daily stock update for item SCMBR0009735 sold on 2026-02-27 (Qty: 3)
[2026-02-27 13:27:41] [INFO] Recalculating stock from day 27 for item SCMBR0009735 in 2026-02 in table tbldailystock_1
[2026-02-27 13:27:41] [DEBUG] Day 27: Opening=50, Purchase=0, Sales=32, Closing=18
[2026-02-27 13:27:41] [DEBUG] Day 28: Opening=18, Purchase=0, Sales=0, Closing=18
[2026-02-27 13:27:41] [INFO] Completed recalculating stock for 2026-02 from day 27
[2026-02-27 13:27:41] [INFO] Starting cascading to current month for item SCMBR0009735 sold on 2026-02-27
[2026-02-27 13:27:41] [INFO] Daily stock updated successfully for item SCMBR0009735 on 2026-02-27 in table tbldailystock_1: Sales=32, Closing=18
[2026-02-27 13:27:41] [INFO] Starting daily stock update for item SCMBR0009735 sold on 2026-02-27 (Qty: 3)
[2026-02-27 13:27:41] [INFO] Recalculating stock from day 27 for item SCMBR0009735 in 2026-02 in table tbldailystock_1
[2026-02-27 13:27:41] [DEBUG] Day 27: Opening=50, Purchase=0, Sales=35, Closing=15
[2026-02-27 13:27:41] [DEBUG] Day 28: Opening=15, Purchase=0, Sales=0, Closing=15
[2026-02-27 13:27:41] [INFO] Completed recalculating stock for 2026-02 from day 27
[2026-02-27 13:27:41] [INFO] Starting cascading to current month for item SCMBR0009735 sold on 2026-02-27
[2026-02-27 13:27:41] [INFO] Daily stock updated successfully for item SCMBR0009735 on 2026-02-27 in table tbldailystock_1: Sales=35, Closing=15
[2026-02-27 13:27:41] [INFO] Starting daily stock update for item SCMBR0009735 sold on 2026-02-27 (Qty: 3)
[2026-02-27 13:27:41] [INFO] Recalculating stock from day 27 for item SCMBR0009735 in 2026-02 in table tbldailystock_1
[2026-02-27 13:27:41] [DEBUG] Day 27: Opening=50, Purchase=0, Sales=38, Closing=12
[2026-02-27 13:27:41] [DEBUG] Day 28: Opening=12, Purchase=0, Sales=0, Closing=12
[2026-02-27 13:27:41] [INFO] Completed recalculating stock for 2026-02 from day 27
[2026-02-27 13:27:41] [INFO] Starting cascading to current month for item SCMBR0009735 sold on 2026-02-27
[2026-02-27 13:27:41] [INFO] Daily stock updated successfully for item SCMBR0009735 on 2026-02-27 in table tbldailystock_1: Sales=38, Closing=12
[2026-02-27 13:27:41] [INFO] Starting daily stock update for item SCMBR0009735 sold on 2026-02-27 (Qty: 3)
[2026-02-27 13:27:41] [INFO] Recalculating stock from day 27 for item SCMBR0009735 in 2026-02 in table tbldailystock_1
[2026-02-27 13:27:41] [DEBUG] Day 27: Opening=50, Purchase=0, Sales=41, Closing=9
[2026-02-27 13:27:41] [DEBUG] Day 28: Opening=9, Purchase=0, Sales=0, Closing=9
[2026-02-27 13:27:41] [INFO] Completed recalculating stock for 2026-02 from day 27
[2026-02-27 13:27:41] [INFO] Starting cascading to current month for item SCMBR0009735 sold on 2026-02-27
[2026-02-27 13:27:41] [INFO] Daily stock updated successfully for item SCMBR0009735 on 2026-02-27 in table tbldailystock_1: Sales=41, Closing=9
[2026-02-27 13:27:41] [INFO] Starting daily stock update for item SCMBR0009735 sold on 2026-02-27 (Qty: 3)
[2026-02-27 13:27:41] [INFO] Recalculating stock from day 27 for item SCMBR0009735 in 2026-02 in table tbldailystock_1
[2026-02-27 13:27:41] [DEBUG] Day 27: Opening=50, Purchase=0, Sales=44, Closing=6
[2026-02-27 13:27:41] [DEBUG] Day 28: Opening=6, Purchase=0, Sales=0, Closing=6
[2026-02-27 13:27:41] [INFO] Completed recalculating stock for 2026-02 from day 27
[2026-02-27 13:27:41] [INFO] Starting cascading to current month for item SCMBR0009735 sold on 2026-02-27
[2026-02-27 13:27:41] [INFO] Daily stock updated successfully for item SCMBR0009735 on 2026-02-27 in table tbldailystock_1: Sales=44, Closing=6
[2026-02-27 13:27:41] [INFO] Starting daily stock update for item SCMBR0009735 sold on 2026-02-27 (Qty: 3)
[2026-02-27 13:27:41] [INFO] Recalculating stock from day 27 for item SCMBR0009735 in 2026-02 in table tbldailystock_1
[2026-02-27 13:27:41] [DEBUG] Day 27: Opening=50, Purchase=0, Sales=47, Closing=3
[2026-02-27 13:27:42] [DEBUG] Day 28: Opening=3, Purchase=0, Sales=0, Closing=3
[2026-02-27 13:27:42] [INFO] Completed recalculating stock for 2026-02 from day 27
[2026-02-27 13:27:42] [INFO] Starting cascading to current month for item SCMBR0009735 sold on 2026-02-27
[2026-02-27 13:27:42] [INFO] Daily stock updated successfully for item SCMBR0009735 on 2026-02-27 in table tbldailystock_1: Sales=47, Closing=3
[2026-02-27 13:27:42] [INFO] Starting daily stock update for item SCMBR0009735 sold on 2026-02-27 (Qty: 3)
[2026-02-27 13:27:42] [INFO] Recalculating stock from day 27 for item SCMBR0009735 in 2026-02 in table tbldailystock_1
[2026-02-27 13:27:42] [DEBUG] Day 27: Opening=50, Purchase=0, Sales=50, Closing=0
[2026-02-27 13:27:42] [DEBUG] Day 28: Opening=0, Purchase=0, Sales=0, Closing=0
[2026-02-27 13:27:42] [INFO] Completed recalculating stock for 2026-02 from day 27
[2026-02-27 13:27:42] [INFO] Starting cascading to current month for item SCMBR0009735 sold on 2026-02-27
[2026-02-27 13:27:42] [INFO] Daily stock updated successfully for item SCMBR0009735 on 2026-02-27 in table tbldailystock_1: Sales=50, Closing=0
[2026-02-27 13:27:42] [INFO] Starting daily stock update for item SCMBR0009847 sold on 2026-02-27 (Qty: 3)
[2026-02-27 13:27:42] [INFO] Recalculating stock from day 27 for item SCMBR0009847 in 2026-02 in table tbldailystock_1
[2026-02-27 13:27:42] [DEBUG] Day 27: Opening=46, Purchase=0, Sales=3, Closing=43
[2026-02-27 13:27:42] [DEBUG] Day 28: Opening=43, Purchase=0, Sales=0, Closing=43
[2026-02-27 13:27:42] [INFO] Completed recalculating stock for 2026-02 from day 27
[2026-02-27 13:27:42] [INFO] Starting cascading to current month for item SCMBR0009847 sold on 2026-02-27
[2026-02-27 13:27:42] [INFO] Daily stock updated successfully for item SCMBR0009847 on 2026-02-27 in table tbldailystock_1: Sales=3, Closing=43
[2026-02-27 13:27:42] [INFO] Starting daily stock update for item SCMBR0009847 sold on 2026-02-27 (Qty: 3)
[2026-02-27 13:27:42] [INFO] Recalculating stock from day 27 for item SCMBR0009847 in 2026-02 in table tbldailystock_1
[2026-02-27 13:27:42] [DEBUG] Day 27: Opening=46, Purchase=0, Sales=6, Closing=40
[2026-02-27 13:27:42] [DEBUG] Day 28: Opening=40, Purchase=0, Sales=0, Closing=40
[2026-02-27 13:27:42] [INFO] Completed recalculating stock for 2026-02 from day 27
[2026-02-27 13:27:42] [INFO] Starting cascading to current month for item SCMBR0009847 sold on 2026-02-27
[2026-02-27 13:27:42] [INFO] Daily stock updated successfully for item SCMBR0009847 on 2026-02-27 in table tbldailystock_1: Sales=6, Closing=40
[2026-02-27 13:27:42] [INFO] Starting daily stock update for item SCMBR0009847 sold on 2026-02-27 (Qty: 3)
[2026-02-27 13:27:42] [INFO] Recalculating stock from day 27 for item SCMBR0009847 in 2026-02 in table tbldailystock_1
[2026-02-27 13:27:42] [DEBUG] Day 27: Opening=46, Purchase=0, Sales=9, Closing=37
[2026-02-27 13:27:42] [DEBUG] Day 28: Opening=37, Purchase=0, Sales=0, Closing=37
[2026-02-27 13:27:42] [INFO] Completed recalculating stock for 2026-02 from day 27
[2026-02-27 13:27:42] [INFO] Starting cascading to current month for item SCMBR0009847 sold on 2026-02-27
[2026-02-27 13:27:42] [INFO] Daily stock updated successfully for item SCMBR0009847 on 2026-02-27 in table tbldailystock_1: Sales=9, Closing=37
[2026-02-27 13:27:42] [INFO] Starting daily stock update for item SCMBR0009847 sold on 2026-02-27 (Qty: 3)
[2026-02-27 13:27:42] [INFO] Recalculating stock from day 27 for item SCMBR0009847 in 2026-02 in table tbldailystock_1
[2026-02-27 13:27:42] [DEBUG] Day 27: Opening=46, Purchase=0, Sales=12, Closing=34
[2026-02-27 13:27:42] [DEBUG] Day 28: Opening=34, Purchase=0, Sales=0, Closing=34
[2026-02-27 13:27:42] [INFO] Completed recalculating stock for 2026-02 from day 27
[2026-02-27 13:27:42] [INFO] Starting cascading to current month for item SCMBR0009847 sold on 2026-02-27
[2026-02-27 13:27:42] [INFO] Daily stock updated successfully for item SCMBR0009847 on 2026-02-27 in table tbldailystock_1: Sales=12, Closing=34
[2026-02-27 13:27:42] [INFO] Starting daily stock update for item SCMBR0009847 sold on 2026-02-27 (Qty: 3)
[2026-02-27 13:27:42] [INFO] Recalculating stock from day 27 for item SCMBR0009847 in 2026-02 in table tbldailystock_1
[2026-02-27 13:27:42] [DEBUG] Day 27: Opening=46, Purchase=0, Sales=15, Closing=31
[2026-02-27 13:27:42] [DEBUG] Day 28: Opening=31, Purchase=0, Sales=0, Closing=31
[2026-02-27 13:27:42] [INFO] Completed recalculating stock for 2026-02 from day 27
[2026-02-27 13:27:42] [INFO] Starting cascading to current month for item SCMBR0009847 sold on 2026-02-27
[2026-02-27 13:27:42] [INFO] Daily stock updated successfully for item SCMBR0009847 on 2026-02-27 in table tbldailystock_1: Sales=15, Closing=31
[2026-02-27 13:27:42] [INFO] Starting daily stock update for item SCMBR0009847 sold on 2026-02-27 (Qty: 3)
[2026-02-27 13:27:42] [INFO] Recalculating stock from day 27 for item SCMBR0009847 in 2026-02 in table tbldailystock_1
[2026-02-27 13:27:42] [DEBUG] Day 27: Opening=46, Purchase=0, Sales=18, Closing=28
[2026-02-27 13:27:42] [DEBUG] Day 28: Opening=28, Purchase=0, Sales=0, Closing=28
[2026-02-27 13:27:42] [INFO] Completed recalculating stock for 2026-02 from day 27
[2026-02-27 13:27:42] [INFO] Starting cascading to current month for item SCMBR0009847 sold on 2026-02-27
[2026-02-27 13:27:42] [INFO] Daily stock updated successfully for item SCMBR0009847 on 2026-02-27 in table tbldailystock_1: Sales=18, Closing=28
[2026-02-27 13:27:42] [INFO] Starting daily stock update for item SCMBR0009847 sold on 2026-02-27 (Qty: 3)
[2026-02-27 13:27:42] [INFO] Recalculating stock from day 27 for item SCMBR0009847 in 2026-02 in table tbldailystock_1
[2026-02-27 13:27:42] [DEBUG] Day 27: Opening=46, Purchase=0, Sales=21, Closing=25
[2026-02-27 13:27:42] [DEBUG] Day 28: Opening=25, Purchase=0, Sales=0, Closing=25
[2026-02-27 13:27:42] [INFO] Completed recalculating stock for 2026-02 from day 27
[2026-02-27 13:27:42] [INFO] Starting cascading to current month for item SCMBR0009847 sold on 2026-02-27
[2026-02-27 13:27:42] [INFO] Daily stock updated successfully for item SCMBR0009847 on 2026-02-27 in table tbldailystock_1: Sales=21, Closing=25
[2026-02-27 13:27:42] [INFO] Starting daily stock update for item SCMBR0009847 sold on 2026-02-27 (Qty: 3)
[2026-02-27 13:27:42] [INFO] Recalculating stock from day 27 for item SCMBR0009847 in 2026-02 in table tbldailystock_1
[2026-02-27 13:27:43] [DEBUG] Day 27: Opening=46, Purchase=0, Sales=24, Closing=22
[2026-02-27 13:27:43] [DEBUG] Day 28: Opening=22, Purchase=0, Sales=0, Closing=22
[2026-02-27 13:27:43] [INFO] Completed recalculating stock for 2026-02 from day 27
[2026-02-27 13:27:43] [INFO] Starting cascading to current month for item SCMBR0009847 sold on 2026-02-27
[2026-02-27 13:27:43] [INFO] Daily stock updated successfully for item SCMBR0009847 on 2026-02-27 in table tbldailystock_1: Sales=24, Closing=22
[2026-02-27 13:27:43] [INFO] Starting daily stock update for item SCMBR0009847 sold on 2026-02-27 (Qty: 3)
[2026-02-27 13:27:43] [INFO] Recalculating stock from day 27 for item SCMBR0009847 in 2026-02 in table tbldailystock_1
[2026-02-27 13:27:43] [DEBUG] Day 27: Opening=46, Purchase=0, Sales=27, Closing=19
[2026-02-27 13:27:43] [DEBUG] Day 28: Opening=19, Purchase=0, Sales=0, Closing=19
[2026-02-27 13:27:43] [INFO] Completed recalculating stock for 2026-02 from day 27
[2026-02-27 13:27:43] [INFO] Starting cascading to current month for item SCMBR0009847 sold on 2026-02-27
[2026-02-27 13:27:43] [INFO] Daily stock updated successfully for item SCMBR0009847 on 2026-02-27 in table tbldailystock_1: Sales=27, Closing=19
[2026-02-27 13:27:43] [INFO] Starting daily stock update for item SCMBR0009847 sold on 2026-02-27 (Qty: 3)
[2026-02-27 13:27:43] [INFO] Recalculating stock from day 27 for item SCMBR0009847 in 2026-02 in table tbldailystock_1
[2026-02-27 13:27:43] [DEBUG] Day 27: Opening=46, Purchase=0, Sales=30, Closing=16
[2026-02-27 13:27:43] [DEBUG] Day 28: Opening=16, Purchase=0, Sales=0, Closing=16
[2026-02-27 13:27:43] [INFO] Completed recalculating stock for 2026-02 from day 27
[2026-02-27 13:27:43] [INFO] Starting cascading to current month for item SCMBR0009847 sold on 2026-02-27
[2026-02-27 13:27:43] [INFO] Daily stock updated successfully for item SCMBR0009847 on 2026-02-27 in table tbldailystock_1: Sales=30, Closing=16
[2026-02-27 13:27:43] [INFO] Starting daily stock update for item SCMBR0009847 sold on 2026-02-27 (Qty: 3)
[2026-02-27 13:27:43] [INFO] Recalculating stock from day 27 for item SCMBR0009847 in 2026-02 in table tbldailystock_1
[2026-02-27 13:27:43] [DEBUG] Day 27: Opening=46, Purchase=0, Sales=33, Closing=13
[2026-02-27 13:27:43] [DEBUG] Day 28: Opening=13, Purchase=0, Sales=0, Closing=13
[2026-02-27 13:27:43] [INFO] Completed recalculating stock for 2026-02 from day 27
[2026-02-27 13:27:43] [INFO] Starting cascading to current month for item SCMBR0009847 sold on 2026-02-27
[2026-02-27 13:27:43] [INFO] Daily stock updated successfully for item SCMBR0009847 on 2026-02-27 in table tbldailystock_1: Sales=33, Closing=13
[2026-02-27 13:27:43] [INFO] Starting daily stock update for item SCMBR0009847 sold on 2026-02-27 (Qty: 3)
[2026-02-27 13:27:43] [INFO] Recalculating stock from day 27 for item SCMBR0009847 in 2026-02 in table tbldailystock_1
[2026-02-27 13:27:43] [DEBUG] Day 27: Opening=46, Purchase=0, Sales=36, Closing=10
[2026-02-27 13:27:43] [DEBUG] Day 28: Opening=10, Purchase=0, Sales=0, Closing=10
[2026-02-27 13:27:43] [INFO] Completed recalculating stock for 2026-02 from day 27
[2026-02-27 13:27:43] [INFO] Starting cascading to current month for item SCMBR0009847 sold on 2026-02-27
[2026-02-27 13:27:43] [INFO] Daily stock updated successfully for item SCMBR0009847 on 2026-02-27 in table tbldailystock_1: Sales=36, Closing=10
[2026-02-27 13:27:43] [INFO] Starting daily stock update for item SCMBR0009847 sold on 2026-02-27 (Qty: 3)
[2026-02-27 13:27:43] [INFO] Recalculating stock from day 27 for item SCMBR0009847 in 2026-02 in table tbldailystock_1
[2026-02-27 13:27:43] [DEBUG] Day 27: Opening=46, Purchase=0, Sales=39, Closing=7
[2026-02-27 13:27:43] [DEBUG] Day 28: Opening=7, Purchase=0, Sales=0, Closing=7
[2026-02-27 13:27:43] [INFO] Completed recalculating stock for 2026-02 from day 27
[2026-02-27 13:27:43] [INFO] Starting cascading to current month for item SCMBR0009847 sold on 2026-02-27
[2026-02-27 13:27:43] [INFO] Daily stock updated successfully for item SCMBR0009847 on 2026-02-27 in table tbldailystock_1: Sales=39, Closing=7
[2026-02-27 13:27:43] [INFO] Starting daily stock update for item SCMBR0009847 sold on 2026-02-27 (Qty: 3)
[2026-02-27 13:27:43] [INFO] Recalculating stock from day 27 for item SCMBR0009847 in 2026-02 in table tbldailystock_1
[2026-02-27 13:27:43] [DEBUG] Day 27: Opening=46, Purchase=0, Sales=42, Closing=4
[2026-02-27 13:27:43] [DEBUG] Day 28: Opening=4, Purchase=0, Sales=0, Closing=4
[2026-02-27 13:27:43] [INFO] Completed recalculating stock for 2026-02 from day 27
[2026-02-27 13:27:43] [INFO] Starting cascading to current month for item SCMBR0009847 sold on 2026-02-27
[2026-02-27 13:27:43] [INFO] Daily stock updated successfully for item SCMBR0009847 on 2026-02-27 in table tbldailystock_1: Sales=42, Closing=4
[2026-02-27 13:27:43] [INFO] Starting daily stock update for item SCMBR0009847 sold on 2026-02-27 (Qty: 3)
[2026-02-27 13:27:43] [INFO] Recalculating stock from day 27 for item SCMBR0009847 in 2026-02 in table tbldailystock_1
[2026-02-27 13:27:43] [DEBUG] Day 27: Opening=46, Purchase=0, Sales=45, Closing=1
[2026-02-27 13:27:43] [DEBUG] Day 28: Opening=1, Purchase=0, Sales=0, Closing=1
[2026-02-27 13:27:43] [INFO] Completed recalculating stock for 2026-02 from day 27
[2026-02-27 13:27:43] [INFO] Starting cascading to current month for item SCMBR0009847 sold on 2026-02-27
[2026-02-27 13:27:43] [INFO] Daily stock updated successfully for item SCMBR0009847 on 2026-02-27 in table tbldailystock_1: Sales=45, Closing=1
[2026-02-27 13:27:43] [INFO] Starting daily stock update for item SCMBR0009847 sold on 2026-02-27 (Qty: 1)
[2026-02-27 13:27:43] [INFO] Recalculating stock from day 27 for item SCMBR0009847 in 2026-02 in table tbldailystock_1
[2026-02-27 13:27:43] [DEBUG] Day 27: Opening=46, Purchase=0, Sales=46, Closing=0
[2026-02-27 13:27:43] [DEBUG] Day 28: Opening=0, Purchase=0, Sales=0, Closing=0
[2026-02-27 13:27:43] [INFO] Completed recalculating stock for 2026-02 from day 27
[2026-02-27 13:27:43] [INFO] Starting cascading to current month for item SCMBR0009847 sold on 2026-02-27
[2026-02-27 13:27:43] [INFO] Daily stock updated successfully for item SCMBR0009847 on 2026-02-27 in table tbldailystock_1: Sales=46, Closing=0
[2026-02-27 13:27:43] [INFO] Starting daily stock update for item SCMBR0018137 sold on 2026-02-27 (Qty: 2)
[2026-02-27 13:27:43] [INFO] Recalculating stock from day 27 for item SCMBR0018137 in 2026-02 in table tbldailystock_1
[2026-02-27 13:27:43] [DEBUG] Day 27: Opening=145, Purchase=0, Sales=2, Closing=143
[2026-02-27 13:27:43] [DEBUG] Day 28: Opening=143, Purchase=0, Sales=0, Closing=143
[2026-02-27 13:27:43] [INFO] Completed recalculating stock for 2026-02 from day 27
[2026-02-27 13:27:43] [INFO] Starting cascading to current month for item SCMBR0018137 sold on 2026-02-27
[2026-02-27 13:27:43] [INFO] Daily stock updated successfully for item SCMBR0018137 on 2026-02-27 in table tbldailystock_1: Sales=2, Closing=143
[2026-02-27 13:27:43] [INFO] Starting daily stock update for item SCMBR0018137 sold on 2026-02-27 (Qty: 3)
[2026-02-27 13:27:43] [INFO] Recalculating stock from day 27 for item SCMBR0018137 in 2026-02 in table tbldailystock_1
[2026-02-27 13:27:43] [DEBUG] Day 27: Opening=145, Purchase=0, Sales=5, Closing=140
[2026-02-27 13:27:43] [DEBUG] Day 28: Opening=140, Purchase=0, Sales=0, Closing=140
[2026-02-27 13:27:43] [INFO] Completed recalculating stock for 2026-02 from day 27
[2026-02-27 13:27:43] [INFO] Starting cascading to current month for item SCMBR0018137 sold on 2026-02-27
[2026-02-27 13:27:43] [INFO] Daily stock updated successfully for item SCMBR0018137 on 2026-02-27 in table tbldailystock_1: Sales=5, Closing=140
[2026-02-27 13:27:43] [INFO] Starting daily stock update for item SCMBR0018137 sold on 2026-02-27 (Qty: 3)
[2026-02-27 13:27:43] [INFO] Recalculating stock from day 27 for item SCMBR0018137 in 2026-02 in table tbldailystock_1
[2026-02-27 13:27:43] [DEBUG] Day 27: Opening=145, Purchase=0, Sales=8, Closing=137
[2026-02-27 13:27:43] [DEBUG] Day 28: Opening=137, Purchase=0, Sales=0, Closing=137
[2026-02-27 13:27:43] [INFO] Completed recalculating stock for 2026-02 from day 27
[2026-02-27 13:27:43] [INFO] Starting cascading to current month for item SCMBR0018137 sold on 2026-02-27
[2026-02-27 13:27:43] [INFO] Daily stock updated successfully for item SCMBR0018137 on 2026-02-27 in table tbldailystock_1: Sales=8, Closing=137
[2026-02-27 13:27:43] [INFO] Starting daily stock update for item SCMBR0018137 sold on 2026-02-27 (Qty: 3)
[2026-02-27 13:27:43] [INFO] Recalculating stock from day 27 for item SCMBR0018137 in 2026-02 in table tbldailystock_1
[2026-02-27 13:27:43] [DEBUG] Day 27: Opening=145, Purchase=0, Sales=11, Closing=134
[2026-02-27 13:27:44] [DEBUG] Day 28: Opening=134, Purchase=0, Sales=0, Closing=134
[2026-02-27 13:27:44] [INFO] Completed recalculating stock for 2026-02 from day 27
[2026-02-27 13:27:44] [INFO] Starting cascading to current month for item SCMBR0018137 sold on 2026-02-27
[2026-02-27 13:27:44] [INFO] Daily stock updated successfully for item SCMBR0018137 on 2026-02-27 in table tbldailystock_1: Sales=11, Closing=134
[2026-02-27 13:27:44] [INFO] Starting daily stock update for item SCMBR0018137 sold on 2026-02-27 (Qty: 3)
[2026-02-27 13:27:44] [INFO] Recalculating stock from day 27 for item SCMBR0018137 in 2026-02 in table tbldailystock_1
[2026-02-27 13:27:44] [DEBUG] Day 27: Opening=145, Purchase=0, Sales=14, Closing=131
[2026-02-27 13:27:44] [DEBUG] Day 28: Opening=131, Purchase=0, Sales=0, Closing=131
[2026-02-27 13:27:44] [INFO] Completed recalculating stock for 2026-02 from day 27
[2026-02-27 13:27:44] [INFO] Starting cascading to current month for item SCMBR0018137 sold on 2026-02-27
[2026-02-27 13:27:44] [INFO] Daily stock updated successfully for item SCMBR0018137 on 2026-02-27 in table tbldailystock_1: Sales=14, Closing=131
[2026-02-27 13:27:44] [INFO] Starting daily stock update for item SCMBR0018137 sold on 2026-02-27 (Qty: 3)
[2026-02-27 13:27:44] [INFO] Recalculating stock from day 27 for item SCMBR0018137 in 2026-02 in table tbldailystock_1
[2026-02-27 13:27:44] [DEBUG] Day 27: Opening=145, Purchase=0, Sales=17, Closing=128
[2026-02-27 13:27:44] [DEBUG] Day 28: Opening=128, Purchase=0, Sales=0, Closing=128
[2026-02-27 13:27:44] [INFO] Completed recalculating stock for 2026-02 from day 27
[2026-02-27 13:27:44] [INFO] Starting cascading to current month for item SCMBR0018137 sold on 2026-02-27
[2026-02-27 13:27:44] [INFO] Daily stock updated successfully for item SCMBR0018137 on 2026-02-27 in table tbldailystock_1: Sales=17, Closing=128
[2026-02-27 13:27:44] [INFO] Starting daily stock update for item SCMBR0018137 sold on 2026-02-27 (Qty: 3)
[2026-02-27 13:27:44] [INFO] Recalculating stock from day 27 for item SCMBR0018137 in 2026-02 in table tbldailystock_1
[2026-02-27 13:27:44] [DEBUG] Day 27: Opening=145, Purchase=0, Sales=20, Closing=125
[2026-02-27 13:27:44] [DEBUG] Day 28: Opening=125, Purchase=0, Sales=0, Closing=125
[2026-02-27 13:27:44] [INFO] Completed recalculating stock for 2026-02 from day 27
[2026-02-27 13:27:44] [INFO] Starting cascading to current month for item SCMBR0018137 sold on 2026-02-27
[2026-02-27 13:27:44] [INFO] Daily stock updated successfully for item SCMBR0018137 on 2026-02-27 in table tbldailystock_1: Sales=20, Closing=125
[2026-02-27 13:27:44] [INFO] Starting daily stock update for item SCMBR0018137 sold on 2026-02-27 (Qty: 3)
[2026-02-27 13:27:44] [INFO] Recalculating stock from day 27 for item SCMBR0018137 in 2026-02 in table tbldailystock_1
[2026-02-27 13:27:44] [DEBUG] Day 27: Opening=145, Purchase=0, Sales=23, Closing=122
[2026-02-27 13:27:44] [DEBUG] Day 28: Opening=122, Purchase=0, Sales=0, Closing=122
[2026-02-27 13:27:44] [INFO] Completed recalculating stock for 2026-02 from day 27
[2026-02-27 13:27:44] [INFO] Starting cascading to current month for item SCMBR0018137 sold on 2026-02-27
[2026-02-27 13:27:44] [INFO] Daily stock updated successfully for item SCMBR0018137 on 2026-02-27 in table tbldailystock_1: Sales=23, Closing=122
[2026-02-27 13:27:44] [INFO] Starting daily stock update for item SCMBR0018137 sold on 2026-02-27 (Qty: 3)
[2026-02-27 13:27:44] [INFO] Recalculating stock from day 27 for item SCMBR0018137 in 2026-02 in table tbldailystock_1
[2026-02-27 13:27:44] [DEBUG] Day 27: Opening=145, Purchase=0, Sales=26, Closing=119
[2026-02-27 13:27:44] [DEBUG] Day 28: Opening=119, Purchase=0, Sales=0, Closing=119
[2026-02-27 13:27:44] [INFO] Completed recalculating stock for 2026-02 from day 27
[2026-02-27 13:27:44] [INFO] Starting cascading to current month for item SCMBR0018137 sold on 2026-02-27
[2026-02-27 13:27:44] [INFO] Daily stock updated successfully for item SCMBR0018137 on 2026-02-27 in table tbldailystock_1: Sales=26, Closing=119
[2026-02-27 13:27:44] [INFO] Starting daily stock update for item SCMBR0018137 sold on 2026-02-27 (Qty: 3)
[2026-02-27 13:27:44] [INFO] Recalculating stock from day 27 for item SCMBR0018137 in 2026-02 in table tbldailystock_1
[2026-02-27 13:27:44] [DEBUG] Day 27: Opening=145, Purchase=0, Sales=29, Closing=116
[2026-02-27 13:27:44] [DEBUG] Day 28: Opening=116, Purchase=0, Sales=0, Closing=116
[2026-02-27 13:27:44] [INFO] Completed recalculating stock for 2026-02 from day 27
[2026-02-27 13:27:44] [INFO] Starting cascading to current month for item SCMBR0018137 sold on 2026-02-27
[2026-02-27 13:27:44] [INFO] Daily stock updated successfully for item SCMBR0018137 on 2026-02-27 in table tbldailystock_1: Sales=29, Closing=116
[2026-02-27 13:27:44] [INFO] Starting daily stock update for item SCMBR0018137 sold on 2026-02-27 (Qty: 3)
[2026-02-27 13:27:44] [INFO] Recalculating stock from day 27 for item SCMBR0018137 in 2026-02 in table tbldailystock_1
[2026-02-27 13:27:44] [DEBUG] Day 27: Opening=145, Purchase=0, Sales=32, Closing=113
[2026-02-27 13:27:44] [DEBUG] Day 28: Opening=113, Purchase=0, Sales=0, Closing=113
[2026-02-27 13:27:44] [INFO] Completed recalculating stock for 2026-02 from day 27
[2026-02-27 13:27:44] [INFO] Starting cascading to current month for item SCMBR0018137 sold on 2026-02-27
[2026-02-27 13:27:44] [INFO] Daily stock updated successfully for item SCMBR0018137 on 2026-02-27 in table tbldailystock_1: Sales=32, Closing=113
[2026-02-27 13:27:44] [INFO] Starting daily stock update for item SCMBR0018137 sold on 2026-02-27 (Qty: 3)
[2026-02-27 13:27:44] [INFO] Recalculating stock from day 27 for item SCMBR0018137 in 2026-02 in table tbldailystock_1
[2026-02-27 13:27:44] [DEBUG] Day 27: Opening=145, Purchase=0, Sales=35, Closing=110
[2026-02-27 13:27:44] [DEBUG] Day 28: Opening=110, Purchase=0, Sales=0, Closing=110
[2026-02-27 13:27:44] [INFO] Completed recalculating stock for 2026-02 from day 27
[2026-02-27 13:27:44] [INFO] Starting cascading to current month for item SCMBR0018137 sold on 2026-02-27
[2026-02-27 13:27:44] [INFO] Daily stock updated successfully for item SCMBR0018137 on 2026-02-27 in table tbldailystock_1: Sales=35, Closing=110
[2026-02-27 13:27:44] [INFO] Starting daily stock update for item SCMBR0018137 sold on 2026-02-27 (Qty: 3)
[2026-02-27 13:27:44] [INFO] Recalculating stock from day 27 for item SCMBR0018137 in 2026-02 in table tbldailystock_1
[2026-02-27 13:27:44] [DEBUG] Day 27: Opening=145, Purchase=0, Sales=38, Closing=107
[2026-02-27 13:27:44] [DEBUG] Day 28: Opening=107, Purchase=0, Sales=0, Closing=107
[2026-02-27 13:27:44] [INFO] Completed recalculating stock for 2026-02 from day 27
[2026-02-27 13:27:44] [INFO] Starting cascading to current month for item SCMBR0018137 sold on 2026-02-27
[2026-02-27 13:27:44] [INFO] Daily stock updated successfully for item SCMBR0018137 on 2026-02-27 in table tbldailystock_1: Sales=38, Closing=107
[2026-02-27 13:27:44] [INFO] Starting daily stock update for item SCMBR0018137 sold on 2026-02-27 (Qty: 3)
[2026-02-27 13:27:44] [INFO] Recalculating stock from day 27 for item SCMBR0018137 in 2026-02 in table tbldailystock_1
[2026-02-27 13:27:44] [DEBUG] Day 27: Opening=145, Purchase=0, Sales=41, Closing=104
[2026-02-27 13:27:44] [DEBUG] Day 28: Opening=104, Purchase=0, Sales=0, Closing=104
[2026-02-27 13:27:44] [INFO] Completed recalculating stock for 2026-02 from day 27
[2026-02-27 13:27:44] [INFO] Starting cascading to current month for item SCMBR0018137 sold on 2026-02-27
[2026-02-27 13:27:44] [INFO] Daily stock updated successfully for item SCMBR0018137 on 2026-02-27 in table tbldailystock_1: Sales=41, Closing=104
[2026-02-27 13:27:44] [INFO] Starting daily stock update for item SCMBR0018137 sold on 2026-02-27 (Qty: 3)
[2026-02-27 13:27:44] [INFO] Recalculating stock from day 27 for item SCMBR0018137 in 2026-02 in table tbldailystock_1
[2026-02-27 13:27:44] [DEBUG] Day 27: Opening=145, Purchase=0, Sales=44, Closing=101
[2026-02-27 13:27:44] [DEBUG] Day 28: Opening=101, Purchase=0, Sales=0, Closing=101
[2026-02-27 13:27:44] [INFO] Completed recalculating stock for 2026-02 from day 27
[2026-02-27 13:27:44] [INFO] Starting cascading to current month for item SCMBR0018137 sold on 2026-02-27
[2026-02-27 13:27:44] [INFO] Daily stock updated successfully for item SCMBR0018137 on 2026-02-27 in table tbldailystock_1: Sales=44, Closing=101
[2026-02-27 13:27:44] [INFO] Starting daily stock update for item SCMBR0018137 sold on 2026-02-27 (Qty: 3)
[2026-02-27 13:27:44] [INFO] Recalculating stock from day 27 for item SCMBR0018137 in 2026-02 in table tbldailystock_1
[2026-02-27 13:27:44] [DEBUG] Day 27: Opening=145, Purchase=0, Sales=47, Closing=98
[2026-02-27 13:27:44] [DEBUG] Day 28: Opening=98, Purchase=0, Sales=0, Closing=98
[2026-02-27 13:27:44] [INFO] Completed recalculating stock for 2026-02 from day 27
[2026-02-27 13:27:44] [INFO] Starting cascading to current month for item SCMBR0018137 sold on 2026-02-27
[2026-02-27 13:27:44] [INFO] Daily stock updated successfully for item SCMBR0018137 on 2026-02-27 in table tbldailystock_1: Sales=47, Closing=98
[2026-02-27 13:27:44] [INFO] Starting daily stock update for item SCMBR0018137 sold on 2026-02-27 (Qty: 3)
[2026-02-27 13:27:44] [INFO] Recalculating stock from day 27 for item SCMBR0018137 in 2026-02 in table tbldailystock_1
[2026-02-27 13:27:44] [DEBUG] Day 27: Opening=145, Purchase=0, Sales=50, Closing=95
[2026-02-27 13:27:44] [DEBUG] Day 28: Opening=95, Purchase=0, Sales=0, Closing=95
[2026-02-27 13:27:44] [INFO] Completed recalculating stock for 2026-02 from day 27
[2026-02-27 13:27:44] [INFO] Starting cascading to current month for item SCMBR0018137 sold on 2026-02-27
[2026-02-27 13:27:44] [INFO] Daily stock updated successfully for item SCMBR0018137 on 2026-02-27 in table tbldailystock_1: Sales=50, Closing=95
[2026-02-27 13:27:44] [INFO] Starting daily stock update for item SCMBR0018137 sold on 2026-02-27 (Qty: 3)
[2026-02-27 13:27:44] [INFO] Recalculating stock from day 27 for item SCMBR0018137 in 2026-02 in table tbldailystock_1
[2026-02-27 13:27:44] [DEBUG] Day 27: Opening=145, Purchase=0, Sales=53, Closing=92
[2026-02-27 13:27:44] [DEBUG] Day 28: Opening=92, Purchase=0, Sales=0, Closing=92
[2026-02-27 13:27:44] [INFO] Completed recalculating stock for 2026-02 from day 27
[2026-02-27 13:27:44] [INFO] Starting cascading to current month for item SCMBR0018137 sold on 2026-02-27
[2026-02-27 13:27:44] [INFO] Daily stock updated successfully for item SCMBR0018137 on 2026-02-27 in table tbldailystock_1: Sales=53, Closing=92
[2026-02-27 13:27:44] [INFO] Starting daily stock update for item SCMBR0018137 sold on 2026-02-27 (Qty: 3)
[2026-02-27 13:27:44] [INFO] Recalculating stock from day 27 for item SCMBR0018137 in 2026-02 in table tbldailystock_1
[2026-02-27 13:27:44] [DEBUG] Day 27: Opening=145, Purchase=0, Sales=56, Closing=89
[2026-02-27 13:27:44] [DEBUG] Day 28: Opening=89, Purchase=0, Sales=0, Closing=89
[2026-02-27 13:27:44] [INFO] Completed recalculating stock for 2026-02 from day 27
[2026-02-27 13:27:44] [INFO] Starting cascading to current month for item SCMBR0018137 sold on 2026-02-27
[2026-02-27 13:27:44] [INFO] Daily stock updated successfully for item SCMBR0018137 on 2026-02-27 in table tbldailystock_1: Sales=56, Closing=89
[2026-02-27 13:27:44] [INFO] Starting daily stock update for item SCMBR0018137 sold on 2026-02-27 (Qty: 3)
[2026-02-27 13:27:44] [INFO] Recalculating stock from day 27 for item SCMBR0018137 in 2026-02 in table tbldailystock_1
[2026-02-27 13:27:44] [DEBUG] Day 27: Opening=145, Purchase=0, Sales=59, Closing=86
[2026-02-27 13:27:44] [DEBUG] Day 28: Opening=86, Purchase=0, Sales=0, Closing=86
[2026-02-27 13:27:44] [INFO] Completed recalculating stock for 2026-02 from day 27
[2026-02-27 13:27:44] [INFO] Starting cascading to current month for item SCMBR0018137 sold on 2026-02-27
[2026-02-27 13:27:44] [INFO] Daily stock updated successfully for item SCMBR0018137 on 2026-02-27 in table tbldailystock_1: Sales=59, Closing=86
[2026-02-27 13:27:44] [INFO] Starting daily stock update for item SCMBR0018137 sold on 2026-02-27 (Qty: 3)
[2026-02-27 13:27:44] [INFO] Recalculating stock from day 27 for item SCMBR0018137 in 2026-02 in table tbldailystock_1
[2026-02-27 13:27:44] [DEBUG] Day 27: Opening=145, Purchase=0, Sales=62, Closing=83
[2026-02-27 13:27:45] [DEBUG] Day 28: Opening=83, Purchase=0, Sales=0, Closing=83
[2026-02-27 13:27:45] [INFO] Completed recalculating stock for 2026-02 from day 27
[2026-02-27 13:27:45] [INFO] Starting cascading to current month for item SCMBR0018137 sold on 2026-02-27
[2026-02-27 13:27:45] [INFO] Daily stock updated successfully for item SCMBR0018137 on 2026-02-27 in table tbldailystock_1: Sales=62, Closing=83
[2026-02-27 13:27:45] [INFO] Starting daily stock update for item SCMBR0018137 sold on 2026-02-27 (Qty: 3)
[2026-02-27 13:27:45] [INFO] Recalculating stock from day 27 for item SCMBR0018137 in 2026-02 in table tbldailystock_1
[2026-02-27 13:27:45] [DEBUG] Day 27: Opening=145, Purchase=0, Sales=65, Closing=80
[2026-02-27 13:27:45] [DEBUG] Day 28: Opening=80, Purchase=0, Sales=0, Closing=80
[2026-02-27 13:27:45] [INFO] Completed recalculating stock for 2026-02 from day 27
[2026-02-27 13:27:45] [INFO] Starting cascading to current month for item SCMBR0018137 sold on 2026-02-27
[2026-02-27 13:27:45] [INFO] Daily stock updated successfully for item SCMBR0018137 on 2026-02-27 in table tbldailystock_1: Sales=65, Closing=80
[2026-02-27 13:27:45] [INFO] Starting daily stock update for item SCMBR0018137 sold on 2026-02-27 (Qty: 3)
[2026-02-27 13:27:45] [INFO] Recalculating stock from day 27 for item SCMBR0018137 in 2026-02 in table tbldailystock_1
[2026-02-27 13:27:45] [DEBUG] Day 27: Opening=145, Purchase=0, Sales=68, Closing=77
[2026-02-27 13:27:45] [DEBUG] Day 28: Opening=77, Purchase=0, Sales=0, Closing=77
[2026-02-27 13:27:45] [INFO] Completed recalculating stock for 2026-02 from day 27
[2026-02-27 13:27:45] [INFO] Starting cascading to current month for item SCMBR0018137 sold on 2026-02-27
[2026-02-27 13:27:45] [INFO] Daily stock updated successfully for item SCMBR0018137 on 2026-02-27 in table tbldailystock_1: Sales=68, Closing=77
[2026-02-27 13:27:45] [INFO] Starting daily stock update for item SCMBR0018137 sold on 2026-02-27 (Qty: 3)
[2026-02-27 13:27:45] [INFO] Recalculating stock from day 27 for item SCMBR0018137 in 2026-02 in table tbldailystock_1
[2026-02-27 13:27:45] [DEBUG] Day 27: Opening=145, Purchase=0, Sales=71, Closing=74
[2026-02-27 13:27:45] [DEBUG] Day 28: Opening=74, Purchase=0, Sales=0, Closing=74
[2026-02-27 13:27:45] [INFO] Completed recalculating stock for 2026-02 from day 27
[2026-02-27 13:27:45] [INFO] Starting cascading to current month for item SCMBR0018137 sold on 2026-02-27
[2026-02-27 13:27:45] [INFO] Daily stock updated successfully for item SCMBR0018137 on 2026-02-27 in table tbldailystock_1: Sales=71, Closing=74
[2026-02-27 13:27:45] [INFO] Starting daily stock update for item SCMBR0018137 sold on 2026-02-27 (Qty: 3)
[2026-02-27 13:27:45] [INFO] Recalculating stock from day 27 for item SCMBR0018137 in 2026-02 in table tbldailystock_1
[2026-02-27 13:27:45] [DEBUG] Day 27: Opening=145, Purchase=0, Sales=74, Closing=71
[2026-02-27 13:27:45] [DEBUG] Day 28: Opening=71, Purchase=0, Sales=0, Closing=71
[2026-02-27 13:27:45] [INFO] Completed recalculating stock for 2026-02 from day 27
[2026-02-27 13:27:45] [INFO] Starting cascading to current month for item SCMBR0018137 sold on 2026-02-27
[2026-02-27 13:27:45] [INFO] Daily stock updated successfully for item SCMBR0018137 on 2026-02-27 in table tbldailystock_1: Sales=74, Closing=71
[2026-02-27 13:27:45] [INFO] Starting daily stock update for item SCMBR0018137 sold on 2026-02-27 (Qty: 3)
[2026-02-27 13:27:45] [INFO] Recalculating stock from day 27 for item SCMBR0018137 in 2026-02 in table tbldailystock_1
[2026-02-27 13:27:45] [DEBUG] Day 27: Opening=145, Purchase=0, Sales=77, Closing=68
[2026-02-27 13:27:45] [DEBUG] Day 28: Opening=68, Purchase=0, Sales=0, Closing=68
[2026-02-27 13:27:45] [INFO] Completed recalculating stock for 2026-02 from day 27
[2026-02-27 13:27:45] [INFO] Starting cascading to current month for item SCMBR0018137 sold on 2026-02-27
[2026-02-27 13:27:45] [INFO] Daily stock updated successfully for item SCMBR0018137 on 2026-02-27 in table tbldailystock_1: Sales=77, Closing=68
[2026-02-27 13:27:45] [INFO] Starting daily stock update for item SCMBR0018137 sold on 2026-02-27 (Qty: 3)
[2026-02-27 13:27:45] [INFO] Recalculating stock from day 27 for item SCMBR0018137 in 2026-02 in table tbldailystock_1
[2026-02-27 13:27:45] [DEBUG] Day 27: Opening=145, Purchase=0, Sales=80, Closing=65
[2026-02-27 13:27:45] [DEBUG] Day 28: Opening=65, Purchase=0, Sales=0, Closing=65
[2026-02-27 13:27:45] [INFO] Completed recalculating stock for 2026-02 from day 27
[2026-02-27 13:27:45] [INFO] Starting cascading to current month for item SCMBR0018137 sold on 2026-02-27
[2026-02-27 13:27:45] [INFO] Daily stock updated successfully for item SCMBR0018137 on 2026-02-27 in table tbldailystock_1: Sales=80, Closing=65
[2026-02-27 13:27:45] [INFO] Starting daily stock update for item SCMBR0018137 sold on 2026-02-27 (Qty: 3)
[2026-02-27 13:27:45] [INFO] Recalculating stock from day 27 for item SCMBR0018137 in 2026-02 in table tbldailystock_1
[2026-02-27 13:27:45] [DEBUG] Day 27: Opening=145, Purchase=0, Sales=83, Closing=62
[2026-02-27 13:27:45] [DEBUG] Day 28: Opening=62, Purchase=0, Sales=0, Closing=62
[2026-02-27 13:27:45] [INFO] Completed recalculating stock for 2026-02 from day 27
[2026-02-27 13:27:45] [INFO] Starting cascading to current month for item SCMBR0018137 sold on 2026-02-27
[2026-02-27 13:27:45] [INFO] Daily stock updated successfully for item SCMBR0018137 on 2026-02-27 in table tbldailystock_1: Sales=83, Closing=62
[2026-02-27 13:27:45] [INFO] Starting daily stock update for item SCMBR0018137 sold on 2026-02-27 (Qty: 3)
[2026-02-27 13:27:45] [INFO] Recalculating stock from day 27 for item SCMBR0018137 in 2026-02 in table tbldailystock_1
[2026-02-27 13:27:45] [DEBUG] Day 27: Opening=145, Purchase=0, Sales=86, Closing=59
[2026-02-27 13:27:45] [DEBUG] Day 28: Opening=59, Purchase=0, Sales=0, Closing=59
[2026-02-27 13:27:45] [INFO] Completed recalculating stock for 2026-02 from day 27
[2026-02-27 13:27:45] [INFO] Starting cascading to current month for item SCMBR0018137 sold on 2026-02-27
[2026-02-27 13:27:45] [INFO] Daily stock updated successfully for item SCMBR0018137 on 2026-02-27 in table tbldailystock_1: Sales=86, Closing=59
[2026-02-27 13:27:45] [INFO] Starting daily stock update for item SCMBR0018137 sold on 2026-02-27 (Qty: 3)
[2026-02-27 13:27:45] [INFO] Recalculating stock from day 27 for item SCMBR0018137 in 2026-02 in table tbldailystock_1
[2026-02-27 13:27:45] [DEBUG] Day 27: Opening=145, Purchase=0, Sales=89, Closing=56
[2026-02-27 13:27:45] [DEBUG] Day 28: Opening=56, Purchase=0, Sales=0, Closing=56
[2026-02-27 13:27:45] [INFO] Completed recalculating stock for 2026-02 from day 27
[2026-02-27 13:27:45] [INFO] Starting cascading to current month for item SCMBR0018137 sold on 2026-02-27
[2026-02-27 13:27:45] [INFO] Daily stock updated successfully for item SCMBR0018137 on 2026-02-27 in table tbldailystock_1: Sales=89, Closing=56
[2026-02-27 13:27:45] [INFO] Starting daily stock update for item SCMBR0018137 sold on 2026-02-27 (Qty: 3)
[2026-02-27 13:27:45] [INFO] Recalculating stock from day 27 for item SCMBR0018137 in 2026-02 in table tbldailystock_1
[2026-02-27 13:27:45] [DEBUG] Day 27: Opening=145, Purchase=0, Sales=92, Closing=53
[2026-02-27 13:27:45] [DEBUG] Day 28: Opening=53, Purchase=0, Sales=0, Closing=53
[2026-02-27 13:27:45] [INFO] Completed recalculating stock for 2026-02 from day 27
[2026-02-27 13:27:45] [INFO] Starting cascading to current month for item SCMBR0018137 sold on 2026-02-27
[2026-02-27 13:27:45] [INFO] Daily stock updated successfully for item SCMBR0018137 on 2026-02-27 in table tbldailystock_1: Sales=92, Closing=53
[2026-02-27 13:27:45] [INFO] Starting daily stock update for item SCMBR0018137 sold on 2026-02-27 (Qty: 3)
[2026-02-27 13:27:45] [INFO] Recalculating stock from day 27 for item SCMBR0018137 in 2026-02 in table tbldailystock_1
[2026-02-27 13:27:45] [DEBUG] Day 27: Opening=145, Purchase=0, Sales=95, Closing=50
[2026-02-27 13:27:45] [DEBUG] Day 28: Opening=50, Purchase=0, Sales=0, Closing=50
[2026-02-27 13:27:45] [INFO] Completed recalculating stock for 2026-02 from day 27
[2026-02-27 13:27:45] [INFO] Starting cascading to current month for item SCMBR0018137 sold on 2026-02-27
[2026-02-27 13:27:45] [INFO] Daily stock updated successfully for item SCMBR0018137 on 2026-02-27 in table tbldailystock_1: Sales=95, Closing=50
[2026-02-27 13:27:45] [INFO] Starting daily stock update for item SCMBR0018137 sold on 2026-02-27 (Qty: 3)
[2026-02-27 13:27:45] [INFO] Recalculating stock from day 27 for item SCMBR0018137 in 2026-02 in table tbldailystock_1
[2026-02-27 13:27:45] [DEBUG] Day 27: Opening=145, Purchase=0, Sales=98, Closing=47
[2026-02-27 13:27:45] [DEBUG] Day 28: Opening=47, Purchase=0, Sales=0, Closing=47
[2026-02-27 13:27:45] [INFO] Completed recalculating stock for 2026-02 from day 27
[2026-02-27 13:27:45] [INFO] Starting cascading to current month for item SCMBR0018137 sold on 2026-02-27
[2026-02-27 13:27:45] [INFO] Daily stock updated successfully for item SCMBR0018137 on 2026-02-27 in table tbldailystock_1: Sales=98, Closing=47
[2026-02-27 13:27:45] [INFO] Starting daily stock update for item SCMBR0018137 sold on 2026-02-27 (Qty: 3)
[2026-02-27 13:27:45] [INFO] Recalculating stock from day 27 for item SCMBR0018137 in 2026-02 in table tbldailystock_1
[2026-02-27 13:27:45] [DEBUG] Day 27: Opening=145, Purchase=0, Sales=101, Closing=44
[2026-02-27 13:27:45] [DEBUG] Day 28: Opening=44, Purchase=0, Sales=0, Closing=44
[2026-02-27 13:27:45] [INFO] Completed recalculating stock for 2026-02 from day 27
[2026-02-27 13:27:45] [INFO] Starting cascading to current month for item SCMBR0018137 sold on 2026-02-27
[2026-02-27 13:27:45] [INFO] Daily stock updated successfully for item SCMBR0018137 on 2026-02-27 in table tbldailystock_1: Sales=101, Closing=44
[2026-02-27 13:27:45] [INFO] Starting daily stock update for item SCMBR0018137 sold on 2026-02-27 (Qty: 3)
[2026-02-27 13:27:45] [INFO] Recalculating stock from day 27 for item SCMBR0018137 in 2026-02 in table tbldailystock_1
[2026-02-27 13:27:45] [DEBUG] Day 27: Opening=145, Purchase=0, Sales=104, Closing=41
[2026-02-27 13:27:45] [DEBUG] Day 28: Opening=41, Purchase=0, Sales=0, Closing=41
[2026-02-27 13:27:45] [INFO] Completed recalculating stock for 2026-02 from day 27
[2026-02-27 13:27:45] [INFO] Starting cascading to current month for item SCMBR0018137 sold on 2026-02-27
[2026-02-27 13:27:45] [INFO] Daily stock updated successfully for item SCMBR0018137 on 2026-02-27 in table tbldailystock_1: Sales=104, Closing=41
[2026-02-27 13:27:45] [INFO] Starting daily stock update for item SCMBR0018137 sold on 2026-02-27 (Qty: 3)
[2026-02-27 13:27:45] [INFO] Recalculating stock from day 27 for item SCMBR0018137 in 2026-02 in table tbldailystock_1
[2026-02-27 13:27:45] [DEBUG] Day 27: Opening=145, Purchase=0, Sales=107, Closing=38
[2026-02-27 13:27:45] [DEBUG] Day 28: Opening=38, Purchase=0, Sales=0, Closing=38
[2026-02-27 13:27:45] [INFO] Completed recalculating stock for 2026-02 from day 27
[2026-02-27 13:27:45] [INFO] Starting cascading to current month for item SCMBR0018137 sold on 2026-02-27
[2026-02-27 13:27:45] [INFO] Daily stock updated successfully for item SCMBR0018137 on 2026-02-27 in table tbldailystock_1: Sales=107, Closing=38
[2026-02-27 13:27:45] [INFO] Starting daily stock update for item SCMBR0018137 sold on 2026-02-27 (Qty: 3)
[2026-02-27 13:27:45] [INFO] Recalculating stock from day 27 for item SCMBR0018137 in 2026-02 in table tbldailystock_1
[2026-02-27 13:27:45] [DEBUG] Day 27: Opening=145, Purchase=0, Sales=110, Closing=35
[2026-02-27 13:27:45] [DEBUG] Day 28: Opening=35, Purchase=0, Sales=0, Closing=35
[2026-02-27 13:27:45] [INFO] Completed recalculating stock for 2026-02 from day 27
[2026-02-27 13:27:45] [INFO] Starting cascading to current month for item SCMBR0018137 sold on 2026-02-27
[2026-02-27 13:27:45] [INFO] Daily stock updated successfully for item SCMBR0018137 on 2026-02-27 in table tbldailystock_1: Sales=110, Closing=35
[2026-02-27 13:27:45] [INFO] Starting daily stock update for item SCMBR0018137 sold on 2026-02-27 (Qty: 3)
[2026-02-27 13:27:45] [INFO] Recalculating stock from day 27 for item SCMBR0018137 in 2026-02 in table tbldailystock_1
[2026-02-27 13:27:45] [DEBUG] Day 27: Opening=145, Purchase=0, Sales=113, Closing=32
[2026-02-27 13:27:45] [DEBUG] Day 28: Opening=32, Purchase=0, Sales=0, Closing=32
[2026-02-27 13:27:45] [INFO] Completed recalculating stock for 2026-02 from day 27
[2026-02-27 13:27:45] [INFO] Starting cascading to current month for item SCMBR0018137 sold on 2026-02-27
[2026-02-27 13:27:45] [INFO] Daily stock updated successfully for item SCMBR0018137 on 2026-02-27 in table tbldailystock_1: Sales=113, Closing=32
[2026-02-27 13:27:45] [INFO] Starting daily stock update for item SCMBR0018137 sold on 2026-02-27 (Qty: 3)
[2026-02-27 13:27:45] [INFO] Recalculating stock from day 27 for item SCMBR0018137 in 2026-02 in table tbldailystock_1
[2026-02-27 13:27:46] [DEBUG] Day 27: Opening=145, Purchase=0, Sales=116, Closing=29
[2026-02-27 13:27:46] [DEBUG] Day 28: Opening=29, Purchase=0, Sales=0, Closing=29
[2026-02-27 13:27:46] [INFO] Completed recalculating stock for 2026-02 from day 27
[2026-02-27 13:27:46] [INFO] Starting cascading to current month for item SCMBR0018137 sold on 2026-02-27
[2026-02-27 13:27:46] [INFO] Daily stock updated successfully for item SCMBR0018137 on 2026-02-27 in table tbldailystock_1: Sales=116, Closing=29
[2026-02-27 13:27:46] [INFO] Starting daily stock update for item SCMBR0018137 sold on 2026-02-27 (Qty: 3)
[2026-02-27 13:27:46] [INFO] Recalculating stock from day 27 for item SCMBR0018137 in 2026-02 in table tbldailystock_1
[2026-02-27 13:27:46] [DEBUG] Day 27: Opening=145, Purchase=0, Sales=119, Closing=26
[2026-02-27 13:27:46] [DEBUG] Day 28: Opening=26, Purchase=0, Sales=0, Closing=26
[2026-02-27 13:27:46] [INFO] Completed recalculating stock for 2026-02 from day 27
[2026-02-27 13:27:46] [INFO] Starting cascading to current month for item SCMBR0018137 sold on 2026-02-27
[2026-02-27 13:27:46] [INFO] Daily stock updated successfully for item SCMBR0018137 on 2026-02-27 in table tbldailystock_1: Sales=119, Closing=26
[2026-02-27 13:27:46] [INFO] Starting daily stock update for item SCMBR0018137 sold on 2026-02-27 (Qty: 3)
[2026-02-27 13:27:46] [INFO] Recalculating stock from day 27 for item SCMBR0018137 in 2026-02 in table tbldailystock_1
[2026-02-27 13:27:46] [DEBUG] Day 27: Opening=145, Purchase=0, Sales=122, Closing=23
[2026-02-27 13:27:46] [DEBUG] Day 28: Opening=23, Purchase=0, Sales=0, Closing=23
[2026-02-27 13:27:46] [INFO] Completed recalculating stock for 2026-02 from day 27
[2026-02-27 13:27:46] [INFO] Starting cascading to current month for item SCMBR0018137 sold on 2026-02-27
[2026-02-27 13:27:46] [INFO] Daily stock updated successfully for item SCMBR0018137 on 2026-02-27 in table tbldailystock_1: Sales=122, Closing=23
[2026-02-27 13:27:46] [INFO] Starting daily stock update for item SCMBR0018137 sold on 2026-02-27 (Qty: 3)
[2026-02-27 13:27:46] [INFO] Recalculating stock from day 27 for item SCMBR0018137 in 2026-02 in table tbldailystock_1
[2026-02-27 13:27:46] [DEBUG] Day 27: Opening=145, Purchase=0, Sales=125, Closing=20
[2026-02-27 13:27:46] [DEBUG] Day 28: Opening=20, Purchase=0, Sales=0, Closing=20
[2026-02-27 13:27:46] [INFO] Completed recalculating stock for 2026-02 from day 27
[2026-02-27 13:27:46] [INFO] Starting cascading to current month for item SCMBR0018137 sold on 2026-02-27
[2026-02-27 13:27:46] [INFO] Daily stock updated successfully for item SCMBR0018137 on 2026-02-27 in table tbldailystock_1: Sales=125, Closing=20
[2026-02-27 13:27:46] [INFO] Starting daily stock update for item SCMBR0018137 sold on 2026-02-27 (Qty: 3)
[2026-02-27 13:27:46] [INFO] Recalculating stock from day 27 for item SCMBR0018137 in 2026-02 in table tbldailystock_1
[2026-02-27 13:27:46] [DEBUG] Day 27: Opening=145, Purchase=0, Sales=128, Closing=17
[2026-02-27 13:27:46] [DEBUG] Day 28: Opening=17, Purchase=0, Sales=0, Closing=17
[2026-02-27 13:27:46] [INFO] Completed recalculating stock for 2026-02 from day 27
[2026-02-27 13:27:46] [INFO] Starting cascading to current month for item SCMBR0018137 sold on 2026-02-27
[2026-02-27 13:27:46] [INFO] Daily stock updated successfully for item SCMBR0018137 on 2026-02-27 in table tbldailystock_1: Sales=128, Closing=17
[2026-02-27 13:27:46] [INFO] Starting daily stock update for item SCMBR0018137 sold on 2026-02-27 (Qty: 3)
[2026-02-27 13:27:46] [INFO] Recalculating stock from day 27 for item SCMBR0018137 in 2026-02 in table tbldailystock_1
[2026-02-27 13:27:46] [DEBUG] Day 27: Opening=145, Purchase=0, Sales=131, Closing=14
[2026-02-27 13:27:46] [DEBUG] Day 28: Opening=14, Purchase=0, Sales=0, Closing=14
[2026-02-27 13:27:46] [INFO] Completed recalculating stock for 2026-02 from day 27
[2026-02-27 13:27:46] [INFO] Starting cascading to current month for item SCMBR0018137 sold on 2026-02-27
[2026-02-27 13:27:46] [INFO] Daily stock updated successfully for item SCMBR0018137 on 2026-02-27 in table tbldailystock_1: Sales=131, Closing=14
[2026-02-27 13:27:46] [INFO] Starting daily stock update for item SCMBR0018137 sold on 2026-02-27 (Qty: 3)
[2026-02-27 13:27:46] [INFO] Recalculating stock from day 27 for item SCMBR0018137 in 2026-02 in table tbldailystock_1
[2026-02-27 13:27:46] [DEBUG] Day 27: Opening=145, Purchase=0, Sales=134, Closing=11
[2026-02-27 13:27:46] [DEBUG] Day 28: Opening=11, Purchase=0, Sales=0, Closing=11
[2026-02-27 13:27:46] [INFO] Completed recalculating stock for 2026-02 from day 27
[2026-02-27 13:27:46] [INFO] Starting cascading to current month for item SCMBR0018137 sold on 2026-02-27
[2026-02-27 13:27:46] [INFO] Daily stock updated successfully for item SCMBR0018137 on 2026-02-27 in table tbldailystock_1: Sales=134, Closing=11
[2026-02-27 13:27:46] [INFO] Starting daily stock update for item SCMBR0018137 sold on 2026-02-27 (Qty: 3)
[2026-02-27 13:27:46] [INFO] Recalculating stock from day 27 for item SCMBR0018137 in 2026-02 in table tbldailystock_1
[2026-02-27 13:27:46] [DEBUG] Day 27: Opening=145, Purchase=0, Sales=137, Closing=8
[2026-02-27 13:27:46] [DEBUG] Day 28: Opening=8, Purchase=0, Sales=0, Closing=8
[2026-02-27 13:27:46] [INFO] Completed recalculating stock for 2026-02 from day 27
[2026-02-27 13:27:46] [INFO] Starting cascading to current month for item SCMBR0018137 sold on 2026-02-27
[2026-02-27 13:27:46] [INFO] Daily stock updated successfully for item SCMBR0018137 on 2026-02-27 in table tbldailystock_1: Sales=137, Closing=8
[2026-02-27 13:27:46] [INFO] Starting daily stock update for item SCMBR0018137 sold on 2026-02-27 (Qty: 3)
[2026-02-27 13:27:46] [INFO] Recalculating stock from day 27 for item SCMBR0018137 in 2026-02 in table tbldailystock_1
[2026-02-27 13:27:46] [DEBUG] Day 27: Opening=145, Purchase=0, Sales=140, Closing=5
[2026-02-27 13:27:46] [DEBUG] Day 28: Opening=5, Purchase=0, Sales=0, Closing=5
[2026-02-27 13:27:46] [INFO] Completed recalculating stock for 2026-02 from day 27
[2026-02-27 13:27:46] [INFO] Starting cascading to current month for item SCMBR0018137 sold on 2026-02-27
[2026-02-27 13:27:46] [INFO] Daily stock updated successfully for item SCMBR0018137 on 2026-02-27 in table tbldailystock_1: Sales=140, Closing=5
[2026-02-27 13:27:46] [INFO] Starting daily stock update for item SCMBR0018137 sold on 2026-02-27 (Qty: 3)
[2026-02-27 13:27:46] [INFO] Recalculating stock from day 27 for item SCMBR0018137 in 2026-02 in table tbldailystock_1
[2026-02-27 13:27:46] [DEBUG] Day 27: Opening=145, Purchase=0, Sales=143, Closing=2
[2026-02-27 13:27:46] [DEBUG] Day 28: Opening=2, Purchase=0, Sales=0, Closing=2
[2026-02-27 13:27:46] [INFO] Completed recalculating stock for 2026-02 from day 27
[2026-02-27 13:27:46] [INFO] Starting cascading to current month for item SCMBR0018137 sold on 2026-02-27
[2026-02-27 13:27:46] [INFO] Daily stock updated successfully for item SCMBR0018137 on 2026-02-27 in table tbldailystock_1: Sales=143, Closing=2
[2026-02-27 13:27:46] [INFO] Starting daily stock update for item SCMBR0018137 sold on 2026-02-27 (Qty: 2)
[2026-02-27 13:27:46] [INFO] Recalculating stock from day 27 for item SCMBR0018137 in 2026-02 in table tbldailystock_1
[2026-02-27 13:27:46] [DEBUG] Day 27: Opening=145, Purchase=0, Sales=145, Closing=0
[2026-02-27 13:27:46] [DEBUG] Day 28: Opening=0, Purchase=0, Sales=0, Closing=0
[2026-02-27 13:27:46] [INFO] Completed recalculating stock for 2026-02 from day 27
[2026-02-27 13:27:46] [INFO] Starting cascading to current month for item SCMBR0018137 sold on 2026-02-27
[2026-02-27 13:27:46] [INFO] Daily stock updated successfully for item SCMBR0018137 on 2026-02-27 in table tbldailystock_1: Sales=145, Closing=0
[2026-02-27 13:27:46] [INFO] Starting daily stock update for item SCMBR0018158 sold on 2026-02-27 (Qty: 1)
[2026-02-27 13:27:46] [INFO] Recalculating stock from day 27 for item SCMBR0018158 in 2026-02 in table tbldailystock_1
[2026-02-27 13:27:46] [DEBUG] Day 27: Opening=30, Purchase=0, Sales=1, Closing=29
[2026-02-27 13:27:46] [DEBUG] Day 28: Opening=29, Purchase=0, Sales=0, Closing=29
[2026-02-27 13:27:46] [INFO] Completed recalculating stock for 2026-02 from day 27
[2026-02-27 13:27:46] [INFO] Starting cascading to current month for item SCMBR0018158 sold on 2026-02-27
[2026-02-27 13:27:46] [INFO] Daily stock updated successfully for item SCMBR0018158 on 2026-02-27 in table tbldailystock_1: Sales=1, Closing=29
[2026-02-27 13:27:46] [INFO] Starting daily stock update for item SCMBR0018158 sold on 2026-02-27 (Qty: 3)
[2026-02-27 13:27:46] [INFO] Recalculating stock from day 27 for item SCMBR0018158 in 2026-02 in table tbldailystock_1
[2026-02-27 13:27:46] [DEBUG] Day 27: Opening=30, Purchase=0, Sales=4, Closing=26
[2026-02-27 13:27:46] [DEBUG] Day 28: Opening=26, Purchase=0, Sales=0, Closing=26
[2026-02-27 13:27:46] [INFO] Completed recalculating stock for 2026-02 from day 27
[2026-02-27 13:27:46] [INFO] Starting cascading to current month for item SCMBR0018158 sold on 2026-02-27
[2026-02-27 13:27:46] [INFO] Daily stock updated successfully for item SCMBR0018158 on 2026-02-27 in table tbldailystock_1: Sales=4, Closing=26
[2026-02-27 13:27:46] [INFO] Starting daily stock update for item SCMBR0018158 sold on 2026-02-27 (Qty: 3)
[2026-02-27 13:27:46] [INFO] Recalculating stock from day 27 for item SCMBR0018158 in 2026-02 in table tbldailystock_1
[2026-02-27 13:27:46] [DEBUG] Day 27: Opening=30, Purchase=0, Sales=7, Closing=23
[2026-02-27 13:27:46] [DEBUG] Day 28: Opening=23, Purchase=0, Sales=0, Closing=23
[2026-02-27 13:27:46] [INFO] Completed recalculating stock for 2026-02 from day 27
[2026-02-27 13:27:46] [INFO] Starting cascading to current month for item SCMBR0018158 sold on 2026-02-27
[2026-02-27 13:27:46] [INFO] Daily stock updated successfully for item SCMBR0018158 on 2026-02-27 in table tbldailystock_1: Sales=7, Closing=23
[2026-02-27 13:27:46] [INFO] Starting daily stock update for item SCMBR0018158 sold on 2026-02-27 (Qty: 3)
[2026-02-27 13:27:46] [INFO] Recalculating stock from day 27 for item SCMBR0018158 in 2026-02 in table tbldailystock_1
[2026-02-27 13:27:46] [DEBUG] Day 27: Opening=30, Purchase=0, Sales=10, Closing=20
[2026-02-27 13:27:46] [DEBUG] Day 28: Opening=20, Purchase=0, Sales=0, Closing=20
[2026-02-27 13:27:46] [INFO] Completed recalculating stock for 2026-02 from day 27
[2026-02-27 13:27:46] [INFO] Starting cascading to current month for item SCMBR0018158 sold on 2026-02-27
[2026-02-27 13:27:46] [INFO] Daily stock updated successfully for item SCMBR0018158 on 2026-02-27 in table tbldailystock_1: Sales=10, Closing=20
[2026-02-27 13:27:46] [INFO] Starting daily stock update for item SCMBR0018158 sold on 2026-02-27 (Qty: 3)
[2026-02-27 13:27:46] [INFO] Recalculating stock from day 27 for item SCMBR0018158 in 2026-02 in table tbldailystock_1
[2026-02-27 13:27:47] [DEBUG] Day 27: Opening=30, Purchase=0, Sales=13, Closing=17
[2026-02-27 13:27:47] [DEBUG] Day 28: Opening=17, Purchase=0, Sales=0, Closing=17
[2026-02-27 13:27:47] [INFO] Completed recalculating stock for 2026-02 from day 27
[2026-02-27 13:27:47] [INFO] Starting cascading to current month for item SCMBR0018158 sold on 2026-02-27
[2026-02-27 13:27:47] [INFO] Daily stock updated successfully for item SCMBR0018158 on 2026-02-27 in table tbldailystock_1: Sales=13, Closing=17
[2026-02-27 13:27:47] [INFO] Starting daily stock update for item SCMBR0018158 sold on 2026-02-27 (Qty: 3)
[2026-02-27 13:27:47] [INFO] Recalculating stock from day 27 for item SCMBR0018158 in 2026-02 in table tbldailystock_1
[2026-02-27 13:27:47] [DEBUG] Day 27: Opening=30, Purchase=0, Sales=16, Closing=14
[2026-02-27 13:27:47] [DEBUG] Day 28: Opening=14, Purchase=0, Sales=0, Closing=14
[2026-02-27 13:27:47] [INFO] Completed recalculating stock for 2026-02 from day 27
[2026-02-27 13:27:47] [INFO] Starting cascading to current month for item SCMBR0018158 sold on 2026-02-27
[2026-02-27 13:27:47] [INFO] Daily stock updated successfully for item SCMBR0018158 on 2026-02-27 in table tbldailystock_1: Sales=16, Closing=14
[2026-02-27 13:27:47] [INFO] Starting daily stock update for item SCMBR0018158 sold on 2026-02-27 (Qty: 3)
[2026-02-27 13:27:47] [INFO] Recalculating stock from day 27 for item SCMBR0018158 in 2026-02 in table tbldailystock_1
[2026-02-27 13:27:47] [DEBUG] Day 27: Opening=30, Purchase=0, Sales=19, Closing=11
[2026-02-27 13:27:47] [DEBUG] Day 28: Opening=11, Purchase=0, Sales=0, Closing=11
[2026-02-27 13:27:47] [INFO] Completed recalculating stock for 2026-02 from day 27
[2026-02-27 13:27:47] [INFO] Starting cascading to current month for item SCMBR0018158 sold on 2026-02-27
[2026-02-27 13:27:47] [INFO] Daily stock updated successfully for item SCMBR0018158 on 2026-02-27 in table tbldailystock_1: Sales=19, Closing=11
[2026-02-27 13:27:47] [INFO] Starting daily stock update for item SCMBR0018158 sold on 2026-02-27 (Qty: 3)
[2026-02-27 13:27:47] [INFO] Recalculating stock from day 27 for item SCMBR0018158 in 2026-02 in table tbldailystock_1
[2026-02-27 13:27:47] [DEBUG] Day 27: Opening=30, Purchase=0, Sales=22, Closing=8
[2026-02-27 13:27:47] [DEBUG] Day 28: Opening=8, Purchase=0, Sales=0, Closing=8
[2026-02-27 13:27:47] [INFO] Completed recalculating stock for 2026-02 from day 27
[2026-02-27 13:27:47] [INFO] Starting cascading to current month for item SCMBR0018158 sold on 2026-02-27
[2026-02-27 13:27:47] [INFO] Daily stock updated successfully for item SCMBR0018158 on 2026-02-27 in table tbldailystock_1: Sales=22, Closing=8
[2026-02-27 13:27:47] [INFO] Starting daily stock update for item SCMBR0018158 sold on 2026-02-27 (Qty: 3)
[2026-02-27 13:27:47] [INFO] Recalculating stock from day 27 for item SCMBR0018158 in 2026-02 in table tbldailystock_1
[2026-02-27 13:27:47] [DEBUG] Day 27: Opening=30, Purchase=0, Sales=25, Closing=5
[2026-02-27 13:27:47] [DEBUG] Day 28: Opening=5, Purchase=0, Sales=0, Closing=5
[2026-02-27 13:27:47] [INFO] Completed recalculating stock for 2026-02 from day 27
[2026-02-27 13:27:47] [INFO] Starting cascading to current month for item SCMBR0018158 sold on 2026-02-27
[2026-02-27 13:27:47] [INFO] Daily stock updated successfully for item SCMBR0018158 on 2026-02-27 in table tbldailystock_1: Sales=25, Closing=5
[2026-02-27 13:27:47] [INFO] Starting daily stock update for item SCMBR0018158 sold on 2026-02-27 (Qty: 3)
[2026-02-27 13:27:47] [INFO] Recalculating stock from day 27 for item SCMBR0018158 in 2026-02 in table tbldailystock_1
[2026-02-27 13:27:47] [DEBUG] Day 27: Opening=30, Purchase=0, Sales=28, Closing=2
[2026-02-27 13:27:47] [DEBUG] Day 28: Opening=2, Purchase=0, Sales=0, Closing=2
[2026-02-27 13:27:47] [INFO] Completed recalculating stock for 2026-02 from day 27
[2026-02-27 13:27:47] [INFO] Starting cascading to current month for item SCMBR0018158 sold on 2026-02-27
[2026-02-27 13:27:47] [INFO] Daily stock updated successfully for item SCMBR0018158 on 2026-02-27 in table tbldailystock_1: Sales=28, Closing=2
[2026-02-27 13:27:47] [INFO] Starting daily stock update for item SCMBR0018158 sold on 2026-02-27 (Qty: 2)
[2026-02-27 13:27:47] [INFO] Recalculating stock from day 27 for item SCMBR0018158 in 2026-02 in table tbldailystock_1
[2026-02-27 13:27:47] [DEBUG] Day 27: Opening=30, Purchase=0, Sales=30, Closing=0
[2026-02-27 13:27:47] [DEBUG] Day 28: Opening=0, Purchase=0, Sales=0, Closing=0
[2026-02-27 13:27:47] [INFO] Completed recalculating stock for 2026-02 from day 27
[2026-02-27 13:27:47] [INFO] Starting cascading to current month for item SCMBR0018158 sold on 2026-02-27
[2026-02-27 13:27:47] [INFO] Daily stock updated successfully for item SCMBR0018158 on 2026-02-27 in table tbldailystock_1: Sales=30, Closing=0
[2026-02-27 13:27:47] [INFO] Starting daily stock update for item SCMBR0018161 sold on 2026-02-27 (Qty: 1)
[2026-02-27 13:27:47] [INFO] Recalculating stock from day 27 for item SCMBR0018161 in 2026-02 in table tbldailystock_1
[2026-02-27 13:27:47] [DEBUG] Day 27: Opening=66, Purchase=0, Sales=1, Closing=65
[2026-02-27 13:27:47] [DEBUG] Day 28: Opening=65, Purchase=0, Sales=0, Closing=65
[2026-02-27 13:27:47] [INFO] Completed recalculating stock for 2026-02 from day 27
[2026-02-27 13:27:47] [INFO] Starting cascading to current month for item SCMBR0018161 sold on 2026-02-27
[2026-02-27 13:27:47] [INFO] Daily stock updated successfully for item SCMBR0018161 on 2026-02-27 in table tbldailystock_1: Sales=1, Closing=65
[2026-02-27 13:27:47] [INFO] Starting daily stock update for item SCMBR0018161 sold on 2026-02-27 (Qty: 3)
[2026-02-27 13:27:47] [INFO] Recalculating stock from day 27 for item SCMBR0018161 in 2026-02 in table tbldailystock_1
[2026-02-27 13:27:47] [DEBUG] Day 27: Opening=66, Purchase=0, Sales=4, Closing=62
[2026-02-27 13:27:47] [DEBUG] Day 28: Opening=62, Purchase=0, Sales=0, Closing=62
[2026-02-27 13:27:47] [INFO] Completed recalculating stock for 2026-02 from day 27
[2026-02-27 13:27:47] [INFO] Starting cascading to current month for item SCMBR0018161 sold on 2026-02-27
[2026-02-27 13:27:47] [INFO] Daily stock updated successfully for item SCMBR0018161 on 2026-02-27 in table tbldailystock_1: Sales=4, Closing=62
[2026-02-27 13:27:47] [INFO] Starting daily stock update for item SCMBR0018161 sold on 2026-02-27 (Qty: 3)
[2026-02-27 13:27:47] [INFO] Recalculating stock from day 27 for item SCMBR0018161 in 2026-02 in table tbldailystock_1
[2026-02-27 13:27:47] [DEBUG] Day 27: Opening=66, Purchase=0, Sales=7, Closing=59
[2026-02-27 13:27:47] [DEBUG] Day 28: Opening=59, Purchase=0, Sales=0, Closing=59
[2026-02-27 13:27:47] [INFO] Completed recalculating stock for 2026-02 from day 27
[2026-02-27 13:27:47] [INFO] Starting cascading to current month for item SCMBR0018161 sold on 2026-02-27
[2026-02-27 13:27:47] [INFO] Daily stock updated successfully for item SCMBR0018161 on 2026-02-27 in table tbldailystock_1: Sales=7, Closing=59
[2026-02-27 13:27:47] [INFO] Starting daily stock update for item SCMBR0018161 sold on 2026-02-27 (Qty: 3)
[2026-02-27 13:27:47] [INFO] Recalculating stock from day 27 for item SCMBR0018161 in 2026-02 in table tbldailystock_1
[2026-02-27 13:27:47] [DEBUG] Day 27: Opening=66, Purchase=0, Sales=10, Closing=56
[2026-02-27 13:27:47] [DEBUG] Day 28: Opening=56, Purchase=0, Sales=0, Closing=56
[2026-02-27 13:27:47] [INFO] Completed recalculating stock for 2026-02 from day 27
[2026-02-27 13:27:47] [INFO] Starting cascading to current month for item SCMBR0018161 sold on 2026-02-27
[2026-02-27 13:27:47] [INFO] Daily stock updated successfully for item SCMBR0018161 on 2026-02-27 in table tbldailystock_1: Sales=10, Closing=56
[2026-02-27 13:27:47] [INFO] Starting daily stock update for item SCMBR0018161 sold on 2026-02-27 (Qty: 3)
[2026-02-27 13:27:47] [INFO] Recalculating stock from day 27 for item SCMBR0018161 in 2026-02 in table tbldailystock_1
[2026-02-27 13:27:47] [DEBUG] Day 27: Opening=66, Purchase=0, Sales=13, Closing=53
[2026-02-27 13:27:47] [DEBUG] Day 28: Opening=53, Purchase=0, Sales=0, Closing=53
[2026-02-27 13:27:47] [INFO] Completed recalculating stock for 2026-02 from day 27
[2026-02-27 13:27:47] [INFO] Starting cascading to current month for item SCMBR0018161 sold on 2026-02-27
[2026-02-27 13:27:47] [INFO] Daily stock updated successfully for item SCMBR0018161 on 2026-02-27 in table tbldailystock_1: Sales=13, Closing=53
[2026-02-27 13:27:47] [INFO] Starting daily stock update for item SCMBR0018161 sold on 2026-02-27 (Qty: 3)
[2026-02-27 13:27:47] [INFO] Recalculating stock from day 27 for item SCMBR0018161 in 2026-02 in table tbldailystock_1
[2026-02-27 13:27:47] [DEBUG] Day 27: Opening=66, Purchase=0, Sales=16, Closing=50
[2026-02-27 13:27:47] [DEBUG] Day 28: Opening=50, Purchase=0, Sales=0, Closing=50
[2026-02-27 13:27:47] [INFO] Completed recalculating stock for 2026-02 from day 27
[2026-02-27 13:27:47] [INFO] Starting cascading to current month for item SCMBR0018161 sold on 2026-02-27
[2026-02-27 13:27:47] [INFO] Daily stock updated successfully for item SCMBR0018161 on 2026-02-27 in table tbldailystock_1: Sales=16, Closing=50
[2026-02-27 13:27:47] [INFO] Starting daily stock update for item SCMBR0018161 sold on 2026-02-27 (Qty: 3)
[2026-02-27 13:27:47] [INFO] Recalculating stock from day 27 for item SCMBR0018161 in 2026-02 in table tbldailystock_1
[2026-02-27 13:27:47] [DEBUG] Day 27: Opening=66, Purchase=0, Sales=19, Closing=47
[2026-02-27 13:27:47] [DEBUG] Day 28: Opening=47, Purchase=0, Sales=0, Closing=47
[2026-02-27 13:27:47] [INFO] Completed recalculating stock for 2026-02 from day 27
[2026-02-27 13:27:47] [INFO] Starting cascading to current month for item SCMBR0018161 sold on 2026-02-27
[2026-02-27 13:27:47] [INFO] Daily stock updated successfully for item SCMBR0018161 on 2026-02-27 in table tbldailystock_1: Sales=19, Closing=47
[2026-02-27 13:27:47] [INFO] Starting daily stock update for item SCMBR0018161 sold on 2026-02-27 (Qty: 3)
[2026-02-27 13:27:47] [INFO] Recalculating stock from day 27 for item SCMBR0018161 in 2026-02 in table tbldailystock_1
[2026-02-27 13:27:47] [DEBUG] Day 27: Opening=66, Purchase=0, Sales=22, Closing=44
[2026-02-27 13:27:47] [DEBUG] Day 28: Opening=44, Purchase=0, Sales=0, Closing=44
[2026-02-27 13:27:47] [INFO] Completed recalculating stock for 2026-02 from day 27
[2026-02-27 13:27:47] [INFO] Starting cascading to current month for item SCMBR0018161 sold on 2026-02-27
[2026-02-27 13:27:47] [INFO] Daily stock updated successfully for item SCMBR0018161 on 2026-02-27 in table tbldailystock_1: Sales=22, Closing=44
[2026-02-27 13:27:47] [INFO] Starting daily stock update for item SCMBR0018161 sold on 2026-02-27 (Qty: 3)
[2026-02-27 13:27:47] [INFO] Recalculating stock from day 27 for item SCMBR0018161 in 2026-02 in table tbldailystock_1
[2026-02-27 13:27:47] [DEBUG] Day 27: Opening=66, Purchase=0, Sales=25, Closing=41
[2026-02-27 13:27:47] [DEBUG] Day 28: Opening=41, Purchase=0, Sales=0, Closing=41
[2026-02-27 13:27:47] [INFO] Completed recalculating stock for 2026-02 from day 27
[2026-02-27 13:27:47] [INFO] Starting cascading to current month for item SCMBR0018161 sold on 2026-02-27
[2026-02-27 13:27:47] [INFO] Daily stock updated successfully for item SCMBR0018161 on 2026-02-27 in table tbldailystock_1: Sales=25, Closing=41
[2026-02-27 13:27:47] [INFO] Starting daily stock update for item SCMBR0018161 sold on 2026-02-27 (Qty: 3)
[2026-02-27 13:27:47] [INFO] Recalculating stock from day 27 for item SCMBR0018161 in 2026-02 in table tbldailystock_1
[2026-02-27 13:27:47] [DEBUG] Day 27: Opening=66, Purchase=0, Sales=28, Closing=38
[2026-02-27 13:27:47] [DEBUG] Day 28: Opening=38, Purchase=0, Sales=0, Closing=38
[2026-02-27 13:27:47] [INFO] Completed recalculating stock for 2026-02 from day 27
[2026-02-27 13:27:47] [INFO] Starting cascading to current month for item SCMBR0018161 sold on 2026-02-27
[2026-02-27 13:27:47] [INFO] Daily stock updated successfully for item SCMBR0018161 on 2026-02-27 in table tbldailystock_1: Sales=28, Closing=38
[2026-02-27 13:27:47] [INFO] Starting daily stock update for item SCMBR0018161 sold on 2026-02-27 (Qty: 3)
[2026-02-27 13:27:47] [INFO] Recalculating stock from day 27 for item SCMBR0018161 in 2026-02 in table tbldailystock_1
[2026-02-27 13:27:47] [DEBUG] Day 27: Opening=66, Purchase=0, Sales=31, Closing=35
[2026-02-27 13:27:47] [DEBUG] Day 28: Opening=35, Purchase=0, Sales=0, Closing=35
[2026-02-27 13:27:47] [INFO] Completed recalculating stock for 2026-02 from day 27
[2026-02-27 13:27:47] [INFO] Starting cascading to current month for item SCMBR0018161 sold on 2026-02-27
[2026-02-27 13:27:47] [INFO] Daily stock updated successfully for item SCMBR0018161 on 2026-02-27 in table tbldailystock_1: Sales=31, Closing=35
[2026-02-27 13:27:47] [INFO] Starting daily stock update for item SCMBR0018161 sold on 2026-02-27 (Qty: 3)
[2026-02-27 13:27:47] [INFO] Recalculating stock from day 27 for item SCMBR0018161 in 2026-02 in table tbldailystock_1
[2026-02-27 13:27:47] [DEBUG] Day 27: Opening=66, Purchase=0, Sales=34, Closing=32
[2026-02-27 13:27:47] [DEBUG] Day 28: Opening=32, Purchase=0, Sales=0, Closing=32
[2026-02-27 13:27:47] [INFO] Completed recalculating stock for 2026-02 from day 27
[2026-02-27 13:27:47] [INFO] Starting cascading to current month for item SCMBR0018161 sold on 2026-02-27
[2026-02-27 13:27:47] [INFO] Daily stock updated successfully for item SCMBR0018161 on 2026-02-27 in table tbldailystock_1: Sales=34, Closing=32
[2026-02-27 13:27:47] [INFO] Starting daily stock update for item SCMBR0018161 sold on 2026-02-27 (Qty: 3)
[2026-02-27 13:27:47] [INFO] Recalculating stock from day 27 for item SCMBR0018161 in 2026-02 in table tbldailystock_1
[2026-02-27 13:27:47] [DEBUG] Day 27: Opening=66, Purchase=0, Sales=37, Closing=29
[2026-02-27 13:27:47] [DEBUG] Day 28: Opening=29, Purchase=0, Sales=0, Closing=29
[2026-02-27 13:27:47] [INFO] Completed recalculating stock for 2026-02 from day 27
[2026-02-27 13:27:47] [INFO] Starting cascading to current month for item SCMBR0018161 sold on 2026-02-27
[2026-02-27 13:27:47] [INFO] Daily stock updated successfully for item SCMBR0018161 on 2026-02-27 in table tbldailystock_1: Sales=37, Closing=29
[2026-02-27 13:27:47] [INFO] Starting daily stock update for item SCMBR0018161 sold on 2026-02-27 (Qty: 3)
[2026-02-27 13:27:47] [INFO] Recalculating stock from day 27 for item SCMBR0018161 in 2026-02 in table tbldailystock_1
[2026-02-27 13:27:48] [DEBUG] Day 27: Opening=66, Purchase=0, Sales=40, Closing=26
[2026-02-27 13:27:48] [DEBUG] Day 28: Opening=26, Purchase=0, Sales=0, Closing=26
[2026-02-27 13:27:48] [INFO] Completed recalculating stock for 2026-02 from day 27
[2026-02-27 13:27:48] [INFO] Starting cascading to current month for item SCMBR0018161 sold on 2026-02-27
[2026-02-27 13:27:48] [INFO] Daily stock updated successfully for item SCMBR0018161 on 2026-02-27 in table tbldailystock_1: Sales=40, Closing=26
[2026-02-27 13:27:48] [INFO] Starting daily stock update for item SCMBR0018161 sold on 2026-02-27 (Qty: 3)
[2026-02-27 13:27:48] [INFO] Recalculating stock from day 27 for item SCMBR0018161 in 2026-02 in table tbldailystock_1
[2026-02-27 13:27:48] [DEBUG] Day 27: Opening=66, Purchase=0, Sales=43, Closing=23
[2026-02-27 13:27:48] [DEBUG] Day 28: Opening=23, Purchase=0, Sales=0, Closing=23
[2026-02-27 13:27:48] [INFO] Completed recalculating stock for 2026-02 from day 27
[2026-02-27 13:27:48] [INFO] Starting cascading to current month for item SCMBR0018161 sold on 2026-02-27
[2026-02-27 13:27:48] [INFO] Daily stock updated successfully for item SCMBR0018161 on 2026-02-27 in table tbldailystock_1: Sales=43, Closing=23
[2026-02-27 13:27:48] [INFO] Starting daily stock update for item SCMBR0018161 sold on 2026-02-27 (Qty: 3)
[2026-02-27 13:27:48] [INFO] Recalculating stock from day 27 for item SCMBR0018161 in 2026-02 in table tbldailystock_1
[2026-02-27 13:27:48] [DEBUG] Day 27: Opening=66, Purchase=0, Sales=46, Closing=20
[2026-02-27 13:27:48] [DEBUG] Day 28: Opening=20, Purchase=0, Sales=0, Closing=20
[2026-02-27 13:27:48] [INFO] Completed recalculating stock for 2026-02 from day 27
[2026-02-27 13:27:48] [INFO] Starting cascading to current month for item SCMBR0018161 sold on 2026-02-27
[2026-02-27 13:27:48] [INFO] Daily stock updated successfully for item SCMBR0018161 on 2026-02-27 in table tbldailystock_1: Sales=46, Closing=20
[2026-02-27 13:27:48] [INFO] Starting daily stock update for item SCMBR0018161 sold on 2026-02-27 (Qty: 3)
[2026-02-27 13:27:48] [INFO] Recalculating stock from day 27 for item SCMBR0018161 in 2026-02 in table tbldailystock_1
[2026-02-27 13:27:48] [DEBUG] Day 27: Opening=66, Purchase=0, Sales=49, Closing=17
[2026-02-27 13:27:48] [DEBUG] Day 28: Opening=17, Purchase=0, Sales=0, Closing=17
[2026-02-27 13:27:48] [INFO] Completed recalculating stock for 2026-02 from day 27
[2026-02-27 13:27:48] [INFO] Starting cascading to current month for item SCMBR0018161 sold on 2026-02-27
[2026-02-27 13:27:48] [INFO] Daily stock updated successfully for item SCMBR0018161 on 2026-02-27 in table tbldailystock_1: Sales=49, Closing=17
[2026-02-27 13:27:48] [INFO] Starting daily stock update for item SCMBR0018161 sold on 2026-02-27 (Qty: 3)
[2026-02-27 13:27:48] [INFO] Recalculating stock from day 27 for item SCMBR0018161 in 2026-02 in table tbldailystock_1
[2026-02-27 13:27:48] [DEBUG] Day 27: Opening=66, Purchase=0, Sales=52, Closing=14
[2026-02-27 13:27:48] [DEBUG] Day 28: Opening=14, Purchase=0, Sales=0, Closing=14
[2026-02-27 13:27:48] [INFO] Completed recalculating stock for 2026-02 from day 27
[2026-02-27 13:27:48] [INFO] Starting cascading to current month for item SCMBR0018161 sold on 2026-02-27
[2026-02-27 13:27:48] [INFO] Daily stock updated successfully for item SCMBR0018161 on 2026-02-27 in table tbldailystock_1: Sales=52, Closing=14
[2026-02-27 13:27:48] [INFO] Starting daily stock update for item SCMBR0018161 sold on 2026-02-27 (Qty: 3)
[2026-02-27 13:27:48] [INFO] Recalculating stock from day 27 for item SCMBR0018161 in 2026-02 in table tbldailystock_1
[2026-02-27 13:27:48] [DEBUG] Day 27: Opening=66, Purchase=0, Sales=55, Closing=11
[2026-02-27 13:27:48] [DEBUG] Day 28: Opening=11, Purchase=0, Sales=0, Closing=11
[2026-02-27 13:27:48] [INFO] Completed recalculating stock for 2026-02 from day 27
[2026-02-27 13:27:48] [INFO] Starting cascading to current month for item SCMBR0018161 sold on 2026-02-27
[2026-02-27 13:27:48] [INFO] Daily stock updated successfully for item SCMBR0018161 on 2026-02-27 in table tbldailystock_1: Sales=55, Closing=11
[2026-02-27 13:27:48] [INFO] Starting daily stock update for item SCMBR0018161 sold on 2026-02-27 (Qty: 3)
[2026-02-27 13:27:48] [INFO] Recalculating stock from day 27 for item SCMBR0018161 in 2026-02 in table tbldailystock_1
[2026-02-27 13:27:48] [DEBUG] Day 27: Opening=66, Purchase=0, Sales=58, Closing=8
[2026-02-27 13:27:48] [DEBUG] Day 28: Opening=8, Purchase=0, Sales=0, Closing=8
[2026-02-27 13:27:48] [INFO] Completed recalculating stock for 2026-02 from day 27
[2026-02-27 13:27:48] [INFO] Starting cascading to current month for item SCMBR0018161 sold on 2026-02-27
[2026-02-27 13:27:48] [INFO] Daily stock updated successfully for item SCMBR0018161 on 2026-02-27 in table tbldailystock_1: Sales=58, Closing=8
[2026-02-27 13:27:48] [INFO] Starting daily stock update for item SCMBR0018161 sold on 2026-02-27 (Qty: 3)
[2026-02-27 13:27:48] [INFO] Recalculating stock from day 27 for item SCMBR0018161 in 2026-02 in table tbldailystock_1
[2026-02-27 13:27:48] [DEBUG] Day 27: Opening=66, Purchase=0, Sales=61, Closing=5
[2026-02-27 13:27:48] [DEBUG] Day 28: Opening=5, Purchase=0, Sales=0, Closing=5
[2026-02-27 13:27:48] [INFO] Completed recalculating stock for 2026-02 from day 27
[2026-02-27 13:27:48] [INFO] Starting cascading to current month for item SCMBR0018161 sold on 2026-02-27
[2026-02-27 13:27:48] [INFO] Daily stock updated successfully for item SCMBR0018161 on 2026-02-27 in table tbldailystock_1: Sales=61, Closing=5
[2026-02-27 13:27:48] [INFO] Starting daily stock update for item SCMBR0018161 sold on 2026-02-27 (Qty: 3)
[2026-02-27 13:27:48] [INFO] Recalculating stock from day 27 for item SCMBR0018161 in 2026-02 in table tbldailystock_1
[2026-02-27 13:27:48] [DEBUG] Day 27: Opening=66, Purchase=0, Sales=64, Closing=2
[2026-02-27 13:27:48] [DEBUG] Day 28: Opening=2, Purchase=0, Sales=0, Closing=2
[2026-02-27 13:27:48] [INFO] Completed recalculating stock for 2026-02 from day 27
[2026-02-27 13:27:48] [INFO] Starting cascading to current month for item SCMBR0018161 sold on 2026-02-27
[2026-02-27 13:27:48] [INFO] Daily stock updated successfully for item SCMBR0018161 on 2026-02-27 in table tbldailystock_1: Sales=64, Closing=2
[2026-02-27 13:27:48] [INFO] Starting daily stock update for item SCMBR0018161 sold on 2026-02-27 (Qty: 2)
[2026-02-27 13:27:48] [INFO] Recalculating stock from day 27 for item SCMBR0018161 in 2026-02 in table tbldailystock_1
[2026-02-27 13:27:48] [DEBUG] Day 27: Opening=66, Purchase=0, Sales=66, Closing=0
[2026-02-27 13:27:48] [DEBUG] Day 28: Opening=0, Purchase=0, Sales=0, Closing=0
[2026-02-27 13:27:48] [INFO] Completed recalculating stock for 2026-02 from day 27
[2026-02-27 13:27:48] [INFO] Starting cascading to current month for item SCMBR0018161 sold on 2026-02-27
[2026-02-27 13:27:48] [INFO] Daily stock updated successfully for item SCMBR0018161 on 2026-02-27 in table tbldailystock_1: Sales=66, Closing=0
[2026-02-27 13:27:48] [INFO] Starting daily stock update for item SCMWN0019689 sold on 2026-02-27 (Qty: 2)
[2026-02-27 13:27:48] [INFO] Recalculating stock from day 27 for item SCMWN0019689 in 2026-02 in table tbldailystock_1
[2026-02-27 13:27:48] [DEBUG] Day 27: Opening=52, Purchase=0, Sales=2, Closing=50
[2026-02-27 13:27:48] [DEBUG] Day 28: Opening=50, Purchase=0, Sales=0, Closing=50
[2026-02-27 13:27:48] [INFO] Completed recalculating stock for 2026-02 from day 27
[2026-02-27 13:27:48] [INFO] Starting cascading to current month for item SCMWN0019689 sold on 2026-02-27
[2026-02-27 13:27:48] [INFO] Daily stock updated successfully for item SCMWN0019689 on 2026-02-27 in table tbldailystock_1: Sales=2, Closing=50
[2026-02-27 13:27:48] [INFO] Starting daily stock update for item SCMWN0019689 sold on 2026-02-27 (Qty: 2)
[2026-02-27 13:27:48] [INFO] Recalculating stock from day 27 for item SCMWN0019689 in 2026-02 in table tbldailystock_1
[2026-02-27 13:27:48] [DEBUG] Day 27: Opening=52, Purchase=0, Sales=4, Closing=48
[2026-02-27 13:27:48] [DEBUG] Day 28: Opening=48, Purchase=0, Sales=0, Closing=48
[2026-02-27 13:27:48] [INFO] Completed recalculating stock for 2026-02 from day 27
[2026-02-27 13:27:48] [INFO] Starting cascading to current month for item SCMWN0019689 sold on 2026-02-27
[2026-02-27 13:27:48] [INFO] Daily stock updated successfully for item SCMWN0019689 on 2026-02-27 in table tbldailystock_1: Sales=4, Closing=48
[2026-02-27 13:27:48] [INFO] Starting daily stock update for item SCMWN0019689 sold on 2026-02-27 (Qty: 2)
[2026-02-27 13:27:48] [INFO] Recalculating stock from day 27 for item SCMWN0019689 in 2026-02 in table tbldailystock_1
[2026-02-27 13:27:48] [DEBUG] Day 27: Opening=52, Purchase=0, Sales=6, Closing=46
[2026-02-27 13:27:48] [DEBUG] Day 28: Opening=46, Purchase=0, Sales=0, Closing=46
[2026-02-27 13:27:48] [INFO] Completed recalculating stock for 2026-02 from day 27
[2026-02-27 13:27:48] [INFO] Starting cascading to current month for item SCMWN0019689 sold on 2026-02-27
[2026-02-27 13:27:48] [INFO] Daily stock updated successfully for item SCMWN0019689 on 2026-02-27 in table tbldailystock_1: Sales=6, Closing=46
[2026-02-27 13:27:48] [INFO] Starting daily stock update for item SCMWN0019689 sold on 2026-02-27 (Qty: 2)
[2026-02-27 13:27:48] [INFO] Recalculating stock from day 27 for item SCMWN0019689 in 2026-02 in table tbldailystock_1
[2026-02-27 13:27:48] [DEBUG] Day 27: Opening=52, Purchase=0, Sales=8, Closing=44
[2026-02-27 13:27:48] [DEBUG] Day 28: Opening=44, Purchase=0, Sales=0, Closing=44
[2026-02-27 13:27:48] [INFO] Completed recalculating stock for 2026-02 from day 27
[2026-02-27 13:27:48] [INFO] Starting cascading to current month for item SCMWN0019689 sold on 2026-02-27
[2026-02-27 13:27:48] [INFO] Daily stock updated successfully for item SCMWN0019689 on 2026-02-27 in table tbldailystock_1: Sales=8, Closing=44
[2026-02-27 13:27:48] [INFO] Starting daily stock update for item SCMWN0019689 sold on 2026-02-27 (Qty: 2)
[2026-02-27 13:27:48] [INFO] Recalculating stock from day 27 for item SCMWN0019689 in 2026-02 in table tbldailystock_1
[2026-02-27 13:27:48] [DEBUG] Day 27: Opening=52, Purchase=0, Sales=10, Closing=42
[2026-02-27 13:27:48] [DEBUG] Day 28: Opening=42, Purchase=0, Sales=0, Closing=42
[2026-02-27 13:27:48] [INFO] Completed recalculating stock for 2026-02 from day 27
[2026-02-27 13:27:48] [INFO] Starting cascading to current month for item SCMWN0019689 sold on 2026-02-27
[2026-02-27 13:27:48] [INFO] Daily stock updated successfully for item SCMWN0019689 on 2026-02-27 in table tbldailystock_1: Sales=10, Closing=42
[2026-02-27 13:27:48] [INFO] Starting daily stock update for item SCMWN0019689 sold on 2026-02-27 (Qty: 2)
[2026-02-27 13:27:48] [INFO] Recalculating stock from day 27 for item SCMWN0019689 in 2026-02 in table tbldailystock_1
[2026-02-27 13:27:48] [DEBUG] Day 27: Opening=52, Purchase=0, Sales=12, Closing=40
[2026-02-27 13:27:49] [DEBUG] Day 28: Opening=40, Purchase=0, Sales=0, Closing=40
[2026-02-27 13:27:49] [INFO] Completed recalculating stock for 2026-02 from day 27
[2026-02-27 13:27:49] [INFO] Starting cascading to current month for item SCMWN0019689 sold on 2026-02-27
[2026-02-27 13:27:49] [INFO] Daily stock updated successfully for item SCMWN0019689 on 2026-02-27 in table tbldailystock_1: Sales=12, Closing=40
[2026-02-27 13:27:49] [INFO] Starting daily stock update for item SCMWN0019689 sold on 2026-02-27 (Qty: 2)
[2026-02-27 13:27:49] [INFO] Recalculating stock from day 27 for item SCMWN0019689 in 2026-02 in table tbldailystock_1
[2026-02-27 13:27:49] [DEBUG] Day 27: Opening=52, Purchase=0, Sales=14, Closing=38
[2026-02-27 13:27:49] [DEBUG] Day 28: Opening=38, Purchase=0, Sales=0, Closing=38
[2026-02-27 13:27:49] [INFO] Completed recalculating stock for 2026-02 from day 27
[2026-02-27 13:27:49] [INFO] Starting cascading to current month for item SCMWN0019689 sold on 2026-02-27
[2026-02-27 13:27:49] [INFO] Daily stock updated successfully for item SCMWN0019689 on 2026-02-27 in table tbldailystock_1: Sales=14, Closing=38
[2026-02-27 13:27:49] [INFO] Starting daily stock update for item SCMWN0019689 sold on 2026-02-27 (Qty: 2)
[2026-02-27 13:27:49] [INFO] Recalculating stock from day 27 for item SCMWN0019689 in 2026-02 in table tbldailystock_1
[2026-02-27 13:27:49] [DEBUG] Day 27: Opening=52, Purchase=0, Sales=16, Closing=36
[2026-02-27 13:27:49] [DEBUG] Day 28: Opening=36, Purchase=0, Sales=0, Closing=36
[2026-02-27 13:27:49] [INFO] Completed recalculating stock for 2026-02 from day 27
[2026-02-27 13:27:49] [INFO] Starting cascading to current month for item SCMWN0019689 sold on 2026-02-27
[2026-02-27 13:27:49] [INFO] Daily stock updated successfully for item SCMWN0019689 on 2026-02-27 in table tbldailystock_1: Sales=16, Closing=36
[2026-02-27 13:27:49] [INFO] Starting daily stock update for item SCMWN0019689 sold on 2026-02-27 (Qty: 2)
[2026-02-27 13:27:49] [INFO] Recalculating stock from day 27 for item SCMWN0019689 in 2026-02 in table tbldailystock_1
[2026-02-27 13:27:49] [DEBUG] Day 27: Opening=52, Purchase=0, Sales=18, Closing=34
[2026-02-27 13:27:49] [DEBUG] Day 28: Opening=34, Purchase=0, Sales=0, Closing=34
[2026-02-27 13:27:49] [INFO] Completed recalculating stock for 2026-02 from day 27
[2026-02-27 13:27:49] [INFO] Starting cascading to current month for item SCMWN0019689 sold on 2026-02-27
[2026-02-27 13:27:49] [INFO] Daily stock updated successfully for item SCMWN0019689 on 2026-02-27 in table tbldailystock_1: Sales=18, Closing=34
[2026-02-27 13:27:49] [INFO] Starting daily stock update for item SCMWN0019689 sold on 2026-02-27 (Qty: 2)
[2026-02-27 13:27:49] [INFO] Recalculating stock from day 27 for item SCMWN0019689 in 2026-02 in table tbldailystock_1
[2026-02-27 13:27:49] [DEBUG] Day 27: Opening=52, Purchase=0, Sales=20, Closing=32
[2026-02-27 13:27:49] [DEBUG] Day 28: Opening=32, Purchase=0, Sales=0, Closing=32
[2026-02-27 13:27:49] [INFO] Completed recalculating stock for 2026-02 from day 27
[2026-02-27 13:27:49] [INFO] Starting cascading to current month for item SCMWN0019689 sold on 2026-02-27
[2026-02-27 13:27:49] [INFO] Daily stock updated successfully for item SCMWN0019689 on 2026-02-27 in table tbldailystock_1: Sales=20, Closing=32
[2026-02-27 13:27:49] [INFO] Starting daily stock update for item SCMWN0019689 sold on 2026-02-27 (Qty: 2)
[2026-02-27 13:27:49] [INFO] Recalculating stock from day 27 for item SCMWN0019689 in 2026-02 in table tbldailystock_1
[2026-02-27 13:27:49] [DEBUG] Day 27: Opening=52, Purchase=0, Sales=22, Closing=30
[2026-02-27 13:27:49] [DEBUG] Day 28: Opening=30, Purchase=0, Sales=0, Closing=30
[2026-02-27 13:27:49] [INFO] Completed recalculating stock for 2026-02 from day 27
[2026-02-27 13:27:49] [INFO] Starting cascading to current month for item SCMWN0019689 sold on 2026-02-27
[2026-02-27 13:27:49] [INFO] Daily stock updated successfully for item SCMWN0019689 on 2026-02-27 in table tbldailystock_1: Sales=22, Closing=30
[2026-02-27 13:27:49] [INFO] Starting daily stock update for item SCMWN0019689 sold on 2026-02-27 (Qty: 2)
[2026-02-27 13:27:49] [INFO] Recalculating stock from day 27 for item SCMWN0019689 in 2026-02 in table tbldailystock_1
[2026-02-27 13:27:49] [DEBUG] Day 27: Opening=52, Purchase=0, Sales=24, Closing=28
[2026-02-27 13:27:49] [DEBUG] Day 28: Opening=28, Purchase=0, Sales=0, Closing=28
[2026-02-27 13:27:49] [INFO] Completed recalculating stock for 2026-02 from day 27
[2026-02-27 13:27:49] [INFO] Starting cascading to current month for item SCMWN0019689 sold on 2026-02-27
[2026-02-27 13:27:49] [INFO] Daily stock updated successfully for item SCMWN0019689 on 2026-02-27 in table tbldailystock_1: Sales=24, Closing=28
[2026-02-27 13:27:49] [INFO] Starting daily stock update for item SCMWN0019689 sold on 2026-02-27 (Qty: 2)
[2026-02-27 13:27:49] [INFO] Recalculating stock from day 27 for item SCMWN0019689 in 2026-02 in table tbldailystock_1
[2026-02-27 13:27:49] [DEBUG] Day 27: Opening=52, Purchase=0, Sales=26, Closing=26
[2026-02-27 13:27:49] [DEBUG] Day 28: Opening=26, Purchase=0, Sales=0, Closing=26
[2026-02-27 13:27:49] [INFO] Completed recalculating stock for 2026-02 from day 27
[2026-02-27 13:27:49] [INFO] Starting cascading to current month for item SCMWN0019689 sold on 2026-02-27
[2026-02-27 13:27:49] [INFO] Daily stock updated successfully for item SCMWN0019689 on 2026-02-27 in table tbldailystock_1: Sales=26, Closing=26
[2026-02-27 13:27:49] [INFO] Starting daily stock update for item SCMWN0019689 sold on 2026-02-27 (Qty: 2)
[2026-02-27 13:27:49] [INFO] Recalculating stock from day 27 for item SCMWN0019689 in 2026-02 in table tbldailystock_1
[2026-02-27 13:27:49] [DEBUG] Day 27: Opening=52, Purchase=0, Sales=28, Closing=24
[2026-02-27 13:27:49] [DEBUG] Day 28: Opening=24, Purchase=0, Sales=0, Closing=24
[2026-02-27 13:27:49] [INFO] Completed recalculating stock for 2026-02 from day 27
[2026-02-27 13:27:49] [INFO] Starting cascading to current month for item SCMWN0019689 sold on 2026-02-27
[2026-02-27 13:27:49] [INFO] Daily stock updated successfully for item SCMWN0019689 on 2026-02-27 in table tbldailystock_1: Sales=28, Closing=24
[2026-02-27 13:27:49] [INFO] Starting daily stock update for item SCMWN0019689 sold on 2026-02-27 (Qty: 2)
[2026-02-27 13:27:49] [INFO] Recalculating stock from day 27 for item SCMWN0019689 in 2026-02 in table tbldailystock_1
[2026-02-27 13:27:49] [DEBUG] Day 27: Opening=52, Purchase=0, Sales=30, Closing=22
[2026-02-27 13:27:49] [DEBUG] Day 28: Opening=22, Purchase=0, Sales=0, Closing=22
[2026-02-27 13:27:49] [INFO] Completed recalculating stock for 2026-02 from day 27
[2026-02-27 13:27:49] [INFO] Starting cascading to current month for item SCMWN0019689 sold on 2026-02-27
[2026-02-27 13:27:49] [INFO] Daily stock updated successfully for item SCMWN0019689 on 2026-02-27 in table tbldailystock_1: Sales=30, Closing=22
[2026-02-27 13:27:49] [INFO] Starting daily stock update for item SCMWN0019689 sold on 2026-02-27 (Qty: 2)
[2026-02-27 13:27:49] [INFO] Recalculating stock from day 27 for item SCMWN0019689 in 2026-02 in table tbldailystock_1
[2026-02-27 13:27:49] [DEBUG] Day 27: Opening=52, Purchase=0, Sales=32, Closing=20
[2026-02-27 13:27:49] [DEBUG] Day 28: Opening=20, Purchase=0, Sales=0, Closing=20
[2026-02-27 13:27:49] [INFO] Completed recalculating stock for 2026-02 from day 27
[2026-02-27 13:27:49] [INFO] Starting cascading to current month for item SCMWN0019689 sold on 2026-02-27
[2026-02-27 13:27:49] [INFO] Daily stock updated successfully for item SCMWN0019689 on 2026-02-27 in table tbldailystock_1: Sales=32, Closing=20
[2026-02-27 13:27:49] [INFO] Starting daily stock update for item SCMWN0019689 sold on 2026-02-27 (Qty: 2)
[2026-02-27 13:27:49] [INFO] Recalculating stock from day 27 for item SCMWN0019689 in 2026-02 in table tbldailystock_1
[2026-02-27 13:27:49] [DEBUG] Day 27: Opening=52, Purchase=0, Sales=34, Closing=18
[2026-02-27 13:27:49] [DEBUG] Day 28: Opening=18, Purchase=0, Sales=0, Closing=18
[2026-02-27 13:27:49] [INFO] Completed recalculating stock for 2026-02 from day 27
[2026-02-27 13:27:49] [INFO] Starting cascading to current month for item SCMWN0019689 sold on 2026-02-27
[2026-02-27 13:27:49] [INFO] Daily stock updated successfully for item SCMWN0019689 on 2026-02-27 in table tbldailystock_1: Sales=34, Closing=18
[2026-02-27 13:27:49] [INFO] Starting daily stock update for item SCMWN0019689 sold on 2026-02-27 (Qty: 2)
[2026-02-27 13:27:49] [INFO] Recalculating stock from day 27 for item SCMWN0019689 in 2026-02 in table tbldailystock_1
[2026-02-27 13:27:49] [DEBUG] Day 27: Opening=52, Purchase=0, Sales=36, Closing=16
[2026-02-27 13:27:49] [DEBUG] Day 28: Opening=16, Purchase=0, Sales=0, Closing=16
[2026-02-27 13:27:49] [INFO] Completed recalculating stock for 2026-02 from day 27
[2026-02-27 13:27:49] [INFO] Starting cascading to current month for item SCMWN0019689 sold on 2026-02-27
[2026-02-27 13:27:49] [INFO] Daily stock updated successfully for item SCMWN0019689 on 2026-02-27 in table tbldailystock_1: Sales=36, Closing=16
[2026-02-27 13:27:49] [INFO] Starting daily stock update for item SCMWN0019689 sold on 2026-02-27 (Qty: 2)
[2026-02-27 13:27:49] [INFO] Recalculating stock from day 27 for item SCMWN0019689 in 2026-02 in table tbldailystock_1
[2026-02-27 13:27:49] [DEBUG] Day 27: Opening=52, Purchase=0, Sales=38, Closing=14
[2026-02-27 13:27:49] [DEBUG] Day 28: Opening=14, Purchase=0, Sales=0, Closing=14
[2026-02-27 13:27:49] [INFO] Completed recalculating stock for 2026-02 from day 27
[2026-02-27 13:27:49] [INFO] Starting cascading to current month for item SCMWN0019689 sold on 2026-02-27
[2026-02-27 13:27:49] [INFO] Daily stock updated successfully for item SCMWN0019689 on 2026-02-27 in table tbldailystock_1: Sales=38, Closing=14
[2026-02-27 13:27:49] [INFO] Starting daily stock update for item SCMWN0019689 sold on 2026-02-27 (Qty: 2)
[2026-02-27 13:27:50] [INFO] Recalculating stock from day 27 for item SCMWN0019689 in 2026-02 in table tbldailystock_1
[2026-02-27 13:27:50] [DEBUG] Day 27: Opening=52, Purchase=0, Sales=40, Closing=12
[2026-02-27 13:27:50] [DEBUG] Day 28: Opening=12, Purchase=0, Sales=0, Closing=12
[2026-02-27 13:27:50] [INFO] Completed recalculating stock for 2026-02 from day 27
[2026-02-27 13:27:50] [INFO] Starting cascading to current month for item SCMWN0019689 sold on 2026-02-27
[2026-02-27 13:27:50] [INFO] Daily stock updated successfully for item SCMWN0019689 on 2026-02-27 in table tbldailystock_1: Sales=40, Closing=12
[2026-02-27 13:27:50] [INFO] Starting daily stock update for item SCMWN0019689 sold on 2026-02-27 (Qty: 2)
[2026-02-27 13:27:50] [INFO] Recalculating stock from day 27 for item SCMWN0019689 in 2026-02 in table tbldailystock_1
[2026-02-27 13:27:50] [DEBUG] Day 27: Opening=52, Purchase=0, Sales=42, Closing=10
[2026-02-27 13:27:50] [DEBUG] Day 28: Opening=10, Purchase=0, Sales=0, Closing=10
[2026-02-27 13:27:50] [INFO] Completed recalculating stock for 2026-02 from day 27
[2026-02-27 13:27:50] [INFO] Starting cascading to current month for item SCMWN0019689 sold on 2026-02-27
[2026-02-27 13:27:50] [INFO] Daily stock updated successfully for item SCMWN0019689 on 2026-02-27 in table tbldailystock_1: Sales=42, Closing=10
[2026-02-27 13:27:50] [INFO] Starting daily stock update for item SCMWN0019689 sold on 2026-02-27 (Qty: 2)
[2026-02-27 13:27:50] [INFO] Recalculating stock from day 27 for item SCMWN0019689 in 2026-02 in table tbldailystock_1
[2026-02-27 13:27:50] [DEBUG] Day 27: Opening=52, Purchase=0, Sales=44, Closing=8
[2026-02-27 13:27:50] [DEBUG] Day 28: Opening=8, Purchase=0, Sales=0, Closing=8
[2026-02-27 13:27:50] [INFO] Completed recalculating stock for 2026-02 from day 27
[2026-02-27 13:27:50] [INFO] Starting cascading to current month for item SCMWN0019689 sold on 2026-02-27
[2026-02-27 13:27:50] [INFO] Daily stock updated successfully for item SCMWN0019689 on 2026-02-27 in table tbldailystock_1: Sales=44, Closing=8
[2026-02-27 13:27:50] [INFO] Starting daily stock update for item SCMWN0019689 sold on 2026-02-27 (Qty: 2)
[2026-02-27 13:27:50] [INFO] Recalculating stock from day 27 for item SCMWN0019689 in 2026-02 in table tbldailystock_1
[2026-02-27 13:27:50] [DEBUG] Day 27: Opening=52, Purchase=0, Sales=46, Closing=6
[2026-02-27 13:27:50] [DEBUG] Day 28: Opening=6, Purchase=0, Sales=0, Closing=6
[2026-02-27 13:27:50] [INFO] Completed recalculating stock for 2026-02 from day 27
[2026-02-27 13:27:50] [INFO] Starting cascading to current month for item SCMWN0019689 sold on 2026-02-27
[2026-02-27 13:27:50] [INFO] Daily stock updated successfully for item SCMWN0019689 on 2026-02-27 in table tbldailystock_1: Sales=46, Closing=6
[2026-02-27 13:27:50] [INFO] Starting daily stock update for item SCMWN0019689 sold on 2026-02-27 (Qty: 2)
[2026-02-27 13:27:50] [INFO] Recalculating stock from day 27 for item SCMWN0019689 in 2026-02 in table tbldailystock_1
[2026-02-27 13:27:50] [DEBUG] Day 27: Opening=52, Purchase=0, Sales=48, Closing=4
[2026-02-27 13:27:50] [DEBUG] Day 28: Opening=4, Purchase=0, Sales=0, Closing=4
[2026-02-27 13:27:50] [INFO] Completed recalculating stock for 2026-02 from day 27
[2026-02-27 13:27:50] [INFO] Starting cascading to current month for item SCMWN0019689 sold on 2026-02-27
[2026-02-27 13:27:50] [INFO] Daily stock updated successfully for item SCMWN0019689 on 2026-02-27 in table tbldailystock_1: Sales=48, Closing=4
[2026-02-27 13:27:50] [INFO] Starting daily stock update for item SCMWN0019689 sold on 2026-02-27 (Qty: 2)
[2026-02-27 13:27:50] [INFO] Recalculating stock from day 27 for item SCMWN0019689 in 2026-02 in table tbldailystock_1
[2026-02-27 13:27:50] [DEBUG] Day 27: Opening=52, Purchase=0, Sales=50, Closing=2
[2026-02-27 13:27:50] [DEBUG] Day 28: Opening=2, Purchase=0, Sales=0, Closing=2
[2026-02-27 13:27:50] [INFO] Completed recalculating stock for 2026-02 from day 27
[2026-02-27 13:27:50] [INFO] Starting cascading to current month for item SCMWN0019689 sold on 2026-02-27
[2026-02-27 13:27:50] [INFO] Daily stock updated successfully for item SCMWN0019689 on 2026-02-27 in table tbldailystock_1: Sales=50, Closing=2
[2026-02-27 13:27:50] [INFO] Starting daily stock update for item SCMWN0019689 sold on 2026-02-27 (Qty: 2)
[2026-02-27 13:27:50] [INFO] Recalculating stock from day 27 for item SCMWN0019689 in 2026-02 in table tbldailystock_1
[2026-02-27 13:27:50] [DEBUG] Day 27: Opening=52, Purchase=0, Sales=52, Closing=0
[2026-02-27 13:27:50] [DEBUG] Day 28: Opening=0, Purchase=0, Sales=0, Closing=0
[2026-02-27 13:27:50] [INFO] Completed recalculating stock for 2026-02 from day 27
[2026-02-27 13:27:50] [INFO] Starting cascading to current month for item SCMWN0019689 sold on 2026-02-27
[2026-02-27 13:27:50] [INFO] Daily stock updated successfully for item SCMWN0019689 on 2026-02-27 in table tbldailystock_1: Sales=52, Closing=0
[2026-02-27 13:27:50] [INFO] Starting daily stock update for item SCMWN0019724 sold on 2026-02-27 (Qty: 2)
[2026-02-27 13:27:50] [INFO] Recalculating stock from day 27 for item SCMWN0019724 in 2026-02 in table tbldailystock_1
[2026-02-27 13:27:50] [DEBUG] Day 27: Opening=103, Purchase=0, Sales=2, Closing=101
[2026-02-27 13:27:50] [DEBUG] Day 28: Opening=101, Purchase=0, Sales=0, Closing=101
[2026-02-27 13:27:50] [INFO] Completed recalculating stock for 2026-02 from day 27
[2026-02-27 13:27:50] [INFO] Starting cascading to current month for item SCMWN0019724 sold on 2026-02-27
[2026-02-27 13:27:50] [INFO] Daily stock updated successfully for item SCMWN0019724 on 2026-02-27 in table tbldailystock_1: Sales=2, Closing=101
[2026-02-27 13:27:50] [INFO] Starting daily stock update for item SCMWN0019724 sold on 2026-02-27 (Qty: 2)
[2026-02-27 13:27:50] [INFO] Recalculating stock from day 27 for item SCMWN0019724 in 2026-02 in table tbldailystock_1
[2026-02-27 13:27:50] [DEBUG] Day 27: Opening=103, Purchase=0, Sales=4, Closing=99
[2026-02-27 13:27:50] [DEBUG] Day 28: Opening=99, Purchase=0, Sales=0, Closing=99
[2026-02-27 13:27:50] [INFO] Completed recalculating stock for 2026-02 from day 27
[2026-02-27 13:27:50] [INFO] Starting cascading to current month for item SCMWN0019724 sold on 2026-02-27
[2026-02-27 13:27:50] [INFO] Daily stock updated successfully for item SCMWN0019724 on 2026-02-27 in table tbldailystock_1: Sales=4, Closing=99
[2026-02-27 13:27:50] [INFO] Starting daily stock update for item SCMWN0019724 sold on 2026-02-27 (Qty: 2)
[2026-02-27 13:27:50] [INFO] Recalculating stock from day 27 for item SCMWN0019724 in 2026-02 in table tbldailystock_1
[2026-02-27 13:27:50] [DEBUG] Day 27: Opening=103, Purchase=0, Sales=6, Closing=97
[2026-02-27 13:27:50] [DEBUG] Day 28: Opening=97, Purchase=0, Sales=0, Closing=97
[2026-02-27 13:27:50] [INFO] Completed recalculating stock for 2026-02 from day 27
[2026-02-27 13:27:50] [INFO] Starting cascading to current month for item SCMWN0019724 sold on 2026-02-27
[2026-02-27 13:27:50] [INFO] Daily stock updated successfully for item SCMWN0019724 on 2026-02-27 in table tbldailystock_1: Sales=6, Closing=97
[2026-02-27 13:27:50] [INFO] Starting daily stock update for item SCMWN0019724 sold on 2026-02-27 (Qty: 2)
[2026-02-27 13:27:50] [INFO] Recalculating stock from day 27 for item SCMWN0019724 in 2026-02 in table tbldailystock_1
[2026-02-27 13:27:50] [DEBUG] Day 27: Opening=103, Purchase=0, Sales=8, Closing=95
[2026-02-27 13:27:50] [DEBUG] Day 28: Opening=95, Purchase=0, Sales=0, Closing=95
[2026-02-27 13:27:50] [INFO] Completed recalculating stock for 2026-02 from day 27
[2026-02-27 13:27:50] [INFO] Starting cascading to current month for item SCMWN0019724 sold on 2026-02-27
[2026-02-27 13:27:50] [INFO] Daily stock updated successfully for item SCMWN0019724 on 2026-02-27 in table tbldailystock_1: Sales=8, Closing=95
[2026-02-27 13:27:50] [INFO] Starting daily stock update for item SCMWN0019724 sold on 2026-02-27 (Qty: 2)
[2026-02-27 13:27:50] [INFO] Recalculating stock from day 27 for item SCMWN0019724 in 2026-02 in table tbldailystock_1
[2026-02-27 13:27:50] [DEBUG] Day 27: Opening=103, Purchase=0, Sales=10, Closing=93
[2026-02-27 13:27:50] [DEBUG] Day 28: Opening=93, Purchase=0, Sales=0, Closing=93
[2026-02-27 13:27:50] [INFO] Completed recalculating stock for 2026-02 from day 27
[2026-02-27 13:27:50] [INFO] Starting cascading to current month for item SCMWN0019724 sold on 2026-02-27
[2026-02-27 13:27:50] [INFO] Daily stock updated successfully for item SCMWN0019724 on 2026-02-27 in table tbldailystock_1: Sales=10, Closing=93
[2026-02-27 13:27:50] [INFO] Starting daily stock update for item SCMWN0019724 sold on 2026-02-27 (Qty: 2)
[2026-02-27 13:27:50] [INFO] Recalculating stock from day 27 for item SCMWN0019724 in 2026-02 in table tbldailystock_1
[2026-02-27 13:27:50] [DEBUG] Day 27: Opening=103, Purchase=0, Sales=12, Closing=91
[2026-02-27 13:27:50] [DEBUG] Day 28: Opening=91, Purchase=0, Sales=0, Closing=91
[2026-02-27 13:27:50] [INFO] Completed recalculating stock for 2026-02 from day 27
[2026-02-27 13:27:50] [INFO] Starting cascading to current month for item SCMWN0019724 sold on 2026-02-27
[2026-02-27 13:27:50] [INFO] Daily stock updated successfully for item SCMWN0019724 on 2026-02-27 in table tbldailystock_1: Sales=12, Closing=91
[2026-02-27 13:27:50] [INFO] Starting daily stock update for item SCMWN0019724 sold on 2026-02-27 (Qty: 2)
[2026-02-27 13:27:50] [INFO] Recalculating stock from day 27 for item SCMWN0019724 in 2026-02 in table tbldailystock_1
[2026-02-27 13:27:50] [DEBUG] Day 27: Opening=103, Purchase=0, Sales=14, Closing=89
[2026-02-27 13:27:50] [DEBUG] Day 28: Opening=89, Purchase=0, Sales=0, Closing=89
[2026-02-27 13:27:50] [INFO] Completed recalculating stock for 2026-02 from day 27
[2026-02-27 13:27:50] [INFO] Starting cascading to current month for item SCMWN0019724 sold on 2026-02-27
[2026-02-27 13:27:50] [INFO] Daily stock updated successfully for item SCMWN0019724 on 2026-02-27 in table tbldailystock_1: Sales=14, Closing=89
[2026-02-27 13:27:50] [INFO] Starting daily stock update for item SCMWN0019724 sold on 2026-02-27 (Qty: 2)
[2026-02-27 13:27:50] [INFO] Recalculating stock from day 27 for item SCMWN0019724 in 2026-02 in table tbldailystock_1
[2026-02-27 13:27:50] [DEBUG] Day 27: Opening=103, Purchase=0, Sales=16, Closing=87
[2026-02-27 13:27:50] [DEBUG] Day 28: Opening=87, Purchase=0, Sales=0, Closing=87
[2026-02-27 13:27:50] [INFO] Completed recalculating stock for 2026-02 from day 27
[2026-02-27 13:27:50] [INFO] Starting cascading to current month for item SCMWN0019724 sold on 2026-02-27
[2026-02-27 13:27:50] [INFO] Daily stock updated successfully for item SCMWN0019724 on 2026-02-27 in table tbldailystock_1: Sales=16, Closing=87
[2026-02-27 13:27:50] [INFO] Starting daily stock update for item SCMWN0019724 sold on 2026-02-27 (Qty: 2)
[2026-02-27 13:27:50] [INFO] Recalculating stock from day 27 for item SCMWN0019724 in 2026-02 in table tbldailystock_1
[2026-02-27 13:27:50] [DEBUG] Day 27: Opening=103, Purchase=0, Sales=18, Closing=85
[2026-02-27 13:27:50] [DEBUG] Day 28: Opening=85, Purchase=0, Sales=0, Closing=85
[2026-02-27 13:27:50] [INFO] Completed recalculating stock for 2026-02 from day 27
[2026-02-27 13:27:50] [INFO] Starting cascading to current month for item SCMWN0019724 sold on 2026-02-27
[2026-02-27 13:27:50] [INFO] Daily stock updated successfully for item SCMWN0019724 on 2026-02-27 in table tbldailystock_1: Sales=18, Closing=85
[2026-02-27 13:27:50] [INFO] Starting daily stock update for item SCMWN0019724 sold on 2026-02-27 (Qty: 2)
[2026-02-27 13:27:50] [INFO] Recalculating stock from day 27 for item SCMWN0019724 in 2026-02 in table tbldailystock_1
[2026-02-27 13:27:50] [DEBUG] Day 27: Opening=103, Purchase=0, Sales=20, Closing=83
[2026-02-27 13:27:50] [DEBUG] Day 28: Opening=83, Purchase=0, Sales=0, Closing=83
[2026-02-27 13:27:50] [INFO] Completed recalculating stock for 2026-02 from day 27
[2026-02-27 13:27:50] [INFO] Starting cascading to current month for item SCMWN0019724 sold on 2026-02-27
[2026-02-27 13:27:50] [INFO] Daily stock updated successfully for item SCMWN0019724 on 2026-02-27 in table tbldailystock_1: Sales=20, Closing=83
[2026-02-27 13:27:50] [INFO] Starting daily stock update for item SCMWN0019724 sold on 2026-02-27 (Qty: 2)
[2026-02-27 13:27:50] [INFO] Recalculating stock from day 27 for item SCMWN0019724 in 2026-02 in table tbldailystock_1
[2026-02-27 13:27:50] [DEBUG] Day 27: Opening=103, Purchase=0, Sales=22, Closing=81
[2026-02-27 13:27:50] [DEBUG] Day 28: Opening=81, Purchase=0, Sales=0, Closing=81
[2026-02-27 13:27:50] [INFO] Completed recalculating stock for 2026-02 from day 27
[2026-02-27 13:27:50] [INFO] Starting cascading to current month for item SCMWN0019724 sold on 2026-02-27
[2026-02-27 13:27:50] [INFO] Daily stock updated successfully for item SCMWN0019724 on 2026-02-27 in table tbldailystock_1: Sales=22, Closing=81
[2026-02-27 13:27:50] [INFO] Starting daily stock update for item SCMWN0019724 sold on 2026-02-27 (Qty: 2)
[2026-02-27 13:27:50] [INFO] Recalculating stock from day 27 for item SCMWN0019724 in 2026-02 in table tbldailystock_1
[2026-02-27 13:27:51] [DEBUG] Day 27: Opening=103, Purchase=0, Sales=24, Closing=79
[2026-02-27 13:27:51] [DEBUG] Day 28: Opening=79, Purchase=0, Sales=0, Closing=79
[2026-02-27 13:27:51] [INFO] Completed recalculating stock for 2026-02 from day 27
[2026-02-27 13:27:51] [INFO] Starting cascading to current month for item SCMWN0019724 sold on 2026-02-27
[2026-02-27 13:27:51] [INFO] Daily stock updated successfully for item SCMWN0019724 on 2026-02-27 in table tbldailystock_1: Sales=24, Closing=79
[2026-02-27 13:27:51] [INFO] Starting daily stock update for item SCMWN0019724 sold on 2026-02-27 (Qty: 2)
[2026-02-27 13:27:51] [INFO] Recalculating stock from day 27 for item SCMWN0019724 in 2026-02 in table tbldailystock_1
[2026-02-27 13:27:51] [DEBUG] Day 27: Opening=103, Purchase=0, Sales=26, Closing=77
[2026-02-27 13:27:51] [DEBUG] Day 28: Opening=77, Purchase=0, Sales=0, Closing=77
[2026-02-27 13:27:51] [INFO] Completed recalculating stock for 2026-02 from day 27
[2026-02-27 13:27:51] [INFO] Starting cascading to current month for item SCMWN0019724 sold on 2026-02-27
[2026-02-27 13:27:51] [INFO] Daily stock updated successfully for item SCMWN0019724 on 2026-02-27 in table tbldailystock_1: Sales=26, Closing=77
[2026-02-27 13:27:51] [INFO] Starting daily stock update for item SCMWN0019724 sold on 2026-02-27 (Qty: 2)
[2026-02-27 13:27:51] [INFO] Recalculating stock from day 27 for item SCMWN0019724 in 2026-02 in table tbldailystock_1
[2026-02-27 13:27:51] [DEBUG] Day 27: Opening=103, Purchase=0, Sales=28, Closing=75
[2026-02-27 13:27:51] [DEBUG] Day 28: Opening=75, Purchase=0, Sales=0, Closing=75
[2026-02-27 13:27:51] [INFO] Completed recalculating stock for 2026-02 from day 27
[2026-02-27 13:27:51] [INFO] Starting cascading to current month for item SCMWN0019724 sold on 2026-02-27
[2026-02-27 13:27:51] [INFO] Daily stock updated successfully for item SCMWN0019724 on 2026-02-27 in table tbldailystock_1: Sales=28, Closing=75
[2026-02-27 13:27:51] [INFO] Starting daily stock update for item SCMWN0019724 sold on 2026-02-27 (Qty: 2)
[2026-02-27 13:27:51] [INFO] Recalculating stock from day 27 for item SCMWN0019724 in 2026-02 in table tbldailystock_1
[2026-02-27 13:27:51] [DEBUG] Day 27: Opening=103, Purchase=0, Sales=30, Closing=73
[2026-02-27 13:27:51] [DEBUG] Day 28: Opening=73, Purchase=0, Sales=0, Closing=73
[2026-02-27 13:27:51] [INFO] Completed recalculating stock for 2026-02 from day 27
[2026-02-27 13:27:51] [INFO] Starting cascading to current month for item SCMWN0019724 sold on 2026-02-27
[2026-02-27 13:27:51] [INFO] Daily stock updated successfully for item SCMWN0019724 on 2026-02-27 in table tbldailystock_1: Sales=30, Closing=73
[2026-02-27 13:27:51] [INFO] Starting daily stock update for item SCMWN0019724 sold on 2026-02-27 (Qty: 2)
[2026-02-27 13:27:51] [INFO] Recalculating stock from day 27 for item SCMWN0019724 in 2026-02 in table tbldailystock_1
[2026-02-27 13:27:51] [DEBUG] Day 27: Opening=103, Purchase=0, Sales=32, Closing=71
[2026-02-27 13:27:51] [DEBUG] Day 28: Opening=71, Purchase=0, Sales=0, Closing=71
[2026-02-27 13:27:51] [INFO] Completed recalculating stock for 2026-02 from day 27
[2026-02-27 13:27:51] [INFO] Starting cascading to current month for item SCMWN0019724 sold on 2026-02-27
[2026-02-27 13:27:51] [INFO] Daily stock updated successfully for item SCMWN0019724 on 2026-02-27 in table tbldailystock_1: Sales=32, Closing=71
[2026-02-27 13:27:51] [INFO] Starting daily stock update for item SCMWN0019724 sold on 2026-02-27 (Qty: 2)
[2026-02-27 13:27:51] [INFO] Recalculating stock from day 27 for item SCMWN0019724 in 2026-02 in table tbldailystock_1
[2026-02-27 13:27:51] [DEBUG] Day 27: Opening=103, Purchase=0, Sales=34, Closing=69
[2026-02-27 13:27:51] [DEBUG] Day 28: Opening=69, Purchase=0, Sales=0, Closing=69
[2026-02-27 13:27:51] [INFO] Completed recalculating stock for 2026-02 from day 27
[2026-02-27 13:27:51] [INFO] Starting cascading to current month for item SCMWN0019724 sold on 2026-02-27
[2026-02-27 13:27:51] [INFO] Daily stock updated successfully for item SCMWN0019724 on 2026-02-27 in table tbldailystock_1: Sales=34, Closing=69
[2026-02-27 13:27:51] [INFO] Starting daily stock update for item SCMWN0019724 sold on 2026-02-27 (Qty: 2)
[2026-02-27 13:27:51] [INFO] Recalculating stock from day 27 for item SCMWN0019724 in 2026-02 in table tbldailystock_1
[2026-02-27 13:27:51] [DEBUG] Day 27: Opening=103, Purchase=0, Sales=36, Closing=67
[2026-02-27 13:27:51] [DEBUG] Day 28: Opening=67, Purchase=0, Sales=0, Closing=67
[2026-02-27 13:27:51] [INFO] Completed recalculating stock for 2026-02 from day 27
[2026-02-27 13:27:51] [INFO] Starting cascading to current month for item SCMWN0019724 sold on 2026-02-27
[2026-02-27 13:27:51] [INFO] Daily stock updated successfully for item SCMWN0019724 on 2026-02-27 in table tbldailystock_1: Sales=36, Closing=67
[2026-02-27 13:27:51] [INFO] Starting daily stock update for item SCMWN0019724 sold on 2026-02-27 (Qty: 2)
[2026-02-27 13:27:51] [INFO] Recalculating stock from day 27 for item SCMWN0019724 in 2026-02 in table tbldailystock_1
[2026-02-27 13:27:51] [DEBUG] Day 27: Opening=103, Purchase=0, Sales=38, Closing=65
[2026-02-27 13:27:51] [DEBUG] Day 28: Opening=65, Purchase=0, Sales=0, Closing=65
[2026-02-27 13:27:51] [INFO] Completed recalculating stock for 2026-02 from day 27
[2026-02-27 13:27:51] [INFO] Starting cascading to current month for item SCMWN0019724 sold on 2026-02-27
[2026-02-27 13:27:51] [INFO] Daily stock updated successfully for item SCMWN0019724 on 2026-02-27 in table tbldailystock_1: Sales=38, Closing=65
[2026-02-27 13:27:51] [INFO] Starting daily stock update for item SCMWN0019724 sold on 2026-02-27 (Qty: 2)
[2026-02-27 13:27:51] [INFO] Recalculating stock from day 27 for item SCMWN0019724 in 2026-02 in table tbldailystock_1
[2026-02-27 13:27:51] [DEBUG] Day 27: Opening=103, Purchase=0, Sales=40, Closing=63
[2026-02-27 13:27:51] [DEBUG] Day 28: Opening=63, Purchase=0, Sales=0, Closing=63
[2026-02-27 13:27:51] [INFO] Completed recalculating stock for 2026-02 from day 27
[2026-02-27 13:27:51] [INFO] Starting cascading to current month for item SCMWN0019724 sold on 2026-02-27
[2026-02-27 13:27:51] [INFO] Daily stock updated successfully for item SCMWN0019724 on 2026-02-27 in table tbldailystock_1: Sales=40, Closing=63
[2026-02-27 13:27:51] [INFO] Starting daily stock update for item SCMWN0019724 sold on 2026-02-27 (Qty: 2)
[2026-02-27 13:27:51] [INFO] Recalculating stock from day 27 for item SCMWN0019724 in 2026-02 in table tbldailystock_1
[2026-02-27 13:27:51] [DEBUG] Day 27: Opening=103, Purchase=0, Sales=42, Closing=61
[2026-02-27 13:27:51] [DEBUG] Day 28: Opening=61, Purchase=0, Sales=0, Closing=61
[2026-02-27 13:27:51] [INFO] Completed recalculating stock for 2026-02 from day 27
[2026-02-27 13:27:51] [INFO] Starting cascading to current month for item SCMWN0019724 sold on 2026-02-27
[2026-02-27 13:27:51] [INFO] Daily stock updated successfully for item SCMWN0019724 on 2026-02-27 in table tbldailystock_1: Sales=42, Closing=61
[2026-02-27 13:27:51] [INFO] Starting daily stock update for item SCMWN0019724 sold on 2026-02-27 (Qty: 2)
[2026-02-27 13:27:51] [INFO] Recalculating stock from day 27 for item SCMWN0019724 in 2026-02 in table tbldailystock_1
[2026-02-27 13:27:51] [DEBUG] Day 27: Opening=103, Purchase=0, Sales=44, Closing=59
[2026-02-27 13:27:51] [DEBUG] Day 28: Opening=59, Purchase=0, Sales=0, Closing=59
[2026-02-27 13:27:51] [INFO] Completed recalculating stock for 2026-02 from day 27
[2026-02-27 13:27:51] [INFO] Starting cascading to current month for item SCMWN0019724 sold on 2026-02-27
[2026-02-27 13:27:51] [INFO] Daily stock updated successfully for item SCMWN0019724 on 2026-02-27 in table tbldailystock_1: Sales=44, Closing=59
[2026-02-27 13:27:51] [INFO] Starting daily stock update for item SCMWN0019724 sold on 2026-02-27 (Qty: 2)
[2026-02-27 13:27:51] [INFO] Recalculating stock from day 27 for item SCMWN0019724 in 2026-02 in table tbldailystock_1
[2026-02-27 13:27:51] [DEBUG] Day 27: Opening=103, Purchase=0, Sales=46, Closing=57
[2026-02-27 13:27:51] [DEBUG] Day 28: Opening=57, Purchase=0, Sales=0, Closing=57
[2026-02-27 13:27:51] [INFO] Completed recalculating stock for 2026-02 from day 27
[2026-02-27 13:27:51] [INFO] Starting cascading to current month for item SCMWN0019724 sold on 2026-02-27
[2026-02-27 13:27:51] [INFO] Daily stock updated successfully for item SCMWN0019724 on 2026-02-27 in table tbldailystock_1: Sales=46, Closing=57
[2026-02-27 13:27:51] [INFO] Starting daily stock update for item SCMWN0019724 sold on 2026-02-27 (Qty: 2)
[2026-02-27 13:27:51] [INFO] Recalculating stock from day 27 for item SCMWN0019724 in 2026-02 in table tbldailystock_1
[2026-02-27 13:27:51] [DEBUG] Day 27: Opening=103, Purchase=0, Sales=48, Closing=55
[2026-02-27 13:27:51] [DEBUG] Day 28: Opening=55, Purchase=0, Sales=0, Closing=55
[2026-02-27 13:27:51] [INFO] Completed recalculating stock for 2026-02 from day 27
[2026-02-27 13:27:51] [INFO] Starting cascading to current month for item SCMWN0019724 sold on 2026-02-27
[2026-02-27 13:27:51] [INFO] Daily stock updated successfully for item SCMWN0019724 on 2026-02-27 in table tbldailystock_1: Sales=48, Closing=55
[2026-02-27 13:27:51] [INFO] Starting daily stock update for item SCMWN0019724 sold on 2026-02-27 (Qty: 2)
[2026-02-27 13:27:51] [INFO] Recalculating stock from day 27 for item SCMWN0019724 in 2026-02 in table tbldailystock_1
[2026-02-27 13:27:51] [DEBUG] Day 27: Opening=103, Purchase=0, Sales=50, Closing=53
[2026-02-27 13:27:51] [DEBUG] Day 28: Opening=53, Purchase=0, Sales=0, Closing=53
[2026-02-27 13:27:51] [INFO] Completed recalculating stock for 2026-02 from day 27
[2026-02-27 13:27:51] [INFO] Starting cascading to current month for item SCMWN0019724 sold on 2026-02-27
[2026-02-27 13:27:51] [INFO] Daily stock updated successfully for item SCMWN0019724 on 2026-02-27 in table tbldailystock_1: Sales=50, Closing=53
[2026-02-27 13:27:51] [INFO] Starting daily stock update for item SCMWN0019724 sold on 2026-02-27 (Qty: 2)
[2026-02-27 13:27:51] [INFO] Recalculating stock from day 27 for item SCMWN0019724 in 2026-02 in table tbldailystock_1
[2026-02-27 13:27:51] [DEBUG] Day 27: Opening=103, Purchase=0, Sales=52, Closing=51
[2026-02-27 13:27:51] [DEBUG] Day 28: Opening=51, Purchase=0, Sales=0, Closing=51
[2026-02-27 13:27:51] [INFO] Completed recalculating stock for 2026-02 from day 27
[2026-02-27 13:27:51] [INFO] Starting cascading to current month for item SCMWN0019724 sold on 2026-02-27
[2026-02-27 13:27:51] [INFO] Daily stock updated successfully for item SCMWN0019724 on 2026-02-27 in table tbldailystock_1: Sales=52, Closing=51
[2026-02-27 13:27:51] [INFO] Starting daily stock update for item SCMWN0019724 sold on 2026-02-27 (Qty: 2)
[2026-02-27 13:27:51] [INFO] Recalculating stock from day 27 for item SCMWN0019724 in 2026-02 in table tbldailystock_1
[2026-02-27 13:27:51] [DEBUG] Day 27: Opening=103, Purchase=0, Sales=54, Closing=49
[2026-02-27 13:27:51] [DEBUG] Day 28: Opening=49, Purchase=0, Sales=0, Closing=49
[2026-02-27 13:27:51] [INFO] Completed recalculating stock for 2026-02 from day 27
[2026-02-27 13:27:51] [INFO] Starting cascading to current month for item SCMWN0019724 sold on 2026-02-27
[2026-02-27 13:27:51] [INFO] Daily stock updated successfully for item SCMWN0019724 on 2026-02-27 in table tbldailystock_1: Sales=54, Closing=49
[2026-02-27 13:27:51] [INFO] Starting daily stock update for item SCMWN0019724 sold on 2026-02-27 (Qty: 2)
[2026-02-27 13:27:51] [INFO] Recalculating stock from day 27 for item SCMWN0019724 in 2026-02 in table tbldailystock_1
[2026-02-27 13:27:51] [DEBUG] Day 27: Opening=103, Purchase=0, Sales=56, Closing=47
[2026-02-27 13:27:51] [DEBUG] Day 28: Opening=47, Purchase=0, Sales=0, Closing=47
[2026-02-27 13:27:51] [INFO] Completed recalculating stock for 2026-02 from day 27
[2026-02-27 13:27:51] [INFO] Starting cascading to current month for item SCMWN0019724 sold on 2026-02-27
[2026-02-27 13:27:51] [INFO] Daily stock updated successfully for item SCMWN0019724 on 2026-02-27 in table tbldailystock_1: Sales=56, Closing=47
[2026-02-27 13:27:51] [INFO] Starting daily stock update for item SCMWN0019724 sold on 2026-02-27 (Qty: 2)
[2026-02-27 13:27:51] [INFO] Recalculating stock from day 27 for item SCMWN0019724 in 2026-02 in table tbldailystock_1
[2026-02-27 13:27:51] [DEBUG] Day 27: Opening=103, Purchase=0, Sales=58, Closing=45
[2026-02-27 13:27:51] [DEBUG] Day 28: Opening=45, Purchase=0, Sales=0, Closing=45
[2026-02-27 13:27:51] [INFO] Completed recalculating stock for 2026-02 from day 27
[2026-02-27 13:27:51] [INFO] Starting cascading to current month for item SCMWN0019724 sold on 2026-02-27
[2026-02-27 13:27:51] [INFO] Daily stock updated successfully for item SCMWN0019724 on 2026-02-27 in table tbldailystock_1: Sales=58, Closing=45
[2026-02-27 13:27:51] [INFO] Starting daily stock update for item SCMWN0019724 sold on 2026-02-27 (Qty: 2)
[2026-02-27 13:27:51] [INFO] Recalculating stock from day 27 for item SCMWN0019724 in 2026-02 in table tbldailystock_1
[2026-02-27 13:27:51] [DEBUG] Day 27: Opening=103, Purchase=0, Sales=60, Closing=43
[2026-02-27 13:27:51] [DEBUG] Day 28: Opening=43, Purchase=0, Sales=0, Closing=43
[2026-02-27 13:27:51] [INFO] Completed recalculating stock for 2026-02 from day 27
[2026-02-27 13:27:51] [INFO] Starting cascading to current month for item SCMWN0019724 sold on 2026-02-27
[2026-02-27 13:27:51] [INFO] Daily stock updated successfully for item SCMWN0019724 on 2026-02-27 in table tbldailystock_1: Sales=60, Closing=43
[2026-02-27 13:27:51] [INFO] Starting daily stock update for item SCMWN0019724 sold on 2026-02-27 (Qty: 2)
[2026-02-27 13:27:51] [INFO] Recalculating stock from day 27 for item SCMWN0019724 in 2026-02 in table tbldailystock_1
[2026-02-27 13:27:51] [DEBUG] Day 27: Opening=103, Purchase=0, Sales=62, Closing=41
[2026-02-27 13:27:51] [DEBUG] Day 28: Opening=41, Purchase=0, Sales=0, Closing=41
[2026-02-27 13:27:51] [INFO] Completed recalculating stock for 2026-02 from day 27
[2026-02-27 13:27:51] [INFO] Starting cascading to current month for item SCMWN0019724 sold on 2026-02-27
[2026-02-27 13:27:51] [INFO] Daily stock updated successfully for item SCMWN0019724 on 2026-02-27 in table tbldailystock_1: Sales=62, Closing=41
[2026-02-27 13:27:51] [INFO] Starting daily stock update for item SCMWN0019724 sold on 2026-02-27 (Qty: 2)
[2026-02-27 13:27:51] [INFO] Recalculating stock from day 27 for item SCMWN0019724 in 2026-02 in table tbldailystock_1
[2026-02-27 13:27:51] [DEBUG] Day 27: Opening=103, Purchase=0, Sales=64, Closing=39
[2026-02-27 13:27:51] [DEBUG] Day 28: Opening=39, Purchase=0, Sales=0, Closing=39
[2026-02-27 13:27:51] [INFO] Completed recalculating stock for 2026-02 from day 27
[2026-02-27 13:27:51] [INFO] Starting cascading to current month for item SCMWN0019724 sold on 2026-02-27
[2026-02-27 13:27:51] [INFO] Daily stock updated successfully for item SCMWN0019724 on 2026-02-27 in table tbldailystock_1: Sales=64, Closing=39
[2026-02-27 13:27:51] [INFO] Starting daily stock update for item SCMWN0019724 sold on 2026-02-27 (Qty: 2)
[2026-02-27 13:27:51] [INFO] Recalculating stock from day 27 for item SCMWN0019724 in 2026-02 in table tbldailystock_1
[2026-02-27 13:27:52] [DEBUG] Day 27: Opening=103, Purchase=0, Sales=66, Closing=37
[2026-02-27 13:27:52] [DEBUG] Day 28: Opening=37, Purchase=0, Sales=0, Closing=37
[2026-02-27 13:27:52] [INFO] Completed recalculating stock for 2026-02 from day 27
[2026-02-27 13:27:52] [INFO] Starting cascading to current month for item SCMWN0019724 sold on 2026-02-27
[2026-02-27 13:27:52] [INFO] Daily stock updated successfully for item SCMWN0019724 on 2026-02-27 in table tbldailystock_1: Sales=66, Closing=37
[2026-02-27 13:27:52] [INFO] Starting daily stock update for item SCMWN0019724 sold on 2026-02-27 (Qty: 2)
[2026-02-27 13:27:52] [INFO] Recalculating stock from day 27 for item SCMWN0019724 in 2026-02 in table tbldailystock_1
[2026-02-27 13:27:52] [DEBUG] Day 27: Opening=103, Purchase=0, Sales=68, Closing=35
[2026-02-27 13:27:52] [DEBUG] Day 28: Opening=35, Purchase=0, Sales=0, Closing=35
[2026-02-27 13:27:52] [INFO] Completed recalculating stock for 2026-02 from day 27
[2026-02-27 13:27:52] [INFO] Starting cascading to current month for item SCMWN0019724 sold on 2026-02-27
[2026-02-27 13:27:52] [INFO] Daily stock updated successfully for item SCMWN0019724 on 2026-02-27 in table tbldailystock_1: Sales=68, Closing=35
[2026-02-27 13:27:52] [INFO] Starting daily stock update for item SCMWN0019724 sold on 2026-02-27 (Qty: 2)
[2026-02-27 13:27:52] [INFO] Recalculating stock from day 27 for item SCMWN0019724 in 2026-02 in table tbldailystock_1
[2026-02-27 13:27:52] [DEBUG] Day 27: Opening=103, Purchase=0, Sales=70, Closing=33
[2026-02-27 13:27:52] [DEBUG] Day 28: Opening=33, Purchase=0, Sales=0, Closing=33
[2026-02-27 13:27:52] [INFO] Completed recalculating stock for 2026-02 from day 27
[2026-02-27 13:27:52] [INFO] Starting cascading to current month for item SCMWN0019724 sold on 2026-02-27
[2026-02-27 13:27:52] [INFO] Daily stock updated successfully for item SCMWN0019724 on 2026-02-27 in table tbldailystock_1: Sales=70, Closing=33
[2026-02-27 13:27:52] [INFO] Starting daily stock update for item SCMWN0019724 sold on 2026-02-27 (Qty: 2)
[2026-02-27 13:27:52] [INFO] Recalculating stock from day 27 for item SCMWN0019724 in 2026-02 in table tbldailystock_1
[2026-02-27 13:27:52] [DEBUG] Day 27: Opening=103, Purchase=0, Sales=72, Closing=31
[2026-02-27 13:27:52] [DEBUG] Day 28: Opening=31, Purchase=0, Sales=0, Closing=31
[2026-02-27 13:27:52] [INFO] Completed recalculating stock for 2026-02 from day 27
[2026-02-27 13:27:52] [INFO] Starting cascading to current month for item SCMWN0019724 sold on 2026-02-27
[2026-02-27 13:27:52] [INFO] Daily stock updated successfully for item SCMWN0019724 on 2026-02-27 in table tbldailystock_1: Sales=72, Closing=31
[2026-02-27 13:27:52] [INFO] Starting daily stock update for item SCMWN0019724 sold on 2026-02-27 (Qty: 2)
[2026-02-27 13:27:52] [INFO] Recalculating stock from day 27 for item SCMWN0019724 in 2026-02 in table tbldailystock_1
[2026-02-27 13:27:52] [DEBUG] Day 27: Opening=103, Purchase=0, Sales=74, Closing=29
[2026-02-27 13:27:52] [DEBUG] Day 28: Opening=29, Purchase=0, Sales=0, Closing=29
[2026-02-27 13:27:52] [INFO] Completed recalculating stock for 2026-02 from day 27
[2026-02-27 13:27:52] [INFO] Starting cascading to current month for item SCMWN0019724 sold on 2026-02-27
[2026-02-27 13:27:52] [INFO] Daily stock updated successfully for item SCMWN0019724 on 2026-02-27 in table tbldailystock_1: Sales=74, Closing=29
[2026-02-27 13:27:52] [INFO] Starting daily stock update for item SCMWN0019724 sold on 2026-02-27 (Qty: 2)
[2026-02-27 13:27:52] [INFO] Recalculating stock from day 27 for item SCMWN0019724 in 2026-02 in table tbldailystock_1
[2026-02-27 13:27:52] [DEBUG] Day 27: Opening=103, Purchase=0, Sales=76, Closing=27
[2026-02-27 13:27:52] [DEBUG] Day 28: Opening=27, Purchase=0, Sales=0, Closing=27
[2026-02-27 13:27:52] [INFO] Completed recalculating stock for 2026-02 from day 27
[2026-02-27 13:27:52] [INFO] Starting cascading to current month for item SCMWN0019724 sold on 2026-02-27
[2026-02-27 13:27:52] [INFO] Daily stock updated successfully for item SCMWN0019724 on 2026-02-27 in table tbldailystock_1: Sales=76, Closing=27
[2026-02-27 13:27:52] [INFO] Starting daily stock update for item SCMWN0019724 sold on 2026-02-27 (Qty: 2)
[2026-02-27 13:27:52] [INFO] Recalculating stock from day 27 for item SCMWN0019724 in 2026-02 in table tbldailystock_1
[2026-02-27 13:27:52] [DEBUG] Day 27: Opening=103, Purchase=0, Sales=78, Closing=25
[2026-02-27 13:27:52] [DEBUG] Day 28: Opening=25, Purchase=0, Sales=0, Closing=25
[2026-02-27 13:27:52] [INFO] Completed recalculating stock for 2026-02 from day 27
[2026-02-27 13:27:52] [INFO] Starting cascading to current month for item SCMWN0019724 sold on 2026-02-27
[2026-02-27 13:27:52] [INFO] Daily stock updated successfully for item SCMWN0019724 on 2026-02-27 in table tbldailystock_1: Sales=78, Closing=25
[2026-02-27 13:27:52] [INFO] Starting daily stock update for item SCMWN0019724 sold on 2026-02-27 (Qty: 2)
[2026-02-27 13:27:52] [INFO] Recalculating stock from day 27 for item SCMWN0019724 in 2026-02 in table tbldailystock_1
[2026-02-27 13:27:52] [DEBUG] Day 27: Opening=103, Purchase=0, Sales=80, Closing=23
[2026-02-27 13:27:52] [DEBUG] Day 28: Opening=23, Purchase=0, Sales=0, Closing=23
[2026-02-27 13:27:52] [INFO] Completed recalculating stock for 2026-02 from day 27
[2026-02-27 13:27:52] [INFO] Starting cascading to current month for item SCMWN0019724 sold on 2026-02-27
[2026-02-27 13:27:52] [INFO] Daily stock updated successfully for item SCMWN0019724 on 2026-02-27 in table tbldailystock_1: Sales=80, Closing=23
[2026-02-27 13:27:52] [INFO] Starting daily stock update for item SCMWN0019724 sold on 2026-02-27 (Qty: 2)
[2026-02-27 13:27:52] [INFO] Recalculating stock from day 27 for item SCMWN0019724 in 2026-02 in table tbldailystock_1
[2026-02-27 13:27:52] [DEBUG] Day 27: Opening=103, Purchase=0, Sales=82, Closing=21
[2026-02-27 13:27:52] [DEBUG] Day 28: Opening=21, Purchase=0, Sales=0, Closing=21
[2026-02-27 13:27:52] [INFO] Completed recalculating stock for 2026-02 from day 27
[2026-02-27 13:27:52] [INFO] Starting cascading to current month for item SCMWN0019724 sold on 2026-02-27
[2026-02-27 13:27:52] [INFO] Daily stock updated successfully for item SCMWN0019724 on 2026-02-27 in table tbldailystock_1: Sales=82, Closing=21
[2026-02-27 13:27:52] [INFO] Starting daily stock update for item SCMWN0019724 sold on 2026-02-27 (Qty: 2)
[2026-02-27 13:27:52] [INFO] Recalculating stock from day 27 for item SCMWN0019724 in 2026-02 in table tbldailystock_1
[2026-02-27 13:27:52] [DEBUG] Day 27: Opening=103, Purchase=0, Sales=84, Closing=19
[2026-02-27 13:27:52] [DEBUG] Day 28: Opening=19, Purchase=0, Sales=0, Closing=19
[2026-02-27 13:27:52] [INFO] Completed recalculating stock for 2026-02 from day 27
[2026-02-27 13:27:52] [INFO] Starting cascading to current month for item SCMWN0019724 sold on 2026-02-27
[2026-02-27 13:27:52] [INFO] Daily stock updated successfully for item SCMWN0019724 on 2026-02-27 in table tbldailystock_1: Sales=84, Closing=19
[2026-02-27 13:27:52] [INFO] Starting daily stock update for item SCMWN0019724 sold on 2026-02-27 (Qty: 2)
[2026-02-27 13:27:52] [INFO] Recalculating stock from day 27 for item SCMWN0019724 in 2026-02 in table tbldailystock_1
[2026-02-27 13:27:52] [DEBUG] Day 27: Opening=103, Purchase=0, Sales=86, Closing=17
[2026-02-27 13:27:52] [DEBUG] Day 28: Opening=17, Purchase=0, Sales=0, Closing=17
[2026-02-27 13:27:52] [INFO] Completed recalculating stock for 2026-02 from day 27
[2026-02-27 13:27:52] [INFO] Starting cascading to current month for item SCMWN0019724 sold on 2026-02-27
[2026-02-27 13:27:52] [INFO] Daily stock updated successfully for item SCMWN0019724 on 2026-02-27 in table tbldailystock_1: Sales=86, Closing=17
[2026-02-27 13:27:52] [INFO] Starting daily stock update for item SCMWN0019724 sold on 2026-02-27 (Qty: 2)
[2026-02-27 13:27:52] [INFO] Recalculating stock from day 27 for item SCMWN0019724 in 2026-02 in table tbldailystock_1
[2026-02-27 13:27:52] [DEBUG] Day 27: Opening=103, Purchase=0, Sales=88, Closing=15
[2026-02-27 13:27:52] [DEBUG] Day 28: Opening=15, Purchase=0, Sales=0, Closing=15
[2026-02-27 13:27:52] [INFO] Completed recalculating stock for 2026-02 from day 27
[2026-02-27 13:27:52] [INFO] Starting cascading to current month for item SCMWN0019724 sold on 2026-02-27
[2026-02-27 13:27:52] [INFO] Daily stock updated successfully for item SCMWN0019724 on 2026-02-27 in table tbldailystock_1: Sales=88, Closing=15
[2026-02-27 13:27:52] [INFO] Starting daily stock update for item SCMWN0019724 sold on 2026-02-27 (Qty: 2)
[2026-02-27 13:27:52] [INFO] Recalculating stock from day 27 for item SCMWN0019724 in 2026-02 in table tbldailystock_1
[2026-02-27 13:27:52] [DEBUG] Day 27: Opening=103, Purchase=0, Sales=90, Closing=13
[2026-02-27 13:27:52] [DEBUG] Day 28: Opening=13, Purchase=0, Sales=0, Closing=13
[2026-02-27 13:27:52] [INFO] Completed recalculating stock for 2026-02 from day 27
[2026-02-27 13:27:52] [INFO] Starting cascading to current month for item SCMWN0019724 sold on 2026-02-27
[2026-02-27 13:27:52] [INFO] Daily stock updated successfully for item SCMWN0019724 on 2026-02-27 in table tbldailystock_1: Sales=90, Closing=13
[2026-02-27 13:27:52] [INFO] Starting daily stock update for item SCMWN0019724 sold on 2026-02-27 (Qty: 2)
[2026-02-27 13:27:52] [INFO] Recalculating stock from day 27 for item SCMWN0019724 in 2026-02 in table tbldailystock_1
[2026-02-27 13:27:52] [DEBUG] Day 27: Opening=103, Purchase=0, Sales=92, Closing=11
[2026-02-27 13:27:52] [DEBUG] Day 28: Opening=11, Purchase=0, Sales=0, Closing=11
[2026-02-27 13:27:52] [INFO] Completed recalculating stock for 2026-02 from day 27
[2026-02-27 13:27:52] [INFO] Starting cascading to current month for item SCMWN0019724 sold on 2026-02-27
[2026-02-27 13:27:52] [INFO] Daily stock updated successfully for item SCMWN0019724 on 2026-02-27 in table tbldailystock_1: Sales=92, Closing=11
[2026-02-27 13:27:52] [INFO] Starting daily stock update for item SCMWN0019724 sold on 2026-02-27 (Qty: 2)
[2026-02-27 13:27:52] [INFO] Recalculating stock from day 27 for item SCMWN0019724 in 2026-02 in table tbldailystock_1
[2026-02-27 13:27:52] [DEBUG] Day 27: Opening=103, Purchase=0, Sales=94, Closing=9
[2026-02-27 13:27:52] [DEBUG] Day 28: Opening=9, Purchase=0, Sales=0, Closing=9
[2026-02-27 13:27:52] [INFO] Completed recalculating stock for 2026-02 from day 27
[2026-02-27 13:27:52] [INFO] Starting cascading to current month for item SCMWN0019724 sold on 2026-02-27
[2026-02-27 13:27:52] [INFO] Daily stock updated successfully for item SCMWN0019724 on 2026-02-27 in table tbldailystock_1: Sales=94, Closing=9
[2026-02-27 13:27:52] [INFO] Starting daily stock update for item SCMWN0019724 sold on 2026-02-27 (Qty: 2)
[2026-02-27 13:27:52] [INFO] Recalculating stock from day 27 for item SCMWN0019724 in 2026-02 in table tbldailystock_1
[2026-02-27 13:27:52] [DEBUG] Day 27: Opening=103, Purchase=0, Sales=96, Closing=7
[2026-02-27 13:27:52] [DEBUG] Day 28: Opening=7, Purchase=0, Sales=0, Closing=7
[2026-02-27 13:27:52] [INFO] Completed recalculating stock for 2026-02 from day 27
[2026-02-27 13:27:52] [INFO] Starting cascading to current month for item SCMWN0019724 sold on 2026-02-27
[2026-02-27 13:27:52] [INFO] Daily stock updated successfully for item SCMWN0019724 on 2026-02-27 in table tbldailystock_1: Sales=96, Closing=7
[2026-02-27 13:27:52] [INFO] Starting daily stock update for item SCMWN0019724 sold on 2026-02-27 (Qty: 2)
[2026-02-27 13:27:52] [INFO] Recalculating stock from day 27 for item SCMWN0019724 in 2026-02 in table tbldailystock_1
[2026-02-27 13:27:52] [DEBUG] Day 27: Opening=103, Purchase=0, Sales=98, Closing=5
[2026-02-27 13:27:52] [DEBUG] Day 28: Opening=5, Purchase=0, Sales=0, Closing=5
[2026-02-27 13:27:52] [INFO] Completed recalculating stock for 2026-02 from day 27
[2026-02-27 13:27:52] [INFO] Starting cascading to current month for item SCMWN0019724 sold on 2026-02-27
[2026-02-27 13:27:52] [INFO] Daily stock updated successfully for item SCMWN0019724 on 2026-02-27 in table tbldailystock_1: Sales=98, Closing=5
[2026-02-27 13:27:52] [INFO] Starting daily stock update for item SCMWN0019724 sold on 2026-02-27 (Qty: 2)
[2026-02-27 13:27:52] [INFO] Recalculating stock from day 27 for item SCMWN0019724 in 2026-02 in table tbldailystock_1
[2026-02-27 13:27:52] [DEBUG] Day 27: Opening=103, Purchase=0, Sales=100, Closing=3
[2026-02-27 13:27:52] [DEBUG] Day 28: Opening=3, Purchase=0, Sales=0, Closing=3
[2026-02-27 13:27:52] [INFO] Completed recalculating stock for 2026-02 from day 27
[2026-02-27 13:27:52] [INFO] Starting cascading to current month for item SCMWN0019724 sold on 2026-02-27
[2026-02-27 13:27:52] [INFO] Daily stock updated successfully for item SCMWN0019724 on 2026-02-27 in table tbldailystock_1: Sales=100, Closing=3
[2026-02-27 13:27:52] [INFO] Starting daily stock update for item SCMWN0019724 sold on 2026-02-27 (Qty: 2)
[2026-02-27 13:27:52] [INFO] Recalculating stock from day 27 for item SCMWN0019724 in 2026-02 in table tbldailystock_1
[2026-02-27 13:27:52] [DEBUG] Day 27: Opening=103, Purchase=0, Sales=102, Closing=1
[2026-02-27 13:27:52] [DEBUG] Day 28: Opening=1, Purchase=0, Sales=0, Closing=1
[2026-02-27 13:27:52] [INFO] Completed recalculating stock for 2026-02 from day 27
[2026-02-27 13:27:52] [INFO] Starting cascading to current month for item SCMWN0019724 sold on 2026-02-27
[2026-02-27 13:27:52] [INFO] Daily stock updated successfully for item SCMWN0019724 on 2026-02-27 in table tbldailystock_1: Sales=102, Closing=1
[2026-02-27 13:27:52] [INFO] Starting daily stock update for item SCMWN0019724 sold on 2026-02-27 (Qty: 1)
[2026-02-27 13:27:52] [INFO] Recalculating stock from day 27 for item SCMWN0019724 in 2026-02 in table tbldailystock_1
[2026-02-27 13:27:53] [DEBUG] Day 27: Opening=103, Purchase=0, Sales=103, Closing=0
[2026-02-27 13:27:53] [DEBUG] Day 28: Opening=0, Purchase=0, Sales=0, Closing=0
[2026-02-27 13:27:53] [INFO] Completed recalculating stock for 2026-02 from day 27
[2026-02-27 13:27:53] [INFO] Starting cascading to current month for item SCMWN0019724 sold on 2026-02-27
[2026-02-27 13:27:53] [INFO] Daily stock updated successfully for item SCMWN0019724 on 2026-02-27 in table tbldailystock_1: Sales=103, Closing=0
[2026-02-27 13:27:53] [INFO] Starting daily stock update for item SCMWN0019742 sold on 2026-02-27 (Qty: 1)
[2026-02-27 13:27:53] [INFO] Recalculating stock from day 27 for item SCMWN0019742 in 2026-02 in table tbldailystock_1
[2026-02-27 13:27:53] [DEBUG] Day 27: Opening=36, Purchase=0, Sales=1, Closing=35
[2026-02-27 13:27:53] [DEBUG] Day 28: Opening=35, Purchase=0, Sales=0, Closing=35
[2026-02-27 13:27:53] [INFO] Completed recalculating stock for 2026-02 from day 27
[2026-02-27 13:27:53] [INFO] Starting cascading to current month for item SCMWN0019742 sold on 2026-02-27
[2026-02-27 13:27:53] [INFO] Daily stock updated successfully for item SCMWN0019742 on 2026-02-27 in table tbldailystock_1: Sales=1, Closing=35
[2026-02-27 13:27:53] [INFO] Starting daily stock update for item SCMWN0019742 sold on 2026-02-27 (Qty: 2)
[2026-02-27 13:27:53] [INFO] Recalculating stock from day 27 for item SCMWN0019742 in 2026-02 in table tbldailystock_1
[2026-02-27 13:27:53] [DEBUG] Day 27: Opening=36, Purchase=0, Sales=3, Closing=33
[2026-02-27 13:27:53] [DEBUG] Day 28: Opening=33, Purchase=0, Sales=0, Closing=33
[2026-02-27 13:27:53] [INFO] Completed recalculating stock for 2026-02 from day 27
[2026-02-27 13:27:53] [INFO] Starting cascading to current month for item SCMWN0019742 sold on 2026-02-27
[2026-02-27 13:27:53] [INFO] Daily stock updated successfully for item SCMWN0019742 on 2026-02-27 in table tbldailystock_1: Sales=3, Closing=33
[2026-02-27 13:27:53] [INFO] Starting daily stock update for item SCMWN0019742 sold on 2026-02-27 (Qty: 2)
[2026-02-27 13:27:53] [INFO] Recalculating stock from day 27 for item SCMWN0019742 in 2026-02 in table tbldailystock_1
[2026-02-27 13:27:53] [DEBUG] Day 27: Opening=36, Purchase=0, Sales=5, Closing=31
[2026-02-27 13:27:53] [DEBUG] Day 28: Opening=31, Purchase=0, Sales=0, Closing=31
[2026-02-27 13:27:53] [INFO] Completed recalculating stock for 2026-02 from day 27
[2026-02-27 13:27:53] [INFO] Starting cascading to current month for item SCMWN0019742 sold on 2026-02-27
[2026-02-27 13:27:53] [INFO] Daily stock updated successfully for item SCMWN0019742 on 2026-02-27 in table tbldailystock_1: Sales=5, Closing=31
[2026-02-27 13:27:53] [INFO] Starting daily stock update for item SCMWN0019742 sold on 2026-02-27 (Qty: 2)
[2026-02-27 13:27:53] [INFO] Recalculating stock from day 27 for item SCMWN0019742 in 2026-02 in table tbldailystock_1
[2026-02-27 13:27:53] [DEBUG] Day 27: Opening=36, Purchase=0, Sales=7, Closing=29
[2026-02-27 13:27:53] [DEBUG] Day 28: Opening=29, Purchase=0, Sales=0, Closing=29
[2026-02-27 13:27:53] [INFO] Completed recalculating stock for 2026-02 from day 27
[2026-02-27 13:27:53] [INFO] Starting cascading to current month for item SCMWN0019742 sold on 2026-02-27
[2026-02-27 13:27:53] [INFO] Daily stock updated successfully for item SCMWN0019742 on 2026-02-27 in table tbldailystock_1: Sales=7, Closing=29
[2026-02-27 13:27:53] [INFO] Starting daily stock update for item SCMWN0019742 sold on 2026-02-27 (Qty: 2)
[2026-02-27 13:27:53] [INFO] Recalculating stock from day 27 for item SCMWN0019742 in 2026-02 in table tbldailystock_1
[2026-02-27 13:27:53] [DEBUG] Day 27: Opening=36, Purchase=0, Sales=9, Closing=27
[2026-02-27 13:27:53] [DEBUG] Day 28: Opening=27, Purchase=0, Sales=0, Closing=27
[2026-02-27 13:27:53] [INFO] Completed recalculating stock for 2026-02 from day 27
[2026-02-27 13:27:53] [INFO] Starting cascading to current month for item SCMWN0019742 sold on 2026-02-27
[2026-02-27 13:27:53] [INFO] Daily stock updated successfully for item SCMWN0019742 on 2026-02-27 in table tbldailystock_1: Sales=9, Closing=27
[2026-02-27 13:27:53] [INFO] Starting daily stock update for item SCMWN0019742 sold on 2026-02-27 (Qty: 2)
[2026-02-27 13:27:53] [INFO] Recalculating stock from day 27 for item SCMWN0019742 in 2026-02 in table tbldailystock_1
[2026-02-27 13:27:53] [DEBUG] Day 27: Opening=36, Purchase=0, Sales=11, Closing=25
[2026-02-27 13:27:53] [DEBUG] Day 28: Opening=25, Purchase=0, Sales=0, Closing=25
[2026-02-27 13:27:53] [INFO] Completed recalculating stock for 2026-02 from day 27
[2026-02-27 13:27:53] [INFO] Starting cascading to current month for item SCMWN0019742 sold on 2026-02-27
[2026-02-27 13:27:53] [INFO] Daily stock updated successfully for item SCMWN0019742 on 2026-02-27 in table tbldailystock_1: Sales=11, Closing=25
[2026-02-27 13:27:53] [INFO] Starting daily stock update for item SCMWN0019742 sold on 2026-02-27 (Qty: 2)
[2026-02-27 13:27:53] [INFO] Recalculating stock from day 27 for item SCMWN0019742 in 2026-02 in table tbldailystock_1
[2026-02-27 13:27:53] [DEBUG] Day 27: Opening=36, Purchase=0, Sales=13, Closing=23
[2026-02-27 13:27:53] [DEBUG] Day 28: Opening=23, Purchase=0, Sales=0, Closing=23
[2026-02-27 13:27:53] [INFO] Completed recalculating stock for 2026-02 from day 27
[2026-02-27 13:27:53] [INFO] Starting cascading to current month for item SCMWN0019742 sold on 2026-02-27
[2026-02-27 13:27:53] [INFO] Daily stock updated successfully for item SCMWN0019742 on 2026-02-27 in table tbldailystock_1: Sales=13, Closing=23
[2026-02-27 13:27:53] [INFO] Starting daily stock update for item SCMWN0019742 sold on 2026-02-27 (Qty: 2)
[2026-02-27 13:27:53] [INFO] Recalculating stock from day 27 for item SCMWN0019742 in 2026-02 in table tbldailystock_1
[2026-02-27 13:27:53] [DEBUG] Day 27: Opening=36, Purchase=0, Sales=15, Closing=21
[2026-02-27 13:27:53] [DEBUG] Day 28: Opening=21, Purchase=0, Sales=0, Closing=21
[2026-02-27 13:27:53] [INFO] Completed recalculating stock for 2026-02 from day 27
[2026-02-27 13:27:53] [INFO] Starting cascading to current month for item SCMWN0019742 sold on 2026-02-27
[2026-02-27 13:27:53] [INFO] Daily stock updated successfully for item SCMWN0019742 on 2026-02-27 in table tbldailystock_1: Sales=15, Closing=21
[2026-02-27 13:27:53] [INFO] Starting daily stock update for item SCMWN0019742 sold on 2026-02-27 (Qty: 2)
[2026-02-27 13:27:53] [INFO] Recalculating stock from day 27 for item SCMWN0019742 in 2026-02 in table tbldailystock_1
[2026-02-27 13:27:53] [DEBUG] Day 27: Opening=36, Purchase=0, Sales=17, Closing=19
[2026-02-27 13:27:53] [DEBUG] Day 28: Opening=19, Purchase=0, Sales=0, Closing=19
[2026-02-27 13:27:53] [INFO] Completed recalculating stock for 2026-02 from day 27
[2026-02-27 13:27:53] [INFO] Starting cascading to current month for item SCMWN0019742 sold on 2026-02-27
[2026-02-27 13:27:53] [INFO] Daily stock updated successfully for item SCMWN0019742 on 2026-02-27 in table tbldailystock_1: Sales=17, Closing=19
[2026-02-27 13:27:53] [INFO] Starting daily stock update for item SCMWN0019742 sold on 2026-02-27 (Qty: 2)
[2026-02-27 13:27:53] [INFO] Recalculating stock from day 27 for item SCMWN0019742 in 2026-02 in table tbldailystock_1
[2026-02-27 13:27:53] [DEBUG] Day 27: Opening=36, Purchase=0, Sales=19, Closing=17
[2026-02-27 13:27:53] [DEBUG] Day 28: Opening=17, Purchase=0, Sales=0, Closing=17
[2026-02-27 13:27:53] [INFO] Completed recalculating stock for 2026-02 from day 27
[2026-02-27 13:27:53] [INFO] Starting cascading to current month for item SCMWN0019742 sold on 2026-02-27
[2026-02-27 13:27:53] [INFO] Daily stock updated successfully for item SCMWN0019742 on 2026-02-27 in table tbldailystock_1: Sales=19, Closing=17
[2026-02-27 13:27:53] [INFO] Starting daily stock update for item SCMWN0019742 sold on 2026-02-27 (Qty: 2)
[2026-02-27 13:27:53] [INFO] Recalculating stock from day 27 for item SCMWN0019742 in 2026-02 in table tbldailystock_1
[2026-02-27 13:27:53] [DEBUG] Day 27: Opening=36, Purchase=0, Sales=21, Closing=15
[2026-02-27 13:27:53] [DEBUG] Day 28: Opening=15, Purchase=0, Sales=0, Closing=15
[2026-02-27 13:27:53] [INFO] Completed recalculating stock for 2026-02 from day 27
[2026-02-27 13:27:53] [INFO] Starting cascading to current month for item SCMWN0019742 sold on 2026-02-27
[2026-02-27 13:27:53] [INFO] Daily stock updated successfully for item SCMWN0019742 on 2026-02-27 in table tbldailystock_1: Sales=21, Closing=15
[2026-02-27 13:27:53] [INFO] Starting daily stock update for item SCMWN0019742 sold on 2026-02-27 (Qty: 2)
[2026-02-27 13:27:53] [INFO] Recalculating stock from day 27 for item SCMWN0019742 in 2026-02 in table tbldailystock_1
[2026-02-27 13:27:53] [DEBUG] Day 27: Opening=36, Purchase=0, Sales=23, Closing=13
[2026-02-27 13:27:53] [DEBUG] Day 28: Opening=13, Purchase=0, Sales=0, Closing=13
[2026-02-27 13:27:53] [INFO] Completed recalculating stock for 2026-02 from day 27
[2026-02-27 13:27:53] [INFO] Starting cascading to current month for item SCMWN0019742 sold on 2026-02-27
[2026-02-27 13:27:53] [INFO] Daily stock updated successfully for item SCMWN0019742 on 2026-02-27 in table tbldailystock_1: Sales=23, Closing=13
[2026-02-27 13:27:53] [INFO] Starting daily stock update for item SCMWN0019742 sold on 2026-02-27 (Qty: 2)
[2026-02-27 13:27:53] [INFO] Recalculating stock from day 27 for item SCMWN0019742 in 2026-02 in table tbldailystock_1
[2026-02-27 13:27:53] [DEBUG] Day 27: Opening=36, Purchase=0, Sales=25, Closing=11
[2026-02-27 13:27:53] [DEBUG] Day 28: Opening=11, Purchase=0, Sales=0, Closing=11
[2026-02-27 13:27:53] [INFO] Completed recalculating stock for 2026-02 from day 27
[2026-02-27 13:27:53] [INFO] Starting cascading to current month for item SCMWN0019742 sold on 2026-02-27
[2026-02-27 13:27:53] [INFO] Daily stock updated successfully for item SCMWN0019742 on 2026-02-27 in table tbldailystock_1: Sales=25, Closing=11
[2026-02-27 13:27:53] [INFO] Starting daily stock update for item SCMWN0019742 sold on 2026-02-27 (Qty: 2)
[2026-02-27 13:27:53] [INFO] Recalculating stock from day 27 for item SCMWN0019742 in 2026-02 in table tbldailystock_1
[2026-02-27 13:27:53] [DEBUG] Day 27: Opening=36, Purchase=0, Sales=27, Closing=9
[2026-02-27 13:27:53] [DEBUG] Day 28: Opening=9, Purchase=0, Sales=0, Closing=9
[2026-02-27 13:27:53] [INFO] Completed recalculating stock for 2026-02 from day 27
[2026-02-27 13:27:53] [INFO] Starting cascading to current month for item SCMWN0019742 sold on 2026-02-27
[2026-02-27 13:27:53] [INFO] Daily stock updated successfully for item SCMWN0019742 on 2026-02-27 in table tbldailystock_1: Sales=27, Closing=9
[2026-02-27 13:27:53] [INFO] Starting daily stock update for item SCMWN0019742 sold on 2026-02-27 (Qty: 2)
[2026-02-27 13:27:53] [INFO] Recalculating stock from day 27 for item SCMWN0019742 in 2026-02 in table tbldailystock_1
[2026-02-27 13:27:53] [DEBUG] Day 27: Opening=36, Purchase=0, Sales=29, Closing=7
[2026-02-27 13:27:54] [DEBUG] Day 28: Opening=7, Purchase=0, Sales=0, Closing=7
[2026-02-27 13:27:54] [INFO] Completed recalculating stock for 2026-02 from day 27
[2026-02-27 13:27:54] [INFO] Starting cascading to current month for item SCMWN0019742 sold on 2026-02-27
[2026-02-27 13:27:54] [INFO] Daily stock updated successfully for item SCMWN0019742 on 2026-02-27 in table tbldailystock_1: Sales=29, Closing=7
[2026-02-27 13:27:54] [INFO] Starting daily stock update for item SCMWN0019742 sold on 2026-02-27 (Qty: 2)
[2026-02-27 13:27:54] [INFO] Recalculating stock from day 27 for item SCMWN0019742 in 2026-02 in table tbldailystock_1
[2026-02-27 13:27:54] [DEBUG] Day 27: Opening=36, Purchase=0, Sales=31, Closing=5
[2026-02-27 13:27:54] [DEBUG] Day 28: Opening=5, Purchase=0, Sales=0, Closing=5
[2026-02-27 13:27:54] [INFO] Completed recalculating stock for 2026-02 from day 27
[2026-02-27 13:27:54] [INFO] Starting cascading to current month for item SCMWN0019742 sold on 2026-02-27
[2026-02-27 13:27:54] [INFO] Daily stock updated successfully for item SCMWN0019742 on 2026-02-27 in table tbldailystock_1: Sales=31, Closing=5
[2026-02-27 13:27:54] [INFO] Starting daily stock update for item SCMWN0019742 sold on 2026-02-27 (Qty: 2)
[2026-02-27 13:27:54] [INFO] Recalculating stock from day 27 for item SCMWN0019742 in 2026-02 in table tbldailystock_1
[2026-02-27 13:27:54] [DEBUG] Day 27: Opening=36, Purchase=0, Sales=33, Closing=3
[2026-02-27 13:27:54] [DEBUG] Day 28: Opening=3, Purchase=0, Sales=0, Closing=3
[2026-02-27 13:27:54] [INFO] Completed recalculating stock for 2026-02 from day 27
[2026-02-27 13:27:54] [INFO] Starting cascading to current month for item SCMWN0019742 sold on 2026-02-27
[2026-02-27 13:27:54] [INFO] Daily stock updated successfully for item SCMWN0019742 on 2026-02-27 in table tbldailystock_1: Sales=33, Closing=3
[2026-02-27 13:27:54] [INFO] Starting daily stock update for item SCMWN0019742 sold on 2026-02-27 (Qty: 2)
[2026-02-27 13:27:54] [INFO] Recalculating stock from day 27 for item SCMWN0019742 in 2026-02 in table tbldailystock_1
[2026-02-27 13:27:54] [DEBUG] Day 27: Opening=36, Purchase=0, Sales=35, Closing=1
[2026-02-27 13:27:54] [DEBUG] Day 28: Opening=1, Purchase=0, Sales=0, Closing=1
[2026-02-27 13:27:54] [INFO] Completed recalculating stock for 2026-02 from day 27
[2026-02-27 13:27:54] [INFO] Starting cascading to current month for item SCMWN0019742 sold on 2026-02-27
[2026-02-27 13:27:54] [INFO] Daily stock updated successfully for item SCMWN0019742 on 2026-02-27 in table tbldailystock_1: Sales=35, Closing=1
[2026-02-27 13:27:54] [INFO] Starting daily stock update for item SCMWN0019742 sold on 2026-02-27 (Qty: 1)
[2026-02-27 13:27:54] [INFO] Recalculating stock from day 27 for item SCMWN0019742 in 2026-02 in table tbldailystock_1
[2026-02-27 13:27:54] [DEBUG] Day 27: Opening=36, Purchase=0, Sales=36, Closing=0
[2026-02-27 13:27:54] [DEBUG] Day 28: Opening=0, Purchase=0, Sales=0, Closing=0
[2026-02-27 13:27:54] [INFO] Completed recalculating stock for 2026-02 from day 27
[2026-02-27 13:27:54] [INFO] Starting cascading to current month for item SCMWN0019742 sold on 2026-02-27
[2026-02-27 13:27:54] [INFO] Daily stock updated successfully for item SCMWN0019742 on 2026-02-27 in table tbldailystock_1: Sales=36, Closing=0
[2026-02-27 13:27:54] [INFO] Starting daily stock update for item SCMBR0018159 sold on 2026-02-27 (Qty: 1)
[2026-02-27 13:27:54] [INFO] Recalculating stock from day 27 for item SCMBR0018159 in 2026-02 in table tbldailystock_1
[2026-02-27 13:27:54] [DEBUG] Day 27: Opening=49, Purchase=0, Sales=1, Closing=48
[2026-02-27 13:27:54] [DEBUG] Day 28: Opening=48, Purchase=0, Sales=0, Closing=48
[2026-02-27 13:27:54] [INFO] Completed recalculating stock for 2026-02 from day 27
[2026-02-27 13:27:54] [INFO] Starting cascading to current month for item SCMBR0018159 sold on 2026-02-27
[2026-02-27 13:27:54] [INFO] Daily stock updated successfully for item SCMBR0018159 on 2026-02-27 in table tbldailystock_1: Sales=1, Closing=48
[2026-02-27 13:27:54] [INFO] Starting daily stock update for item SCMBR0018159 sold on 2026-02-27 (Qty: 2)
[2026-02-27 13:27:54] [INFO] Recalculating stock from day 27 for item SCMBR0018159 in 2026-02 in table tbldailystock_1
[2026-02-27 13:27:54] [DEBUG] Day 27: Opening=49, Purchase=0, Sales=3, Closing=46
[2026-02-27 13:27:54] [DEBUG] Day 28: Opening=46, Purchase=0, Sales=0, Closing=46
[2026-02-27 13:27:54] [INFO] Completed recalculating stock for 2026-02 from day 27
[2026-02-27 13:27:54] [INFO] Starting cascading to current month for item SCMBR0018159 sold on 2026-02-27
[2026-02-27 13:27:54] [INFO] Daily stock updated successfully for item SCMBR0018159 on 2026-02-27 in table tbldailystock_1: Sales=3, Closing=46
[2026-02-27 13:27:54] [INFO] Starting daily stock update for item SCMBR0018159 sold on 2026-02-27 (Qty: 2)
[2026-02-27 13:27:54] [INFO] Recalculating stock from day 27 for item SCMBR0018159 in 2026-02 in table tbldailystock_1
[2026-02-27 13:27:54] [DEBUG] Day 27: Opening=49, Purchase=0, Sales=5, Closing=44
[2026-02-27 13:27:54] [DEBUG] Day 28: Opening=44, Purchase=0, Sales=0, Closing=44
[2026-02-27 13:27:54] [INFO] Completed recalculating stock for 2026-02 from day 27
[2026-02-27 13:27:54] [INFO] Starting cascading to current month for item SCMBR0018159 sold on 2026-02-27
[2026-02-27 13:27:54] [INFO] Daily stock updated successfully for item SCMBR0018159 on 2026-02-27 in table tbldailystock_1: Sales=5, Closing=44
[2026-02-27 13:27:54] [INFO] Starting daily stock update for item SCMBR0018159 sold on 2026-02-27 (Qty: 2)
[2026-02-27 13:27:54] [INFO] Recalculating stock from day 27 for item SCMBR0018159 in 2026-02 in table tbldailystock_1
[2026-02-27 13:27:54] [DEBUG] Day 27: Opening=49, Purchase=0, Sales=7, Closing=42
[2026-02-27 13:27:54] [DEBUG] Day 28: Opening=42, Purchase=0, Sales=0, Closing=42
[2026-02-27 13:27:54] [INFO] Completed recalculating stock for 2026-02 from day 27
[2026-02-27 13:27:54] [INFO] Starting cascading to current month for item SCMBR0018159 sold on 2026-02-27
[2026-02-27 13:27:54] [INFO] Daily stock updated successfully for item SCMBR0018159 on 2026-02-27 in table tbldailystock_1: Sales=7, Closing=42
[2026-02-27 13:27:54] [INFO] Starting daily stock update for item SCMBR0018159 sold on 2026-02-27 (Qty: 2)
[2026-02-27 13:27:54] [INFO] Recalculating stock from day 27 for item SCMBR0018159 in 2026-02 in table tbldailystock_1
[2026-02-27 13:27:54] [DEBUG] Day 27: Opening=49, Purchase=0, Sales=9, Closing=40
[2026-02-27 13:27:54] [DEBUG] Day 28: Opening=40, Purchase=0, Sales=0, Closing=40
[2026-02-27 13:27:54] [INFO] Completed recalculating stock for 2026-02 from day 27
[2026-02-27 13:27:54] [INFO] Starting cascading to current month for item SCMBR0018159 sold on 2026-02-27
[2026-02-27 13:27:54] [INFO] Daily stock updated successfully for item SCMBR0018159 on 2026-02-27 in table tbldailystock_1: Sales=9, Closing=40
[2026-02-27 13:27:54] [INFO] Starting daily stock update for item SCMBR0018159 sold on 2026-02-27 (Qty: 2)
[2026-02-27 13:27:54] [INFO] Recalculating stock from day 27 for item SCMBR0018159 in 2026-02 in table tbldailystock_1
[2026-02-27 13:27:54] [DEBUG] Day 27: Opening=49, Purchase=0, Sales=11, Closing=38
[2026-02-27 13:27:54] [DEBUG] Day 28: Opening=38, Purchase=0, Sales=0, Closing=38
[2026-02-27 13:27:54] [INFO] Completed recalculating stock for 2026-02 from day 27
[2026-02-27 13:27:54] [INFO] Starting cascading to current month for item SCMBR0018159 sold on 2026-02-27
[2026-02-27 13:27:54] [INFO] Daily stock updated successfully for item SCMBR0018159 on 2026-02-27 in table tbldailystock_1: Sales=11, Closing=38
[2026-02-27 13:27:54] [INFO] Starting daily stock update for item SCMBR0018159 sold on 2026-02-27 (Qty: 2)
[2026-02-27 13:27:54] [INFO] Recalculating stock from day 27 for item SCMBR0018159 in 2026-02 in table tbldailystock_1
[2026-02-27 13:27:54] [DEBUG] Day 27: Opening=49, Purchase=0, Sales=13, Closing=36
[2026-02-27 13:27:54] [DEBUG] Day 28: Opening=36, Purchase=0, Sales=0, Closing=36
[2026-02-27 13:27:54] [INFO] Completed recalculating stock for 2026-02 from day 27
[2026-02-27 13:27:54] [INFO] Starting cascading to current month for item SCMBR0018159 sold on 2026-02-27
[2026-02-27 13:27:54] [INFO] Daily stock updated successfully for item SCMBR0018159 on 2026-02-27 in table tbldailystock_1: Sales=13, Closing=36
[2026-02-27 13:27:54] [INFO] Starting daily stock update for item SCMBR0018159 sold on 2026-02-27 (Qty: 2)
[2026-02-27 13:27:54] [INFO] Recalculating stock from day 27 for item SCMBR0018159 in 2026-02 in table tbldailystock_1
[2026-02-27 13:27:54] [DEBUG] Day 27: Opening=49, Purchase=0, Sales=15, Closing=34
[2026-02-27 13:27:54] [DEBUG] Day 28: Opening=34, Purchase=0, Sales=0, Closing=34
[2026-02-27 13:27:54] [INFO] Completed recalculating stock for 2026-02 from day 27
[2026-02-27 13:27:54] [INFO] Starting cascading to current month for item SCMBR0018159 sold on 2026-02-27
[2026-02-27 13:27:54] [INFO] Daily stock updated successfully for item SCMBR0018159 on 2026-02-27 in table tbldailystock_1: Sales=15, Closing=34
[2026-02-27 13:27:54] [INFO] Starting daily stock update for item SCMBR0018159 sold on 2026-02-27 (Qty: 2)
[2026-02-27 13:27:54] [INFO] Recalculating stock from day 27 for item SCMBR0018159 in 2026-02 in table tbldailystock_1
[2026-02-27 13:27:54] [DEBUG] Day 27: Opening=49, Purchase=0, Sales=17, Closing=32
[2026-02-27 13:27:54] [DEBUG] Day 28: Opening=32, Purchase=0, Sales=0, Closing=32
[2026-02-27 13:27:54] [INFO] Completed recalculating stock for 2026-02 from day 27
[2026-02-27 13:27:54] [INFO] Starting cascading to current month for item SCMBR0018159 sold on 2026-02-27
[2026-02-27 13:27:54] [INFO] Daily stock updated successfully for item SCMBR0018159 on 2026-02-27 in table tbldailystock_1: Sales=17, Closing=32
[2026-02-27 13:27:54] [INFO] Starting daily stock update for item SCMBR0018159 sold on 2026-02-27 (Qty: 2)
[2026-02-27 13:27:54] [INFO] Recalculating stock from day 27 for item SCMBR0018159 in 2026-02 in table tbldailystock_1
[2026-02-27 13:27:54] [DEBUG] Day 27: Opening=49, Purchase=0, Sales=19, Closing=30
[2026-02-27 13:27:54] [DEBUG] Day 28: Opening=30, Purchase=0, Sales=0, Closing=30
[2026-02-27 13:27:54] [INFO] Completed recalculating stock for 2026-02 from day 27
[2026-02-27 13:27:54] [INFO] Starting cascading to current month for item SCMBR0018159 sold on 2026-02-27
[2026-02-27 13:27:54] [INFO] Daily stock updated successfully for item SCMBR0018159 on 2026-02-27 in table tbldailystock_1: Sales=19, Closing=30
[2026-02-27 13:27:54] [INFO] Starting daily stock update for item SCMBR0018159 sold on 2026-02-27 (Qty: 2)
[2026-02-27 13:27:54] [INFO] Recalculating stock from day 27 for item SCMBR0018159 in 2026-02 in table tbldailystock_1
[2026-02-27 13:27:54] [DEBUG] Day 27: Opening=49, Purchase=0, Sales=21, Closing=28
[2026-02-27 13:27:54] [DEBUG] Day 28: Opening=28, Purchase=0, Sales=0, Closing=28
[2026-02-27 13:27:54] [INFO] Completed recalculating stock for 2026-02 from day 27
[2026-02-27 13:27:54] [INFO] Starting cascading to current month for item SCMBR0018159 sold on 2026-02-27
[2026-02-27 13:27:54] [INFO] Daily stock updated successfully for item SCMBR0018159 on 2026-02-27 in table tbldailystock_1: Sales=21, Closing=28
[2026-02-27 13:27:54] [INFO] Starting daily stock update for item SCMBR0018159 sold on 2026-02-27 (Qty: 2)
[2026-02-27 13:27:54] [INFO] Recalculating stock from day 27 for item SCMBR0018159 in 2026-02 in table tbldailystock_1
[2026-02-27 13:27:55] [DEBUG] Day 27: Opening=49, Purchase=0, Sales=23, Closing=26
[2026-02-27 13:27:55] [DEBUG] Day 28: Opening=26, Purchase=0, Sales=0, Closing=26
[2026-02-27 13:27:55] [INFO] Completed recalculating stock for 2026-02 from day 27
[2026-02-27 13:27:55] [INFO] Starting cascading to current month for item SCMBR0018159 sold on 2026-02-27
[2026-02-27 13:27:55] [INFO] Daily stock updated successfully for item SCMBR0018159 on 2026-02-27 in table tbldailystock_1: Sales=23, Closing=26
[2026-02-27 13:27:55] [INFO] Starting daily stock update for item SCMBR0018159 sold on 2026-02-27 (Qty: 2)
[2026-02-27 13:27:55] [INFO] Recalculating stock from day 27 for item SCMBR0018159 in 2026-02 in table tbldailystock_1
[2026-02-27 13:27:55] [DEBUG] Day 27: Opening=49, Purchase=0, Sales=25, Closing=24
[2026-02-27 13:27:55] [DEBUG] Day 28: Opening=24, Purchase=0, Sales=0, Closing=24
[2026-02-27 13:27:55] [INFO] Completed recalculating stock for 2026-02 from day 27
[2026-02-27 13:27:55] [INFO] Starting cascading to current month for item SCMBR0018159 sold on 2026-02-27
[2026-02-27 13:27:55] [INFO] Daily stock updated successfully for item SCMBR0018159 on 2026-02-27 in table tbldailystock_1: Sales=25, Closing=24
[2026-02-27 13:27:55] [INFO] Starting daily stock update for item SCMBR0018159 sold on 2026-02-27 (Qty: 2)
[2026-02-27 13:27:55] [INFO] Recalculating stock from day 27 for item SCMBR0018159 in 2026-02 in table tbldailystock_1
[2026-02-27 13:27:55] [DEBUG] Day 27: Opening=49, Purchase=0, Sales=27, Closing=22
[2026-02-27 13:27:55] [DEBUG] Day 28: Opening=22, Purchase=0, Sales=0, Closing=22
[2026-02-27 13:27:55] [INFO] Completed recalculating stock for 2026-02 from day 27
[2026-02-27 13:27:55] [INFO] Starting cascading to current month for item SCMBR0018159 sold on 2026-02-27
[2026-02-27 13:27:55] [INFO] Daily stock updated successfully for item SCMBR0018159 on 2026-02-27 in table tbldailystock_1: Sales=27, Closing=22
[2026-02-27 13:27:55] [INFO] Starting daily stock update for item SCMBR0018159 sold on 2026-02-27 (Qty: 2)
[2026-02-27 13:27:55] [INFO] Recalculating stock from day 27 for item SCMBR0018159 in 2026-02 in table tbldailystock_1
[2026-02-27 13:27:55] [DEBUG] Day 27: Opening=49, Purchase=0, Sales=29, Closing=20
[2026-02-27 13:27:55] [DEBUG] Day 28: Opening=20, Purchase=0, Sales=0, Closing=20
[2026-02-27 13:27:55] [INFO] Completed recalculating stock for 2026-02 from day 27
[2026-02-27 13:27:55] [INFO] Starting cascading to current month for item SCMBR0018159 sold on 2026-02-27
[2026-02-27 13:27:55] [INFO] Daily stock updated successfully for item SCMBR0018159 on 2026-02-27 in table tbldailystock_1: Sales=29, Closing=20
[2026-02-27 13:27:55] [INFO] Starting daily stock update for item SCMBR0018159 sold on 2026-02-27 (Qty: 2)
[2026-02-27 13:27:55] [INFO] Recalculating stock from day 27 for item SCMBR0018159 in 2026-02 in table tbldailystock_1
[2026-02-27 13:27:55] [DEBUG] Day 27: Opening=49, Purchase=0, Sales=31, Closing=18
[2026-02-27 13:27:55] [DEBUG] Day 28: Opening=18, Purchase=0, Sales=0, Closing=18
[2026-02-27 13:27:55] [INFO] Completed recalculating stock for 2026-02 from day 27
[2026-02-27 13:27:55] [INFO] Starting cascading to current month for item SCMBR0018159 sold on 2026-02-27
[2026-02-27 13:27:55] [INFO] Daily stock updated successfully for item SCMBR0018159 on 2026-02-27 in table tbldailystock_1: Sales=31, Closing=18
[2026-02-27 13:27:55] [INFO] Starting daily stock update for item SCMBR0018159 sold on 2026-02-27 (Qty: 2)
[2026-02-27 13:27:55] [INFO] Recalculating stock from day 27 for item SCMBR0018159 in 2026-02 in table tbldailystock_1
[2026-02-27 13:27:55] [DEBUG] Day 27: Opening=49, Purchase=0, Sales=33, Closing=16
[2026-02-27 13:27:55] [DEBUG] Day 28: Opening=16, Purchase=0, Sales=0, Closing=16
[2026-02-27 13:27:55] [INFO] Completed recalculating stock for 2026-02 from day 27
[2026-02-27 13:27:55] [INFO] Starting cascading to current month for item SCMBR0018159 sold on 2026-02-27
[2026-02-27 13:27:55] [INFO] Daily stock updated successfully for item SCMBR0018159 on 2026-02-27 in table tbldailystock_1: Sales=33, Closing=16
[2026-02-27 13:27:55] [INFO] Starting daily stock update for item SCMBR0018159 sold on 2026-02-27 (Qty: 2)
[2026-02-27 13:27:55] [INFO] Recalculating stock from day 27 for item SCMBR0018159 in 2026-02 in table tbldailystock_1
[2026-02-27 13:27:55] [DEBUG] Day 27: Opening=49, Purchase=0, Sales=35, Closing=14
[2026-02-27 13:27:55] [DEBUG] Day 28: Opening=14, Purchase=0, Sales=0, Closing=14
[2026-02-27 13:27:55] [INFO] Completed recalculating stock for 2026-02 from day 27
[2026-02-27 13:27:55] [INFO] Starting cascading to current month for item SCMBR0018159 sold on 2026-02-27
[2026-02-27 13:27:55] [INFO] Daily stock updated successfully for item SCMBR0018159 on 2026-02-27 in table tbldailystock_1: Sales=35, Closing=14
[2026-02-27 13:27:55] [INFO] Starting daily stock update for item SCMBR0018159 sold on 2026-02-27 (Qty: 2)
[2026-02-27 13:27:55] [INFO] Recalculating stock from day 27 for item SCMBR0018159 in 2026-02 in table tbldailystock_1
[2026-02-27 13:27:55] [DEBUG] Day 27: Opening=49, Purchase=0, Sales=37, Closing=12
[2026-02-27 13:27:55] [DEBUG] Day 28: Opening=12, Purchase=0, Sales=0, Closing=12
[2026-02-27 13:27:55] [INFO] Completed recalculating stock for 2026-02 from day 27
[2026-02-27 13:27:55] [INFO] Starting cascading to current month for item SCMBR0018159 sold on 2026-02-27
[2026-02-27 13:27:55] [INFO] Daily stock updated successfully for item SCMBR0018159 on 2026-02-27 in table tbldailystock_1: Sales=37, Closing=12
[2026-02-27 13:27:55] [INFO] Starting daily stock update for item SCMBR0018159 sold on 2026-02-27 (Qty: 2)
[2026-02-27 13:27:55] [INFO] Recalculating stock from day 27 for item SCMBR0018159 in 2026-02 in table tbldailystock_1
[2026-02-27 13:27:55] [DEBUG] Day 27: Opening=49, Purchase=0, Sales=39, Closing=10
[2026-02-27 13:27:55] [DEBUG] Day 28: Opening=10, Purchase=0, Sales=0, Closing=10
[2026-02-27 13:27:55] [INFO] Completed recalculating stock for 2026-02 from day 27
[2026-02-27 13:27:55] [INFO] Starting cascading to current month for item SCMBR0018159 sold on 2026-02-27
[2026-02-27 13:27:55] [INFO] Daily stock updated successfully for item SCMBR0018159 on 2026-02-27 in table tbldailystock_1: Sales=39, Closing=10
[2026-02-27 13:27:55] [INFO] Starting daily stock update for item SCMBR0018159 sold on 2026-02-27 (Qty: 2)
[2026-02-27 13:27:55] [INFO] Recalculating stock from day 27 for item SCMBR0018159 in 2026-02 in table tbldailystock_1
[2026-02-27 13:27:55] [DEBUG] Day 27: Opening=49, Purchase=0, Sales=41, Closing=8
[2026-02-27 13:27:55] [DEBUG] Day 28: Opening=8, Purchase=0, Sales=0, Closing=8
[2026-02-27 13:27:55] [INFO] Completed recalculating stock for 2026-02 from day 27
[2026-02-27 13:27:55] [INFO] Starting cascading to current month for item SCMBR0018159 sold on 2026-02-27
[2026-02-27 13:27:55] [INFO] Daily stock updated successfully for item SCMBR0018159 on 2026-02-27 in table tbldailystock_1: Sales=41, Closing=8
[2026-02-27 13:27:55] [INFO] Starting daily stock update for item SCMBR0018159 sold on 2026-02-27 (Qty: 2)
[2026-02-27 13:27:55] [INFO] Recalculating stock from day 27 for item SCMBR0018159 in 2026-02 in table tbldailystock_1
[2026-02-27 13:27:55] [DEBUG] Day 27: Opening=49, Purchase=0, Sales=43, Closing=6
[2026-02-27 13:27:55] [DEBUG] Day 28: Opening=6, Purchase=0, Sales=0, Closing=6
[2026-02-27 13:27:55] [INFO] Completed recalculating stock for 2026-02 from day 27
[2026-02-27 13:27:55] [INFO] Starting cascading to current month for item SCMBR0018159 sold on 2026-02-27
[2026-02-27 13:27:55] [INFO] Daily stock updated successfully for item SCMBR0018159 on 2026-02-27 in table tbldailystock_1: Sales=43, Closing=6
[2026-02-27 13:27:55] [INFO] Starting daily stock update for item SCMBR0018159 sold on 2026-02-27 (Qty: 2)
[2026-02-27 13:27:55] [INFO] Recalculating stock from day 27 for item SCMBR0018159 in 2026-02 in table tbldailystock_1
[2026-02-27 13:27:55] [DEBUG] Day 27: Opening=49, Purchase=0, Sales=45, Closing=4
[2026-02-27 13:27:55] [DEBUG] Day 28: Opening=4, Purchase=0, Sales=0, Closing=4
[2026-02-27 13:27:55] [INFO] Completed recalculating stock for 2026-02 from day 27
[2026-02-27 13:27:55] [INFO] Starting cascading to current month for item SCMBR0018159 sold on 2026-02-27
[2026-02-27 13:27:55] [INFO] Daily stock updated successfully for item SCMBR0018159 on 2026-02-27 in table tbldailystock_1: Sales=45, Closing=4
[2026-02-27 13:27:55] [INFO] Starting daily stock update for item SCMBR0018159 sold on 2026-02-27 (Qty: 2)
[2026-02-27 13:27:55] [INFO] Recalculating stock from day 27 for item SCMBR0018159 in 2026-02 in table tbldailystock_1
[2026-02-27 13:27:55] [DEBUG] Day 27: Opening=49, Purchase=0, Sales=47, Closing=2
[2026-02-27 13:27:55] [DEBUG] Day 28: Opening=2, Purchase=0, Sales=0, Closing=2
[2026-02-27 13:27:55] [INFO] Completed recalculating stock for 2026-02 from day 27
[2026-02-27 13:27:55] [INFO] Starting cascading to current month for item SCMBR0018159 sold on 2026-02-27
[2026-02-27 13:27:55] [INFO] Daily stock updated successfully for item SCMBR0018159 on 2026-02-27 in table tbldailystock_1: Sales=47, Closing=2
[2026-02-27 13:27:55] [INFO] Starting daily stock update for item SCMBR0018159 sold on 2026-02-27 (Qty: 2)
[2026-02-27 13:27:55] [INFO] Recalculating stock from day 27 for item SCMBR0018159 in 2026-02 in table tbldailystock_1
[2026-02-27 13:27:55] [DEBUG] Day 27: Opening=49, Purchase=0, Sales=49, Closing=0
[2026-02-27 13:27:55] [DEBUG] Day 28: Opening=0, Purchase=0, Sales=0, Closing=0
[2026-02-27 13:27:55] [INFO] Completed recalculating stock for 2026-02 from day 27
[2026-02-27 13:27:55] [INFO] Starting cascading to current month for item SCMBR0018159 sold on 2026-02-27
[2026-02-27 13:27:55] [INFO] Daily stock updated successfully for item SCMBR0018159 on 2026-02-27 in table tbldailystock_1: Sales=49, Closing=0
[2026-02-27 13:27:55] [INFO] Starting daily stock update for item SCMBR0018163 sold on 2026-02-27 (Qty: 2)
[2026-02-27 13:27:55] [INFO] Recalculating stock from day 27 for item SCMBR0018163 in 2026-02 in table tbldailystock_1
[2026-02-27 13:27:55] [DEBUG] Day 27: Opening=92, Purchase=0, Sales=2, Closing=90
[2026-02-27 13:27:55] [DEBUG] Day 28: Opening=90, Purchase=0, Sales=0, Closing=90
[2026-02-27 13:27:55] [INFO] Completed recalculating stock for 2026-02 from day 27
[2026-02-27 13:27:55] [INFO] Starting cascading to current month for item SCMBR0018163 sold on 2026-02-27
[2026-02-27 13:27:55] [INFO] Daily stock updated successfully for item SCMBR0018163 on 2026-02-27 in table tbldailystock_1: Sales=2, Closing=90
[2026-02-27 13:27:55] [INFO] Starting daily stock update for item SCMBR0018163 sold on 2026-02-27 (Qty: 2)
[2026-02-27 13:27:55] [INFO] Recalculating stock from day 27 for item SCMBR0018163 in 2026-02 in table tbldailystock_1
[2026-02-27 13:27:55] [DEBUG] Day 27: Opening=92, Purchase=0, Sales=4, Closing=88
[2026-02-27 13:27:55] [DEBUG] Day 28: Opening=88, Purchase=0, Sales=0, Closing=88
[2026-02-27 13:27:55] [INFO] Completed recalculating stock for 2026-02 from day 27
[2026-02-27 13:27:55] [INFO] Starting cascading to current month for item SCMBR0018163 sold on 2026-02-27
[2026-02-27 13:27:55] [INFO] Daily stock updated successfully for item SCMBR0018163 on 2026-02-27 in table tbldailystock_1: Sales=4, Closing=88
[2026-02-27 13:27:55] [INFO] Starting daily stock update for item SCMBR0018163 sold on 2026-02-27 (Qty: 2)
[2026-02-27 13:27:55] [INFO] Recalculating stock from day 27 for item SCMBR0018163 in 2026-02 in table tbldailystock_1
[2026-02-27 13:27:55] [DEBUG] Day 27: Opening=92, Purchase=0, Sales=6, Closing=86
[2026-02-27 13:27:55] [DEBUG] Day 28: Opening=86, Purchase=0, Sales=0, Closing=86
[2026-02-27 13:27:55] [INFO] Completed recalculating stock for 2026-02 from day 27
[2026-02-27 13:27:55] [INFO] Starting cascading to current month for item SCMBR0018163 sold on 2026-02-27
[2026-02-27 13:27:55] [INFO] Daily stock updated successfully for item SCMBR0018163 on 2026-02-27 in table tbldailystock_1: Sales=6, Closing=86
[2026-02-27 13:27:55] [INFO] Starting daily stock update for item SCMBR0018163 sold on 2026-02-27 (Qty: 2)
[2026-02-27 13:27:55] [INFO] Recalculating stock from day 27 for item SCMBR0018163 in 2026-02 in table tbldailystock_1
[2026-02-27 13:27:55] [DEBUG] Day 27: Opening=92, Purchase=0, Sales=8, Closing=84
[2026-02-27 13:27:55] [DEBUG] Day 28: Opening=84, Purchase=0, Sales=0, Closing=84
[2026-02-27 13:27:55] [INFO] Completed recalculating stock for 2026-02 from day 27
[2026-02-27 13:27:56] [INFO] Starting cascading to current month for item SCMBR0018163 sold on 2026-02-27
[2026-02-27 13:27:56] [INFO] Daily stock updated successfully for item SCMBR0018163 on 2026-02-27 in table tbldailystock_1: Sales=8, Closing=84
[2026-02-27 13:27:56] [INFO] Starting daily stock update for item SCMBR0018163 sold on 2026-02-27 (Qty: 2)
[2026-02-27 13:27:56] [INFO] Recalculating stock from day 27 for item SCMBR0018163 in 2026-02 in table tbldailystock_1
[2026-02-27 13:27:56] [DEBUG] Day 27: Opening=92, Purchase=0, Sales=10, Closing=82
[2026-02-27 13:27:56] [DEBUG] Day 28: Opening=82, Purchase=0, Sales=0, Closing=82
[2026-02-27 13:27:56] [INFO] Completed recalculating stock for 2026-02 from day 27
[2026-02-27 13:27:56] [INFO] Starting cascading to current month for item SCMBR0018163 sold on 2026-02-27
[2026-02-27 13:27:56] [INFO] Daily stock updated successfully for item SCMBR0018163 on 2026-02-27 in table tbldailystock_1: Sales=10, Closing=82
[2026-02-27 13:27:56] [INFO] Starting daily stock update for item SCMBR0018163 sold on 2026-02-27 (Qty: 2)
[2026-02-27 13:27:56] [INFO] Recalculating stock from day 27 for item SCMBR0018163 in 2026-02 in table tbldailystock_1
[2026-02-27 13:27:56] [DEBUG] Day 27: Opening=92, Purchase=0, Sales=12, Closing=80
[2026-02-27 13:27:56] [DEBUG] Day 28: Opening=80, Purchase=0, Sales=0, Closing=80
[2026-02-27 13:27:56] [INFO] Completed recalculating stock for 2026-02 from day 27
[2026-02-27 13:27:56] [INFO] Starting cascading to current month for item SCMBR0018163 sold on 2026-02-27
[2026-02-27 13:27:56] [INFO] Daily stock updated successfully for item SCMBR0018163 on 2026-02-27 in table tbldailystock_1: Sales=12, Closing=80
[2026-02-27 13:27:56] [INFO] Starting daily stock update for item SCMBR0018163 sold on 2026-02-27 (Qty: 2)
[2026-02-27 13:27:56] [INFO] Recalculating stock from day 27 for item SCMBR0018163 in 2026-02 in table tbldailystock_1
[2026-02-27 13:27:56] [DEBUG] Day 27: Opening=92, Purchase=0, Sales=14, Closing=78
[2026-02-27 13:27:56] [DEBUG] Day 28: Opening=78, Purchase=0, Sales=0, Closing=78
[2026-02-27 13:27:56] [INFO] Completed recalculating stock for 2026-02 from day 27
[2026-02-27 13:27:56] [INFO] Starting cascading to current month for item SCMBR0018163 sold on 2026-02-27
[2026-02-27 13:27:56] [INFO] Daily stock updated successfully for item SCMBR0018163 on 2026-02-27 in table tbldailystock_1: Sales=14, Closing=78
[2026-02-27 13:27:56] [INFO] Starting daily stock update for item SCMBR0018163 sold on 2026-02-27 (Qty: 2)
[2026-02-27 13:27:56] [INFO] Recalculating stock from day 27 for item SCMBR0018163 in 2026-02 in table tbldailystock_1
[2026-02-27 13:27:56] [DEBUG] Day 27: Opening=92, Purchase=0, Sales=16, Closing=76
[2026-02-27 13:27:56] [DEBUG] Day 28: Opening=76, Purchase=0, Sales=0, Closing=76
[2026-02-27 13:27:56] [INFO] Completed recalculating stock for 2026-02 from day 27
[2026-02-27 13:27:56] [INFO] Starting cascading to current month for item SCMBR0018163 sold on 2026-02-27
[2026-02-27 13:27:56] [INFO] Daily stock updated successfully for item SCMBR0018163 on 2026-02-27 in table tbldailystock_1: Sales=16, Closing=76
[2026-02-27 13:27:56] [INFO] Starting daily stock update for item SCMBR0018163 sold on 2026-02-27 (Qty: 2)
[2026-02-27 13:27:56] [INFO] Recalculating stock from day 27 for item SCMBR0018163 in 2026-02 in table tbldailystock_1
[2026-02-27 13:27:56] [DEBUG] Day 27: Opening=92, Purchase=0, Sales=18, Closing=74
[2026-02-27 13:27:56] [DEBUG] Day 28: Opening=74, Purchase=0, Sales=0, Closing=74
[2026-02-27 13:27:56] [INFO] Completed recalculating stock for 2026-02 from day 27
[2026-02-27 13:27:56] [INFO] Starting cascading to current month for item SCMBR0018163 sold on 2026-02-27
[2026-02-27 13:27:56] [INFO] Daily stock updated successfully for item SCMBR0018163 on 2026-02-27 in table tbldailystock_1: Sales=18, Closing=74
[2026-02-27 13:27:56] [INFO] Starting daily stock update for item SCMBR0018163 sold on 2026-02-27 (Qty: 2)
[2026-02-27 13:27:56] [INFO] Recalculating stock from day 27 for item SCMBR0018163 in 2026-02 in table tbldailystock_1
[2026-02-27 13:27:56] [DEBUG] Day 27: Opening=92, Purchase=0, Sales=20, Closing=72
[2026-02-27 13:27:56] [DEBUG] Day 28: Opening=72, Purchase=0, Sales=0, Closing=72
[2026-02-27 13:27:56] [INFO] Completed recalculating stock for 2026-02 from day 27
[2026-02-27 13:27:56] [INFO] Starting cascading to current month for item SCMBR0018163 sold on 2026-02-27
[2026-02-27 13:27:56] [INFO] Daily stock updated successfully for item SCMBR0018163 on 2026-02-27 in table tbldailystock_1: Sales=20, Closing=72
[2026-02-27 13:27:56] [INFO] Starting daily stock update for item SCMBR0018163 sold on 2026-02-27 (Qty: 2)
[2026-02-27 13:27:56] [INFO] Recalculating stock from day 27 for item SCMBR0018163 in 2026-02 in table tbldailystock_1
[2026-02-27 13:27:56] [DEBUG] Day 27: Opening=92, Purchase=0, Sales=22, Closing=70
[2026-02-27 13:27:56] [DEBUG] Day 28: Opening=70, Purchase=0, Sales=0, Closing=70
[2026-02-27 13:27:56] [INFO] Completed recalculating stock for 2026-02 from day 27
[2026-02-27 13:27:56] [INFO] Starting cascading to current month for item SCMBR0018163 sold on 2026-02-27
[2026-02-27 13:27:56] [INFO] Daily stock updated successfully for item SCMBR0018163 on 2026-02-27 in table tbldailystock_1: Sales=22, Closing=70
[2026-02-27 13:27:56] [INFO] Starting daily stock update for item SCMBR0018163 sold on 2026-02-27 (Qty: 2)
[2026-02-27 13:27:56] [INFO] Recalculating stock from day 27 for item SCMBR0018163 in 2026-02 in table tbldailystock_1
[2026-02-27 13:27:56] [DEBUG] Day 27: Opening=92, Purchase=0, Sales=24, Closing=68
[2026-02-27 13:27:56] [DEBUG] Day 28: Opening=68, Purchase=0, Sales=0, Closing=68
[2026-02-27 13:27:56] [INFO] Completed recalculating stock for 2026-02 from day 27
[2026-02-27 13:27:56] [INFO] Starting cascading to current month for item SCMBR0018163 sold on 2026-02-27
[2026-02-27 13:27:56] [INFO] Daily stock updated successfully for item SCMBR0018163 on 2026-02-27 in table tbldailystock_1: Sales=24, Closing=68
[2026-02-27 13:27:56] [INFO] Starting daily stock update for item SCMBR0018163 sold on 2026-02-27 (Qty: 2)
[2026-02-27 13:27:56] [INFO] Recalculating stock from day 27 for item SCMBR0018163 in 2026-02 in table tbldailystock_1
[2026-02-27 13:27:56] [DEBUG] Day 27: Opening=92, Purchase=0, Sales=26, Closing=66
[2026-02-27 13:27:56] [DEBUG] Day 28: Opening=66, Purchase=0, Sales=0, Closing=66
[2026-02-27 13:27:56] [INFO] Completed recalculating stock for 2026-02 from day 27
[2026-02-27 13:27:56] [INFO] Starting cascading to current month for item SCMBR0018163 sold on 2026-02-27
[2026-02-27 13:27:56] [INFO] Daily stock updated successfully for item SCMBR0018163 on 2026-02-27 in table tbldailystock_1: Sales=26, Closing=66
[2026-02-27 13:27:56] [INFO] Starting daily stock update for item SCMBR0018163 sold on 2026-02-27 (Qty: 2)
[2026-02-27 13:27:56] [INFO] Recalculating stock from day 27 for item SCMBR0018163 in 2026-02 in table tbldailystock_1
[2026-02-27 13:27:56] [DEBUG] Day 27: Opening=92, Purchase=0, Sales=28, Closing=64
[2026-02-27 13:27:56] [DEBUG] Day 28: Opening=64, Purchase=0, Sales=0, Closing=64
[2026-02-27 13:27:56] [INFO] Completed recalculating stock for 2026-02 from day 27
[2026-02-27 13:27:56] [INFO] Starting cascading to current month for item SCMBR0018163 sold on 2026-02-27
[2026-02-27 13:27:56] [INFO] Daily stock updated successfully for item SCMBR0018163 on 2026-02-27 in table tbldailystock_1: Sales=28, Closing=64
[2026-02-27 13:27:56] [INFO] Starting daily stock update for item SCMBR0018163 sold on 2026-02-27 (Qty: 2)
[2026-02-27 13:27:56] [INFO] Recalculating stock from day 27 for item SCMBR0018163 in 2026-02 in table tbldailystock_1
[2026-02-27 13:27:56] [DEBUG] Day 27: Opening=92, Purchase=0, Sales=30, Closing=62
[2026-02-27 13:27:56] [DEBUG] Day 28: Opening=62, Purchase=0, Sales=0, Closing=62
[2026-02-27 13:27:56] [INFO] Completed recalculating stock for 2026-02 from day 27
[2026-02-27 13:27:56] [INFO] Starting cascading to current month for item SCMBR0018163 sold on 2026-02-27
[2026-02-27 13:27:56] [INFO] Daily stock updated successfully for item SCMBR0018163 on 2026-02-27 in table tbldailystock_1: Sales=30, Closing=62
[2026-02-27 13:27:56] [INFO] Starting daily stock update for item SCMBR0018163 sold on 2026-02-27 (Qty: 2)
[2026-02-27 13:27:56] [INFO] Recalculating stock from day 27 for item SCMBR0018163 in 2026-02 in table tbldailystock_1
[2026-02-27 13:27:56] [DEBUG] Day 27: Opening=92, Purchase=0, Sales=32, Closing=60
[2026-02-27 13:27:56] [DEBUG] Day 28: Opening=60, Purchase=0, Sales=0, Closing=60
[2026-02-27 13:27:56] [INFO] Completed recalculating stock for 2026-02 from day 27
[2026-02-27 13:27:56] [INFO] Starting cascading to current month for item SCMBR0018163 sold on 2026-02-27
[2026-02-27 13:27:56] [INFO] Daily stock updated successfully for item SCMBR0018163 on 2026-02-27 in table tbldailystock_1: Sales=32, Closing=60
[2026-02-27 13:27:56] [INFO] Starting daily stock update for item SCMBR0018163 sold on 2026-02-27 (Qty: 2)
[2026-02-27 13:27:56] [INFO] Recalculating stock from day 27 for item SCMBR0018163 in 2026-02 in table tbldailystock_1
[2026-02-27 13:27:56] [DEBUG] Day 27: Opening=92, Purchase=0, Sales=34, Closing=58
[2026-02-27 13:27:56] [DEBUG] Day 28: Opening=58, Purchase=0, Sales=0, Closing=58
[2026-02-27 13:27:56] [INFO] Completed recalculating stock for 2026-02 from day 27
[2026-02-27 13:27:56] [INFO] Starting cascading to current month for item SCMBR0018163 sold on 2026-02-27
[2026-02-27 13:27:56] [INFO] Daily stock updated successfully for item SCMBR0018163 on 2026-02-27 in table tbldailystock_1: Sales=34, Closing=58
[2026-02-27 13:27:56] [INFO] Starting daily stock update for item SCMBR0018163 sold on 2026-02-27 (Qty: 2)
[2026-02-27 13:27:56] [INFO] Recalculating stock from day 27 for item SCMBR0018163 in 2026-02 in table tbldailystock_1
[2026-02-27 13:27:56] [DEBUG] Day 27: Opening=92, Purchase=0, Sales=36, Closing=56
[2026-02-27 13:27:56] [DEBUG] Day 28: Opening=56, Purchase=0, Sales=0, Closing=56
[2026-02-27 13:27:56] [INFO] Completed recalculating stock for 2026-02 from day 27
[2026-02-27 13:27:56] [INFO] Starting cascading to current month for item SCMBR0018163 sold on 2026-02-27
[2026-02-27 13:27:56] [INFO] Daily stock updated successfully for item SCMBR0018163 on 2026-02-27 in table tbldailystock_1: Sales=36, Closing=56
[2026-02-27 13:27:56] [INFO] Starting daily stock update for item SCMBR0018163 sold on 2026-02-27 (Qty: 2)
[2026-02-27 13:27:56] [INFO] Recalculating stock from day 27 for item SCMBR0018163 in 2026-02 in table tbldailystock_1
[2026-02-27 13:27:56] [DEBUG] Day 27: Opening=92, Purchase=0, Sales=38, Closing=54
[2026-02-27 13:27:56] [DEBUG] Day 28: Opening=54, Purchase=0, Sales=0, Closing=54
[2026-02-27 13:27:56] [INFO] Completed recalculating stock for 2026-02 from day 27
[2026-02-27 13:27:56] [INFO] Starting cascading to current month for item SCMBR0018163 sold on 2026-02-27
[2026-02-27 13:27:56] [INFO] Daily stock updated successfully for item SCMBR0018163 on 2026-02-27 in table tbldailystock_1: Sales=38, Closing=54
[2026-02-27 13:27:56] [INFO] Starting daily stock update for item SCMBR0018163 sold on 2026-02-27 (Qty: 2)
[2026-02-27 13:27:56] [INFO] Recalculating stock from day 27 for item SCMBR0018163 in 2026-02 in table tbldailystock_1
[2026-02-27 13:27:56] [DEBUG] Day 27: Opening=92, Purchase=0, Sales=40, Closing=52
[2026-02-27 13:27:56] [DEBUG] Day 28: Opening=52, Purchase=0, Sales=0, Closing=52
[2026-02-27 13:27:56] [INFO] Completed recalculating stock for 2026-02 from day 27
[2026-02-27 13:27:56] [INFO] Starting cascading to current month for item SCMBR0018163 sold on 2026-02-27
[2026-02-27 13:27:56] [INFO] Daily stock updated successfully for item SCMBR0018163 on 2026-02-27 in table tbldailystock_1: Sales=40, Closing=52
[2026-02-27 13:27:56] [INFO] Starting daily stock update for item SCMBR0018163 sold on 2026-02-27 (Qty: 2)
[2026-02-27 13:27:56] [INFO] Recalculating stock from day 27 for item SCMBR0018163 in 2026-02 in table tbldailystock_1
[2026-02-27 13:27:57] [DEBUG] Day 27: Opening=92, Purchase=0, Sales=42, Closing=50
[2026-02-27 13:27:57] [DEBUG] Day 28: Opening=50, Purchase=0, Sales=0, Closing=50
[2026-02-27 13:27:57] [INFO] Completed recalculating stock for 2026-02 from day 27
[2026-02-27 13:27:57] [INFO] Starting cascading to current month for item SCMBR0018163 sold on 2026-02-27
[2026-02-27 13:27:57] [INFO] Daily stock updated successfully for item SCMBR0018163 on 2026-02-27 in table tbldailystock_1: Sales=42, Closing=50
[2026-02-27 13:27:57] [INFO] Starting daily stock update for item SCMBR0018163 sold on 2026-02-27 (Qty: 2)
[2026-02-27 13:27:57] [INFO] Recalculating stock from day 27 for item SCMBR0018163 in 2026-02 in table tbldailystock_1
[2026-02-27 13:27:57] [DEBUG] Day 27: Opening=92, Purchase=0, Sales=44, Closing=48
[2026-02-27 13:27:57] [DEBUG] Day 28: Opening=48, Purchase=0, Sales=0, Closing=48
[2026-02-27 13:27:57] [INFO] Completed recalculating stock for 2026-02 from day 27
[2026-02-27 13:27:57] [INFO] Starting cascading to current month for item SCMBR0018163 sold on 2026-02-27
[2026-02-27 13:27:57] [INFO] Daily stock updated successfully for item SCMBR0018163 on 2026-02-27 in table tbldailystock_1: Sales=44, Closing=48
[2026-02-27 13:27:57] [INFO] Starting daily stock update for item SCMBR0018163 sold on 2026-02-27 (Qty: 2)
[2026-02-27 13:27:57] [INFO] Recalculating stock from day 27 for item SCMBR0018163 in 2026-02 in table tbldailystock_1
[2026-02-27 13:27:57] [DEBUG] Day 27: Opening=92, Purchase=0, Sales=46, Closing=46
[2026-02-27 13:27:57] [DEBUG] Day 28: Opening=46, Purchase=0, Sales=0, Closing=46
[2026-02-27 13:27:57] [INFO] Completed recalculating stock for 2026-02 from day 27
[2026-02-27 13:27:57] [INFO] Starting cascading to current month for item SCMBR0018163 sold on 2026-02-27
[2026-02-27 13:27:57] [INFO] Daily stock updated successfully for item SCMBR0018163 on 2026-02-27 in table tbldailystock_1: Sales=46, Closing=46
[2026-02-27 13:27:57] [INFO] Starting daily stock update for item SCMBR0018163 sold on 2026-02-27 (Qty: 2)
[2026-02-27 13:27:57] [INFO] Recalculating stock from day 27 for item SCMBR0018163 in 2026-02 in table tbldailystock_1
[2026-02-27 13:27:57] [DEBUG] Day 27: Opening=92, Purchase=0, Sales=48, Closing=44
[2026-02-27 13:27:57] [DEBUG] Day 28: Opening=44, Purchase=0, Sales=0, Closing=44
[2026-02-27 13:27:57] [INFO] Completed recalculating stock for 2026-02 from day 27
[2026-02-27 13:27:57] [INFO] Starting cascading to current month for item SCMBR0018163 sold on 2026-02-27
[2026-02-27 13:27:57] [INFO] Daily stock updated successfully for item SCMBR0018163 on 2026-02-27 in table tbldailystock_1: Sales=48, Closing=44
[2026-02-27 13:27:57] [INFO] Starting daily stock update for item SCMBR0018163 sold on 2026-02-27 (Qty: 2)
[2026-02-27 13:27:57] [INFO] Recalculating stock from day 27 for item SCMBR0018163 in 2026-02 in table tbldailystock_1
[2026-02-27 13:27:57] [DEBUG] Day 27: Opening=92, Purchase=0, Sales=50, Closing=42
[2026-02-27 13:27:57] [DEBUG] Day 28: Opening=42, Purchase=0, Sales=0, Closing=42
[2026-02-27 13:27:57] [INFO] Completed recalculating stock for 2026-02 from day 27
[2026-02-27 13:27:57] [INFO] Starting cascading to current month for item SCMBR0018163 sold on 2026-02-27
[2026-02-27 13:27:57] [INFO] Daily stock updated successfully for item SCMBR0018163 on 2026-02-27 in table tbldailystock_1: Sales=50, Closing=42
[2026-02-27 13:27:57] [INFO] Starting daily stock update for item SCMBR0018163 sold on 2026-02-27 (Qty: 2)
[2026-02-27 13:27:57] [INFO] Recalculating stock from day 27 for item SCMBR0018163 in 2026-02 in table tbldailystock_1
[2026-02-27 13:27:57] [DEBUG] Day 27: Opening=92, Purchase=0, Sales=52, Closing=40
[2026-02-27 13:27:57] [DEBUG] Day 28: Opening=40, Purchase=0, Sales=0, Closing=40
[2026-02-27 13:27:57] [INFO] Completed recalculating stock for 2026-02 from day 27
[2026-02-27 13:27:57] [INFO] Starting cascading to current month for item SCMBR0018163 sold on 2026-02-27
[2026-02-27 13:27:57] [INFO] Daily stock updated successfully for item SCMBR0018163 on 2026-02-27 in table tbldailystock_1: Sales=52, Closing=40
[2026-02-27 13:27:57] [INFO] Starting daily stock update for item SCMBR0018163 sold on 2026-02-27 (Qty: 2)
[2026-02-27 13:27:57] [INFO] Recalculating stock from day 27 for item SCMBR0018163 in 2026-02 in table tbldailystock_1
[2026-02-27 13:27:57] [DEBUG] Day 27: Opening=92, Purchase=0, Sales=54, Closing=38
[2026-02-27 13:27:57] [DEBUG] Day 28: Opening=38, Purchase=0, Sales=0, Closing=38
[2026-02-27 13:27:57] [INFO] Completed recalculating stock for 2026-02 from day 27
[2026-02-27 13:27:57] [INFO] Starting cascading to current month for item SCMBR0018163 sold on 2026-02-27
[2026-02-27 13:27:57] [INFO] Daily stock updated successfully for item SCMBR0018163 on 2026-02-27 in table tbldailystock_1: Sales=54, Closing=38
[2026-02-27 13:27:57] [INFO] Starting daily stock update for item SCMBR0018163 sold on 2026-02-27 (Qty: 2)
[2026-02-27 13:27:57] [INFO] Recalculating stock from day 27 for item SCMBR0018163 in 2026-02 in table tbldailystock_1
[2026-02-27 13:27:57] [DEBUG] Day 27: Opening=92, Purchase=0, Sales=56, Closing=36
[2026-02-27 13:27:57] [DEBUG] Day 28: Opening=36, Purchase=0, Sales=0, Closing=36
[2026-02-27 13:27:57] [INFO] Completed recalculating stock for 2026-02 from day 27
[2026-02-27 13:27:57] [INFO] Starting cascading to current month for item SCMBR0018163 sold on 2026-02-27
[2026-02-27 13:27:57] [INFO] Daily stock updated successfully for item SCMBR0018163 on 2026-02-27 in table tbldailystock_1: Sales=56, Closing=36
[2026-02-27 13:27:57] [INFO] Starting daily stock update for item SCMBR0018163 sold on 2026-02-27 (Qty: 2)
[2026-02-27 13:27:57] [INFO] Recalculating stock from day 27 for item SCMBR0018163 in 2026-02 in table tbldailystock_1
[2026-02-27 13:27:58] [DEBUG] Day 27: Opening=92, Purchase=0, Sales=58, Closing=34
[2026-02-27 13:27:58] [DEBUG] Day 28: Opening=34, Purchase=0, Sales=0, Closing=34
[2026-02-27 13:27:58] [INFO] Completed recalculating stock for 2026-02 from day 27
[2026-02-27 13:27:58] [INFO] Starting cascading to current month for item SCMBR0018163 sold on 2026-02-27
[2026-02-27 13:27:58] [INFO] Daily stock updated successfully for item SCMBR0018163 on 2026-02-27 in table tbldailystock_1: Sales=58, Closing=34
[2026-02-27 13:27:58] [INFO] Starting daily stock update for item SCMBR0018163 sold on 2026-02-27 (Qty: 2)
[2026-02-27 13:27:58] [INFO] Recalculating stock from day 27 for item SCMBR0018163 in 2026-02 in table tbldailystock_1
[2026-02-27 13:27:58] [DEBUG] Day 27: Opening=92, Purchase=0, Sales=60, Closing=32
[2026-02-27 13:27:58] [DEBUG] Day 28: Opening=32, Purchase=0, Sales=0, Closing=32
[2026-02-27 13:27:58] [INFO] Completed recalculating stock for 2026-02 from day 27
[2026-02-27 13:27:58] [INFO] Starting cascading to current month for item SCMBR0018163 sold on 2026-02-27
[2026-02-27 13:27:58] [INFO] Daily stock updated successfully for item SCMBR0018163 on 2026-02-27 in table tbldailystock_1: Sales=60, Closing=32
[2026-02-27 13:27:58] [INFO] Starting daily stock update for item SCMBR0018163 sold on 2026-02-27 (Qty: 2)
[2026-02-27 13:27:58] [INFO] Recalculating stock from day 27 for item SCMBR0018163 in 2026-02 in table tbldailystock_1
[2026-02-27 13:27:58] [DEBUG] Day 27: Opening=92, Purchase=0, Sales=62, Closing=30
[2026-02-27 13:27:58] [DEBUG] Day 28: Opening=30, Purchase=0, Sales=0, Closing=30
[2026-02-27 13:27:58] [INFO] Completed recalculating stock for 2026-02 from day 27
[2026-02-27 13:27:58] [INFO] Starting cascading to current month for item SCMBR0018163 sold on 2026-02-27
[2026-02-27 13:27:58] [INFO] Daily stock updated successfully for item SCMBR0018163 on 2026-02-27 in table tbldailystock_1: Sales=62, Closing=30
[2026-02-27 13:27:58] [INFO] Starting daily stock update for item SCMBR0018163 sold on 2026-02-27 (Qty: 2)
[2026-02-27 13:27:58] [INFO] Recalculating stock from day 27 for item SCMBR0018163 in 2026-02 in table tbldailystock_1
[2026-02-27 13:27:58] [DEBUG] Day 27: Opening=92, Purchase=0, Sales=64, Closing=28
[2026-02-27 13:27:58] [DEBUG] Day 28: Opening=28, Purchase=0, Sales=0, Closing=28
[2026-02-27 13:27:58] [INFO] Completed recalculating stock for 2026-02 from day 27
[2026-02-27 13:27:58] [INFO] Starting cascading to current month for item SCMBR0018163 sold on 2026-02-27
[2026-02-27 13:27:58] [INFO] Daily stock updated successfully for item SCMBR0018163 on 2026-02-27 in table tbldailystock_1: Sales=64, Closing=28
[2026-02-27 13:27:58] [INFO] Starting daily stock update for item SCMBR0018163 sold on 2026-02-27 (Qty: 2)
[2026-02-27 13:27:58] [INFO] Recalculating stock from day 27 for item SCMBR0018163 in 2026-02 in table tbldailystock_1
[2026-02-27 13:27:58] [DEBUG] Day 27: Opening=92, Purchase=0, Sales=66, Closing=26
[2026-02-27 13:27:58] [DEBUG] Day 28: Opening=26, Purchase=0, Sales=0, Closing=26
[2026-02-27 13:27:58] [INFO] Completed recalculating stock for 2026-02 from day 27
[2026-02-27 13:27:58] [INFO] Starting cascading to current month for item SCMBR0018163 sold on 2026-02-27
[2026-02-27 13:27:58] [INFO] Daily stock updated successfully for item SCMBR0018163 on 2026-02-27 in table tbldailystock_1: Sales=66, Closing=26
[2026-02-27 13:27:58] [INFO] Starting daily stock update for item SCMBR0018163 sold on 2026-02-27 (Qty: 2)
[2026-02-27 13:27:58] [INFO] Recalculating stock from day 27 for item SCMBR0018163 in 2026-02 in table tbldailystock_1
[2026-02-27 13:27:58] [DEBUG] Day 27: Opening=92, Purchase=0, Sales=68, Closing=24
[2026-02-27 13:27:58] [DEBUG] Day 28: Opening=24, Purchase=0, Sales=0, Closing=24
[2026-02-27 13:27:58] [INFO] Completed recalculating stock for 2026-02 from day 27
[2026-02-27 13:27:58] [INFO] Starting cascading to current month for item SCMBR0018163 sold on 2026-02-27
[2026-02-27 13:27:58] [INFO] Daily stock updated successfully for item SCMBR0018163 on 2026-02-27 in table tbldailystock_1: Sales=68, Closing=24
[2026-02-27 13:27:58] [INFO] Starting daily stock update for item SCMBR0018163 sold on 2026-02-27 (Qty: 2)
[2026-02-27 13:27:58] [INFO] Recalculating stock from day 27 for item SCMBR0018163 in 2026-02 in table tbldailystock_1
[2026-02-27 13:27:58] [DEBUG] Day 27: Opening=92, Purchase=0, Sales=70, Closing=22
[2026-02-27 13:27:58] [DEBUG] Day 28: Opening=22, Purchase=0, Sales=0, Closing=22
[2026-02-27 13:27:58] [INFO] Completed recalculating stock for 2026-02 from day 27
[2026-02-27 13:27:58] [INFO] Starting cascading to current month for item SCMBR0018163 sold on 2026-02-27
[2026-02-27 13:27:58] [INFO] Daily stock updated successfully for item SCMBR0018163 on 2026-02-27 in table tbldailystock_1: Sales=70, Closing=22
[2026-02-27 13:27:58] [INFO] Starting daily stock update for item SCMBR0018163 sold on 2026-02-27 (Qty: 2)
[2026-02-27 13:27:58] [INFO] Recalculating stock from day 27 for item SCMBR0018163 in 2026-02 in table tbldailystock_1
[2026-02-27 13:27:58] [DEBUG] Day 27: Opening=92, Purchase=0, Sales=72, Closing=20
[2026-02-27 13:27:58] [DEBUG] Day 28: Opening=20, Purchase=0, Sales=0, Closing=20
[2026-02-27 13:27:58] [INFO] Completed recalculating stock for 2026-02 from day 27
[2026-02-27 13:27:58] [INFO] Starting cascading to current month for item SCMBR0018163 sold on 2026-02-27
[2026-02-27 13:27:58] [INFO] Daily stock updated successfully for item SCMBR0018163 on 2026-02-27 in table tbldailystock_1: Sales=72, Closing=20
[2026-02-27 13:27:58] [INFO] Starting daily stock update for item SCMBR0018163 sold on 2026-02-27 (Qty: 2)
[2026-02-27 13:27:58] [INFO] Recalculating stock from day 27 for item SCMBR0018163 in 2026-02 in table tbldailystock_1
[2026-02-27 13:27:58] [DEBUG] Day 27: Opening=92, Purchase=0, Sales=74, Closing=18
[2026-02-27 13:27:58] [DEBUG] Day 28: Opening=18, Purchase=0, Sales=0, Closing=18
[2026-02-27 13:27:58] [INFO] Completed recalculating stock for 2026-02 from day 27
[2026-02-27 13:27:58] [INFO] Starting cascading to current month for item SCMBR0018163 sold on 2026-02-27
[2026-02-27 13:27:58] [INFO] Daily stock updated successfully for item SCMBR0018163 on 2026-02-27 in table tbldailystock_1: Sales=74, Closing=18
[2026-02-27 13:27:58] [INFO] Starting daily stock update for item SCMBR0018163 sold on 2026-02-27 (Qty: 2)
[2026-02-27 13:27:58] [INFO] Recalculating stock from day 27 for item SCMBR0018163 in 2026-02 in table tbldailystock_1
[2026-02-27 13:27:58] [DEBUG] Day 27: Opening=92, Purchase=0, Sales=76, Closing=16
[2026-02-27 13:27:58] [DEBUG] Day 28: Opening=16, Purchase=0, Sales=0, Closing=16
[2026-02-27 13:27:58] [INFO] Completed recalculating stock for 2026-02 from day 27
[2026-02-27 13:27:58] [INFO] Starting cascading to current month for item SCMBR0018163 sold on 2026-02-27
[2026-02-27 13:27:58] [INFO] Daily stock updated successfully for item SCMBR0018163 on 2026-02-27 in table tbldailystock_1: Sales=76, Closing=16
[2026-02-27 13:27:58] [INFO] Starting daily stock update for item SCMBR0018163 sold on 2026-02-27 (Qty: 2)
[2026-02-27 13:27:58] [INFO] Recalculating stock from day 27 for item SCMBR0018163 in 2026-02 in table tbldailystock_1
[2026-02-27 13:27:58] [DEBUG] Day 27: Opening=92, Purchase=0, Sales=78, Closing=14
[2026-02-27 13:27:58] [DEBUG] Day 28: Opening=14, Purchase=0, Sales=0, Closing=14
[2026-02-27 13:27:58] [INFO] Completed recalculating stock for 2026-02 from day 27
[2026-02-27 13:27:58] [INFO] Starting cascading to current month for item SCMBR0018163 sold on 2026-02-27
[2026-02-27 13:27:58] [INFO] Daily stock updated successfully for item SCMBR0018163 on 2026-02-27 in table tbldailystock_1: Sales=78, Closing=14
[2026-02-27 13:27:58] [INFO] Starting daily stock update for item SCMBR0018163 sold on 2026-02-27 (Qty: 2)
[2026-02-27 13:27:58] [INFO] Recalculating stock from day 27 for item SCMBR0018163 in 2026-02 in table tbldailystock_1
[2026-02-27 13:27:58] [DEBUG] Day 27: Opening=92, Purchase=0, Sales=80, Closing=12
[2026-02-27 13:27:58] [DEBUG] Day 28: Opening=12, Purchase=0, Sales=0, Closing=12
[2026-02-27 13:27:58] [INFO] Completed recalculating stock for 2026-02 from day 27
[2026-02-27 13:27:58] [INFO] Starting cascading to current month for item SCMBR0018163 sold on 2026-02-27
[2026-02-27 13:27:58] [INFO] Daily stock updated successfully for item SCMBR0018163 on 2026-02-27 in table tbldailystock_1: Sales=80, Closing=12
[2026-02-27 13:27:58] [INFO] Starting daily stock update for item SCMBR0018163 sold on 2026-02-27 (Qty: 2)
[2026-02-27 13:27:58] [INFO] Recalculating stock from day 27 for item SCMBR0018163 in 2026-02 in table tbldailystock_1
[2026-02-27 13:27:58] [DEBUG] Day 27: Opening=92, Purchase=0, Sales=82, Closing=10
[2026-02-27 13:27:58] [DEBUG] Day 28: Opening=10, Purchase=0, Sales=0, Closing=10
[2026-02-27 13:27:58] [INFO] Completed recalculating stock for 2026-02 from day 27
[2026-02-27 13:27:58] [INFO] Starting cascading to current month for item SCMBR0018163 sold on 2026-02-27
[2026-02-27 13:27:58] [INFO] Daily stock updated successfully for item SCMBR0018163 on 2026-02-27 in table tbldailystock_1: Sales=82, Closing=10
[2026-02-27 13:27:58] [INFO] Starting daily stock update for item SCMBR0018163 sold on 2026-02-27 (Qty: 2)
[2026-02-27 13:27:58] [INFO] Recalculating stock from day 27 for item SCMBR0018163 in 2026-02 in table tbldailystock_1
[2026-02-27 13:27:58] [DEBUG] Day 27: Opening=92, Purchase=0, Sales=84, Closing=8
[2026-02-27 13:27:58] [DEBUG] Day 28: Opening=8, Purchase=0, Sales=0, Closing=8
[2026-02-27 13:27:58] [INFO] Completed recalculating stock for 2026-02 from day 27
[2026-02-27 13:27:58] [INFO] Starting cascading to current month for item SCMBR0018163 sold on 2026-02-27
[2026-02-27 13:27:58] [INFO] Daily stock updated successfully for item SCMBR0018163 on 2026-02-27 in table tbldailystock_1: Sales=84, Closing=8
[2026-02-27 13:27:58] [INFO] Starting daily stock update for item SCMBR0018163 sold on 2026-02-27 (Qty: 2)
[2026-02-27 13:27:58] [INFO] Recalculating stock from day 27 for item SCMBR0018163 in 2026-02 in table tbldailystock_1
[2026-02-27 13:27:58] [DEBUG] Day 27: Opening=92, Purchase=0, Sales=86, Closing=6
[2026-02-27 13:27:58] [DEBUG] Day 28: Opening=6, Purchase=0, Sales=0, Closing=6
[2026-02-27 13:27:58] [INFO] Completed recalculating stock for 2026-02 from day 27
[2026-02-27 13:27:58] [INFO] Starting cascading to current month for item SCMBR0018163 sold on 2026-02-27
[2026-02-27 13:27:58] [INFO] Daily stock updated successfully for item SCMBR0018163 on 2026-02-27 in table tbldailystock_1: Sales=86, Closing=6
[2026-02-27 13:27:58] [INFO] Starting daily stock update for item SCMBR0018163 sold on 2026-02-27 (Qty: 2)
[2026-02-27 13:27:58] [INFO] Recalculating stock from day 27 for item SCMBR0018163 in 2026-02 in table tbldailystock_1
[2026-02-27 13:27:58] [DEBUG] Day 27: Opening=92, Purchase=0, Sales=88, Closing=4
[2026-02-27 13:27:58] [DEBUG] Day 28: Opening=4, Purchase=0, Sales=0, Closing=4
[2026-02-27 13:27:58] [INFO] Completed recalculating stock for 2026-02 from day 27
[2026-02-27 13:27:58] [INFO] Starting cascading to current month for item SCMBR0018163 sold on 2026-02-27
[2026-02-27 13:27:58] [INFO] Daily stock updated successfully for item SCMBR0018163 on 2026-02-27 in table tbldailystock_1: Sales=88, Closing=4
[2026-02-27 13:27:58] [INFO] Starting daily stock update for item SCMBR0018163 sold on 2026-02-27 (Qty: 2)
[2026-02-27 13:27:58] [INFO] Recalculating stock from day 27 for item SCMBR0018163 in 2026-02 in table tbldailystock_1
[2026-02-27 13:27:58] [DEBUG] Day 27: Opening=92, Purchase=0, Sales=90, Closing=2
[2026-02-27 13:27:58] [DEBUG] Day 28: Opening=2, Purchase=0, Sales=0, Closing=2
[2026-02-27 13:27:58] [INFO] Completed recalculating stock for 2026-02 from day 27
[2026-02-27 13:27:58] [INFO] Starting cascading to current month for item SCMBR0018163 sold on 2026-02-27
[2026-02-27 13:27:58] [INFO] Daily stock updated successfully for item SCMBR0018163 on 2026-02-27 in table tbldailystock_1: Sales=90, Closing=2
[2026-02-27 13:27:58] [INFO] Starting daily stock update for item SCMBR0018163 sold on 2026-02-27 (Qty: 2)
[2026-02-27 13:27:58] [INFO] Recalculating stock from day 27 for item SCMBR0018163 in 2026-02 in table tbldailystock_1
[2026-02-27 13:27:58] [DEBUG] Day 27: Opening=92, Purchase=0, Sales=92, Closing=0
[2026-02-27 13:27:59] [DEBUG] Day 28: Opening=0, Purchase=0, Sales=0, Closing=0
[2026-02-27 13:27:59] [INFO] Completed recalculating stock for 2026-02 from day 27
[2026-02-27 13:27:59] [INFO] Starting cascading to current month for item SCMBR0018163 sold on 2026-02-27
[2026-02-27 13:27:59] [INFO] Daily stock updated successfully for item SCMBR0018163 on 2026-02-27 in table tbldailystock_1: Sales=92, Closing=0
[2026-02-27 13:27:59] [INFO] Starting daily stock update for item SCMBR0018627 sold on 2026-02-27 (Qty: 2)
[2026-02-27 13:27:59] [INFO] Recalculating stock from day 27 for item SCMBR0018627 in 2026-02 in table tbldailystock_1
[2026-02-27 13:27:59] [DEBUG] Day 27: Opening=82, Purchase=0, Sales=2, Closing=80
[2026-02-27 13:27:59] [DEBUG] Day 28: Opening=80, Purchase=0, Sales=0, Closing=80
[2026-02-27 13:27:59] [INFO] Completed recalculating stock for 2026-02 from day 27
[2026-02-27 13:27:59] [INFO] Starting cascading to current month for item SCMBR0018627 sold on 2026-02-27
[2026-02-27 13:27:59] [INFO] Daily stock updated successfully for item SCMBR0018627 on 2026-02-27 in table tbldailystock_1: Sales=2, Closing=80
[2026-02-27 13:27:59] [INFO] Starting daily stock update for item SCMBR0018627 sold on 2026-02-27 (Qty: 2)
[2026-02-27 13:27:59] [INFO] Recalculating stock from day 27 for item SCMBR0018627 in 2026-02 in table tbldailystock_1
[2026-02-27 13:27:59] [DEBUG] Day 27: Opening=82, Purchase=0, Sales=4, Closing=78
[2026-02-27 13:27:59] [DEBUG] Day 28: Opening=78, Purchase=0, Sales=0, Closing=78
[2026-02-27 13:27:59] [INFO] Completed recalculating stock for 2026-02 from day 27
[2026-02-27 13:27:59] [INFO] Starting cascading to current month for item SCMBR0018627 sold on 2026-02-27
[2026-02-27 13:27:59] [INFO] Daily stock updated successfully for item SCMBR0018627 on 2026-02-27 in table tbldailystock_1: Sales=4, Closing=78
[2026-02-27 13:27:59] [INFO] Starting daily stock update for item SCMBR0018627 sold on 2026-02-27 (Qty: 2)
[2026-02-27 13:27:59] [INFO] Recalculating stock from day 27 for item SCMBR0018627 in 2026-02 in table tbldailystock_1
[2026-02-27 13:27:59] [DEBUG] Day 27: Opening=82, Purchase=0, Sales=6, Closing=76
[2026-02-27 13:27:59] [DEBUG] Day 28: Opening=76, Purchase=0, Sales=0, Closing=76
[2026-02-27 13:27:59] [INFO] Completed recalculating stock for 2026-02 from day 27
[2026-02-27 13:27:59] [INFO] Starting cascading to current month for item SCMBR0018627 sold on 2026-02-27
[2026-02-27 13:27:59] [INFO] Daily stock updated successfully for item SCMBR0018627 on 2026-02-27 in table tbldailystock_1: Sales=6, Closing=76
[2026-02-27 13:27:59] [INFO] Starting daily stock update for item SCMBR0018627 sold on 2026-02-27 (Qty: 2)
[2026-02-27 13:27:59] [INFO] Recalculating stock from day 27 for item SCMBR0018627 in 2026-02 in table tbldailystock_1
[2026-02-27 13:27:59] [DEBUG] Day 27: Opening=82, Purchase=0, Sales=8, Closing=74
[2026-02-27 13:27:59] [DEBUG] Day 28: Opening=74, Purchase=0, Sales=0, Closing=74
[2026-02-27 13:27:59] [INFO] Completed recalculating stock for 2026-02 from day 27
[2026-02-27 13:27:59] [INFO] Starting cascading to current month for item SCMBR0018627 sold on 2026-02-27
[2026-02-27 13:27:59] [INFO] Daily stock updated successfully for item SCMBR0018627 on 2026-02-27 in table tbldailystock_1: Sales=8, Closing=74
[2026-02-27 13:27:59] [INFO] Starting daily stock update for item SCMBR0018627 sold on 2026-02-27 (Qty: 2)
[2026-02-27 13:27:59] [INFO] Recalculating stock from day 27 for item SCMBR0018627 in 2026-02 in table tbldailystock_1
[2026-02-27 13:27:59] [DEBUG] Day 27: Opening=82, Purchase=0, Sales=10, Closing=72
[2026-02-27 13:27:59] [DEBUG] Day 28: Opening=72, Purchase=0, Sales=0, Closing=72
[2026-02-27 13:27:59] [INFO] Completed recalculating stock for 2026-02 from day 27
[2026-02-27 13:27:59] [INFO] Starting cascading to current month for item SCMBR0018627 sold on 2026-02-27
[2026-02-27 13:27:59] [INFO] Daily stock updated successfully for item SCMBR0018627 on 2026-02-27 in table tbldailystock_1: Sales=10, Closing=72
[2026-02-27 13:27:59] [INFO] Starting daily stock update for item SCMBR0018627 sold on 2026-02-27 (Qty: 2)
[2026-02-27 13:27:59] [INFO] Recalculating stock from day 27 for item SCMBR0018627 in 2026-02 in table tbldailystock_1
[2026-02-27 13:27:59] [DEBUG] Day 27: Opening=82, Purchase=0, Sales=12, Closing=70
[2026-02-27 13:27:59] [DEBUG] Day 28: Opening=70, Purchase=0, Sales=0, Closing=70
[2026-02-27 13:27:59] [INFO] Completed recalculating stock for 2026-02 from day 27
[2026-02-27 13:27:59] [INFO] Starting cascading to current month for item SCMBR0018627 sold on 2026-02-27
[2026-02-27 13:27:59] [INFO] Daily stock updated successfully for item SCMBR0018627 on 2026-02-27 in table tbldailystock_1: Sales=12, Closing=70
[2026-02-27 13:27:59] [INFO] Starting daily stock update for item SCMBR0018627 sold on 2026-02-27 (Qty: 2)
[2026-02-27 13:27:59] [INFO] Recalculating stock from day 27 for item SCMBR0018627 in 2026-02 in table tbldailystock_1
[2026-02-27 13:27:59] [DEBUG] Day 27: Opening=82, Purchase=0, Sales=14, Closing=68
[2026-02-27 13:27:59] [DEBUG] Day 28: Opening=68, Purchase=0, Sales=0, Closing=68
[2026-02-27 13:27:59] [INFO] Completed recalculating stock for 2026-02 from day 27
[2026-02-27 13:27:59] [INFO] Starting cascading to current month for item SCMBR0018627 sold on 2026-02-27
[2026-02-27 13:27:59] [INFO] Daily stock updated successfully for item SCMBR0018627 on 2026-02-27 in table tbldailystock_1: Sales=14, Closing=68
[2026-02-27 13:27:59] [INFO] Starting daily stock update for item SCMBR0018627 sold on 2026-02-27 (Qty: 2)
[2026-02-27 13:27:59] [INFO] Recalculating stock from day 27 for item SCMBR0018627 in 2026-02 in table tbldailystock_1
[2026-02-27 13:27:59] [DEBUG] Day 27: Opening=82, Purchase=0, Sales=16, Closing=66
[2026-02-27 13:27:59] [DEBUG] Day 28: Opening=66, Purchase=0, Sales=0, Closing=66
[2026-02-27 13:27:59] [INFO] Completed recalculating stock for 2026-02 from day 27
[2026-02-27 13:27:59] [INFO] Starting cascading to current month for item SCMBR0018627 sold on 2026-02-27
[2026-02-27 13:27:59] [INFO] Daily stock updated successfully for item SCMBR0018627 on 2026-02-27 in table tbldailystock_1: Sales=16, Closing=66
[2026-02-27 13:27:59] [INFO] Starting daily stock update for item SCMBR0018627 sold on 2026-02-27 (Qty: 2)
[2026-02-27 13:27:59] [INFO] Recalculating stock from day 27 for item SCMBR0018627 in 2026-02 in table tbldailystock_1
[2026-02-27 13:27:59] [DEBUG] Day 27: Opening=82, Purchase=0, Sales=18, Closing=64
[2026-02-27 13:27:59] [DEBUG] Day 28: Opening=64, Purchase=0, Sales=0, Closing=64
[2026-02-27 13:27:59] [INFO] Completed recalculating stock for 2026-02 from day 27
[2026-02-27 13:27:59] [INFO] Starting cascading to current month for item SCMBR0018627 sold on 2026-02-27
[2026-02-27 13:27:59] [INFO] Daily stock updated successfully for item SCMBR0018627 on 2026-02-27 in table tbldailystock_1: Sales=18, Closing=64
[2026-02-27 13:27:59] [INFO] Starting daily stock update for item SCMBR0018627 sold on 2026-02-27 (Qty: 2)
[2026-02-27 13:27:59] [INFO] Recalculating stock from day 27 for item SCMBR0018627 in 2026-02 in table tbldailystock_1
[2026-02-27 13:27:59] [DEBUG] Day 27: Opening=82, Purchase=0, Sales=20, Closing=62
[2026-02-27 13:27:59] [DEBUG] Day 28: Opening=62, Purchase=0, Sales=0, Closing=62
[2026-02-27 13:27:59] [INFO] Completed recalculating stock for 2026-02 from day 27
[2026-02-27 13:27:59] [INFO] Starting cascading to current month for item SCMBR0018627 sold on 2026-02-27
[2026-02-27 13:27:59] [INFO] Daily stock updated successfully for item SCMBR0018627 on 2026-02-27 in table tbldailystock_1: Sales=20, Closing=62
[2026-02-27 13:27:59] [INFO] Starting daily stock update for item SCMBR0018627 sold on 2026-02-27 (Qty: 2)
[2026-02-27 13:27:59] [INFO] Recalculating stock from day 27 for item SCMBR0018627 in 2026-02 in table tbldailystock_1
[2026-02-27 13:27:59] [DEBUG] Day 27: Opening=82, Purchase=0, Sales=22, Closing=60
[2026-02-27 13:27:59] [DEBUG] Day 28: Opening=60, Purchase=0, Sales=0, Closing=60
[2026-02-27 13:27:59] [INFO] Completed recalculating stock for 2026-02 from day 27
[2026-02-27 13:27:59] [INFO] Starting cascading to current month for item SCMBR0018627 sold on 2026-02-27
[2026-02-27 13:27:59] [INFO] Daily stock updated successfully for item SCMBR0018627 on 2026-02-27 in table tbldailystock_1: Sales=22, Closing=60
[2026-02-27 13:27:59] [INFO] Starting daily stock update for item SCMBR0018627 sold on 2026-02-27 (Qty: 2)
[2026-02-27 13:27:59] [INFO] Recalculating stock from day 27 for item SCMBR0018627 in 2026-02 in table tbldailystock_1
[2026-02-27 13:27:59] [DEBUG] Day 27: Opening=82, Purchase=0, Sales=24, Closing=58
[2026-02-27 13:27:59] [DEBUG] Day 28: Opening=58, Purchase=0, Sales=0, Closing=58
[2026-02-27 13:27:59] [INFO] Completed recalculating stock for 2026-02 from day 27
[2026-02-27 13:27:59] [INFO] Starting cascading to current month for item SCMBR0018627 sold on 2026-02-27
[2026-02-27 13:27:59] [INFO] Daily stock updated successfully for item SCMBR0018627 on 2026-02-27 in table tbldailystock_1: Sales=24, Closing=58
[2026-02-27 13:27:59] [INFO] Starting daily stock update for item SCMBR0018627 sold on 2026-02-27 (Qty: 2)
[2026-02-27 13:27:59] [INFO] Recalculating stock from day 27 for item SCMBR0018627 in 2026-02 in table tbldailystock_1
[2026-02-27 13:27:59] [DEBUG] Day 27: Opening=82, Purchase=0, Sales=26, Closing=56
[2026-02-27 13:27:59] [DEBUG] Day 28: Opening=56, Purchase=0, Sales=0, Closing=56
[2026-02-27 13:27:59] [INFO] Completed recalculating stock for 2026-02 from day 27
[2026-02-27 13:27:59] [INFO] Starting cascading to current month for item SCMBR0018627 sold on 2026-02-27
[2026-02-27 13:27:59] [INFO] Daily stock updated successfully for item SCMBR0018627 on 2026-02-27 in table tbldailystock_1: Sales=26, Closing=56
[2026-02-27 13:27:59] [INFO] Starting daily stock update for item SCMBR0018627 sold on 2026-02-27 (Qty: 2)
[2026-02-27 13:27:59] [INFO] Recalculating stock from day 27 for item SCMBR0018627 in 2026-02 in table tbldailystock_1
[2026-02-27 13:27:59] [DEBUG] Day 27: Opening=82, Purchase=0, Sales=28, Closing=54
[2026-02-27 13:27:59] [DEBUG] Day 28: Opening=54, Purchase=0, Sales=0, Closing=54
[2026-02-27 13:27:59] [INFO] Completed recalculating stock for 2026-02 from day 27
[2026-02-27 13:27:59] [INFO] Starting cascading to current month for item SCMBR0018627 sold on 2026-02-27
[2026-02-27 13:27:59] [INFO] Daily stock updated successfully for item SCMBR0018627 on 2026-02-27 in table tbldailystock_1: Sales=28, Closing=54
[2026-02-27 13:27:59] [INFO] Starting daily stock update for item SCMBR0018627 sold on 2026-02-27 (Qty: 2)
[2026-02-27 13:27:59] [INFO] Recalculating stock from day 27 for item SCMBR0018627 in 2026-02 in table tbldailystock_1
[2026-02-27 13:27:59] [DEBUG] Day 27: Opening=82, Purchase=0, Sales=30, Closing=52
[2026-02-27 13:27:59] [DEBUG] Day 28: Opening=52, Purchase=0, Sales=0, Closing=52
[2026-02-27 13:27:59] [INFO] Completed recalculating stock for 2026-02 from day 27
[2026-02-27 13:27:59] [INFO] Starting cascading to current month for item SCMBR0018627 sold on 2026-02-27
[2026-02-27 13:27:59] [INFO] Daily stock updated successfully for item SCMBR0018627 on 2026-02-27 in table tbldailystock_1: Sales=30, Closing=52
[2026-02-27 13:27:59] [INFO] Starting daily stock update for item SCMBR0018627 sold on 2026-02-27 (Qty: 2)
[2026-02-27 13:27:59] [INFO] Recalculating stock from day 27 for item SCMBR0018627 in 2026-02 in table tbldailystock_1
[2026-02-27 13:27:59] [DEBUG] Day 27: Opening=82, Purchase=0, Sales=32, Closing=50
[2026-02-27 13:27:59] [DEBUG] Day 28: Opening=50, Purchase=0, Sales=0, Closing=50
[2026-02-27 13:27:59] [INFO] Completed recalculating stock for 2026-02 from day 27
[2026-02-27 13:27:59] [INFO] Starting cascading to current month for item SCMBR0018627 sold on 2026-02-27
[2026-02-27 13:27:59] [INFO] Daily stock updated successfully for item SCMBR0018627 on 2026-02-27 in table tbldailystock_1: Sales=32, Closing=50
[2026-02-27 13:27:59] [INFO] Starting daily stock update for item SCMBR0018627 sold on 2026-02-27 (Qty: 2)
[2026-02-27 13:27:59] [INFO] Recalculating stock from day 27 for item SCMBR0018627 in 2026-02 in table tbldailystock_1
[2026-02-27 13:28:00] [DEBUG] Day 27: Opening=82, Purchase=0, Sales=34, Closing=48
[2026-02-27 13:28:00] [DEBUG] Day 28: Opening=48, Purchase=0, Sales=0, Closing=48
[2026-02-27 13:28:00] [INFO] Completed recalculating stock for 2026-02 from day 27
[2026-02-27 13:28:00] [INFO] Starting cascading to current month for item SCMBR0018627 sold on 2026-02-27
[2026-02-27 13:28:00] [INFO] Daily stock updated successfully for item SCMBR0018627 on 2026-02-27 in table tbldailystock_1: Sales=34, Closing=48
[2026-02-27 13:28:00] [INFO] Starting daily stock update for item SCMBR0018627 sold on 2026-02-27 (Qty: 2)
[2026-02-27 13:28:00] [INFO] Recalculating stock from day 27 for item SCMBR0018627 in 2026-02 in table tbldailystock_1
[2026-02-27 13:28:00] [DEBUG] Day 27: Opening=82, Purchase=0, Sales=36, Closing=46
[2026-02-27 13:28:00] [DEBUG] Day 28: Opening=46, Purchase=0, Sales=0, Closing=46
[2026-02-27 13:28:00] [INFO] Completed recalculating stock for 2026-02 from day 27
[2026-02-27 13:28:00] [INFO] Starting cascading to current month for item SCMBR0018627 sold on 2026-02-27
[2026-02-27 13:28:00] [INFO] Daily stock updated successfully for item SCMBR0018627 on 2026-02-27 in table tbldailystock_1: Sales=36, Closing=46
[2026-02-27 13:28:00] [INFO] Starting daily stock update for item SCMBR0018627 sold on 2026-02-27 (Qty: 2)
[2026-02-27 13:28:00] [INFO] Recalculating stock from day 27 for item SCMBR0018627 in 2026-02 in table tbldailystock_1
[2026-02-27 13:28:00] [DEBUG] Day 27: Opening=82, Purchase=0, Sales=38, Closing=44
[2026-02-27 13:28:00] [DEBUG] Day 28: Opening=44, Purchase=0, Sales=0, Closing=44
[2026-02-27 13:28:00] [INFO] Completed recalculating stock for 2026-02 from day 27
[2026-02-27 13:28:00] [INFO] Starting cascading to current month for item SCMBR0018627 sold on 2026-02-27
[2026-02-27 13:28:00] [INFO] Daily stock updated successfully for item SCMBR0018627 on 2026-02-27 in table tbldailystock_1: Sales=38, Closing=44
[2026-02-27 13:28:00] [INFO] Starting daily stock update for item SCMBR0018627 sold on 2026-02-27 (Qty: 2)
[2026-02-27 13:28:00] [INFO] Recalculating stock from day 27 for item SCMBR0018627 in 2026-02 in table tbldailystock_1
[2026-02-27 13:28:00] [DEBUG] Day 27: Opening=82, Purchase=0, Sales=40, Closing=42
[2026-02-27 13:28:00] [DEBUG] Day 28: Opening=42, Purchase=0, Sales=0, Closing=42
[2026-02-27 13:28:00] [INFO] Completed recalculating stock for 2026-02 from day 27
[2026-02-27 13:28:00] [INFO] Starting cascading to current month for item SCMBR0018627 sold on 2026-02-27
[2026-02-27 13:28:00] [INFO] Daily stock updated successfully for item SCMBR0018627 on 2026-02-27 in table tbldailystock_1: Sales=40, Closing=42
[2026-02-27 13:28:00] [INFO] Starting daily stock update for item SCMBR0018627 sold on 2026-02-27 (Qty: 2)
[2026-02-27 13:28:00] [INFO] Recalculating stock from day 27 for item SCMBR0018627 in 2026-02 in table tbldailystock_1
[2026-02-27 13:28:00] [DEBUG] Day 27: Opening=82, Purchase=0, Sales=42, Closing=40
[2026-02-27 13:28:00] [DEBUG] Day 28: Opening=40, Purchase=0, Sales=0, Closing=40
[2026-02-27 13:28:00] [INFO] Completed recalculating stock for 2026-02 from day 27
[2026-02-27 13:28:00] [INFO] Starting cascading to current month for item SCMBR0018627 sold on 2026-02-27
[2026-02-27 13:28:00] [INFO] Daily stock updated successfully for item SCMBR0018627 on 2026-02-27 in table tbldailystock_1: Sales=42, Closing=40
[2026-02-27 13:28:00] [INFO] Starting daily stock update for item SCMBR0018627 sold on 2026-02-27 (Qty: 2)
[2026-02-27 13:28:00] [INFO] Recalculating stock from day 27 for item SCMBR0018627 in 2026-02 in table tbldailystock_1
[2026-02-27 13:28:00] [DEBUG] Day 27: Opening=82, Purchase=0, Sales=44, Closing=38
[2026-02-27 13:28:00] [DEBUG] Day 28: Opening=38, Purchase=0, Sales=0, Closing=38
[2026-02-27 13:28:00] [INFO] Completed recalculating stock for 2026-02 from day 27
[2026-02-27 13:28:00] [INFO] Starting cascading to current month for item SCMBR0018627 sold on 2026-02-27
[2026-02-27 13:28:00] [INFO] Daily stock updated successfully for item SCMBR0018627 on 2026-02-27 in table tbldailystock_1: Sales=44, Closing=38
[2026-02-27 13:28:00] [INFO] Starting daily stock update for item SCMBR0018627 sold on 2026-02-27 (Qty: 2)
[2026-02-27 13:28:00] [INFO] Recalculating stock from day 27 for item SCMBR0018627 in 2026-02 in table tbldailystock_1
[2026-02-27 13:28:00] [DEBUG] Day 27: Opening=82, Purchase=0, Sales=46, Closing=36
[2026-02-27 13:28:00] [DEBUG] Day 28: Opening=36, Purchase=0, Sales=0, Closing=36
[2026-02-27 13:28:00] [INFO] Completed recalculating stock for 2026-02 from day 27
[2026-02-27 13:28:00] [INFO] Starting cascading to current month for item SCMBR0018627 sold on 2026-02-27
[2026-02-27 13:28:00] [INFO] Daily stock updated successfully for item SCMBR0018627 on 2026-02-27 in table tbldailystock_1: Sales=46, Closing=36
[2026-02-27 13:28:00] [INFO] Starting daily stock update for item SCMBR0018627 sold on 2026-02-27 (Qty: 2)
[2026-02-27 13:28:00] [INFO] Recalculating stock from day 27 for item SCMBR0018627 in 2026-02 in table tbldailystock_1
[2026-02-27 13:28:00] [DEBUG] Day 27: Opening=82, Purchase=0, Sales=48, Closing=34
[2026-02-27 13:28:00] [DEBUG] Day 28: Opening=34, Purchase=0, Sales=0, Closing=34
[2026-02-27 13:28:00] [INFO] Completed recalculating stock for 2026-02 from day 27
[2026-02-27 13:28:00] [INFO] Starting cascading to current month for item SCMBR0018627 sold on 2026-02-27
[2026-02-27 13:28:00] [INFO] Daily stock updated successfully for item SCMBR0018627 on 2026-02-27 in table tbldailystock_1: Sales=48, Closing=34
[2026-02-27 13:28:00] [INFO] Starting daily stock update for item SCMBR0018627 sold on 2026-02-27 (Qty: 2)
[2026-02-27 13:28:00] [INFO] Recalculating stock from day 27 for item SCMBR0018627 in 2026-02 in table tbldailystock_1
[2026-02-27 13:28:00] [DEBUG] Day 27: Opening=82, Purchase=0, Sales=50, Closing=32
[2026-02-27 13:28:00] [DEBUG] Day 28: Opening=32, Purchase=0, Sales=0, Closing=32
[2026-02-27 13:28:00] [INFO] Completed recalculating stock for 2026-02 from day 27
[2026-02-27 13:28:00] [INFO] Starting cascading to current month for item SCMBR0018627 sold on 2026-02-27
[2026-02-27 13:28:00] [INFO] Daily stock updated successfully for item SCMBR0018627 on 2026-02-27 in table tbldailystock_1: Sales=50, Closing=32
[2026-02-27 13:28:00] [INFO] Starting daily stock update for item SCMBR0018627 sold on 2026-02-27 (Qty: 2)
[2026-02-27 13:28:00] [INFO] Recalculating stock from day 27 for item SCMBR0018627 in 2026-02 in table tbldailystock_1
[2026-02-27 13:28:00] [DEBUG] Day 27: Opening=82, Purchase=0, Sales=52, Closing=30
[2026-02-27 13:28:00] [DEBUG] Day 28: Opening=30, Purchase=0, Sales=0, Closing=30
[2026-02-27 13:28:00] [INFO] Completed recalculating stock for 2026-02 from day 27
[2026-02-27 13:28:00] [INFO] Starting cascading to current month for item SCMBR0018627 sold on 2026-02-27
[2026-02-27 13:28:00] [INFO] Daily stock updated successfully for item SCMBR0018627 on 2026-02-27 in table tbldailystock_1: Sales=52, Closing=30
[2026-02-27 13:28:00] [INFO] Starting daily stock update for item SCMBR0018627 sold on 2026-02-27 (Qty: 2)
[2026-02-27 13:28:00] [INFO] Recalculating stock from day 27 for item SCMBR0018627 in 2026-02 in table tbldailystock_1
[2026-02-27 13:28:00] [DEBUG] Day 27: Opening=82, Purchase=0, Sales=54, Closing=28
[2026-02-27 13:28:00] [DEBUG] Day 28: Opening=28, Purchase=0, Sales=0, Closing=28
[2026-02-27 13:28:00] [INFO] Completed recalculating stock for 2026-02 from day 27
[2026-02-27 13:28:00] [INFO] Starting cascading to current month for item SCMBR0018627 sold on 2026-02-27
[2026-02-27 13:28:00] [INFO] Daily stock updated successfully for item SCMBR0018627 on 2026-02-27 in table tbldailystock_1: Sales=54, Closing=28
[2026-02-27 13:28:00] [INFO] Starting daily stock update for item SCMBR0018627 sold on 2026-02-27 (Qty: 2)
[2026-02-27 13:28:00] [INFO] Recalculating stock from day 27 for item SCMBR0018627 in 2026-02 in table tbldailystock_1
[2026-02-27 13:28:00] [DEBUG] Day 27: Opening=82, Purchase=0, Sales=56, Closing=26
[2026-02-27 13:28:00] [DEBUG] Day 28: Opening=26, Purchase=0, Sales=0, Closing=26
[2026-02-27 13:28:00] [INFO] Completed recalculating stock for 2026-02 from day 27
[2026-02-27 13:28:00] [INFO] Starting cascading to current month for item SCMBR0018627 sold on 2026-02-27
[2026-02-27 13:28:00] [INFO] Daily stock updated successfully for item SCMBR0018627 on 2026-02-27 in table tbldailystock_1: Sales=56, Closing=26
[2026-02-27 13:28:00] [INFO] Starting daily stock update for item SCMBR0018627 sold on 2026-02-27 (Qty: 2)
[2026-02-27 13:28:00] [INFO] Recalculating stock from day 27 for item SCMBR0018627 in 2026-02 in table tbldailystock_1
[2026-02-27 13:28:00] [DEBUG] Day 27: Opening=82, Purchase=0, Sales=58, Closing=24
[2026-02-27 13:28:00] [DEBUG] Day 28: Opening=24, Purchase=0, Sales=0, Closing=24
[2026-02-27 13:28:00] [INFO] Completed recalculating stock for 2026-02 from day 27
[2026-02-27 13:28:00] [INFO] Starting cascading to current month for item SCMBR0018627 sold on 2026-02-27
[2026-02-27 13:28:00] [INFO] Daily stock updated successfully for item SCMBR0018627 on 2026-02-27 in table tbldailystock_1: Sales=58, Closing=24
[2026-02-27 13:28:00] [INFO] Starting daily stock update for item SCMBR0018627 sold on 2026-02-27 (Qty: 2)
[2026-02-27 13:28:00] [INFO] Recalculating stock from day 27 for item SCMBR0018627 in 2026-02 in table tbldailystock_1
[2026-02-27 13:28:00] [DEBUG] Day 27: Opening=82, Purchase=0, Sales=60, Closing=22
[2026-02-27 13:28:00] [DEBUG] Day 28: Opening=22, Purchase=0, Sales=0, Closing=22
[2026-02-27 13:28:00] [INFO] Completed recalculating stock for 2026-02 from day 27
[2026-02-27 13:28:00] [INFO] Starting cascading to current month for item SCMBR0018627 sold on 2026-02-27
[2026-02-27 13:28:00] [INFO] Daily stock updated successfully for item SCMBR0018627 on 2026-02-27 in table tbldailystock_1: Sales=60, Closing=22
[2026-02-27 13:28:00] [INFO] Starting daily stock update for item SCMBR0018627 sold on 2026-02-27 (Qty: 2)
[2026-02-27 13:28:00] [INFO] Recalculating stock from day 27 for item SCMBR0018627 in 2026-02 in table tbldailystock_1
[2026-02-27 13:28:00] [DEBUG] Day 27: Opening=82, Purchase=0, Sales=62, Closing=20
[2026-02-27 13:28:00] [DEBUG] Day 28: Opening=20, Purchase=0, Sales=0, Closing=20
[2026-02-27 13:28:00] [INFO] Completed recalculating stock for 2026-02 from day 27
[2026-02-27 13:28:00] [INFO] Starting cascading to current month for item SCMBR0018627 sold on 2026-02-27
[2026-02-27 13:28:00] [INFO] Daily stock updated successfully for item SCMBR0018627 on 2026-02-27 in table tbldailystock_1: Sales=62, Closing=20
[2026-02-27 13:28:00] [INFO] Starting daily stock update for item SCMBR0018627 sold on 2026-02-27 (Qty: 2)
[2026-02-27 13:28:00] [INFO] Recalculating stock from day 27 for item SCMBR0018627 in 2026-02 in table tbldailystock_1
[2026-02-27 13:28:00] [DEBUG] Day 27: Opening=82, Purchase=0, Sales=64, Closing=18
[2026-02-27 13:28:00] [DEBUG] Day 28: Opening=18, Purchase=0, Sales=0, Closing=18
[2026-02-27 13:28:00] [INFO] Completed recalculating stock for 2026-02 from day 27
[2026-02-27 13:28:00] [INFO] Starting cascading to current month for item SCMBR0018627 sold on 2026-02-27
[2026-02-27 13:28:00] [INFO] Daily stock updated successfully for item SCMBR0018627 on 2026-02-27 in table tbldailystock_1: Sales=64, Closing=18
[2026-02-27 13:28:00] [INFO] Starting daily stock update for item SCMBR0018627 sold on 2026-02-27 (Qty: 2)
[2026-02-27 13:28:00] [INFO] Recalculating stock from day 27 for item SCMBR0018627 in 2026-02 in table tbldailystock_1
[2026-02-27 13:28:00] [DEBUG] Day 27: Opening=82, Purchase=0, Sales=66, Closing=16
[2026-02-27 13:28:00] [DEBUG] Day 28: Opening=16, Purchase=0, Sales=0, Closing=16
[2026-02-27 13:28:00] [INFO] Completed recalculating stock for 2026-02 from day 27
[2026-02-27 13:28:00] [INFO] Starting cascading to current month for item SCMBR0018627 sold on 2026-02-27
[2026-02-27 13:28:00] [INFO] Daily stock updated successfully for item SCMBR0018627 on 2026-02-27 in table tbldailystock_1: Sales=66, Closing=16
[2026-02-27 13:28:00] [INFO] Starting daily stock update for item SCMBR0018627 sold on 2026-02-27 (Qty: 2)
[2026-02-27 13:28:00] [INFO] Recalculating stock from day 27 for item SCMBR0018627 in 2026-02 in table tbldailystock_1
[2026-02-27 13:28:00] [DEBUG] Day 27: Opening=82, Purchase=0, Sales=68, Closing=14
[2026-02-27 13:28:00] [DEBUG] Day 28: Opening=14, Purchase=0, Sales=0, Closing=14
[2026-02-27 13:28:00] [INFO] Completed recalculating stock for 2026-02 from day 27
[2026-02-27 13:28:00] [INFO] Starting cascading to current month for item SCMBR0018627 sold on 2026-02-27
[2026-02-27 13:28:00] [INFO] Daily stock updated successfully for item SCMBR0018627 on 2026-02-27 in table tbldailystock_1: Sales=68, Closing=14
[2026-02-27 13:28:00] [INFO] Starting daily stock update for item SCMBR0018627 sold on 2026-02-27 (Qty: 2)
[2026-02-27 13:28:00] [INFO] Recalculating stock from day 27 for item SCMBR0018627 in 2026-02 in table tbldailystock_1
[2026-02-27 13:28:01] [DEBUG] Day 27: Opening=82, Purchase=0, Sales=70, Closing=12
[2026-02-27 13:28:01] [DEBUG] Day 28: Opening=12, Purchase=0, Sales=0, Closing=12
[2026-02-27 13:28:01] [INFO] Completed recalculating stock for 2026-02 from day 27
[2026-02-27 13:28:01] [INFO] Starting cascading to current month for item SCMBR0018627 sold on 2026-02-27
[2026-02-27 13:28:01] [INFO] Daily stock updated successfully for item SCMBR0018627 on 2026-02-27 in table tbldailystock_1: Sales=70, Closing=12
[2026-02-27 13:28:01] [INFO] Starting daily stock update for item SCMBR0018627 sold on 2026-02-27 (Qty: 2)
[2026-02-27 13:28:01] [INFO] Recalculating stock from day 27 for item SCMBR0018627 in 2026-02 in table tbldailystock_1
[2026-02-27 13:28:01] [DEBUG] Day 27: Opening=82, Purchase=0, Sales=72, Closing=10
[2026-02-27 13:28:01] [DEBUG] Day 28: Opening=10, Purchase=0, Sales=0, Closing=10
[2026-02-27 13:28:01] [INFO] Completed recalculating stock for 2026-02 from day 27
[2026-02-27 13:28:01] [INFO] Starting cascading to current month for item SCMBR0018627 sold on 2026-02-27
[2026-02-27 13:28:01] [INFO] Daily stock updated successfully for item SCMBR0018627 on 2026-02-27 in table tbldailystock_1: Sales=72, Closing=10
[2026-02-27 13:28:01] [INFO] Starting daily stock update for item SCMBR0018627 sold on 2026-02-27 (Qty: 2)
[2026-02-27 13:28:01] [INFO] Recalculating stock from day 27 for item SCMBR0018627 in 2026-02 in table tbldailystock_1
[2026-02-27 13:28:01] [DEBUG] Day 27: Opening=82, Purchase=0, Sales=74, Closing=8
[2026-02-27 13:28:01] [DEBUG] Day 28: Opening=8, Purchase=0, Sales=0, Closing=8
[2026-02-27 13:28:01] [INFO] Completed recalculating stock for 2026-02 from day 27
[2026-02-27 13:28:01] [INFO] Starting cascading to current month for item SCMBR0018627 sold on 2026-02-27
[2026-02-27 13:28:01] [INFO] Daily stock updated successfully for item SCMBR0018627 on 2026-02-27 in table tbldailystock_1: Sales=74, Closing=8
[2026-02-27 13:28:01] [INFO] Starting daily stock update for item SCMBR0018627 sold on 2026-02-27 (Qty: 2)
[2026-02-27 13:28:01] [INFO] Recalculating stock from day 27 for item SCMBR0018627 in 2026-02 in table tbldailystock_1
[2026-02-27 13:28:01] [DEBUG] Day 27: Opening=82, Purchase=0, Sales=76, Closing=6
[2026-02-27 13:28:01] [DEBUG] Day 28: Opening=6, Purchase=0, Sales=0, Closing=6
[2026-02-27 13:28:01] [INFO] Completed recalculating stock for 2026-02 from day 27
[2026-02-27 13:28:01] [INFO] Starting cascading to current month for item SCMBR0018627 sold on 2026-02-27
[2026-02-27 13:28:01] [INFO] Daily stock updated successfully for item SCMBR0018627 on 2026-02-27 in table tbldailystock_1: Sales=76, Closing=6
[2026-02-27 13:28:01] [INFO] Starting daily stock update for item SCMBR0018627 sold on 2026-02-27 (Qty: 2)
[2026-02-27 13:28:01] [INFO] Recalculating stock from day 27 for item SCMBR0018627 in 2026-02 in table tbldailystock_1
[2026-02-27 13:28:01] [DEBUG] Day 27: Opening=82, Purchase=0, Sales=78, Closing=4
[2026-02-27 13:28:01] [DEBUG] Day 28: Opening=4, Purchase=0, Sales=0, Closing=4
[2026-02-27 13:28:01] [INFO] Completed recalculating stock for 2026-02 from day 27
[2026-02-27 13:28:01] [INFO] Starting cascading to current month for item SCMBR0018627 sold on 2026-02-27
[2026-02-27 13:28:01] [INFO] Daily stock updated successfully for item SCMBR0018627 on 2026-02-27 in table tbldailystock_1: Sales=78, Closing=4
[2026-02-27 13:28:01] [INFO] Starting daily stock update for item SCMBR0018627 sold on 2026-02-27 (Qty: 2)
[2026-02-27 13:28:01] [INFO] Recalculating stock from day 27 for item SCMBR0018627 in 2026-02 in table tbldailystock_1
[2026-02-27 13:28:01] [DEBUG] Day 27: Opening=82, Purchase=0, Sales=80, Closing=2
[2026-02-27 13:28:01] [DEBUG] Day 28: Opening=2, Purchase=0, Sales=0, Closing=2
[2026-02-27 13:28:01] [INFO] Completed recalculating stock for 2026-02 from day 27
[2026-02-27 13:28:01] [INFO] Starting cascading to current month for item SCMBR0018627 sold on 2026-02-27
[2026-02-27 13:28:01] [INFO] Daily stock updated successfully for item SCMBR0018627 on 2026-02-27 in table tbldailystock_1: Sales=80, Closing=2
[2026-02-27 13:28:01] [INFO] Starting daily stock update for item SCMBR0018627 sold on 2026-02-27 (Qty: 2)
[2026-02-27 13:28:01] [INFO] Recalculating stock from day 27 for item SCMBR0018627 in 2026-02 in table tbldailystock_1
[2026-02-27 13:28:01] [DEBUG] Day 27: Opening=82, Purchase=0, Sales=82, Closing=0
[2026-02-27 13:28:01] [DEBUG] Day 28: Opening=0, Purchase=0, Sales=0, Closing=0
[2026-02-27 13:28:01] [INFO] Completed recalculating stock for 2026-02 from day 27
[2026-02-27 13:28:01] [INFO] Starting cascading to current month for item SCMBR0018627 sold on 2026-02-27
[2026-02-27 13:28:01] [INFO] Daily stock updated successfully for item SCMBR0018627 on 2026-02-27 in table tbldailystock_1: Sales=82, Closing=0
[2026-02-27 13:28:01] [INFO] Starting daily stock update for item SCMBR0009846 sold on 2026-02-27 (Qty: 1)
[2026-02-27 13:28:01] [INFO] Recalculating stock from day 27 for item SCMBR0009846 in 2026-02 in table tbldailystock_1
[2026-02-27 13:28:01] [DEBUG] Day 27: Opening=11, Purchase=0, Sales=1, Closing=10
[2026-02-27 13:28:01] [DEBUG] Day 28: Opening=10, Purchase=0, Sales=0, Closing=10
[2026-02-27 13:28:01] [INFO] Completed recalculating stock for 2026-02 from day 27
[2026-02-27 13:28:01] [INFO] Starting cascading to current month for item SCMBR0009846 sold on 2026-02-27
[2026-02-27 13:28:01] [INFO] Daily stock updated successfully for item SCMBR0009846 on 2026-02-27 in table tbldailystock_1: Sales=1, Closing=10
[2026-02-27 13:28:01] [INFO] Starting daily stock update for item SCMBR0009846 sold on 2026-02-27 (Qty: 1)
[2026-02-27 13:28:01] [INFO] Recalculating stock from day 27 for item SCMBR0009846 in 2026-02 in table tbldailystock_1
[2026-02-27 13:28:01] [DEBUG] Day 27: Opening=11, Purchase=0, Sales=2, Closing=9
[2026-02-27 13:28:01] [DEBUG] Day 28: Opening=9, Purchase=0, Sales=0, Closing=9
[2026-02-27 13:28:01] [INFO] Completed recalculating stock for 2026-02 from day 27
[2026-02-27 13:28:01] [INFO] Starting cascading to current month for item SCMBR0009846 sold on 2026-02-27
[2026-02-27 13:28:01] [INFO] Daily stock updated successfully for item SCMBR0009846 on 2026-02-27 in table tbldailystock_1: Sales=2, Closing=9
[2026-02-27 13:28:01] [INFO] Starting daily stock update for item SCMBR0009846 sold on 2026-02-27 (Qty: 1)
[2026-02-27 13:28:01] [INFO] Recalculating stock from day 27 for item SCMBR0009846 in 2026-02 in table tbldailystock_1
[2026-02-27 13:28:01] [DEBUG] Day 27: Opening=11, Purchase=0, Sales=3, Closing=8
[2026-02-27 13:28:01] [DEBUG] Day 28: Opening=8, Purchase=0, Sales=0, Closing=8
[2026-02-27 13:28:01] [INFO] Completed recalculating stock for 2026-02 from day 27
[2026-02-27 13:28:01] [INFO] Starting cascading to current month for item SCMBR0009846 sold on 2026-02-27
[2026-02-27 13:28:01] [INFO] Daily stock updated successfully for item SCMBR0009846 on 2026-02-27 in table tbldailystock_1: Sales=3, Closing=8
[2026-02-27 13:28:01] [INFO] Starting daily stock update for item SCMBR0009846 sold on 2026-02-27 (Qty: 1)
[2026-02-27 13:28:01] [INFO] Recalculating stock from day 27 for item SCMBR0009846 in 2026-02 in table tbldailystock_1
[2026-02-27 13:28:01] [DEBUG] Day 27: Opening=11, Purchase=0, Sales=4, Closing=7
[2026-02-27 13:28:01] [DEBUG] Day 28: Opening=7, Purchase=0, Sales=0, Closing=7
[2026-02-27 13:28:01] [INFO] Completed recalculating stock for 2026-02 from day 27
[2026-02-27 13:28:01] [INFO] Starting cascading to current month for item SCMBR0009846 sold on 2026-02-27
[2026-02-27 13:28:01] [INFO] Daily stock updated successfully for item SCMBR0009846 on 2026-02-27 in table tbldailystock_1: Sales=4, Closing=7
[2026-02-27 13:28:01] [INFO] Starting daily stock update for item SCMBR0009846 sold on 2026-02-27 (Qty: 1)
[2026-02-27 13:28:01] [INFO] Recalculating stock from day 27 for item SCMBR0009846 in 2026-02 in table tbldailystock_1
[2026-02-27 13:28:01] [DEBUG] Day 27: Opening=11, Purchase=0, Sales=5, Closing=6
[2026-02-27 13:28:01] [DEBUG] Day 28: Opening=6, Purchase=0, Sales=0, Closing=6
[2026-02-27 13:28:01] [INFO] Completed recalculating stock for 2026-02 from day 27
[2026-02-27 13:28:01] [INFO] Starting cascading to current month for item SCMBR0009846 sold on 2026-02-27
[2026-02-27 13:28:01] [INFO] Daily stock updated successfully for item SCMBR0009846 on 2026-02-27 in table tbldailystock_1: Sales=5, Closing=6
[2026-02-27 13:28:01] [INFO] Starting daily stock update for item SCMBR0009846 sold on 2026-02-27 (Qty: 1)
[2026-02-27 13:28:01] [INFO] Recalculating stock from day 27 for item SCMBR0009846 in 2026-02 in table tbldailystock_1
[2026-02-27 13:28:01] [DEBUG] Day 27: Opening=11, Purchase=0, Sales=6, Closing=5
[2026-02-27 13:28:01] [DEBUG] Day 28: Opening=5, Purchase=0, Sales=0, Closing=5
[2026-02-27 13:28:01] [INFO] Completed recalculating stock for 2026-02 from day 27
[2026-02-27 13:28:01] [INFO] Starting cascading to current month for item SCMBR0009846 sold on 2026-02-27
[2026-02-27 13:28:01] [INFO] Daily stock updated successfully for item SCMBR0009846 on 2026-02-27 in table tbldailystock_1: Sales=6, Closing=5
[2026-02-27 13:28:01] [INFO] Starting daily stock update for item SCMBR0009846 sold on 2026-02-27 (Qty: 1)
[2026-02-27 13:28:01] [INFO] Recalculating stock from day 27 for item SCMBR0009846 in 2026-02 in table tbldailystock_1
[2026-02-27 13:28:01] [DEBUG] Day 27: Opening=11, Purchase=0, Sales=7, Closing=4
[2026-02-27 13:28:01] [DEBUG] Day 28: Opening=4, Purchase=0, Sales=0, Closing=4
[2026-02-27 13:28:01] [INFO] Completed recalculating stock for 2026-02 from day 27
[2026-02-27 13:28:01] [INFO] Starting cascading to current month for item SCMBR0009846 sold on 2026-02-27
[2026-02-27 13:28:01] [INFO] Daily stock updated successfully for item SCMBR0009846 on 2026-02-27 in table tbldailystock_1: Sales=7, Closing=4
[2026-02-27 13:28:01] [INFO] Starting daily stock update for item SCMBR0009846 sold on 2026-02-27 (Qty: 1)
[2026-02-27 13:28:01] [INFO] Recalculating stock from day 27 for item SCMBR0009846 in 2026-02 in table tbldailystock_1
[2026-02-27 13:28:01] [DEBUG] Day 27: Opening=11, Purchase=0, Sales=8, Closing=3
[2026-02-27 13:28:01] [DEBUG] Day 28: Opening=3, Purchase=0, Sales=0, Closing=3
[2026-02-27 13:28:01] [INFO] Completed recalculating stock for 2026-02 from day 27
[2026-02-27 13:28:01] [INFO] Starting cascading to current month for item SCMBR0009846 sold on 2026-02-27
[2026-02-27 13:28:01] [INFO] Daily stock updated successfully for item SCMBR0009846 on 2026-02-27 in table tbldailystock_1: Sales=8, Closing=3
[2026-02-27 13:28:01] [INFO] Starting daily stock update for item SCMBR0009846 sold on 2026-02-27 (Qty: 1)
[2026-02-27 13:28:01] [INFO] Recalculating stock from day 27 for item SCMBR0009846 in 2026-02 in table tbldailystock_1
[2026-02-27 13:28:01] [DEBUG] Day 27: Opening=11, Purchase=0, Sales=9, Closing=2
[2026-02-27 13:28:01] [DEBUG] Day 28: Opening=2, Purchase=0, Sales=0, Closing=2
[2026-02-27 13:28:01] [INFO] Completed recalculating stock for 2026-02 from day 27
[2026-02-27 13:28:01] [INFO] Starting cascading to current month for item SCMBR0009846 sold on 2026-02-27
[2026-02-27 13:28:01] [INFO] Daily stock updated successfully for item SCMBR0009846 on 2026-02-27 in table tbldailystock_1: Sales=9, Closing=2
[2026-02-27 13:28:01] [INFO] Starting daily stock update for item SCMBR0009846 sold on 2026-02-27 (Qty: 1)
[2026-02-27 13:28:01] [INFO] Recalculating stock from day 27 for item SCMBR0009846 in 2026-02 in table tbldailystock_1
[2026-02-27 13:28:01] [DEBUG] Day 27: Opening=11, Purchase=0, Sales=10, Closing=1
[2026-02-27 13:28:01] [DEBUG] Day 28: Opening=1, Purchase=0, Sales=0, Closing=1
[2026-02-27 13:28:01] [INFO] Completed recalculating stock for 2026-02 from day 27
[2026-02-27 13:28:01] [INFO] Starting cascading to current month for item SCMBR0009846 sold on 2026-02-27
[2026-02-27 13:28:01] [INFO] Daily stock updated successfully for item SCMBR0009846 on 2026-02-27 in table tbldailystock_1: Sales=10, Closing=1
[2026-02-27 13:28:01] [INFO] Starting daily stock update for item SCMBR0009846 sold on 2026-02-27 (Qty: 1)
[2026-02-27 13:28:01] [INFO] Recalculating stock from day 27 for item SCMBR0009846 in 2026-02 in table tbldailystock_1
[2026-02-27 13:28:01] [DEBUG] Day 27: Opening=11, Purchase=0, Sales=11, Closing=0
[2026-02-27 13:28:01] [DEBUG] Day 28: Opening=0, Purchase=0, Sales=0, Closing=0
[2026-02-27 13:28:02] [INFO] Completed recalculating stock for 2026-02 from day 27
[2026-02-27 13:28:02] [INFO] Starting cascading to current month for item SCMBR0009846 sold on 2026-02-27
[2026-02-27 13:28:02] [INFO] Daily stock updated successfully for item SCMBR0009846 on 2026-02-27 in table tbldailystock_1: Sales=11, Closing=0
[2026-02-27 13:28:02] [INFO] Starting daily stock update for item SCMBR0018132 sold on 2026-02-27 (Qty: 1)
[2026-02-27 13:28:02] [INFO] Recalculating stock from day 27 for item SCMBR0018132 in 2026-02 in table tbldailystock_1
[2026-02-27 13:28:02] [DEBUG] Day 27: Opening=90, Purchase=0, Sales=1, Closing=89
[2026-02-27 13:28:02] [DEBUG] Day 28: Opening=89, Purchase=0, Sales=0, Closing=89
[2026-02-27 13:28:02] [INFO] Completed recalculating stock for 2026-02 from day 27
[2026-02-27 13:28:02] [INFO] Starting cascading to current month for item SCMBR0018132 sold on 2026-02-27
[2026-02-27 13:28:02] [INFO] Daily stock updated successfully for item SCMBR0018132 on 2026-02-27 in table tbldailystock_1: Sales=1, Closing=89
[2026-02-27 13:28:02] [INFO] Starting daily stock update for item SCMBR0018132 sold on 2026-02-27 (Qty: 1)
[2026-02-27 13:28:02] [INFO] Recalculating stock from day 27 for item SCMBR0018132 in 2026-02 in table tbldailystock_1
[2026-02-27 13:28:02] [DEBUG] Day 27: Opening=90, Purchase=0, Sales=2, Closing=88
[2026-02-27 13:28:02] [DEBUG] Day 28: Opening=88, Purchase=0, Sales=0, Closing=88
[2026-02-27 13:28:02] [INFO] Completed recalculating stock for 2026-02 from day 27
[2026-02-27 13:28:02] [INFO] Starting cascading to current month for item SCMBR0018132 sold on 2026-02-27
[2026-02-27 13:28:02] [INFO] Daily stock updated successfully for item SCMBR0018132 on 2026-02-27 in table tbldailystock_1: Sales=2, Closing=88
[2026-02-27 13:28:02] [INFO] Starting daily stock update for item SCMBR0018132 sold on 2026-02-27 (Qty: 1)
[2026-02-27 13:28:02] [INFO] Recalculating stock from day 27 for item SCMBR0018132 in 2026-02 in table tbldailystock_1
[2026-02-27 13:28:02] [DEBUG] Day 27: Opening=90, Purchase=0, Sales=3, Closing=87
[2026-02-27 13:28:02] [DEBUG] Day 28: Opening=87, Purchase=0, Sales=0, Closing=87
[2026-02-27 13:28:02] [INFO] Completed recalculating stock for 2026-02 from day 27
[2026-02-27 13:28:02] [INFO] Starting cascading to current month for item SCMBR0018132 sold on 2026-02-27
[2026-02-27 13:28:02] [INFO] Daily stock updated successfully for item SCMBR0018132 on 2026-02-27 in table tbldailystock_1: Sales=3, Closing=87
[2026-02-27 13:28:02] [INFO] Starting daily stock update for item SCMBR0018132 sold on 2026-02-27 (Qty: 1)
[2026-02-27 13:28:02] [INFO] Recalculating stock from day 27 for item SCMBR0018132 in 2026-02 in table tbldailystock_1
[2026-02-27 13:28:02] [DEBUG] Day 27: Opening=90, Purchase=0, Sales=4, Closing=86
[2026-02-27 13:28:02] [DEBUG] Day 28: Opening=86, Purchase=0, Sales=0, Closing=86
[2026-02-27 13:28:02] [INFO] Completed recalculating stock for 2026-02 from day 27
[2026-02-27 13:28:02] [INFO] Starting cascading to current month for item SCMBR0018132 sold on 2026-02-27
[2026-02-27 13:28:02] [INFO] Daily stock updated successfully for item SCMBR0018132 on 2026-02-27 in table tbldailystock_1: Sales=4, Closing=86
[2026-02-27 13:28:02] [INFO] Starting daily stock update for item SCMBR0018132 sold on 2026-02-27 (Qty: 1)
[2026-02-27 13:28:02] [INFO] Recalculating stock from day 27 for item SCMBR0018132 in 2026-02 in table tbldailystock_1
[2026-02-27 13:28:02] [DEBUG] Day 27: Opening=90, Purchase=0, Sales=5, Closing=85
[2026-02-27 13:28:02] [DEBUG] Day 28: Opening=85, Purchase=0, Sales=0, Closing=85
[2026-02-27 13:28:02] [INFO] Completed recalculating stock for 2026-02 from day 27
[2026-02-27 13:28:02] [INFO] Starting cascading to current month for item SCMBR0018132 sold on 2026-02-27
[2026-02-27 13:28:02] [INFO] Daily stock updated successfully for item SCMBR0018132 on 2026-02-27 in table tbldailystock_1: Sales=5, Closing=85
[2026-02-27 13:28:02] [INFO] Starting daily stock update for item SCMBR0018132 sold on 2026-02-27 (Qty: 1)
[2026-02-27 13:28:02] [INFO] Recalculating stock from day 27 for item SCMBR0018132 in 2026-02 in table tbldailystock_1
[2026-02-27 13:28:02] [DEBUG] Day 27: Opening=90, Purchase=0, Sales=6, Closing=84
[2026-02-27 13:28:02] [DEBUG] Day 28: Opening=84, Purchase=0, Sales=0, Closing=84
[2026-02-27 13:28:02] [INFO] Completed recalculating stock for 2026-02 from day 27
[2026-02-27 13:28:02] [INFO] Starting cascading to current month for item SCMBR0018132 sold on 2026-02-27
[2026-02-27 13:28:02] [INFO] Daily stock updated successfully for item SCMBR0018132 on 2026-02-27 in table tbldailystock_1: Sales=6, Closing=84
[2026-02-27 13:28:02] [INFO] Starting daily stock update for item SCMBR0018132 sold on 2026-02-27 (Qty: 1)
[2026-02-27 13:28:02] [INFO] Recalculating stock from day 27 for item SCMBR0018132 in 2026-02 in table tbldailystock_1
[2026-02-27 13:28:02] [DEBUG] Day 27: Opening=90, Purchase=0, Sales=7, Closing=83
[2026-02-27 13:28:02] [DEBUG] Day 28: Opening=83, Purchase=0, Sales=0, Closing=83
[2026-02-27 13:28:02] [INFO] Completed recalculating stock for 2026-02 from day 27
[2026-02-27 13:28:02] [INFO] Starting cascading to current month for item SCMBR0018132 sold on 2026-02-27
[2026-02-27 13:28:02] [INFO] Daily stock updated successfully for item SCMBR0018132 on 2026-02-27 in table tbldailystock_1: Sales=7, Closing=83
[2026-02-27 13:28:02] [INFO] Starting daily stock update for item SCMBR0018132 sold on 2026-02-27 (Qty: 1)
[2026-02-27 13:28:02] [INFO] Recalculating stock from day 27 for item SCMBR0018132 in 2026-02 in table tbldailystock_1
[2026-02-27 13:28:02] [DEBUG] Day 27: Opening=90, Purchase=0, Sales=8, Closing=82
[2026-02-27 13:28:02] [DEBUG] Day 28: Opening=82, Purchase=0, Sales=0, Closing=82
[2026-02-27 13:28:02] [INFO] Completed recalculating stock for 2026-02 from day 27
[2026-02-27 13:28:02] [INFO] Starting cascading to current month for item SCMBR0018132 sold on 2026-02-27
[2026-02-27 13:28:02] [INFO] Daily stock updated successfully for item SCMBR0018132 on 2026-02-27 in table tbldailystock_1: Sales=8, Closing=82
[2026-02-27 13:28:02] [INFO] Starting daily stock update for item SCMBR0018132 sold on 2026-02-27 (Qty: 1)
[2026-02-27 13:28:02] [INFO] Recalculating stock from day 27 for item SCMBR0018132 in 2026-02 in table tbldailystock_1
[2026-02-27 13:28:02] [DEBUG] Day 27: Opening=90, Purchase=0, Sales=9, Closing=81
[2026-02-27 13:28:02] [DEBUG] Day 28: Opening=81, Purchase=0, Sales=0, Closing=81
[2026-02-27 13:28:02] [INFO] Completed recalculating stock for 2026-02 from day 27
[2026-02-27 13:28:02] [INFO] Starting cascading to current month for item SCMBR0018132 sold on 2026-02-27
[2026-02-27 13:28:02] [INFO] Daily stock updated successfully for item SCMBR0018132 on 2026-02-27 in table tbldailystock_1: Sales=9, Closing=81
[2026-02-27 13:28:02] [INFO] Starting daily stock update for item SCMBR0018132 sold on 2026-02-27 (Qty: 1)
[2026-02-27 13:28:02] [INFO] Recalculating stock from day 27 for item SCMBR0018132 in 2026-02 in table tbldailystock_1
[2026-02-27 13:28:02] [DEBUG] Day 27: Opening=90, Purchase=0, Sales=10, Closing=80
[2026-02-27 13:28:02] [DEBUG] Day 28: Opening=80, Purchase=0, Sales=0, Closing=80
[2026-02-27 13:28:02] [INFO] Completed recalculating stock for 2026-02 from day 27
[2026-02-27 13:28:02] [INFO] Starting cascading to current month for item SCMBR0018132 sold on 2026-02-27
[2026-02-27 13:28:02] [INFO] Daily stock updated successfully for item SCMBR0018132 on 2026-02-27 in table tbldailystock_1: Sales=10, Closing=80
[2026-02-27 13:28:02] [INFO] Starting daily stock update for item SCMBR0018132 sold on 2026-02-27 (Qty: 1)
[2026-02-27 13:28:02] [INFO] Recalculating stock from day 27 for item SCMBR0018132 in 2026-02 in table tbldailystock_1
[2026-02-27 13:28:02] [DEBUG] Day 27: Opening=90, Purchase=0, Sales=11, Closing=79
[2026-02-27 13:28:02] [DEBUG] Day 28: Opening=79, Purchase=0, Sales=0, Closing=79
[2026-02-27 13:28:02] [INFO] Completed recalculating stock for 2026-02 from day 27
[2026-02-27 13:28:02] [INFO] Starting cascading to current month for item SCMBR0018132 sold on 2026-02-27
[2026-02-27 13:28:02] [INFO] Daily stock updated successfully for item SCMBR0018132 on 2026-02-27 in table tbldailystock_1: Sales=11, Closing=79
[2026-02-27 13:28:02] [INFO] Starting daily stock update for item SCMBR0018132 sold on 2026-02-27 (Qty: 1)
[2026-02-27 13:28:02] [INFO] Recalculating stock from day 27 for item SCMBR0018132 in 2026-02 in table tbldailystock_1
[2026-02-27 13:28:02] [DEBUG] Day 27: Opening=90, Purchase=0, Sales=12, Closing=78
[2026-02-27 13:28:02] [DEBUG] Day 28: Opening=78, Purchase=0, Sales=0, Closing=78
[2026-02-27 13:28:02] [INFO] Completed recalculating stock for 2026-02 from day 27
[2026-02-27 13:28:02] [INFO] Starting cascading to current month for item SCMBR0018132 sold on 2026-02-27
[2026-02-27 13:28:02] [INFO] Daily stock updated successfully for item SCMBR0018132 on 2026-02-27 in table tbldailystock_1: Sales=12, Closing=78
[2026-02-27 13:28:02] [INFO] Starting daily stock update for item SCMBR0018132 sold on 2026-02-27 (Qty: 1)
[2026-02-27 13:28:02] [INFO] Recalculating stock from day 27 for item SCMBR0018132 in 2026-02 in table tbldailystock_1
[2026-02-27 13:28:02] [DEBUG] Day 27: Opening=90, Purchase=0, Sales=13, Closing=77
[2026-02-27 13:28:02] [DEBUG] Day 28: Opening=77, Purchase=0, Sales=0, Closing=77
[2026-02-27 13:28:02] [INFO] Completed recalculating stock for 2026-02 from day 27
[2026-02-27 13:28:02] [INFO] Starting cascading to current month for item SCMBR0018132 sold on 2026-02-27
[2026-02-27 13:28:02] [INFO] Daily stock updated successfully for item SCMBR0018132 on 2026-02-27 in table tbldailystock_1: Sales=13, Closing=77
[2026-02-27 13:28:02] [INFO] Starting daily stock update for item SCMBR0018132 sold on 2026-02-27 (Qty: 1)
[2026-02-27 13:28:02] [INFO] Recalculating stock from day 27 for item SCMBR0018132 in 2026-02 in table tbldailystock_1
[2026-02-27 13:28:02] [DEBUG] Day 27: Opening=90, Purchase=0, Sales=14, Closing=76
[2026-02-27 13:28:02] [DEBUG] Day 28: Opening=76, Purchase=0, Sales=0, Closing=76
[2026-02-27 13:28:02] [INFO] Completed recalculating stock for 2026-02 from day 27
[2026-02-27 13:28:02] [INFO] Starting cascading to current month for item SCMBR0018132 sold on 2026-02-27
[2026-02-27 13:28:02] [INFO] Daily stock updated successfully for item SCMBR0018132 on 2026-02-27 in table tbldailystock_1: Sales=14, Closing=76
[2026-02-27 13:28:02] [INFO] Starting daily stock update for item SCMBR0018132 sold on 2026-02-27 (Qty: 1)
[2026-02-27 13:28:02] [INFO] Recalculating stock from day 27 for item SCMBR0018132 in 2026-02 in table tbldailystock_1
[2026-02-27 13:28:02] [DEBUG] Day 27: Opening=90, Purchase=0, Sales=15, Closing=75
[2026-02-27 13:28:02] [DEBUG] Day 28: Opening=75, Purchase=0, Sales=0, Closing=75
[2026-02-27 13:28:02] [INFO] Completed recalculating stock for 2026-02 from day 27
[2026-02-27 13:28:02] [INFO] Starting cascading to current month for item SCMBR0018132 sold on 2026-02-27
[2026-02-27 13:28:02] [INFO] Daily stock updated successfully for item SCMBR0018132 on 2026-02-27 in table tbldailystock_1: Sales=15, Closing=75
[2026-02-27 13:28:02] [INFO] Starting daily stock update for item SCMBR0018132 sold on 2026-02-27 (Qty: 1)
[2026-02-27 13:28:02] [INFO] Recalculating stock from day 27 for item SCMBR0018132 in 2026-02 in table tbldailystock_1
[2026-02-27 13:28:03] [DEBUG] Day 27: Opening=90, Purchase=0, Sales=16, Closing=74
[2026-02-27 13:28:03] [DEBUG] Day 28: Opening=74, Purchase=0, Sales=0, Closing=74
[2026-02-27 13:28:03] [INFO] Completed recalculating stock for 2026-02 from day 27
[2026-02-27 13:28:03] [INFO] Starting cascading to current month for item SCMBR0018132 sold on 2026-02-27
[2026-02-27 13:28:03] [INFO] Daily stock updated successfully for item SCMBR0018132 on 2026-02-27 in table tbldailystock_1: Sales=16, Closing=74
[2026-02-27 13:28:03] [INFO] Starting daily stock update for item SCMBR0018132 sold on 2026-02-27 (Qty: 1)
[2026-02-27 13:28:03] [INFO] Recalculating stock from day 27 for item SCMBR0018132 in 2026-02 in table tbldailystock_1
[2026-02-27 13:28:03] [DEBUG] Day 27: Opening=90, Purchase=0, Sales=17, Closing=73
[2026-02-27 13:28:03] [DEBUG] Day 28: Opening=73, Purchase=0, Sales=0, Closing=73
[2026-02-27 13:28:03] [INFO] Completed recalculating stock for 2026-02 from day 27
[2026-02-27 13:28:03] [INFO] Starting cascading to current month for item SCMBR0018132 sold on 2026-02-27
[2026-02-27 13:28:03] [INFO] Daily stock updated successfully for item SCMBR0018132 on 2026-02-27 in table tbldailystock_1: Sales=17, Closing=73
[2026-02-27 13:28:03] [INFO] Starting daily stock update for item SCMBR0018132 sold on 2026-02-27 (Qty: 1)
[2026-02-27 13:28:03] [INFO] Recalculating stock from day 27 for item SCMBR0018132 in 2026-02 in table tbldailystock_1
[2026-02-27 13:28:03] [DEBUG] Day 27: Opening=90, Purchase=0, Sales=18, Closing=72
[2026-02-27 13:28:03] [DEBUG] Day 28: Opening=72, Purchase=0, Sales=0, Closing=72
[2026-02-27 13:28:03] [INFO] Completed recalculating stock for 2026-02 from day 27
[2026-02-27 13:28:03] [INFO] Starting cascading to current month for item SCMBR0018132 sold on 2026-02-27
[2026-02-27 13:28:03] [INFO] Daily stock updated successfully for item SCMBR0018132 on 2026-02-27 in table tbldailystock_1: Sales=18, Closing=72
[2026-02-27 13:28:03] [INFO] Starting daily stock update for item SCMBR0018132 sold on 2026-02-27 (Qty: 1)
[2026-02-27 13:28:03] [INFO] Recalculating stock from day 27 for item SCMBR0018132 in 2026-02 in table tbldailystock_1
[2026-02-27 13:28:03] [DEBUG] Day 27: Opening=90, Purchase=0, Sales=19, Closing=71
[2026-02-27 13:28:03] [DEBUG] Day 28: Opening=71, Purchase=0, Sales=0, Closing=71
[2026-02-27 13:28:03] [INFO] Completed recalculating stock for 2026-02 from day 27
[2026-02-27 13:28:03] [INFO] Starting cascading to current month for item SCMBR0018132 sold on 2026-02-27
[2026-02-27 13:28:03] [INFO] Daily stock updated successfully for item SCMBR0018132 on 2026-02-27 in table tbldailystock_1: Sales=19, Closing=71
[2026-02-27 13:28:03] [INFO] Starting daily stock update for item SCMBR0018132 sold on 2026-02-27 (Qty: 1)
[2026-02-27 13:28:03] [INFO] Recalculating stock from day 27 for item SCMBR0018132 in 2026-02 in table tbldailystock_1
[2026-02-27 13:28:03] [DEBUG] Day 27: Opening=90, Purchase=0, Sales=20, Closing=70
[2026-02-27 13:28:03] [DEBUG] Day 28: Opening=70, Purchase=0, Sales=0, Closing=70
[2026-02-27 13:28:03] [INFO] Completed recalculating stock for 2026-02 from day 27
[2026-02-27 13:28:03] [INFO] Starting cascading to current month for item SCMBR0018132 sold on 2026-02-27
[2026-02-27 13:28:03] [INFO] Daily stock updated successfully for item SCMBR0018132 on 2026-02-27 in table tbldailystock_1: Sales=20, Closing=70
[2026-02-27 13:28:03] [INFO] Starting daily stock update for item SCMBR0018132 sold on 2026-02-27 (Qty: 1)
[2026-02-27 13:28:03] [INFO] Recalculating stock from day 27 for item SCMBR0018132 in 2026-02 in table tbldailystock_1
[2026-02-27 13:28:03] [DEBUG] Day 27: Opening=90, Purchase=0, Sales=21, Closing=69
[2026-02-27 13:28:03] [DEBUG] Day 28: Opening=69, Purchase=0, Sales=0, Closing=69
[2026-02-27 13:28:03] [INFO] Completed recalculating stock for 2026-02 from day 27
[2026-02-27 13:28:03] [INFO] Starting cascading to current month for item SCMBR0018132 sold on 2026-02-27
[2026-02-27 13:28:03] [INFO] Daily stock updated successfully for item SCMBR0018132 on 2026-02-27 in table tbldailystock_1: Sales=21, Closing=69
[2026-02-27 13:28:03] [INFO] Starting daily stock update for item SCMBR0018132 sold on 2026-02-27 (Qty: 1)
[2026-02-27 13:28:03] [INFO] Recalculating stock from day 27 for item SCMBR0018132 in 2026-02 in table tbldailystock_1
[2026-02-27 13:28:03] [DEBUG] Day 27: Opening=90, Purchase=0, Sales=22, Closing=68
[2026-02-27 13:28:03] [DEBUG] Day 28: Opening=68, Purchase=0, Sales=0, Closing=68
[2026-02-27 13:28:03] [INFO] Completed recalculating stock for 2026-02 from day 27
[2026-02-27 13:28:03] [INFO] Starting cascading to current month for item SCMBR0018132 sold on 2026-02-27
[2026-02-27 13:28:03] [INFO] Daily stock updated successfully for item SCMBR0018132 on 2026-02-27 in table tbldailystock_1: Sales=22, Closing=68
[2026-02-27 13:28:03] [INFO] Starting daily stock update for item SCMBR0018132 sold on 2026-02-27 (Qty: 1)
[2026-02-27 13:28:03] [INFO] Recalculating stock from day 27 for item SCMBR0018132 in 2026-02 in table tbldailystock_1
[2026-02-27 13:28:03] [DEBUG] Day 27: Opening=90, Purchase=0, Sales=23, Closing=67
[2026-02-27 13:28:03] [DEBUG] Day 28: Opening=67, Purchase=0, Sales=0, Closing=67
[2026-02-27 13:28:03] [INFO] Completed recalculating stock for 2026-02 from day 27
[2026-02-27 13:28:03] [INFO] Starting cascading to current month for item SCMBR0018132 sold on 2026-02-27
[2026-02-27 13:28:03] [INFO] Daily stock updated successfully for item SCMBR0018132 on 2026-02-27 in table tbldailystock_1: Sales=23, Closing=67
[2026-02-27 13:28:03] [INFO] Starting daily stock update for item SCMBR0018132 sold on 2026-02-27 (Qty: 1)
[2026-02-27 13:28:03] [INFO] Recalculating stock from day 27 for item SCMBR0018132 in 2026-02 in table tbldailystock_1
[2026-02-27 13:28:03] [DEBUG] Day 27: Opening=90, Purchase=0, Sales=24, Closing=66
[2026-02-27 13:28:03] [DEBUG] Day 28: Opening=66, Purchase=0, Sales=0, Closing=66
[2026-02-27 13:28:03] [INFO] Completed recalculating stock for 2026-02 from day 27
[2026-02-27 13:28:03] [INFO] Starting cascading to current month for item SCMBR0018132 sold on 2026-02-27
[2026-02-27 13:28:03] [INFO] Daily stock updated successfully for item SCMBR0018132 on 2026-02-27 in table tbldailystock_1: Sales=24, Closing=66
[2026-02-27 13:28:03] [INFO] Starting daily stock update for item SCMBR0018132 sold on 2026-02-27 (Qty: 1)
[2026-02-27 13:28:03] [INFO] Recalculating stock from day 27 for item SCMBR0018132 in 2026-02 in table tbldailystock_1
[2026-02-27 13:28:03] [DEBUG] Day 27: Opening=90, Purchase=0, Sales=25, Closing=65
[2026-02-27 13:28:03] [DEBUG] Day 28: Opening=65, Purchase=0, Sales=0, Closing=65
[2026-02-27 13:28:03] [INFO] Completed recalculating stock for 2026-02 from day 27
[2026-02-27 13:28:03] [INFO] Starting cascading to current month for item SCMBR0018132 sold on 2026-02-27
[2026-02-27 13:28:03] [INFO] Daily stock updated successfully for item SCMBR0018132 on 2026-02-27 in table tbldailystock_1: Sales=25, Closing=65
[2026-02-27 13:28:03] [INFO] Starting daily stock update for item SCMBR0018132 sold on 2026-02-27 (Qty: 1)
[2026-02-27 13:28:03] [INFO] Recalculating stock from day 27 for item SCMBR0018132 in 2026-02 in table tbldailystock_1
[2026-02-27 13:28:03] [DEBUG] Day 27: Opening=90, Purchase=0, Sales=26, Closing=64
[2026-02-27 13:28:03] [DEBUG] Day 28: Opening=64, Purchase=0, Sales=0, Closing=64
[2026-02-27 13:28:03] [INFO] Completed recalculating stock for 2026-02 from day 27
[2026-02-27 13:28:03] [INFO] Starting cascading to current month for item SCMBR0018132 sold on 2026-02-27
[2026-02-27 13:28:03] [INFO] Daily stock updated successfully for item SCMBR0018132 on 2026-02-27 in table tbldailystock_1: Sales=26, Closing=64
[2026-02-27 13:28:03] [INFO] Starting daily stock update for item SCMBR0018132 sold on 2026-02-27 (Qty: 1)
[2026-02-27 13:28:03] [INFO] Recalculating stock from day 27 for item SCMBR0018132 in 2026-02 in table tbldailystock_1
[2026-02-27 13:28:03] [DEBUG] Day 27: Opening=90, Purchase=0, Sales=27, Closing=63
[2026-02-27 13:28:03] [DEBUG] Day 28: Opening=63, Purchase=0, Sales=0, Closing=63
[2026-02-27 13:28:03] [INFO] Completed recalculating stock for 2026-02 from day 27
[2026-02-27 13:28:03] [INFO] Starting cascading to current month for item SCMBR0018132 sold on 2026-02-27
[2026-02-27 13:28:03] [INFO] Daily stock updated successfully for item SCMBR0018132 on 2026-02-27 in table tbldailystock_1: Sales=27, Closing=63
[2026-02-27 13:28:03] [INFO] Starting daily stock update for item SCMBR0018132 sold on 2026-02-27 (Qty: 1)
[2026-02-27 13:28:03] [INFO] Recalculating stock from day 27 for item SCMBR0018132 in 2026-02 in table tbldailystock_1
[2026-02-27 13:28:03] [DEBUG] Day 27: Opening=90, Purchase=0, Sales=28, Closing=62
[2026-02-27 13:28:03] [DEBUG] Day 28: Opening=62, Purchase=0, Sales=0, Closing=62
[2026-02-27 13:28:03] [INFO] Completed recalculating stock for 2026-02 from day 27
[2026-02-27 13:28:03] [INFO] Starting cascading to current month for item SCMBR0018132 sold on 2026-02-27
[2026-02-27 13:28:03] [INFO] Daily stock updated successfully for item SCMBR0018132 on 2026-02-27 in table tbldailystock_1: Sales=28, Closing=62
[2026-02-27 13:28:03] [INFO] Starting daily stock update for item SCMBR0018132 sold on 2026-02-27 (Qty: 1)
[2026-02-27 13:28:03] [INFO] Recalculating stock from day 27 for item SCMBR0018132 in 2026-02 in table tbldailystock_1
[2026-02-27 13:28:03] [DEBUG] Day 27: Opening=90, Purchase=0, Sales=29, Closing=61
[2026-02-27 13:28:03] [DEBUG] Day 28: Opening=61, Purchase=0, Sales=0, Closing=61
[2026-02-27 13:28:03] [INFO] Completed recalculating stock for 2026-02 from day 27
[2026-02-27 13:28:03] [INFO] Starting cascading to current month for item SCMBR0018132 sold on 2026-02-27
[2026-02-27 13:28:03] [INFO] Daily stock updated successfully for item SCMBR0018132 on 2026-02-27 in table tbldailystock_1: Sales=29, Closing=61
[2026-02-27 13:28:03] [INFO] Starting daily stock update for item SCMBR0018132 sold on 2026-02-27 (Qty: 1)
[2026-02-27 13:28:03] [INFO] Recalculating stock from day 27 for item SCMBR0018132 in 2026-02 in table tbldailystock_1
[2026-02-27 13:28:03] [DEBUG] Day 27: Opening=90, Purchase=0, Sales=30, Closing=60
[2026-02-27 13:28:03] [DEBUG] Day 28: Opening=60, Purchase=0, Sales=0, Closing=60
[2026-02-27 13:28:03] [INFO] Completed recalculating stock for 2026-02 from day 27
[2026-02-27 13:28:03] [INFO] Starting cascading to current month for item SCMBR0018132 sold on 2026-02-27
[2026-02-27 13:28:03] [INFO] Daily stock updated successfully for item SCMBR0018132 on 2026-02-27 in table tbldailystock_1: Sales=30, Closing=60
[2026-02-27 13:28:03] [INFO] Starting daily stock update for item SCMBR0018132 sold on 2026-02-27 (Qty: 1)
[2026-02-27 13:28:03] [INFO] Recalculating stock from day 27 for item SCMBR0018132 in 2026-02 in table tbldailystock_1
[2026-02-27 13:28:03] [DEBUG] Day 27: Opening=90, Purchase=0, Sales=31, Closing=59
[2026-02-27 13:28:03] [DEBUG] Day 28: Opening=59, Purchase=0, Sales=0, Closing=59
[2026-02-27 13:28:03] [INFO] Completed recalculating stock for 2026-02 from day 27
[2026-02-27 13:28:03] [INFO] Starting cascading to current month for item SCMBR0018132 sold on 2026-02-27
[2026-02-27 13:28:03] [INFO] Daily stock updated successfully for item SCMBR0018132 on 2026-02-27 in table tbldailystock_1: Sales=31, Closing=59
[2026-02-27 13:28:03] [INFO] Starting daily stock update for item SCMBR0018132 sold on 2026-02-27 (Qty: 1)
[2026-02-27 13:28:03] [INFO] Recalculating stock from day 27 for item SCMBR0018132 in 2026-02 in table tbldailystock_1
[2026-02-27 13:28:03] [DEBUG] Day 27: Opening=90, Purchase=0, Sales=32, Closing=58
[2026-02-27 13:28:03] [DEBUG] Day 28: Opening=58, Purchase=0, Sales=0, Closing=58
[2026-02-27 13:28:03] [INFO] Completed recalculating stock for 2026-02 from day 27
[2026-02-27 13:28:03] [INFO] Starting cascading to current month for item SCMBR0018132 sold on 2026-02-27
[2026-02-27 13:28:03] [INFO] Daily stock updated successfully for item SCMBR0018132 on 2026-02-27 in table tbldailystock_1: Sales=32, Closing=58
[2026-02-27 13:28:03] [INFO] Starting daily stock update for item SCMBR0018132 sold on 2026-02-27 (Qty: 1)
[2026-02-27 13:28:03] [INFO] Recalculating stock from day 27 for item SCMBR0018132 in 2026-02 in table tbldailystock_1
[2026-02-27 13:28:03] [DEBUG] Day 27: Opening=90, Purchase=0, Sales=33, Closing=57
[2026-02-27 13:28:03] [DEBUG] Day 28: Opening=57, Purchase=0, Sales=0, Closing=57
[2026-02-27 13:28:03] [INFO] Completed recalculating stock for 2026-02 from day 27
[2026-02-27 13:28:03] [INFO] Starting cascading to current month for item SCMBR0018132 sold on 2026-02-27
[2026-02-27 13:28:03] [INFO] Daily stock updated successfully for item SCMBR0018132 on 2026-02-27 in table tbldailystock_1: Sales=33, Closing=57
[2026-02-27 13:28:03] [INFO] Starting daily stock update for item SCMBR0018132 sold on 2026-02-27 (Qty: 1)
[2026-02-27 13:28:03] [INFO] Recalculating stock from day 27 for item SCMBR0018132 in 2026-02 in table tbldailystock_1
[2026-02-27 13:28:04] [DEBUG] Day 27: Opening=90, Purchase=0, Sales=34, Closing=56
[2026-02-27 13:28:04] [DEBUG] Day 28: Opening=56, Purchase=0, Sales=0, Closing=56
[2026-02-27 13:28:04] [INFO] Completed recalculating stock for 2026-02 from day 27
[2026-02-27 13:28:04] [INFO] Starting cascading to current month for item SCMBR0018132 sold on 2026-02-27
[2026-02-27 13:28:04] [INFO] Daily stock updated successfully for item SCMBR0018132 on 2026-02-27 in table tbldailystock_1: Sales=34, Closing=56
[2026-02-27 13:28:04] [INFO] Starting daily stock update for item SCMBR0018132 sold on 2026-02-27 (Qty: 1)
[2026-02-27 13:28:04] [INFO] Recalculating stock from day 27 for item SCMBR0018132 in 2026-02 in table tbldailystock_1
[2026-02-27 13:28:04] [DEBUG] Day 27: Opening=90, Purchase=0, Sales=35, Closing=55
[2026-02-27 13:28:04] [DEBUG] Day 28: Opening=55, Purchase=0, Sales=0, Closing=55
[2026-02-27 13:28:04] [INFO] Completed recalculating stock for 2026-02 from day 27
[2026-02-27 13:28:04] [INFO] Starting cascading to current month for item SCMBR0018132 sold on 2026-02-27
[2026-02-27 13:28:04] [INFO] Daily stock updated successfully for item SCMBR0018132 on 2026-02-27 in table tbldailystock_1: Sales=35, Closing=55
[2026-02-27 13:28:04] [INFO] Starting daily stock update for item SCMBR0018132 sold on 2026-02-27 (Qty: 1)
[2026-02-27 13:28:04] [INFO] Recalculating stock from day 27 for item SCMBR0018132 in 2026-02 in table tbldailystock_1
[2026-02-27 13:28:04] [DEBUG] Day 27: Opening=90, Purchase=0, Sales=36, Closing=54
[2026-02-27 13:28:04] [DEBUG] Day 28: Opening=54, Purchase=0, Sales=0, Closing=54
[2026-02-27 13:28:04] [INFO] Completed recalculating stock for 2026-02 from day 27
[2026-02-27 13:28:04] [INFO] Starting cascading to current month for item SCMBR0018132 sold on 2026-02-27
[2026-02-27 13:28:04] [INFO] Daily stock updated successfully for item SCMBR0018132 on 2026-02-27 in table tbldailystock_1: Sales=36, Closing=54
[2026-02-27 13:28:04] [INFO] Starting daily stock update for item SCMBR0018132 sold on 2026-02-27 (Qty: 1)
[2026-02-27 13:28:04] [INFO] Recalculating stock from day 27 for item SCMBR0018132 in 2026-02 in table tbldailystock_1
[2026-02-27 13:28:04] [DEBUG] Day 27: Opening=90, Purchase=0, Sales=37, Closing=53
[2026-02-27 13:28:04] [DEBUG] Day 28: Opening=53, Purchase=0, Sales=0, Closing=53
[2026-02-27 13:28:04] [INFO] Completed recalculating stock for 2026-02 from day 27
[2026-02-27 13:28:04] [INFO] Starting cascading to current month for item SCMBR0018132 sold on 2026-02-27
[2026-02-27 13:28:04] [INFO] Daily stock updated successfully for item SCMBR0018132 on 2026-02-27 in table tbldailystock_1: Sales=37, Closing=53
[2026-02-27 13:28:04] [INFO] Starting daily stock update for item SCMBR0018132 sold on 2026-02-27 (Qty: 1)
[2026-02-27 13:28:04] [INFO] Recalculating stock from day 27 for item SCMBR0018132 in 2026-02 in table tbldailystock_1
[2026-02-27 13:28:04] [DEBUG] Day 27: Opening=90, Purchase=0, Sales=38, Closing=52
[2026-02-27 13:28:04] [DEBUG] Day 28: Opening=52, Purchase=0, Sales=0, Closing=52
[2026-02-27 13:28:04] [INFO] Completed recalculating stock for 2026-02 from day 27
[2026-02-27 13:28:04] [INFO] Starting cascading to current month for item SCMBR0018132 sold on 2026-02-27
[2026-02-27 13:28:04] [INFO] Daily stock updated successfully for item SCMBR0018132 on 2026-02-27 in table tbldailystock_1: Sales=38, Closing=52
[2026-02-27 13:28:04] [INFO] Starting daily stock update for item SCMBR0018132 sold on 2026-02-27 (Qty: 1)
[2026-02-27 13:28:04] [INFO] Recalculating stock from day 27 for item SCMBR0018132 in 2026-02 in table tbldailystock_1
[2026-02-27 13:28:04] [DEBUG] Day 27: Opening=90, Purchase=0, Sales=39, Closing=51
[2026-02-27 13:28:04] [DEBUG] Day 28: Opening=51, Purchase=0, Sales=0, Closing=51
[2026-02-27 13:28:04] [INFO] Completed recalculating stock for 2026-02 from day 27
[2026-02-27 13:28:04] [INFO] Starting cascading to current month for item SCMBR0018132 sold on 2026-02-27
[2026-02-27 13:28:04] [INFO] Daily stock updated successfully for item SCMBR0018132 on 2026-02-27 in table tbldailystock_1: Sales=39, Closing=51
[2026-02-27 13:28:04] [INFO] Starting daily stock update for item SCMBR0018132 sold on 2026-02-27 (Qty: 1)
[2026-02-27 13:28:04] [INFO] Recalculating stock from day 27 for item SCMBR0018132 in 2026-02 in table tbldailystock_1
[2026-02-27 13:28:04] [DEBUG] Day 27: Opening=90, Purchase=0, Sales=40, Closing=50
[2026-02-27 13:28:04] [DEBUG] Day 28: Opening=50, Purchase=0, Sales=0, Closing=50
[2026-02-27 13:28:04] [INFO] Completed recalculating stock for 2026-02 from day 27
[2026-02-27 13:28:04] [INFO] Starting cascading to current month for item SCMBR0018132 sold on 2026-02-27
[2026-02-27 13:28:04] [INFO] Daily stock updated successfully for item SCMBR0018132 on 2026-02-27 in table tbldailystock_1: Sales=40, Closing=50
[2026-02-27 13:28:04] [INFO] Starting daily stock update for item SCMBR0018132 sold on 2026-02-27 (Qty: 1)
[2026-02-27 13:28:04] [INFO] Recalculating stock from day 27 for item SCMBR0018132 in 2026-02 in table tbldailystock_1
[2026-02-27 13:28:04] [DEBUG] Day 27: Opening=90, Purchase=0, Sales=41, Closing=49
[2026-02-27 13:28:04] [DEBUG] Day 28: Opening=49, Purchase=0, Sales=0, Closing=49
[2026-02-27 13:28:04] [INFO] Completed recalculating stock for 2026-02 from day 27
[2026-02-27 13:28:04] [INFO] Starting cascading to current month for item SCMBR0018132 sold on 2026-02-27
[2026-02-27 13:28:04] [INFO] Daily stock updated successfully for item SCMBR0018132 on 2026-02-27 in table tbldailystock_1: Sales=41, Closing=49
[2026-02-27 13:28:04] [INFO] Starting daily stock update for item SCMBR0018132 sold on 2026-02-27 (Qty: 1)
[2026-02-27 13:28:04] [INFO] Recalculating stock from day 27 for item SCMBR0018132 in 2026-02 in table tbldailystock_1
[2026-02-27 13:28:04] [DEBUG] Day 27: Opening=90, Purchase=0, Sales=42, Closing=48
[2026-02-27 13:28:04] [DEBUG] Day 28: Opening=48, Purchase=0, Sales=0, Closing=48
[2026-02-27 13:28:04] [INFO] Completed recalculating stock for 2026-02 from day 27
[2026-02-27 13:28:04] [INFO] Starting cascading to current month for item SCMBR0018132 sold on 2026-02-27
[2026-02-27 13:28:04] [INFO] Daily stock updated successfully for item SCMBR0018132 on 2026-02-27 in table tbldailystock_1: Sales=42, Closing=48
[2026-02-27 13:28:04] [INFO] Starting daily stock update for item SCMBR0018132 sold on 2026-02-27 (Qty: 1)
[2026-02-27 13:28:04] [INFO] Recalculating stock from day 27 for item SCMBR0018132 in 2026-02 in table tbldailystock_1
[2026-02-27 13:28:04] [DEBUG] Day 27: Opening=90, Purchase=0, Sales=43, Closing=47
[2026-02-27 13:28:04] [DEBUG] Day 28: Opening=47, Purchase=0, Sales=0, Closing=47
[2026-02-27 13:28:04] [INFO] Completed recalculating stock for 2026-02 from day 27
[2026-02-27 13:28:04] [INFO] Starting cascading to current month for item SCMBR0018132 sold on 2026-02-27
[2026-02-27 13:28:04] [INFO] Daily stock updated successfully for item SCMBR0018132 on 2026-02-27 in table tbldailystock_1: Sales=43, Closing=47
[2026-02-27 13:28:04] [INFO] Starting daily stock update for item SCMBR0018132 sold on 2026-02-27 (Qty: 1)
[2026-02-27 13:28:04] [INFO] Recalculating stock from day 27 for item SCMBR0018132 in 2026-02 in table tbldailystock_1
[2026-02-27 13:28:04] [DEBUG] Day 27: Opening=90, Purchase=0, Sales=44, Closing=46
[2026-02-27 13:28:04] [DEBUG] Day 28: Opening=46, Purchase=0, Sales=0, Closing=46
[2026-02-27 13:28:04] [INFO] Completed recalculating stock for 2026-02 from day 27
[2026-02-27 13:28:04] [INFO] Starting cascading to current month for item SCMBR0018132 sold on 2026-02-27
[2026-02-27 13:28:04] [INFO] Daily stock updated successfully for item SCMBR0018132 on 2026-02-27 in table tbldailystock_1: Sales=44, Closing=46
[2026-02-27 13:28:04] [INFO] Starting daily stock update for item SCMBR0018132 sold on 2026-02-27 (Qty: 1)
[2026-02-27 13:28:04] [INFO] Recalculating stock from day 27 for item SCMBR0018132 in 2026-02 in table tbldailystock_1
[2026-02-27 13:28:04] [DEBUG] Day 27: Opening=90, Purchase=0, Sales=45, Closing=45
[2026-02-27 13:28:04] [DEBUG] Day 28: Opening=45, Purchase=0, Sales=0, Closing=45
[2026-02-27 13:28:04] [INFO] Completed recalculating stock for 2026-02 from day 27
[2026-02-27 13:28:04] [INFO] Starting cascading to current month for item SCMBR0018132 sold on 2026-02-27
[2026-02-27 13:28:04] [INFO] Daily stock updated successfully for item SCMBR0018132 on 2026-02-27 in table tbldailystock_1: Sales=45, Closing=45
[2026-02-27 13:28:04] [INFO] Starting daily stock update for item SCMBR0018132 sold on 2026-02-27 (Qty: 1)
[2026-02-27 13:28:04] [INFO] Recalculating stock from day 27 for item SCMBR0018132 in 2026-02 in table tbldailystock_1
[2026-02-27 13:28:04] [DEBUG] Day 27: Opening=90, Purchase=0, Sales=46, Closing=44
[2026-02-27 13:28:04] [DEBUG] Day 28: Opening=44, Purchase=0, Sales=0, Closing=44
[2026-02-27 13:28:04] [INFO] Completed recalculating stock for 2026-02 from day 27
[2026-02-27 13:28:04] [INFO] Starting cascading to current month for item SCMBR0018132 sold on 2026-02-27
[2026-02-27 13:28:04] [INFO] Daily stock updated successfully for item SCMBR0018132 on 2026-02-27 in table tbldailystock_1: Sales=46, Closing=44
[2026-02-27 13:28:04] [INFO] Starting daily stock update for item SCMBR0018132 sold on 2026-02-27 (Qty: 1)
[2026-02-27 13:28:04] [INFO] Recalculating stock from day 27 for item SCMBR0018132 in 2026-02 in table tbldailystock_1
[2026-02-27 13:28:05] [DEBUG] Day 27: Opening=90, Purchase=0, Sales=47, Closing=43
[2026-02-27 13:28:05] [DEBUG] Day 28: Opening=43, Purchase=0, Sales=0, Closing=43
[2026-02-27 13:28:05] [INFO] Completed recalculating stock for 2026-02 from day 27
[2026-02-27 13:28:05] [INFO] Starting cascading to current month for item SCMBR0018132 sold on 2026-02-27
[2026-02-27 13:28:05] [INFO] Daily stock updated successfully for item SCMBR0018132 on 2026-02-27 in table tbldailystock_1: Sales=47, Closing=43
[2026-02-27 13:28:05] [INFO] Starting daily stock update for item SCMBR0018132 sold on 2026-02-27 (Qty: 1)
[2026-02-27 13:28:05] [INFO] Recalculating stock from day 27 for item SCMBR0018132 in 2026-02 in table tbldailystock_1
[2026-02-27 13:28:05] [DEBUG] Day 27: Opening=90, Purchase=0, Sales=48, Closing=42
[2026-02-27 13:28:05] [DEBUG] Day 28: Opening=42, Purchase=0, Sales=0, Closing=42
[2026-02-27 13:28:05] [INFO] Completed recalculating stock for 2026-02 from day 27
[2026-02-27 13:28:05] [INFO] Starting cascading to current month for item SCMBR0018132 sold on 2026-02-27
[2026-02-27 13:28:05] [INFO] Daily stock updated successfully for item SCMBR0018132 on 2026-02-27 in table tbldailystock_1: Sales=48, Closing=42
[2026-02-27 13:28:05] [INFO] Starting daily stock update for item SCMBR0018132 sold on 2026-02-27 (Qty: 1)
[2026-02-27 13:28:05] [INFO] Recalculating stock from day 27 for item SCMBR0018132 in 2026-02 in table tbldailystock_1
[2026-02-27 13:28:05] [DEBUG] Day 27: Opening=90, Purchase=0, Sales=49, Closing=41
[2026-02-27 13:28:05] [DEBUG] Day 28: Opening=41, Purchase=0, Sales=0, Closing=41
[2026-02-27 13:28:05] [INFO] Completed recalculating stock for 2026-02 from day 27
[2026-02-27 13:28:05] [INFO] Starting cascading to current month for item SCMBR0018132 sold on 2026-02-27
[2026-02-27 13:28:05] [INFO] Daily stock updated successfully for item SCMBR0018132 on 2026-02-27 in table tbldailystock_1: Sales=49, Closing=41
[2026-02-27 13:28:05] [INFO] Starting daily stock update for item SCMBR0018132 sold on 2026-02-27 (Qty: 1)
[2026-02-27 13:28:05] [INFO] Recalculating stock from day 27 for item SCMBR0018132 in 2026-02 in table tbldailystock_1
[2026-02-27 13:28:06] [DEBUG] Day 27: Opening=90, Purchase=0, Sales=50, Closing=40
[2026-02-27 13:28:06] [DEBUG] Day 28: Opening=40, Purchase=0, Sales=0, Closing=40
[2026-02-27 13:28:06] [INFO] Completed recalculating stock for 2026-02 from day 27
[2026-02-27 13:28:06] [INFO] Starting cascading to current month for item SCMBR0018132 sold on 2026-02-27
[2026-02-27 13:28:06] [INFO] Daily stock updated successfully for item SCMBR0018132 on 2026-02-27 in table tbldailystock_1: Sales=50, Closing=40
[2026-02-27 13:28:06] [INFO] Starting daily stock update for item SCMBR0018132 sold on 2026-02-27 (Qty: 1)
[2026-02-27 13:28:06] [INFO] Recalculating stock from day 27 for item SCMBR0018132 in 2026-02 in table tbldailystock_1
[2026-02-27 13:28:06] [DEBUG] Day 27: Opening=90, Purchase=0, Sales=51, Closing=39
[2026-02-27 13:28:06] [DEBUG] Day 28: Opening=39, Purchase=0, Sales=0, Closing=39
[2026-02-27 13:28:06] [INFO] Completed recalculating stock for 2026-02 from day 27
[2026-02-27 13:28:06] [INFO] Starting cascading to current month for item SCMBR0018132 sold on 2026-02-27
[2026-02-27 13:28:06] [INFO] Daily stock updated successfully for item SCMBR0018132 on 2026-02-27 in table tbldailystock_1: Sales=51, Closing=39
[2026-02-27 13:28:06] [INFO] Starting daily stock update for item SCMBR0018132 sold on 2026-02-27 (Qty: 1)
[2026-02-27 13:28:06] [INFO] Recalculating stock from day 27 for item SCMBR0018132 in 2026-02 in table tbldailystock_1
[2026-02-27 13:28:06] [DEBUG] Day 27: Opening=90, Purchase=0, Sales=52, Closing=38
[2026-02-27 13:28:06] [DEBUG] Day 28: Opening=38, Purchase=0, Sales=0, Closing=38
[2026-02-27 13:28:06] [INFO] Completed recalculating stock for 2026-02 from day 27
[2026-02-27 13:28:06] [INFO] Starting cascading to current month for item SCMBR0018132 sold on 2026-02-27
[2026-02-27 13:28:06] [INFO] Daily stock updated successfully for item SCMBR0018132 on 2026-02-27 in table tbldailystock_1: Sales=52, Closing=38
[2026-02-27 13:28:06] [INFO] Starting daily stock update for item SCMBR0018132 sold on 2026-02-27 (Qty: 1)
[2026-02-27 13:28:06] [INFO] Recalculating stock from day 27 for item SCMBR0018132 in 2026-02 in table tbldailystock_1
[2026-02-27 13:28:06] [DEBUG] Day 27: Opening=90, Purchase=0, Sales=53, Closing=37
[2026-02-27 13:28:06] [DEBUG] Day 28: Opening=37, Purchase=0, Sales=0, Closing=37
[2026-02-27 13:28:06] [INFO] Completed recalculating stock for 2026-02 from day 27
[2026-02-27 13:28:06] [INFO] Starting cascading to current month for item SCMBR0018132 sold on 2026-02-27
[2026-02-27 13:28:06] [INFO] Daily stock updated successfully for item SCMBR0018132 on 2026-02-27 in table tbldailystock_1: Sales=53, Closing=37
[2026-02-27 13:28:06] [INFO] Starting daily stock update for item SCMBR0018132 sold on 2026-02-27 (Qty: 1)
[2026-02-27 13:28:06] [INFO] Recalculating stock from day 27 for item SCMBR0018132 in 2026-02 in table tbldailystock_1
[2026-02-27 13:28:06] [DEBUG] Day 27: Opening=90, Purchase=0, Sales=54, Closing=36
[2026-02-27 13:28:06] [DEBUG] Day 28: Opening=36, Purchase=0, Sales=0, Closing=36
[2026-02-27 13:28:06] [INFO] Completed recalculating stock for 2026-02 from day 27
[2026-02-27 13:28:06] [INFO] Starting cascading to current month for item SCMBR0018132 sold on 2026-02-27
[2026-02-27 13:28:06] [INFO] Daily stock updated successfully for item SCMBR0018132 on 2026-02-27 in table tbldailystock_1: Sales=54, Closing=36
[2026-02-27 13:28:06] [INFO] Starting daily stock update for item SCMBR0018132 sold on 2026-02-27 (Qty: 1)
[2026-02-27 13:28:06] [INFO] Recalculating stock from day 27 for item SCMBR0018132 in 2026-02 in table tbldailystock_1
[2026-02-27 13:28:06] [DEBUG] Day 27: Opening=90, Purchase=0, Sales=55, Closing=35
[2026-02-27 13:28:06] [DEBUG] Day 28: Opening=35, Purchase=0, Sales=0, Closing=35
[2026-02-27 13:28:06] [INFO] Completed recalculating stock for 2026-02 from day 27
[2026-02-27 13:28:06] [INFO] Starting cascading to current month for item SCMBR0018132 sold on 2026-02-27
[2026-02-27 13:28:06] [INFO] Daily stock updated successfully for item SCMBR0018132 on 2026-02-27 in table tbldailystock_1: Sales=55, Closing=35
[2026-02-27 13:28:06] [INFO] Starting daily stock update for item SCMBR0018132 sold on 2026-02-27 (Qty: 1)
[2026-02-27 13:28:06] [INFO] Recalculating stock from day 27 for item SCMBR0018132 in 2026-02 in table tbldailystock_1
[2026-02-27 13:28:06] [DEBUG] Day 27: Opening=90, Purchase=0, Sales=56, Closing=34
[2026-02-27 13:28:06] [DEBUG] Day 28: Opening=34, Purchase=0, Sales=0, Closing=34
[2026-02-27 13:28:06] [INFO] Completed recalculating stock for 2026-02 from day 27
[2026-02-27 13:28:06] [INFO] Starting cascading to current month for item SCMBR0018132 sold on 2026-02-27
[2026-02-27 13:28:06] [INFO] Daily stock updated successfully for item SCMBR0018132 on 2026-02-27 in table tbldailystock_1: Sales=56, Closing=34
[2026-02-27 13:28:06] [INFO] Starting daily stock update for item SCMBR0018132 sold on 2026-02-27 (Qty: 1)
[2026-02-27 13:28:06] [INFO] Recalculating stock from day 27 for item SCMBR0018132 in 2026-02 in table tbldailystock_1
[2026-02-27 13:28:06] [DEBUG] Day 27: Opening=90, Purchase=0, Sales=57, Closing=33
[2026-02-27 13:28:06] [DEBUG] Day 28: Opening=33, Purchase=0, Sales=0, Closing=33
[2026-02-27 13:28:06] [INFO] Completed recalculating stock for 2026-02 from day 27
[2026-02-27 13:28:06] [INFO] Starting cascading to current month for item SCMBR0018132 sold on 2026-02-27
[2026-02-27 13:28:06] [INFO] Daily stock updated successfully for item SCMBR0018132 on 2026-02-27 in table tbldailystock_1: Sales=57, Closing=33
[2026-02-27 13:28:06] [INFO] Starting daily stock update for item SCMBR0018132 sold on 2026-02-27 (Qty: 1)
[2026-02-27 13:28:06] [INFO] Recalculating stock from day 27 for item SCMBR0018132 in 2026-02 in table tbldailystock_1
[2026-02-27 13:28:06] [DEBUG] Day 27: Opening=90, Purchase=0, Sales=58, Closing=32
[2026-02-27 13:28:06] [DEBUG] Day 28: Opening=32, Purchase=0, Sales=0, Closing=32
[2026-02-27 13:28:06] [INFO] Completed recalculating stock for 2026-02 from day 27
[2026-02-27 13:28:06] [INFO] Starting cascading to current month for item SCMBR0018132 sold on 2026-02-27
[2026-02-27 13:28:06] [INFO] Daily stock updated successfully for item SCMBR0018132 on 2026-02-27 in table tbldailystock_1: Sales=58, Closing=32
[2026-02-27 13:28:06] [INFO] Starting daily stock update for item SCMBR0018132 sold on 2026-02-27 (Qty: 1)
[2026-02-27 13:28:06] [INFO] Recalculating stock from day 27 for item SCMBR0018132 in 2026-02 in table tbldailystock_1
[2026-02-27 13:28:07] [DEBUG] Day 27: Opening=90, Purchase=0, Sales=59, Closing=31
[2026-02-27 13:28:07] [DEBUG] Day 28: Opening=31, Purchase=0, Sales=0, Closing=31
[2026-02-27 13:28:07] [INFO] Completed recalculating stock for 2026-02 from day 27
[2026-02-27 13:28:07] [INFO] Starting cascading to current month for item SCMBR0018132 sold on 2026-02-27
[2026-02-27 13:28:07] [INFO] Daily stock updated successfully for item SCMBR0018132 on 2026-02-27 in table tbldailystock_1: Sales=59, Closing=31
[2026-02-27 13:28:07] [INFO] Starting daily stock update for item SCMBR0018132 sold on 2026-02-27 (Qty: 1)
[2026-02-27 13:28:07] [INFO] Recalculating stock from day 27 for item SCMBR0018132 in 2026-02 in table tbldailystock_1
[2026-02-27 13:28:07] [DEBUG] Day 27: Opening=90, Purchase=0, Sales=60, Closing=30
[2026-02-27 13:28:07] [DEBUG] Day 28: Opening=30, Purchase=0, Sales=0, Closing=30
[2026-02-27 13:28:07] [INFO] Completed recalculating stock for 2026-02 from day 27
[2026-02-27 13:28:07] [INFO] Starting cascading to current month for item SCMBR0018132 sold on 2026-02-27
[2026-02-27 13:28:07] [INFO] Daily stock updated successfully for item SCMBR0018132 on 2026-02-27 in table tbldailystock_1: Sales=60, Closing=30
[2026-02-27 13:28:07] [INFO] Starting daily stock update for item SCMBR0018132 sold on 2026-02-27 (Qty: 1)
[2026-02-27 13:28:07] [INFO] Recalculating stock from day 27 for item SCMBR0018132 in 2026-02 in table tbldailystock_1
[2026-02-27 13:28:07] [DEBUG] Day 27: Opening=90, Purchase=0, Sales=61, Closing=29
[2026-02-27 13:28:07] [DEBUG] Day 28: Opening=29, Purchase=0, Sales=0, Closing=29
[2026-02-27 13:28:07] [INFO] Completed recalculating stock for 2026-02 from day 27
[2026-02-27 13:28:07] [INFO] Starting cascading to current month for item SCMBR0018132 sold on 2026-02-27
[2026-02-27 13:28:07] [INFO] Daily stock updated successfully for item SCMBR0018132 on 2026-02-27 in table tbldailystock_1: Sales=61, Closing=29
[2026-02-27 13:28:07] [INFO] Starting daily stock update for item SCMBR0018132 sold on 2026-02-27 (Qty: 1)
[2026-02-27 13:28:07] [INFO] Recalculating stock from day 27 for item SCMBR0018132 in 2026-02 in table tbldailystock_1
[2026-02-27 13:28:07] [DEBUG] Day 27: Opening=90, Purchase=0, Sales=62, Closing=28
[2026-02-27 13:28:07] [DEBUG] Day 28: Opening=28, Purchase=0, Sales=0, Closing=28
[2026-02-27 13:28:07] [INFO] Completed recalculating stock for 2026-02 from day 27
[2026-02-27 13:28:07] [INFO] Starting cascading to current month for item SCMBR0018132 sold on 2026-02-27
[2026-02-27 13:28:07] [INFO] Daily stock updated successfully for item SCMBR0018132 on 2026-02-27 in table tbldailystock_1: Sales=62, Closing=28
[2026-02-27 13:28:07] [INFO] Starting daily stock update for item SCMBR0018132 sold on 2026-02-27 (Qty: 1)
[2026-02-27 13:28:07] [INFO] Recalculating stock from day 27 for item SCMBR0018132 in 2026-02 in table tbldailystock_1
[2026-02-27 13:28:07] [DEBUG] Day 27: Opening=90, Purchase=0, Sales=63, Closing=27
[2026-02-27 13:28:07] [DEBUG] Day 28: Opening=27, Purchase=0, Sales=0, Closing=27
[2026-02-27 13:28:07] [INFO] Completed recalculating stock for 2026-02 from day 27
[2026-02-27 13:28:07] [INFO] Starting cascading to current month for item SCMBR0018132 sold on 2026-02-27
[2026-02-27 13:28:07] [INFO] Daily stock updated successfully for item SCMBR0018132 on 2026-02-27 in table tbldailystock_1: Sales=63, Closing=27
[2026-02-27 13:28:07] [INFO] Starting daily stock update for item SCMBR0018132 sold on 2026-02-27 (Qty: 1)
[2026-02-27 13:28:07] [INFO] Recalculating stock from day 27 for item SCMBR0018132 in 2026-02 in table tbldailystock_1
[2026-02-27 13:28:07] [DEBUG] Day 27: Opening=90, Purchase=0, Sales=64, Closing=26
[2026-02-27 13:28:07] [DEBUG] Day 28: Opening=26, Purchase=0, Sales=0, Closing=26
[2026-02-27 13:28:07] [INFO] Completed recalculating stock for 2026-02 from day 27
[2026-02-27 13:28:07] [INFO] Starting cascading to current month for item SCMBR0018132 sold on 2026-02-27
[2026-02-27 13:28:07] [INFO] Daily stock updated successfully for item SCMBR0018132 on 2026-02-27 in table tbldailystock_1: Sales=64, Closing=26
[2026-02-27 13:28:07] [INFO] Starting daily stock update for item SCMBR0018132 sold on 2026-02-27 (Qty: 1)
[2026-02-27 13:28:07] [INFO] Recalculating stock from day 27 for item SCMBR0018132 in 2026-02 in table tbldailystock_1
[2026-02-27 13:28:07] [DEBUG] Day 27: Opening=90, Purchase=0, Sales=65, Closing=25
[2026-02-27 13:28:07] [DEBUG] Day 28: Opening=25, Purchase=0, Sales=0, Closing=25
[2026-02-27 13:28:07] [INFO] Completed recalculating stock for 2026-02 from day 27
[2026-02-27 13:28:07] [INFO] Starting cascading to current month for item SCMBR0018132 sold on 2026-02-27
[2026-02-27 13:28:07] [INFO] Daily stock updated successfully for item SCMBR0018132 on 2026-02-27 in table tbldailystock_1: Sales=65, Closing=25
[2026-02-27 13:28:07] [INFO] Starting daily stock update for item SCMBR0018132 sold on 2026-02-27 (Qty: 1)
[2026-02-27 13:28:07] [INFO] Recalculating stock from day 27 for item SCMBR0018132 in 2026-02 in table tbldailystock_1
[2026-02-27 13:28:07] [DEBUG] Day 27: Opening=90, Purchase=0, Sales=66, Closing=24
[2026-02-27 13:28:07] [DEBUG] Day 28: Opening=24, Purchase=0, Sales=0, Closing=24
[2026-02-27 13:28:07] [INFO] Completed recalculating stock for 2026-02 from day 27
[2026-02-27 13:28:07] [INFO] Starting cascading to current month for item SCMBR0018132 sold on 2026-02-27
[2026-02-27 13:28:07] [INFO] Daily stock updated successfully for item SCMBR0018132 on 2026-02-27 in table tbldailystock_1: Sales=66, Closing=24
[2026-02-27 13:28:07] [INFO] Starting daily stock update for item SCMBR0018132 sold on 2026-02-27 (Qty: 1)
[2026-02-27 13:28:07] [INFO] Recalculating stock from day 27 for item SCMBR0018132 in 2026-02 in table tbldailystock_1
[2026-02-27 13:28:07] [DEBUG] Day 27: Opening=90, Purchase=0, Sales=67, Closing=23
[2026-02-27 13:28:07] [DEBUG] Day 28: Opening=23, Purchase=0, Sales=0, Closing=23
[2026-02-27 13:28:07] [INFO] Completed recalculating stock for 2026-02 from day 27
[2026-02-27 13:28:07] [INFO] Starting cascading to current month for item SCMBR0018132 sold on 2026-02-27
[2026-02-27 13:28:07] [INFO] Daily stock updated successfully for item SCMBR0018132 on 2026-02-27 in table tbldailystock_1: Sales=67, Closing=23
[2026-02-27 13:28:07] [INFO] Starting daily stock update for item SCMBR0018132 sold on 2026-02-27 (Qty: 1)
[2026-02-27 13:28:07] [INFO] Recalculating stock from day 27 for item SCMBR0018132 in 2026-02 in table tbldailystock_1
[2026-02-27 13:28:07] [DEBUG] Day 27: Opening=90, Purchase=0, Sales=68, Closing=22
[2026-02-27 13:28:07] [DEBUG] Day 28: Opening=22, Purchase=0, Sales=0, Closing=22
[2026-02-27 13:28:07] [INFO] Completed recalculating stock for 2026-02 from day 27
[2026-02-27 13:28:07] [INFO] Starting cascading to current month for item SCMBR0018132 sold on 2026-02-27
[2026-02-27 13:28:07] [INFO] Daily stock updated successfully for item SCMBR0018132 on 2026-02-27 in table tbldailystock_1: Sales=68, Closing=22
[2026-02-27 13:28:07] [INFO] Starting daily stock update for item SCMBR0018132 sold on 2026-02-27 (Qty: 1)
[2026-02-27 13:28:07] [INFO] Recalculating stock from day 27 for item SCMBR0018132 in 2026-02 in table tbldailystock_1
[2026-02-27 13:28:07] [DEBUG] Day 27: Opening=90, Purchase=0, Sales=69, Closing=21
[2026-02-27 13:28:07] [DEBUG] Day 28: Opening=21, Purchase=0, Sales=0, Closing=21
[2026-02-27 13:28:07] [INFO] Completed recalculating stock for 2026-02 from day 27
[2026-02-27 13:28:07] [INFO] Starting cascading to current month for item SCMBR0018132 sold on 2026-02-27
[2026-02-27 13:28:07] [INFO] Daily stock updated successfully for item SCMBR0018132 on 2026-02-27 in table tbldailystock_1: Sales=69, Closing=21
[2026-02-27 13:28:07] [INFO] Starting daily stock update for item SCMBR0018132 sold on 2026-02-27 (Qty: 1)
[2026-02-27 13:28:07] [INFO] Recalculating stock from day 27 for item SCMBR0018132 in 2026-02 in table tbldailystock_1
[2026-02-27 13:28:07] [DEBUG] Day 27: Opening=90, Purchase=0, Sales=70, Closing=20
[2026-02-27 13:28:07] [DEBUG] Day 28: Opening=20, Purchase=0, Sales=0, Closing=20
[2026-02-27 13:28:07] [INFO] Completed recalculating stock for 2026-02 from day 27
[2026-02-27 13:28:07] [INFO] Starting cascading to current month for item SCMBR0018132 sold on 2026-02-27
[2026-02-27 13:28:07] [INFO] Daily stock updated successfully for item SCMBR0018132 on 2026-02-27 in table tbldailystock_1: Sales=70, Closing=20
[2026-02-27 13:28:07] [INFO] Starting daily stock update for item SCMBR0018132 sold on 2026-02-27 (Qty: 1)
[2026-02-27 13:28:07] [INFO] Recalculating stock from day 27 for item SCMBR0018132 in 2026-02 in table tbldailystock_1
[2026-02-27 13:28:07] [DEBUG] Day 27: Opening=90, Purchase=0, Sales=71, Closing=19
[2026-02-27 13:28:07] [DEBUG] Day 28: Opening=19, Purchase=0, Sales=0, Closing=19
[2026-02-27 13:28:07] [INFO] Completed recalculating stock for 2026-02 from day 27
[2026-02-27 13:28:07] [INFO] Starting cascading to current month for item SCMBR0018132 sold on 2026-02-27
[2026-02-27 13:28:07] [INFO] Daily stock updated successfully for item SCMBR0018132 on 2026-02-27 in table tbldailystock_1: Sales=71, Closing=19
[2026-02-27 13:28:07] [INFO] Starting daily stock update for item SCMBR0018132 sold on 2026-02-27 (Qty: 1)
[2026-02-27 13:28:07] [INFO] Recalculating stock from day 27 for item SCMBR0018132 in 2026-02 in table tbldailystock_1
[2026-02-27 13:28:07] [DEBUG] Day 27: Opening=90, Purchase=0, Sales=72, Closing=18
[2026-02-27 13:28:07] [DEBUG] Day 28: Opening=18, Purchase=0, Sales=0, Closing=18
[2026-02-27 13:28:07] [INFO] Completed recalculating stock for 2026-02 from day 27
[2026-02-27 13:28:07] [INFO] Starting cascading to current month for item SCMBR0018132 sold on 2026-02-27
[2026-02-27 13:28:07] [INFO] Daily stock updated successfully for item SCMBR0018132 on 2026-02-27 in table tbldailystock_1: Sales=72, Closing=18
[2026-02-27 13:28:07] [INFO] Starting daily stock update for item SCMBR0018132 sold on 2026-02-27 (Qty: 1)
[2026-02-27 13:28:07] [INFO] Recalculating stock from day 27 for item SCMBR0018132 in 2026-02 in table tbldailystock_1
[2026-02-27 13:28:07] [DEBUG] Day 27: Opening=90, Purchase=0, Sales=73, Closing=17
[2026-02-27 13:28:07] [DEBUG] Day 28: Opening=17, Purchase=0, Sales=0, Closing=17
[2026-02-27 13:28:07] [INFO] Completed recalculating stock for 2026-02 from day 27
[2026-02-27 13:28:07] [INFO] Starting cascading to current month for item SCMBR0018132 sold on 2026-02-27
[2026-02-27 13:28:07] [INFO] Daily stock updated successfully for item SCMBR0018132 on 2026-02-27 in table tbldailystock_1: Sales=73, Closing=17
[2026-02-27 13:28:07] [INFO] Starting daily stock update for item SCMBR0018132 sold on 2026-02-27 (Qty: 1)
[2026-02-27 13:28:07] [INFO] Recalculating stock from day 27 for item SCMBR0018132 in 2026-02 in table tbldailystock_1
[2026-02-27 13:28:08] [DEBUG] Day 27: Opening=90, Purchase=0, Sales=74, Closing=16
[2026-02-27 13:28:08] [DEBUG] Day 28: Opening=16, Purchase=0, Sales=0, Closing=16
[2026-02-27 13:28:08] [INFO] Completed recalculating stock for 2026-02 from day 27
[2026-02-27 13:28:08] [INFO] Starting cascading to current month for item SCMBR0018132 sold on 2026-02-27
[2026-02-27 13:28:08] [INFO] Daily stock updated successfully for item SCMBR0018132 on 2026-02-27 in table tbldailystock_1: Sales=74, Closing=16
[2026-02-27 13:28:08] [INFO] Starting daily stock update for item SCMBR0018132 sold on 2026-02-27 (Qty: 1)
[2026-02-27 13:28:08] [INFO] Recalculating stock from day 27 for item SCMBR0018132 in 2026-02 in table tbldailystock_1
[2026-02-27 13:28:08] [DEBUG] Day 27: Opening=90, Purchase=0, Sales=75, Closing=15
[2026-02-27 13:28:08] [DEBUG] Day 28: Opening=15, Purchase=0, Sales=0, Closing=15
[2026-02-27 13:28:08] [INFO] Completed recalculating stock for 2026-02 from day 27
[2026-02-27 13:28:08] [INFO] Starting cascading to current month for item SCMBR0018132 sold on 2026-02-27
[2026-02-27 13:28:08] [INFO] Daily stock updated successfully for item SCMBR0018132 on 2026-02-27 in table tbldailystock_1: Sales=75, Closing=15
[2026-02-27 13:28:08] [INFO] Starting daily stock update for item SCMBR0018132 sold on 2026-02-27 (Qty: 1)
[2026-02-27 13:28:08] [INFO] Recalculating stock from day 27 for item SCMBR0018132 in 2026-02 in table tbldailystock_1
[2026-02-27 13:28:08] [DEBUG] Day 27: Opening=90, Purchase=0, Sales=76, Closing=14
[2026-02-27 13:28:08] [DEBUG] Day 28: Opening=14, Purchase=0, Sales=0, Closing=14
[2026-02-27 13:28:08] [INFO] Completed recalculating stock for 2026-02 from day 27
[2026-02-27 13:28:08] [INFO] Starting cascading to current month for item SCMBR0018132 sold on 2026-02-27
[2026-02-27 13:28:08] [INFO] Daily stock updated successfully for item SCMBR0018132 on 2026-02-27 in table tbldailystock_1: Sales=76, Closing=14
[2026-02-27 13:28:08] [INFO] Starting daily stock update for item SCMBR0018132 sold on 2026-02-27 (Qty: 1)
[2026-02-27 13:28:08] [INFO] Recalculating stock from day 27 for item SCMBR0018132 in 2026-02 in table tbldailystock_1
[2026-02-27 13:28:08] [DEBUG] Day 27: Opening=90, Purchase=0, Sales=77, Closing=13
[2026-02-27 13:28:08] [DEBUG] Day 28: Opening=13, Purchase=0, Sales=0, Closing=13
[2026-02-27 13:28:08] [INFO] Completed recalculating stock for 2026-02 from day 27
[2026-02-27 13:28:08] [INFO] Starting cascading to current month for item SCMBR0018132 sold on 2026-02-27
[2026-02-27 13:28:08] [INFO] Daily stock updated successfully for item SCMBR0018132 on 2026-02-27 in table tbldailystock_1: Sales=77, Closing=13
[2026-02-27 13:28:08] [INFO] Starting daily stock update for item SCMBR0018132 sold on 2026-02-27 (Qty: 1)
[2026-02-27 13:28:08] [INFO] Recalculating stock from day 27 for item SCMBR0018132 in 2026-02 in table tbldailystock_1
[2026-02-27 13:28:08] [DEBUG] Day 27: Opening=90, Purchase=0, Sales=78, Closing=12
[2026-02-27 13:28:08] [DEBUG] Day 28: Opening=12, Purchase=0, Sales=0, Closing=12
[2026-02-27 13:28:08] [INFO] Completed recalculating stock for 2026-02 from day 27
[2026-02-27 13:28:08] [INFO] Starting cascading to current month for item SCMBR0018132 sold on 2026-02-27
[2026-02-27 13:28:08] [INFO] Daily stock updated successfully for item SCMBR0018132 on 2026-02-27 in table tbldailystock_1: Sales=78, Closing=12
[2026-02-27 13:28:08] [INFO] Starting daily stock update for item SCMBR0018132 sold on 2026-02-27 (Qty: 1)
[2026-02-27 13:28:08] [INFO] Recalculating stock from day 27 for item SCMBR0018132 in 2026-02 in table tbldailystock_1
[2026-02-27 13:28:08] [DEBUG] Day 27: Opening=90, Purchase=0, Sales=79, Closing=11
[2026-02-27 13:28:08] [DEBUG] Day 28: Opening=11, Purchase=0, Sales=0, Closing=11
[2026-02-27 13:28:08] [INFO] Completed recalculating stock for 2026-02 from day 27
[2026-02-27 13:28:08] [INFO] Starting cascading to current month for item SCMBR0018132 sold on 2026-02-27
[2026-02-27 13:28:08] [INFO] Daily stock updated successfully for item SCMBR0018132 on 2026-02-27 in table tbldailystock_1: Sales=79, Closing=11
[2026-02-27 13:28:08] [INFO] Starting daily stock update for item SCMBR0018132 sold on 2026-02-27 (Qty: 1)
[2026-02-27 13:28:08] [INFO] Recalculating stock from day 27 for item SCMBR0018132 in 2026-02 in table tbldailystock_1
[2026-02-27 13:28:08] [DEBUG] Day 27: Opening=90, Purchase=0, Sales=80, Closing=10
[2026-02-27 13:28:08] [DEBUG] Day 28: Opening=10, Purchase=0, Sales=0, Closing=10
[2026-02-27 13:28:08] [INFO] Completed recalculating stock for 2026-02 from day 27
[2026-02-27 13:28:08] [INFO] Starting cascading to current month for item SCMBR0018132 sold on 2026-02-27
[2026-02-27 13:28:08] [INFO] Daily stock updated successfully for item SCMBR0018132 on 2026-02-27 in table tbldailystock_1: Sales=80, Closing=10
[2026-02-27 13:28:08] [INFO] Starting daily stock update for item SCMBR0018132 sold on 2026-02-27 (Qty: 1)
[2026-02-27 13:28:08] [INFO] Recalculating stock from day 27 for item SCMBR0018132 in 2026-02 in table tbldailystock_1
[2026-02-27 13:28:08] [DEBUG] Day 27: Opening=90, Purchase=0, Sales=81, Closing=9
[2026-02-27 13:28:08] [DEBUG] Day 28: Opening=9, Purchase=0, Sales=0, Closing=9
[2026-02-27 13:28:08] [INFO] Completed recalculating stock for 2026-02 from day 27
[2026-02-27 13:28:08] [INFO] Starting cascading to current month for item SCMBR0018132 sold on 2026-02-27
[2026-02-27 13:28:08] [INFO] Daily stock updated successfully for item SCMBR0018132 on 2026-02-27 in table tbldailystock_1: Sales=81, Closing=9
[2026-02-27 13:28:08] [INFO] Starting daily stock update for item SCMBR0018132 sold on 2026-02-27 (Qty: 1)
[2026-02-27 13:28:08] [INFO] Recalculating stock from day 27 for item SCMBR0018132 in 2026-02 in table tbldailystock_1
[2026-02-27 13:28:08] [DEBUG] Day 27: Opening=90, Purchase=0, Sales=82, Closing=8
[2026-02-27 13:28:08] [DEBUG] Day 28: Opening=8, Purchase=0, Sales=0, Closing=8
[2026-02-27 13:28:08] [INFO] Completed recalculating stock for 2026-02 from day 27
[2026-02-27 13:28:08] [INFO] Starting cascading to current month for item SCMBR0018132 sold on 2026-02-27
[2026-02-27 13:28:08] [INFO] Daily stock updated successfully for item SCMBR0018132 on 2026-02-27 in table tbldailystock_1: Sales=82, Closing=8
[2026-02-27 13:28:08] [INFO] Starting daily stock update for item SCMBR0018132 sold on 2026-02-27 (Qty: 1)
[2026-02-27 13:28:08] [INFO] Recalculating stock from day 27 for item SCMBR0018132 in 2026-02 in table tbldailystock_1
[2026-02-27 13:28:08] [DEBUG] Day 27: Opening=90, Purchase=0, Sales=83, Closing=7
[2026-02-27 13:28:08] [DEBUG] Day 28: Opening=7, Purchase=0, Sales=0, Closing=7
[2026-02-27 13:28:08] [INFO] Completed recalculating stock for 2026-02 from day 27
[2026-02-27 13:28:08] [INFO] Starting cascading to current month for item SCMBR0018132 sold on 2026-02-27
[2026-02-27 13:28:08] [INFO] Daily stock updated successfully for item SCMBR0018132 on 2026-02-27 in table tbldailystock_1: Sales=83, Closing=7
[2026-02-27 13:28:08] [INFO] Starting daily stock update for item SCMBR0018132 sold on 2026-02-27 (Qty: 1)
[2026-02-27 13:28:08] [INFO] Recalculating stock from day 27 for item SCMBR0018132 in 2026-02 in table tbldailystock_1
[2026-02-27 13:28:08] [DEBUG] Day 27: Opening=90, Purchase=0, Sales=84, Closing=6
[2026-02-27 13:28:08] [DEBUG] Day 28: Opening=6, Purchase=0, Sales=0, Closing=6
[2026-02-27 13:28:08] [INFO] Completed recalculating stock for 2026-02 from day 27
[2026-02-27 13:28:08] [INFO] Starting cascading to current month for item SCMBR0018132 sold on 2026-02-27
[2026-02-27 13:28:08] [INFO] Daily stock updated successfully for item SCMBR0018132 on 2026-02-27 in table tbldailystock_1: Sales=84, Closing=6
[2026-02-27 13:28:08] [INFO] Starting daily stock update for item SCMBR0018132 sold on 2026-02-27 (Qty: 1)
[2026-02-27 13:28:08] [INFO] Recalculating stock from day 27 for item SCMBR0018132 in 2026-02 in table tbldailystock_1
[2026-02-27 13:28:08] [DEBUG] Day 27: Opening=90, Purchase=0, Sales=85, Closing=5
[2026-02-27 13:28:08] [DEBUG] Day 28: Opening=5, Purchase=0, Sales=0, Closing=5
[2026-02-27 13:28:08] [INFO] Completed recalculating stock for 2026-02 from day 27
[2026-02-27 13:28:08] [INFO] Starting cascading to current month for item SCMBR0018132 sold on 2026-02-27
[2026-02-27 13:28:08] [INFO] Daily stock updated successfully for item SCMBR0018132 on 2026-02-27 in table tbldailystock_1: Sales=85, Closing=5
[2026-02-27 13:28:08] [INFO] Starting daily stock update for item SCMBR0018132 sold on 2026-02-27 (Qty: 1)
[2026-02-27 13:28:08] [INFO] Recalculating stock from day 27 for item SCMBR0018132 in 2026-02 in table tbldailystock_1
[2026-02-27 13:28:08] [DEBUG] Day 27: Opening=90, Purchase=0, Sales=86, Closing=4
[2026-02-27 13:28:08] [DEBUG] Day 28: Opening=4, Purchase=0, Sales=0, Closing=4
[2026-02-27 13:28:08] [INFO] Completed recalculating stock for 2026-02 from day 27
[2026-02-27 13:28:08] [INFO] Starting cascading to current month for item SCMBR0018132 sold on 2026-02-27
[2026-02-27 13:28:08] [INFO] Daily stock updated successfully for item SCMBR0018132 on 2026-02-27 in table tbldailystock_1: Sales=86, Closing=4
[2026-02-27 13:28:08] [INFO] Starting daily stock update for item SCMBR0018132 sold on 2026-02-27 (Qty: 1)
[2026-02-27 13:28:08] [INFO] Recalculating stock from day 27 for item SCMBR0018132 in 2026-02 in table tbldailystock_1
[2026-02-27 13:28:08] [DEBUG] Day 27: Opening=90, Purchase=0, Sales=87, Closing=3
[2026-02-27 13:28:09] [DEBUG] Day 28: Opening=3, Purchase=0, Sales=0, Closing=3
[2026-02-27 13:28:09] [INFO] Completed recalculating stock for 2026-02 from day 27
[2026-02-27 13:28:09] [INFO] Starting cascading to current month for item SCMBR0018132 sold on 2026-02-27
[2026-02-27 13:28:09] [INFO] Daily stock updated successfully for item SCMBR0018132 on 2026-02-27 in table tbldailystock_1: Sales=87, Closing=3
[2026-02-27 13:28:09] [INFO] Starting daily stock update for item SCMBR0018132 sold on 2026-02-27 (Qty: 1)
[2026-02-27 13:28:09] [INFO] Recalculating stock from day 27 for item SCMBR0018132 in 2026-02 in table tbldailystock_1
[2026-02-27 13:28:09] [DEBUG] Day 27: Opening=90, Purchase=0, Sales=88, Closing=2
[2026-02-27 13:28:09] [DEBUG] Day 28: Opening=2, Purchase=0, Sales=0, Closing=2
[2026-02-27 13:28:09] [INFO] Completed recalculating stock for 2026-02 from day 27
[2026-02-27 13:28:09] [INFO] Starting cascading to current month for item SCMBR0018132 sold on 2026-02-27
[2026-02-27 13:28:09] [INFO] Daily stock updated successfully for item SCMBR0018132 on 2026-02-27 in table tbldailystock_1: Sales=88, Closing=2
[2026-02-27 13:28:09] [INFO] Starting daily stock update for item SCMBR0018132 sold on 2026-02-27 (Qty: 1)
[2026-02-27 13:28:09] [INFO] Recalculating stock from day 27 for item SCMBR0018132 in 2026-02 in table tbldailystock_1
[2026-02-27 13:28:09] [DEBUG] Day 27: Opening=90, Purchase=0, Sales=89, Closing=1
[2026-02-27 13:28:09] [DEBUG] Day 28: Opening=1, Purchase=0, Sales=0, Closing=1
[2026-02-27 13:28:09] [INFO] Completed recalculating stock for 2026-02 from day 27
[2026-02-27 13:28:09] [INFO] Starting cascading to current month for item SCMBR0018132 sold on 2026-02-27
[2026-02-27 13:28:09] [INFO] Daily stock updated successfully for item SCMBR0018132 on 2026-02-27 in table tbldailystock_1: Sales=89, Closing=1
[2026-02-27 13:28:09] [INFO] Starting daily stock update for item SCMBR0018132 sold on 2026-02-27 (Qty: 1)
[2026-02-27 13:28:09] [INFO] Recalculating stock from day 27 for item SCMBR0018132 in 2026-02 in table tbldailystock_1
[2026-02-27 13:28:09] [DEBUG] Day 27: Opening=90, Purchase=0, Sales=90, Closing=0
[2026-02-27 13:28:09] [DEBUG] Day 28: Opening=0, Purchase=0, Sales=0, Closing=0
[2026-02-27 13:28:09] [INFO] Completed recalculating stock for 2026-02 from day 27
[2026-02-27 13:28:09] [INFO] Starting cascading to current month for item SCMBR0018132 sold on 2026-02-27
[2026-02-27 13:28:09] [INFO] Daily stock updated successfully for item SCMBR0018132 on 2026-02-27 in table tbldailystock_1: Sales=90, Closing=0
[2026-02-27 13:28:09] [INFO] Starting daily stock update for item SCMBR0018139 sold on 2026-02-27 (Qty: 1)
[2026-02-27 13:28:09] [INFO] Recalculating stock from day 27 for item SCMBR0018139 in 2026-02 in table tbldailystock_1
[2026-02-27 13:28:09] [DEBUG] Day 27: Opening=71, Purchase=0, Sales=1, Closing=70
[2026-02-27 13:28:09] [DEBUG] Day 28: Opening=70, Purchase=0, Sales=0, Closing=70
[2026-02-27 13:28:09] [INFO] Completed recalculating stock for 2026-02 from day 27
[2026-02-27 13:28:09] [INFO] Starting cascading to current month for item SCMBR0018139 sold on 2026-02-27
[2026-02-27 13:28:09] [INFO] Daily stock updated successfully for item SCMBR0018139 on 2026-02-27 in table tbldailystock_1: Sales=1, Closing=70
[2026-02-27 13:28:09] [INFO] Starting daily stock update for item SCMBR0018139 sold on 2026-02-27 (Qty: 1)
[2026-02-27 13:28:09] [INFO] Recalculating stock from day 27 for item SCMBR0018139 in 2026-02 in table tbldailystock_1
[2026-02-27 13:28:09] [DEBUG] Day 27: Opening=71, Purchase=0, Sales=2, Closing=69
[2026-02-27 13:28:09] [DEBUG] Day 28: Opening=69, Purchase=0, Sales=0, Closing=69
[2026-02-27 13:28:09] [INFO] Completed recalculating stock for 2026-02 from day 27
[2026-02-27 13:28:09] [INFO] Starting cascading to current month for item SCMBR0018139 sold on 2026-02-27
[2026-02-27 13:28:09] [INFO] Daily stock updated successfully for item SCMBR0018139 on 2026-02-27 in table tbldailystock_1: Sales=2, Closing=69
[2026-02-27 13:28:09] [INFO] Starting daily stock update for item SCMBR0018139 sold on 2026-02-27 (Qty: 1)
[2026-02-27 13:28:09] [INFO] Recalculating stock from day 27 for item SCMBR0018139 in 2026-02 in table tbldailystock_1
[2026-02-27 13:28:09] [DEBUG] Day 27: Opening=71, Purchase=0, Sales=3, Closing=68
[2026-02-27 13:28:09] [DEBUG] Day 28: Opening=68, Purchase=0, Sales=0, Closing=68
[2026-02-27 13:28:09] [INFO] Completed recalculating stock for 2026-02 from day 27
[2026-02-27 13:28:09] [INFO] Starting cascading to current month for item SCMBR0018139 sold on 2026-02-27
[2026-02-27 13:28:09] [INFO] Daily stock updated successfully for item SCMBR0018139 on 2026-02-27 in table tbldailystock_1: Sales=3, Closing=68
[2026-02-27 13:28:09] [INFO] Starting daily stock update for item SCMBR0018139 sold on 2026-02-27 (Qty: 1)
[2026-02-27 13:28:09] [INFO] Recalculating stock from day 27 for item SCMBR0018139 in 2026-02 in table tbldailystock_1
[2026-02-27 13:28:09] [DEBUG] Day 27: Opening=71, Purchase=0, Sales=4, Closing=67
[2026-02-27 13:28:09] [DEBUG] Day 28: Opening=67, Purchase=0, Sales=0, Closing=67
[2026-02-27 13:28:09] [INFO] Completed recalculating stock for 2026-02 from day 27
[2026-02-27 13:28:09] [INFO] Starting cascading to current month for item SCMBR0018139 sold on 2026-02-27
[2026-02-27 13:28:09] [INFO] Daily stock updated successfully for item SCMBR0018139 on 2026-02-27 in table tbldailystock_1: Sales=4, Closing=67
[2026-02-27 13:28:09] [INFO] Starting daily stock update for item SCMBR0018139 sold on 2026-02-27 (Qty: 1)
[2026-02-27 13:28:09] [INFO] Recalculating stock from day 27 for item SCMBR0018139 in 2026-02 in table tbldailystock_1
[2026-02-27 13:28:09] [DEBUG] Day 27: Opening=71, Purchase=0, Sales=5, Closing=66
[2026-02-27 13:28:09] [DEBUG] Day 28: Opening=66, Purchase=0, Sales=0, Closing=66
[2026-02-27 13:28:09] [INFO] Completed recalculating stock for 2026-02 from day 27
[2026-02-27 13:28:09] [INFO] Starting cascading to current month for item SCMBR0018139 sold on 2026-02-27
[2026-02-27 13:28:09] [INFO] Daily stock updated successfully for item SCMBR0018139 on 2026-02-27 in table tbldailystock_1: Sales=5, Closing=66
[2026-02-27 13:28:09] [INFO] Starting daily stock update for item SCMBR0018139 sold on 2026-02-27 (Qty: 1)
[2026-02-27 13:28:09] [INFO] Recalculating stock from day 27 for item SCMBR0018139 in 2026-02 in table tbldailystock_1
[2026-02-27 13:28:09] [DEBUG] Day 27: Opening=71, Purchase=0, Sales=6, Closing=65
[2026-02-27 13:28:09] [DEBUG] Day 28: Opening=65, Purchase=0, Sales=0, Closing=65
[2026-02-27 13:28:09] [INFO] Completed recalculating stock for 2026-02 from day 27
[2026-02-27 13:28:09] [INFO] Starting cascading to current month for item SCMBR0018139 sold on 2026-02-27
[2026-02-27 13:28:09] [INFO] Daily stock updated successfully for item SCMBR0018139 on 2026-02-27 in table tbldailystock_1: Sales=6, Closing=65
[2026-02-27 13:28:09] [INFO] Starting daily stock update for item SCMBR0018139 sold on 2026-02-27 (Qty: 1)
[2026-02-27 13:28:09] [INFO] Recalculating stock from day 27 for item SCMBR0018139 in 2026-02 in table tbldailystock_1
[2026-02-27 13:28:10] [DEBUG] Day 27: Opening=71, Purchase=0, Sales=7, Closing=64
[2026-02-27 13:28:10] [DEBUG] Day 28: Opening=64, Purchase=0, Sales=0, Closing=64
[2026-02-27 13:28:10] [INFO] Completed recalculating stock for 2026-02 from day 27
[2026-02-27 13:28:10] [INFO] Starting cascading to current month for item SCMBR0018139 sold on 2026-02-27
[2026-02-27 13:28:10] [INFO] Daily stock updated successfully for item SCMBR0018139 on 2026-02-27 in table tbldailystock_1: Sales=7, Closing=64
[2026-02-27 13:28:10] [INFO] Starting daily stock update for item SCMBR0018139 sold on 2026-02-27 (Qty: 1)
[2026-02-27 13:28:10] [INFO] Recalculating stock from day 27 for item SCMBR0018139 in 2026-02 in table tbldailystock_1
[2026-02-27 13:28:10] [DEBUG] Day 27: Opening=71, Purchase=0, Sales=8, Closing=63
[2026-02-27 13:28:10] [DEBUG] Day 28: Opening=63, Purchase=0, Sales=0, Closing=63
[2026-02-27 13:28:10] [INFO] Completed recalculating stock for 2026-02 from day 27
[2026-02-27 13:28:10] [INFO] Starting cascading to current month for item SCMBR0018139 sold on 2026-02-27
[2026-02-27 13:28:10] [INFO] Daily stock updated successfully for item SCMBR0018139 on 2026-02-27 in table tbldailystock_1: Sales=8, Closing=63
[2026-02-27 13:28:10] [INFO] Starting daily stock update for item SCMBR0018139 sold on 2026-02-27 (Qty: 1)
[2026-02-27 13:28:10] [INFO] Recalculating stock from day 27 for item SCMBR0018139 in 2026-02 in table tbldailystock_1
[2026-02-27 13:28:10] [DEBUG] Day 27: Opening=71, Purchase=0, Sales=9, Closing=62
[2026-02-27 13:28:10] [DEBUG] Day 28: Opening=62, Purchase=0, Sales=0, Closing=62
[2026-02-27 13:28:10] [INFO] Completed recalculating stock for 2026-02 from day 27
[2026-02-27 13:28:10] [INFO] Starting cascading to current month for item SCMBR0018139 sold on 2026-02-27
[2026-02-27 13:28:10] [INFO] Daily stock updated successfully for item SCMBR0018139 on 2026-02-27 in table tbldailystock_1: Sales=9, Closing=62
[2026-02-27 13:28:10] [INFO] Starting daily stock update for item SCMBR0018139 sold on 2026-02-27 (Qty: 1)
[2026-02-27 13:28:10] [INFO] Recalculating stock from day 27 for item SCMBR0018139 in 2026-02 in table tbldailystock_1
[2026-02-27 13:28:10] [DEBUG] Day 27: Opening=71, Purchase=0, Sales=10, Closing=61
[2026-02-27 13:28:10] [DEBUG] Day 28: Opening=61, Purchase=0, Sales=0, Closing=61
[2026-02-27 13:28:10] [INFO] Completed recalculating stock for 2026-02 from day 27
[2026-02-27 13:28:10] [INFO] Starting cascading to current month for item SCMBR0018139 sold on 2026-02-27
[2026-02-27 13:28:10] [INFO] Daily stock updated successfully for item SCMBR0018139 on 2026-02-27 in table tbldailystock_1: Sales=10, Closing=61
[2026-02-27 13:28:10] [INFO] Starting daily stock update for item SCMBR0018139 sold on 2026-02-27 (Qty: 1)
[2026-02-27 13:28:10] [INFO] Recalculating stock from day 27 for item SCMBR0018139 in 2026-02 in table tbldailystock_1
[2026-02-27 13:28:11] [DEBUG] Day 27: Opening=71, Purchase=0, Sales=11, Closing=60
[2026-02-27 13:28:11] [DEBUG] Day 28: Opening=60, Purchase=0, Sales=0, Closing=60
[2026-02-27 13:28:11] [INFO] Completed recalculating stock for 2026-02 from day 27
[2026-02-27 13:28:11] [INFO] Starting cascading to current month for item SCMBR0018139 sold on 2026-02-27
[2026-02-27 13:28:11] [INFO] Daily stock updated successfully for item SCMBR0018139 on 2026-02-27 in table tbldailystock_1: Sales=11, Closing=60
[2026-02-27 13:28:11] [INFO] Starting daily stock update for item SCMBR0018139 sold on 2026-02-27 (Qty: 1)
[2026-02-27 13:28:11] [INFO] Recalculating stock from day 27 for item SCMBR0018139 in 2026-02 in table tbldailystock_1
[2026-02-27 13:28:11] [DEBUG] Day 27: Opening=71, Purchase=0, Sales=12, Closing=59
[2026-02-27 13:28:11] [DEBUG] Day 28: Opening=59, Purchase=0, Sales=0, Closing=59
[2026-02-27 13:28:11] [INFO] Completed recalculating stock for 2026-02 from day 27
[2026-02-27 13:28:11] [INFO] Starting cascading to current month for item SCMBR0018139 sold on 2026-02-27
[2026-02-27 13:28:11] [INFO] Daily stock updated successfully for item SCMBR0018139 on 2026-02-27 in table tbldailystock_1: Sales=12, Closing=59
[2026-02-27 13:28:11] [INFO] Starting daily stock update for item SCMBR0018139 sold on 2026-02-27 (Qty: 1)
[2026-02-27 13:28:11] [INFO] Recalculating stock from day 27 for item SCMBR0018139 in 2026-02 in table tbldailystock_1
[2026-02-27 13:28:11] [DEBUG] Day 27: Opening=71, Purchase=0, Sales=13, Closing=58
[2026-02-27 13:28:11] [DEBUG] Day 28: Opening=58, Purchase=0, Sales=0, Closing=58
[2026-02-27 13:28:11] [INFO] Completed recalculating stock for 2026-02 from day 27
[2026-02-27 13:28:11] [INFO] Starting cascading to current month for item SCMBR0018139 sold on 2026-02-27
[2026-02-27 13:28:11] [INFO] Daily stock updated successfully for item SCMBR0018139 on 2026-02-27 in table tbldailystock_1: Sales=13, Closing=58
[2026-02-27 13:28:11] [INFO] Starting daily stock update for item SCMBR0018139 sold on 2026-02-27 (Qty: 1)
[2026-02-27 13:28:11] [INFO] Recalculating stock from day 27 for item SCMBR0018139 in 2026-02 in table tbldailystock_1
[2026-02-27 13:28:11] [DEBUG] Day 27: Opening=71, Purchase=0, Sales=14, Closing=57
[2026-02-27 13:28:11] [DEBUG] Day 28: Opening=57, Purchase=0, Sales=0, Closing=57
[2026-02-27 13:28:11] [INFO] Completed recalculating stock for 2026-02 from day 27
[2026-02-27 13:28:11] [INFO] Starting cascading to current month for item SCMBR0018139 sold on 2026-02-27
[2026-02-27 13:28:11] [INFO] Daily stock updated successfully for item SCMBR0018139 on 2026-02-27 in table tbldailystock_1: Sales=14, Closing=57
[2026-02-27 13:28:11] [INFO] Starting daily stock update for item SCMBR0018139 sold on 2026-02-27 (Qty: 1)
[2026-02-27 13:28:11] [INFO] Recalculating stock from day 27 for item SCMBR0018139 in 2026-02 in table tbldailystock_1
[2026-02-27 13:28:11] [DEBUG] Day 27: Opening=71, Purchase=0, Sales=15, Closing=56
[2026-02-27 13:28:11] [DEBUG] Day 28: Opening=56, Purchase=0, Sales=0, Closing=56
[2026-02-27 13:28:11] [INFO] Completed recalculating stock for 2026-02 from day 27
[2026-02-27 13:28:11] [INFO] Starting cascading to current month for item SCMBR0018139 sold on 2026-02-27
[2026-02-27 13:28:11] [INFO] Daily stock updated successfully for item SCMBR0018139 on 2026-02-27 in table tbldailystock_1: Sales=15, Closing=56
[2026-02-27 13:28:11] [INFO] Starting daily stock update for item SCMBR0018139 sold on 2026-02-27 (Qty: 1)
[2026-02-27 13:28:11] [INFO] Recalculating stock from day 27 for item SCMBR0018139 in 2026-02 in table tbldailystock_1
[2026-02-27 13:28:12] [DEBUG] Day 27: Opening=71, Purchase=0, Sales=16, Closing=55
[2026-02-27 13:28:12] [DEBUG] Day 28: Opening=55, Purchase=0, Sales=0, Closing=55
[2026-02-27 13:28:12] [INFO] Completed recalculating stock for 2026-02 from day 27
[2026-02-27 13:28:12] [INFO] Starting cascading to current month for item SCMBR0018139 sold on 2026-02-27
[2026-02-27 13:28:12] [INFO] Daily stock updated successfully for item SCMBR0018139 on 2026-02-27 in table tbldailystock_1: Sales=16, Closing=55
[2026-02-27 13:28:12] [INFO] Starting daily stock update for item SCMBR0018139 sold on 2026-02-27 (Qty: 1)
[2026-02-27 13:28:12] [INFO] Recalculating stock from day 27 for item SCMBR0018139 in 2026-02 in table tbldailystock_1
[2026-02-27 13:28:12] [DEBUG] Day 27: Opening=71, Purchase=0, Sales=17, Closing=54
[2026-02-27 13:28:12] [DEBUG] Day 28: Opening=54, Purchase=0, Sales=0, Closing=54
[2026-02-27 13:28:12] [INFO] Completed recalculating stock for 2026-02 from day 27
[2026-02-27 13:28:12] [INFO] Starting cascading to current month for item SCMBR0018139 sold on 2026-02-27
[2026-02-27 13:28:12] [INFO] Daily stock updated successfully for item SCMBR0018139 on 2026-02-27 in table tbldailystock_1: Sales=17, Closing=54
[2026-02-27 13:28:12] [INFO] Starting daily stock update for item SCMBR0018139 sold on 2026-02-27 (Qty: 1)
[2026-02-27 13:28:12] [INFO] Recalculating stock from day 27 for item SCMBR0018139 in 2026-02 in table tbldailystock_1
[2026-02-27 13:28:12] [DEBUG] Day 27: Opening=71, Purchase=0, Sales=18, Closing=53
[2026-02-27 13:28:12] [DEBUG] Day 28: Opening=53, Purchase=0, Sales=0, Closing=53
[2026-02-27 13:28:12] [INFO] Completed recalculating stock for 2026-02 from day 27
[2026-02-27 13:28:12] [INFO] Starting cascading to current month for item SCMBR0018139 sold on 2026-02-27
[2026-02-27 13:28:12] [INFO] Daily stock updated successfully for item SCMBR0018139 on 2026-02-27 in table tbldailystock_1: Sales=18, Closing=53
[2026-02-27 13:28:12] [INFO] Starting daily stock update for item SCMBR0018139 sold on 2026-02-27 (Qty: 1)
[2026-02-27 13:28:12] [INFO] Recalculating stock from day 27 for item SCMBR0018139 in 2026-02 in table tbldailystock_1
[2026-02-27 13:28:12] [DEBUG] Day 27: Opening=71, Purchase=0, Sales=19, Closing=52
[2026-02-27 13:28:12] [DEBUG] Day 28: Opening=52, Purchase=0, Sales=0, Closing=52
[2026-02-27 13:28:12] [INFO] Completed recalculating stock for 2026-02 from day 27
[2026-02-27 13:28:12] [INFO] Starting cascading to current month for item SCMBR0018139 sold on 2026-02-27
[2026-02-27 13:28:12] [INFO] Daily stock updated successfully for item SCMBR0018139 on 2026-02-27 in table tbldailystock_1: Sales=19, Closing=52
[2026-02-27 13:28:12] [INFO] Starting daily stock update for item SCMBR0018139 sold on 2026-02-27 (Qty: 1)
[2026-02-27 13:28:12] [INFO] Recalculating stock from day 27 for item SCMBR0018139 in 2026-02 in table tbldailystock_1
[2026-02-27 13:28:12] [DEBUG] Day 27: Opening=71, Purchase=0, Sales=20, Closing=51
[2026-02-27 13:28:12] [DEBUG] Day 28: Opening=51, Purchase=0, Sales=0, Closing=51
[2026-02-27 13:28:12] [INFO] Completed recalculating stock for 2026-02 from day 27
[2026-02-27 13:28:12] [INFO] Starting cascading to current month for item SCMBR0018139 sold on 2026-02-27
[2026-02-27 13:28:12] [INFO] Daily stock updated successfully for item SCMBR0018139 on 2026-02-27 in table tbldailystock_1: Sales=20, Closing=51
[2026-02-27 13:28:12] [INFO] Starting daily stock update for item SCMBR0018139 sold on 2026-02-27 (Qty: 1)
[2026-02-27 13:28:12] [INFO] Recalculating stock from day 27 for item SCMBR0018139 in 2026-02 in table tbldailystock_1
[2026-02-27 13:28:12] [DEBUG] Day 27: Opening=71, Purchase=0, Sales=21, Closing=50
[2026-02-27 13:28:12] [DEBUG] Day 28: Opening=50, Purchase=0, Sales=0, Closing=50
[2026-02-27 13:28:12] [INFO] Completed recalculating stock for 2026-02 from day 27
[2026-02-27 13:28:12] [INFO] Starting cascading to current month for item SCMBR0018139 sold on 2026-02-27
[2026-02-27 13:28:12] [INFO] Daily stock updated successfully for item SCMBR0018139 on 2026-02-27 in table tbldailystock_1: Sales=21, Closing=50
[2026-02-27 13:28:12] [INFO] Starting daily stock update for item SCMBR0018139 sold on 2026-02-27 (Qty: 1)
[2026-02-27 13:28:12] [INFO] Recalculating stock from day 27 for item SCMBR0018139 in 2026-02 in table tbldailystock_1
[2026-02-27 13:28:12] [DEBUG] Day 27: Opening=71, Purchase=0, Sales=22, Closing=49
[2026-02-27 13:28:12] [DEBUG] Day 28: Opening=49, Purchase=0, Sales=0, Closing=49
[2026-02-27 13:28:12] [INFO] Completed recalculating stock for 2026-02 from day 27
[2026-02-27 13:28:12] [INFO] Starting cascading to current month for item SCMBR0018139 sold on 2026-02-27
[2026-02-27 13:28:12] [INFO] Daily stock updated successfully for item SCMBR0018139 on 2026-02-27 in table tbldailystock_1: Sales=22, Closing=49
[2026-02-27 13:28:12] [INFO] Starting daily stock update for item SCMBR0018139 sold on 2026-02-27 (Qty: 1)
[2026-02-27 13:28:12] [INFO] Recalculating stock from day 27 for item SCMBR0018139 in 2026-02 in table tbldailystock_1
[2026-02-27 13:28:12] [DEBUG] Day 27: Opening=71, Purchase=0, Sales=23, Closing=48
[2026-02-27 13:28:12] [DEBUG] Day 28: Opening=48, Purchase=0, Sales=0, Closing=48
[2026-02-27 13:28:12] [INFO] Completed recalculating stock for 2026-02 from day 27
[2026-02-27 13:28:12] [INFO] Starting cascading to current month for item SCMBR0018139 sold on 2026-02-27
[2026-02-27 13:28:12] [INFO] Daily stock updated successfully for item SCMBR0018139 on 2026-02-27 in table tbldailystock_1: Sales=23, Closing=48
[2026-02-27 13:28:12] [INFO] Starting daily stock update for item SCMBR0018139 sold on 2026-02-27 (Qty: 1)
[2026-02-27 13:28:12] [INFO] Recalculating stock from day 27 for item SCMBR0018139 in 2026-02 in table tbldailystock_1
[2026-02-27 13:28:12] [DEBUG] Day 27: Opening=71, Purchase=0, Sales=24, Closing=47
[2026-02-27 13:28:12] [DEBUG] Day 28: Opening=47, Purchase=0, Sales=0, Closing=47
[2026-02-27 13:28:12] [INFO] Completed recalculating stock for 2026-02 from day 27
[2026-02-27 13:28:12] [INFO] Starting cascading to current month for item SCMBR0018139 sold on 2026-02-27
[2026-02-27 13:28:12] [INFO] Daily stock updated successfully for item SCMBR0018139 on 2026-02-27 in table tbldailystock_1: Sales=24, Closing=47
[2026-02-27 13:28:12] [INFO] Starting daily stock update for item SCMBR0018139 sold on 2026-02-27 (Qty: 1)
[2026-02-27 13:28:12] [INFO] Recalculating stock from day 27 for item SCMBR0018139 in 2026-02 in table tbldailystock_1
[2026-02-27 13:28:12] [DEBUG] Day 27: Opening=71, Purchase=0, Sales=25, Closing=46
[2026-02-27 13:28:12] [DEBUG] Day 28: Opening=46, Purchase=0, Sales=0, Closing=46
[2026-02-27 13:28:12] [INFO] Completed recalculating stock for 2026-02 from day 27
[2026-02-27 13:28:12] [INFO] Starting cascading to current month for item SCMBR0018139 sold on 2026-02-27
[2026-02-27 13:28:12] [INFO] Daily stock updated successfully for item SCMBR0018139 on 2026-02-27 in table tbldailystock_1: Sales=25, Closing=46
[2026-02-27 13:28:12] [INFO] Starting daily stock update for item SCMBR0018139 sold on 2026-02-27 (Qty: 1)
[2026-02-27 13:28:12] [INFO] Recalculating stock from day 27 for item SCMBR0018139 in 2026-02 in table tbldailystock_1
[2026-02-27 13:28:12] [DEBUG] Day 27: Opening=71, Purchase=0, Sales=26, Closing=45
[2026-02-27 13:28:12] [DEBUG] Day 28: Opening=45, Purchase=0, Sales=0, Closing=45
[2026-02-27 13:28:12] [INFO] Completed recalculating stock for 2026-02 from day 27
[2026-02-27 13:28:12] [INFO] Starting cascading to current month for item SCMBR0018139 sold on 2026-02-27
[2026-02-27 13:28:12] [INFO] Daily stock updated successfully for item SCMBR0018139 on 2026-02-27 in table tbldailystock_1: Sales=26, Closing=45
[2026-02-27 13:28:12] [INFO] Starting daily stock update for item SCMBR0018139 sold on 2026-02-27 (Qty: 1)
[2026-02-27 13:28:12] [INFO] Recalculating stock from day 27 for item SCMBR0018139 in 2026-02 in table tbldailystock_1
[2026-02-27 13:28:12] [DEBUG] Day 27: Opening=71, Purchase=0, Sales=27, Closing=44
[2026-02-27 13:28:13] [DEBUG] Day 28: Opening=44, Purchase=0, Sales=0, Closing=44
[2026-02-27 13:28:13] [INFO] Completed recalculating stock for 2026-02 from day 27
[2026-02-27 13:28:13] [INFO] Starting cascading to current month for item SCMBR0018139 sold on 2026-02-27
[2026-02-27 13:28:13] [INFO] Daily stock updated successfully for item SCMBR0018139 on 2026-02-27 in table tbldailystock_1: Sales=27, Closing=44
[2026-02-27 13:28:13] [INFO] Starting daily stock update for item SCMBR0018139 sold on 2026-02-27 (Qty: 1)
[2026-02-27 13:28:13] [INFO] Recalculating stock from day 27 for item SCMBR0018139 in 2026-02 in table tbldailystock_1
[2026-02-27 13:28:13] [DEBUG] Day 27: Opening=71, Purchase=0, Sales=28, Closing=43
[2026-02-27 13:28:13] [DEBUG] Day 28: Opening=43, Purchase=0, Sales=0, Closing=43
[2026-02-27 13:28:13] [INFO] Completed recalculating stock for 2026-02 from day 27
[2026-02-27 13:28:13] [INFO] Starting cascading to current month for item SCMBR0018139 sold on 2026-02-27
[2026-02-27 13:28:13] [INFO] Daily stock updated successfully for item SCMBR0018139 on 2026-02-27 in table tbldailystock_1: Sales=28, Closing=43
[2026-02-27 13:28:13] [INFO] Starting daily stock update for item SCMBR0018139 sold on 2026-02-27 (Qty: 1)
[2026-02-27 13:28:13] [INFO] Recalculating stock from day 27 for item SCMBR0018139 in 2026-02 in table tbldailystock_1
[2026-02-27 13:28:13] [DEBUG] Day 27: Opening=71, Purchase=0, Sales=29, Closing=42
[2026-02-27 13:28:13] [DEBUG] Day 28: Opening=42, Purchase=0, Sales=0, Closing=42
[2026-02-27 13:28:13] [INFO] Completed recalculating stock for 2026-02 from day 27
[2026-02-27 13:28:13] [INFO] Starting cascading to current month for item SCMBR0018139 sold on 2026-02-27
[2026-02-27 13:28:13] [INFO] Daily stock updated successfully for item SCMBR0018139 on 2026-02-27 in table tbldailystock_1: Sales=29, Closing=42
[2026-02-27 13:28:13] [INFO] Starting daily stock update for item SCMBR0018139 sold on 2026-02-27 (Qty: 1)
[2026-02-27 13:28:13] [INFO] Recalculating stock from day 27 for item SCMBR0018139 in 2026-02 in table tbldailystock_1
[2026-02-27 13:28:13] [DEBUG] Day 27: Opening=71, Purchase=0, Sales=30, Closing=41
[2026-02-27 13:28:13] [DEBUG] Day 28: Opening=41, Purchase=0, Sales=0, Closing=41
[2026-02-27 13:28:13] [INFO] Completed recalculating stock for 2026-02 from day 27
[2026-02-27 13:28:13] [INFO] Starting cascading to current month for item SCMBR0018139 sold on 2026-02-27
[2026-02-27 13:28:13] [INFO] Daily stock updated successfully for item SCMBR0018139 on 2026-02-27 in table tbldailystock_1: Sales=30, Closing=41
[2026-02-27 13:28:13] [INFO] Starting daily stock update for item SCMBR0018139 sold on 2026-02-27 (Qty: 1)
[2026-02-27 13:28:13] [INFO] Recalculating stock from day 27 for item SCMBR0018139 in 2026-02 in table tbldailystock_1
[2026-02-27 13:28:13] [DEBUG] Day 27: Opening=71, Purchase=0, Sales=31, Closing=40
[2026-02-27 13:28:13] [DEBUG] Day 28: Opening=40, Purchase=0, Sales=0, Closing=40
[2026-02-27 13:28:13] [INFO] Completed recalculating stock for 2026-02 from day 27
[2026-02-27 13:28:13] [INFO] Starting cascading to current month for item SCMBR0018139 sold on 2026-02-27
[2026-02-27 13:28:13] [INFO] Daily stock updated successfully for item SCMBR0018139 on 2026-02-27 in table tbldailystock_1: Sales=31, Closing=40
[2026-02-27 13:28:13] [INFO] Starting daily stock update for item SCMBR0018139 sold on 2026-02-27 (Qty: 1)
[2026-02-27 13:28:13] [INFO] Recalculating stock from day 27 for item SCMBR0018139 in 2026-02 in table tbldailystock_1
[2026-02-27 13:28:13] [DEBUG] Day 27: Opening=71, Purchase=0, Sales=32, Closing=39
[2026-02-27 13:28:13] [DEBUG] Day 28: Opening=39, Purchase=0, Sales=0, Closing=39
[2026-02-27 13:28:13] [INFO] Completed recalculating stock for 2026-02 from day 27
[2026-02-27 13:28:13] [INFO] Starting cascading to current month for item SCMBR0018139 sold on 2026-02-27
[2026-02-27 13:28:13] [INFO] Daily stock updated successfully for item SCMBR0018139 on 2026-02-27 in table tbldailystock_1: Sales=32, Closing=39
[2026-02-27 13:28:13] [INFO] Starting daily stock update for item SCMBR0018139 sold on 2026-02-27 (Qty: 1)
[2026-02-27 13:28:13] [INFO] Recalculating stock from day 27 for item SCMBR0018139 in 2026-02 in table tbldailystock_1
[2026-02-27 13:28:13] [DEBUG] Day 27: Opening=71, Purchase=0, Sales=33, Closing=38
[2026-02-27 13:28:13] [DEBUG] Day 28: Opening=38, Purchase=0, Sales=0, Closing=38
[2026-02-27 13:28:13] [INFO] Completed recalculating stock for 2026-02 from day 27
[2026-02-27 13:28:13] [INFO] Starting cascading to current month for item SCMBR0018139 sold on 2026-02-27
[2026-02-27 13:28:13] [INFO] Daily stock updated successfully for item SCMBR0018139 on 2026-02-27 in table tbldailystock_1: Sales=33, Closing=38
[2026-02-27 13:28:13] [INFO] Starting daily stock update for item SCMBR0018139 sold on 2026-02-27 (Qty: 1)
[2026-02-27 13:28:13] [INFO] Recalculating stock from day 27 for item SCMBR0018139 in 2026-02 in table tbldailystock_1
[2026-02-27 13:28:13] [DEBUG] Day 27: Opening=71, Purchase=0, Sales=34, Closing=37
[2026-02-27 13:28:13] [DEBUG] Day 28: Opening=37, Purchase=0, Sales=0, Closing=37
[2026-02-27 13:28:13] [INFO] Completed recalculating stock for 2026-02 from day 27
[2026-02-27 13:28:13] [INFO] Starting cascading to current month for item SCMBR0018139 sold on 2026-02-27
[2026-02-27 13:28:13] [INFO] Daily stock updated successfully for item SCMBR0018139 on 2026-02-27 in table tbldailystock_1: Sales=34, Closing=37
[2026-02-27 13:28:13] [INFO] Starting daily stock update for item SCMBR0018139 sold on 2026-02-27 (Qty: 1)
[2026-02-27 13:28:13] [INFO] Recalculating stock from day 27 for item SCMBR0018139 in 2026-02 in table tbldailystock_1
[2026-02-27 13:28:13] [DEBUG] Day 27: Opening=71, Purchase=0, Sales=35, Closing=36
[2026-02-27 13:28:13] [DEBUG] Day 28: Opening=36, Purchase=0, Sales=0, Closing=36
[2026-02-27 13:28:13] [INFO] Completed recalculating stock for 2026-02 from day 27
[2026-02-27 13:28:13] [INFO] Starting cascading to current month for item SCMBR0018139 sold on 2026-02-27
[2026-02-27 13:28:13] [INFO] Daily stock updated successfully for item SCMBR0018139 on 2026-02-27 in table tbldailystock_1: Sales=35, Closing=36
[2026-02-27 13:28:13] [INFO] Starting daily stock update for item SCMBR0018139 sold on 2026-02-27 (Qty: 1)
[2026-02-27 13:28:13] [INFO] Recalculating stock from day 27 for item SCMBR0018139 in 2026-02 in table tbldailystock_1
[2026-02-27 13:28:14] [DEBUG] Day 27: Opening=71, Purchase=0, Sales=36, Closing=35
[2026-02-27 13:28:14] [DEBUG] Day 28: Opening=35, Purchase=0, Sales=0, Closing=35
[2026-02-27 13:28:14] [INFO] Completed recalculating stock for 2026-02 from day 27
[2026-02-27 13:28:14] [INFO] Starting cascading to current month for item SCMBR0018139 sold on 2026-02-27
[2026-02-27 13:28:14] [INFO] Daily stock updated successfully for item SCMBR0018139 on 2026-02-27 in table tbldailystock_1: Sales=36, Closing=35
[2026-02-27 13:28:14] [INFO] Starting daily stock update for item SCMBR0018139 sold on 2026-02-27 (Qty: 1)
[2026-02-27 13:28:14] [INFO] Recalculating stock from day 27 for item SCMBR0018139 in 2026-02 in table tbldailystock_1
[2026-02-27 13:28:14] [DEBUG] Day 27: Opening=71, Purchase=0, Sales=37, Closing=34
[2026-02-27 13:28:14] [DEBUG] Day 28: Opening=34, Purchase=0, Sales=0, Closing=34
[2026-02-27 13:28:14] [INFO] Completed recalculating stock for 2026-02 from day 27
[2026-02-27 13:28:14] [INFO] Starting cascading to current month for item SCMBR0018139 sold on 2026-02-27
[2026-02-27 13:28:14] [INFO] Daily stock updated successfully for item SCMBR0018139 on 2026-02-27 in table tbldailystock_1: Sales=37, Closing=34
[2026-02-27 13:28:14] [INFO] Starting daily stock update for item SCMBR0018139 sold on 2026-02-27 (Qty: 1)
[2026-02-27 13:28:14] [INFO] Recalculating stock from day 27 for item SCMBR0018139 in 2026-02 in table tbldailystock_1
[2026-02-27 13:28:14] [DEBUG] Day 27: Opening=71, Purchase=0, Sales=38, Closing=33
[2026-02-27 13:28:14] [DEBUG] Day 28: Opening=33, Purchase=0, Sales=0, Closing=33
[2026-02-27 13:28:14] [INFO] Completed recalculating stock for 2026-02 from day 27
[2026-02-27 13:28:14] [INFO] Starting cascading to current month for item SCMBR0018139 sold on 2026-02-27
[2026-02-27 13:28:14] [INFO] Daily stock updated successfully for item SCMBR0018139 on 2026-02-27 in table tbldailystock_1: Sales=38, Closing=33
[2026-02-27 13:28:14] [INFO] Starting daily stock update for item SCMBR0018139 sold on 2026-02-27 (Qty: 1)
[2026-02-27 13:28:14] [INFO] Recalculating stock from day 27 for item SCMBR0018139 in 2026-02 in table tbldailystock_1
[2026-02-27 13:28:14] [DEBUG] Day 27: Opening=71, Purchase=0, Sales=39, Closing=32
[2026-02-27 13:28:14] [DEBUG] Day 28: Opening=32, Purchase=0, Sales=0, Closing=32
[2026-02-27 13:28:14] [INFO] Completed recalculating stock for 2026-02 from day 27
[2026-02-27 13:28:14] [INFO] Starting cascading to current month for item SCMBR0018139 sold on 2026-02-27
[2026-02-27 13:28:14] [INFO] Daily stock updated successfully for item SCMBR0018139 on 2026-02-27 in table tbldailystock_1: Sales=39, Closing=32
[2026-02-27 13:28:14] [INFO] Starting daily stock update for item SCMBR0018139 sold on 2026-02-27 (Qty: 1)
[2026-02-27 13:28:14] [INFO] Recalculating stock from day 27 for item SCMBR0018139 in 2026-02 in table tbldailystock_1
[2026-02-27 13:28:14] [DEBUG] Day 27: Opening=71, Purchase=0, Sales=40, Closing=31
[2026-02-27 13:28:14] [DEBUG] Day 28: Opening=31, Purchase=0, Sales=0, Closing=31
[2026-02-27 13:28:14] [INFO] Completed recalculating stock for 2026-02 from day 27
[2026-02-27 13:28:14] [INFO] Starting cascading to current month for item SCMBR0018139 sold on 2026-02-27
[2026-02-27 13:28:14] [INFO] Daily stock updated successfully for item SCMBR0018139 on 2026-02-27 in table tbldailystock_1: Sales=40, Closing=31
[2026-02-27 13:28:14] [INFO] Starting daily stock update for item SCMBR0018139 sold on 2026-02-27 (Qty: 1)
[2026-02-27 13:28:14] [INFO] Recalculating stock from day 27 for item SCMBR0018139 in 2026-02 in table tbldailystock_1
[2026-02-27 13:28:14] [DEBUG] Day 27: Opening=71, Purchase=0, Sales=41, Closing=30
[2026-02-27 13:28:14] [DEBUG] Day 28: Opening=30, Purchase=0, Sales=0, Closing=30
[2026-02-27 13:28:14] [INFO] Completed recalculating stock for 2026-02 from day 27
[2026-02-27 13:28:14] [INFO] Starting cascading to current month for item SCMBR0018139 sold on 2026-02-27
[2026-02-27 13:28:14] [INFO] Daily stock updated successfully for item SCMBR0018139 on 2026-02-27 in table tbldailystock_1: Sales=41, Closing=30
[2026-02-27 13:28:14] [INFO] Starting daily stock update for item SCMBR0018139 sold on 2026-02-27 (Qty: 1)
[2026-02-27 13:28:14] [INFO] Recalculating stock from day 27 for item SCMBR0018139 in 2026-02 in table tbldailystock_1
[2026-02-27 13:28:14] [DEBUG] Day 27: Opening=71, Purchase=0, Sales=42, Closing=29
[2026-02-27 13:28:14] [DEBUG] Day 28: Opening=29, Purchase=0, Sales=0, Closing=29
[2026-02-27 13:28:14] [INFO] Completed recalculating stock for 2026-02 from day 27
[2026-02-27 13:28:14] [INFO] Starting cascading to current month for item SCMBR0018139 sold on 2026-02-27
[2026-02-27 13:28:14] [INFO] Daily stock updated successfully for item SCMBR0018139 on 2026-02-27 in table tbldailystock_1: Sales=42, Closing=29
[2026-02-27 13:28:14] [INFO] Starting daily stock update for item SCMBR0018139 sold on 2026-02-27 (Qty: 1)
[2026-02-27 13:28:14] [INFO] Recalculating stock from day 27 for item SCMBR0018139 in 2026-02 in table tbldailystock_1
[2026-02-27 13:28:14] [DEBUG] Day 27: Opening=71, Purchase=0, Sales=43, Closing=28
[2026-02-27 13:28:14] [DEBUG] Day 28: Opening=28, Purchase=0, Sales=0, Closing=28
[2026-02-27 13:28:14] [INFO] Completed recalculating stock for 2026-02 from day 27
[2026-02-27 13:28:14] [INFO] Starting cascading to current month for item SCMBR0018139 sold on 2026-02-27
[2026-02-27 13:28:14] [INFO] Daily stock updated successfully for item SCMBR0018139 on 2026-02-27 in table tbldailystock_1: Sales=43, Closing=28
[2026-02-27 13:28:14] [INFO] Starting daily stock update for item SCMBR0018139 sold on 2026-02-27 (Qty: 1)
[2026-02-27 13:28:14] [INFO] Recalculating stock from day 27 for item SCMBR0018139 in 2026-02 in table tbldailystock_1
[2026-02-27 13:28:14] [DEBUG] Day 27: Opening=71, Purchase=0, Sales=44, Closing=27
[2026-02-27 13:28:14] [DEBUG] Day 28: Opening=27, Purchase=0, Sales=0, Closing=27
[2026-02-27 13:28:14] [INFO] Completed recalculating stock for 2026-02 from day 27
[2026-02-27 13:28:14] [INFO] Starting cascading to current month for item SCMBR0018139 sold on 2026-02-27
[2026-02-27 13:28:14] [INFO] Daily stock updated successfully for item SCMBR0018139 on 2026-02-27 in table tbldailystock_1: Sales=44, Closing=27
[2026-02-27 13:28:14] [INFO] Starting daily stock update for item SCMBR0018139 sold on 2026-02-27 (Qty: 1)
[2026-02-27 13:28:14] [INFO] Recalculating stock from day 27 for item SCMBR0018139 in 2026-02 in table tbldailystock_1
[2026-02-27 13:28:14] [DEBUG] Day 27: Opening=71, Purchase=0, Sales=45, Closing=26
[2026-02-27 13:28:14] [DEBUG] Day 28: Opening=26, Purchase=0, Sales=0, Closing=26
[2026-02-27 13:28:14] [INFO] Completed recalculating stock for 2026-02 from day 27
[2026-02-27 13:28:14] [INFO] Starting cascading to current month for item SCMBR0018139 sold on 2026-02-27
[2026-02-27 13:28:14] [INFO] Daily stock updated successfully for item SCMBR0018139 on 2026-02-27 in table tbldailystock_1: Sales=45, Closing=26
[2026-02-27 13:28:14] [INFO] Starting daily stock update for item SCMBR0018139 sold on 2026-02-27 (Qty: 1)
[2026-02-27 13:28:14] [INFO] Recalculating stock from day 27 for item SCMBR0018139 in 2026-02 in table tbldailystock_1
[2026-02-27 13:28:14] [DEBUG] Day 27: Opening=71, Purchase=0, Sales=46, Closing=25
[2026-02-27 13:28:14] [DEBUG] Day 28: Opening=25, Purchase=0, Sales=0, Closing=25
[2026-02-27 13:28:14] [INFO] Completed recalculating stock for 2026-02 from day 27
[2026-02-27 13:28:14] [INFO] Starting cascading to current month for item SCMBR0018139 sold on 2026-02-27
[2026-02-27 13:28:14] [INFO] Daily stock updated successfully for item SCMBR0018139 on 2026-02-27 in table tbldailystock_1: Sales=46, Closing=25
[2026-02-27 13:28:14] [INFO] Starting daily stock update for item SCMBR0018139 sold on 2026-02-27 (Qty: 1)
[2026-02-27 13:28:14] [INFO] Recalculating stock from day 27 for item SCMBR0018139 in 2026-02 in table tbldailystock_1
[2026-02-27 13:28:14] [DEBUG] Day 27: Opening=71, Purchase=0, Sales=47, Closing=24
[2026-02-27 13:28:14] [DEBUG] Day 28: Opening=24, Purchase=0, Sales=0, Closing=24
[2026-02-27 13:28:14] [INFO] Completed recalculating stock for 2026-02 from day 27
[2026-02-27 13:28:14] [INFO] Starting cascading to current month for item SCMBR0018139 sold on 2026-02-27
[2026-02-27 13:28:14] [INFO] Daily stock updated successfully for item SCMBR0018139 on 2026-02-27 in table tbldailystock_1: Sales=47, Closing=24
[2026-02-27 13:28:14] [INFO] Starting daily stock update for item SCMBR0018139 sold on 2026-02-27 (Qty: 1)
[2026-02-27 13:28:14] [INFO] Recalculating stock from day 27 for item SCMBR0018139 in 2026-02 in table tbldailystock_1
[2026-02-27 13:28:14] [DEBUG] Day 27: Opening=71, Purchase=0, Sales=48, Closing=23
[2026-02-27 13:28:14] [DEBUG] Day 28: Opening=23, Purchase=0, Sales=0, Closing=23
[2026-02-27 13:28:14] [INFO] Completed recalculating stock for 2026-02 from day 27
[2026-02-27 13:28:14] [INFO] Starting cascading to current month for item SCMBR0018139 sold on 2026-02-27
[2026-02-27 13:28:14] [INFO] Daily stock updated successfully for item SCMBR0018139 on 2026-02-27 in table tbldailystock_1: Sales=48, Closing=23
[2026-02-27 13:28:14] [INFO] Starting daily stock update for item SCMBR0018139 sold on 2026-02-27 (Qty: 1)
[2026-02-27 13:28:14] [INFO] Recalculating stock from day 27 for item SCMBR0018139 in 2026-02 in table tbldailystock_1
[2026-02-27 13:28:14] [DEBUG] Day 27: Opening=71, Purchase=0, Sales=49, Closing=22
[2026-02-27 13:28:14] [DEBUG] Day 28: Opening=22, Purchase=0, Sales=0, Closing=22
[2026-02-27 13:28:14] [INFO] Completed recalculating stock for 2026-02 from day 27
[2026-02-27 13:28:14] [INFO] Starting cascading to current month for item SCMBR0018139 sold on 2026-02-27
[2026-02-27 13:28:14] [INFO] Daily stock updated successfully for item SCMBR0018139 on 2026-02-27 in table tbldailystock_1: Sales=49, Closing=22
[2026-02-27 13:28:14] [INFO] Starting daily stock update for item SCMBR0018139 sold on 2026-02-27 (Qty: 1)
[2026-02-27 13:28:14] [INFO] Recalculating stock from day 27 for item SCMBR0018139 in 2026-02 in table tbldailystock_1
[2026-02-27 13:28:14] [DEBUG] Day 27: Opening=71, Purchase=0, Sales=50, Closing=21
[2026-02-27 13:28:14] [DEBUG] Day 28: Opening=21, Purchase=0, Sales=0, Closing=21
[2026-02-27 13:28:14] [INFO] Completed recalculating stock for 2026-02 from day 27
[2026-02-27 13:28:14] [INFO] Starting cascading to current month for item SCMBR0018139 sold on 2026-02-27
[2026-02-27 13:28:14] [INFO] Daily stock updated successfully for item SCMBR0018139 on 2026-02-27 in table tbldailystock_1: Sales=50, Closing=21
[2026-02-27 13:28:14] [INFO] Starting daily stock update for item SCMBR0018139 sold on 2026-02-27 (Qty: 1)
[2026-02-27 13:28:14] [INFO] Recalculating stock from day 27 for item SCMBR0018139 in 2026-02 in table tbldailystock_1
[2026-02-27 13:28:15] [DEBUG] Day 27: Opening=71, Purchase=0, Sales=51, Closing=20
[2026-02-27 13:28:15] [DEBUG] Day 28: Opening=20, Purchase=0, Sales=0, Closing=20
[2026-02-27 13:28:15] [INFO] Completed recalculating stock for 2026-02 from day 27
[2026-02-27 13:28:15] [INFO] Starting cascading to current month for item SCMBR0018139 sold on 2026-02-27
[2026-02-27 13:28:15] [INFO] Daily stock updated successfully for item SCMBR0018139 on 2026-02-27 in table tbldailystock_1: Sales=51, Closing=20
[2026-02-27 13:28:15] [INFO] Starting daily stock update for item SCMBR0018139 sold on 2026-02-27 (Qty: 1)
[2026-02-27 13:28:15] [INFO] Recalculating stock from day 27 for item SCMBR0018139 in 2026-02 in table tbldailystock_1
[2026-02-27 13:28:15] [DEBUG] Day 27: Opening=71, Purchase=0, Sales=52, Closing=19
[2026-02-27 13:28:15] [DEBUG] Day 28: Opening=19, Purchase=0, Sales=0, Closing=19
[2026-02-27 13:28:15] [INFO] Completed recalculating stock for 2026-02 from day 27
[2026-02-27 13:28:15] [INFO] Starting cascading to current month for item SCMBR0018139 sold on 2026-02-27
[2026-02-27 13:28:15] [INFO] Daily stock updated successfully for item SCMBR0018139 on 2026-02-27 in table tbldailystock_1: Sales=52, Closing=19
[2026-02-27 13:28:15] [INFO] Starting daily stock update for item SCMBR0018139 sold on 2026-02-27 (Qty: 1)
[2026-02-27 13:28:15] [INFO] Recalculating stock from day 27 for item SCMBR0018139 in 2026-02 in table tbldailystock_1
[2026-02-27 13:28:15] [DEBUG] Day 27: Opening=71, Purchase=0, Sales=53, Closing=18
[2026-02-27 13:28:15] [DEBUG] Day 28: Opening=18, Purchase=0, Sales=0, Closing=18
[2026-02-27 13:28:15] [INFO] Completed recalculating stock for 2026-02 from day 27
[2026-02-27 13:28:15] [INFO] Starting cascading to current month for item SCMBR0018139 sold on 2026-02-27
[2026-02-27 13:28:15] [INFO] Daily stock updated successfully for item SCMBR0018139 on 2026-02-27 in table tbldailystock_1: Sales=53, Closing=18
[2026-02-27 13:28:15] [INFO] Starting daily stock update for item SCMBR0018139 sold on 2026-02-27 (Qty: 1)
[2026-02-27 13:28:15] [INFO] Recalculating stock from day 27 for item SCMBR0018139 in 2026-02 in table tbldailystock_1
[2026-02-27 13:28:15] [DEBUG] Day 27: Opening=71, Purchase=0, Sales=54, Closing=17
[2026-02-27 13:28:15] [DEBUG] Day 28: Opening=17, Purchase=0, Sales=0, Closing=17
[2026-02-27 13:28:15] [INFO] Completed recalculating stock for 2026-02 from day 27
[2026-02-27 13:28:15] [INFO] Starting cascading to current month for item SCMBR0018139 sold on 2026-02-27
[2026-02-27 13:28:15] [INFO] Daily stock updated successfully for item SCMBR0018139 on 2026-02-27 in table tbldailystock_1: Sales=54, Closing=17
[2026-02-27 13:28:15] [INFO] Starting daily stock update for item SCMBR0018139 sold on 2026-02-27 (Qty: 1)
[2026-02-27 13:28:15] [INFO] Recalculating stock from day 27 for item SCMBR0018139 in 2026-02 in table tbldailystock_1
[2026-02-27 13:28:15] [DEBUG] Day 27: Opening=71, Purchase=0, Sales=55, Closing=16
[2026-02-27 13:28:15] [DEBUG] Day 28: Opening=16, Purchase=0, Sales=0, Closing=16
[2026-02-27 13:28:15] [INFO] Completed recalculating stock for 2026-02 from day 27
[2026-02-27 13:28:15] [INFO] Starting cascading to current month for item SCMBR0018139 sold on 2026-02-27
[2026-02-27 13:28:15] [INFO] Daily stock updated successfully for item SCMBR0018139 on 2026-02-27 in table tbldailystock_1: Sales=55, Closing=16
[2026-02-27 13:28:15] [INFO] Starting daily stock update for item SCMBR0018139 sold on 2026-02-27 (Qty: 1)
[2026-02-27 13:28:15] [INFO] Recalculating stock from day 27 for item SCMBR0018139 in 2026-02 in table tbldailystock_1
[2026-02-27 13:28:15] [DEBUG] Day 27: Opening=71, Purchase=0, Sales=56, Closing=15
[2026-02-27 13:28:15] [DEBUG] Day 28: Opening=15, Purchase=0, Sales=0, Closing=15
[2026-02-27 13:28:15] [INFO] Completed recalculating stock for 2026-02 from day 27
[2026-02-27 13:28:15] [INFO] Starting cascading to current month for item SCMBR0018139 sold on 2026-02-27
[2026-02-27 13:28:15] [INFO] Daily stock updated successfully for item SCMBR0018139 on 2026-02-27 in table tbldailystock_1: Sales=56, Closing=15
[2026-02-27 13:28:15] [INFO] Starting daily stock update for item SCMBR0018139 sold on 2026-02-27 (Qty: 1)
[2026-02-27 13:28:15] [INFO] Recalculating stock from day 27 for item SCMBR0018139 in 2026-02 in table tbldailystock_1
[2026-02-27 13:28:15] [DEBUG] Day 27: Opening=71, Purchase=0, Sales=57, Closing=14
[2026-02-27 13:28:15] [DEBUG] Day 28: Opening=14, Purchase=0, Sales=0, Closing=14
[2026-02-27 13:28:15] [INFO] Completed recalculating stock for 2026-02 from day 27
[2026-02-27 13:28:15] [INFO] Starting cascading to current month for item SCMBR0018139 sold on 2026-02-27
[2026-02-27 13:28:15] [INFO] Daily stock updated successfully for item SCMBR0018139 on 2026-02-27 in table tbldailystock_1: Sales=57, Closing=14
[2026-02-27 13:28:15] [INFO] Starting daily stock update for item SCMBR0018139 sold on 2026-02-27 (Qty: 1)
[2026-02-27 13:28:15] [INFO] Recalculating stock from day 27 for item SCMBR0018139 in 2026-02 in table tbldailystock_1
[2026-02-27 13:28:15] [DEBUG] Day 27: Opening=71, Purchase=0, Sales=58, Closing=13
[2026-02-27 13:28:15] [DEBUG] Day 28: Opening=13, Purchase=0, Sales=0, Closing=13
[2026-02-27 13:28:15] [INFO] Completed recalculating stock for 2026-02 from day 27
[2026-02-27 13:28:15] [INFO] Starting cascading to current month for item SCMBR0018139 sold on 2026-02-27
[2026-02-27 13:28:15] [INFO] Daily stock updated successfully for item SCMBR0018139 on 2026-02-27 in table tbldailystock_1: Sales=58, Closing=13
[2026-02-27 13:28:15] [INFO] Starting daily stock update for item SCMBR0018139 sold on 2026-02-27 (Qty: 1)
[2026-02-27 13:28:15] [INFO] Recalculating stock from day 27 for item SCMBR0018139 in 2026-02 in table tbldailystock_1
[2026-02-27 13:28:15] [DEBUG] Day 27: Opening=71, Purchase=0, Sales=59, Closing=12
[2026-02-27 13:28:15] [DEBUG] Day 28: Opening=12, Purchase=0, Sales=0, Closing=12
[2026-02-27 13:28:15] [INFO] Completed recalculating stock for 2026-02 from day 27
[2026-02-27 13:28:15] [INFO] Starting cascading to current month for item SCMBR0018139 sold on 2026-02-27
[2026-02-27 13:28:15] [INFO] Daily stock updated successfully for item SCMBR0018139 on 2026-02-27 in table tbldailystock_1: Sales=59, Closing=12
[2026-02-27 13:28:15] [INFO] Starting daily stock update for item SCMBR0018139 sold on 2026-02-27 (Qty: 1)
[2026-02-27 13:28:15] [INFO] Recalculating stock from day 27 for item SCMBR0018139 in 2026-02 in table tbldailystock_1
[2026-02-27 13:28:15] [DEBUG] Day 27: Opening=71, Purchase=0, Sales=60, Closing=11
[2026-02-27 13:28:15] [DEBUG] Day 28: Opening=11, Purchase=0, Sales=0, Closing=11
[2026-02-27 13:28:15] [INFO] Completed recalculating stock for 2026-02 from day 27
[2026-02-27 13:28:15] [INFO] Starting cascading to current month for item SCMBR0018139 sold on 2026-02-27
[2026-02-27 13:28:15] [INFO] Daily stock updated successfully for item SCMBR0018139 on 2026-02-27 in table tbldailystock_1: Sales=60, Closing=11
[2026-02-27 13:28:15] [INFO] Starting daily stock update for item SCMBR0018139 sold on 2026-02-27 (Qty: 1)
[2026-02-27 13:28:15] [INFO] Recalculating stock from day 27 for item SCMBR0018139 in 2026-02 in table tbldailystock_1
[2026-02-27 13:28:15] [DEBUG] Day 27: Opening=71, Purchase=0, Sales=61, Closing=10
[2026-02-27 13:28:15] [DEBUG] Day 28: Opening=10, Purchase=0, Sales=0, Closing=10
[2026-02-27 13:28:15] [INFO] Completed recalculating stock for 2026-02 from day 27
[2026-02-27 13:28:15] [INFO] Starting cascading to current month for item SCMBR0018139 sold on 2026-02-27
[2026-02-27 13:28:15] [INFO] Daily stock updated successfully for item SCMBR0018139 on 2026-02-27 in table tbldailystock_1: Sales=61, Closing=10
[2026-02-27 13:28:15] [INFO] Starting daily stock update for item SCMBR0018139 sold on 2026-02-27 (Qty: 1)
[2026-02-27 13:28:15] [INFO] Recalculating stock from day 27 for item SCMBR0018139 in 2026-02 in table tbldailystock_1
[2026-02-27 13:28:16] [DEBUG] Day 27: Opening=71, Purchase=0, Sales=62, Closing=9
[2026-02-27 13:28:16] [DEBUG] Day 28: Opening=9, Purchase=0, Sales=0, Closing=9
[2026-02-27 13:28:16] [INFO] Completed recalculating stock for 2026-02 from day 27
[2026-02-27 13:28:16] [INFO] Starting cascading to current month for item SCMBR0018139 sold on 2026-02-27
[2026-02-27 13:28:16] [INFO] Daily stock updated successfully for item SCMBR0018139 on 2026-02-27 in table tbldailystock_1: Sales=62, Closing=9
[2026-02-27 13:28:16] [INFO] Starting daily stock update for item SCMBR0018139 sold on 2026-02-27 (Qty: 1)
[2026-02-27 13:28:16] [INFO] Recalculating stock from day 27 for item SCMBR0018139 in 2026-02 in table tbldailystock_1
[2026-02-27 13:28:16] [DEBUG] Day 27: Opening=71, Purchase=0, Sales=63, Closing=8
[2026-02-27 13:28:16] [DEBUG] Day 28: Opening=8, Purchase=0, Sales=0, Closing=8
[2026-02-27 13:28:16] [INFO] Completed recalculating stock for 2026-02 from day 27
[2026-02-27 13:28:16] [INFO] Starting cascading to current month for item SCMBR0018139 sold on 2026-02-27
[2026-02-27 13:28:16] [INFO] Daily stock updated successfully for item SCMBR0018139 on 2026-02-27 in table tbldailystock_1: Sales=63, Closing=8
[2026-02-27 13:28:16] [INFO] Starting daily stock update for item SCMBR0018139 sold on 2026-02-27 (Qty: 1)
[2026-02-27 13:28:16] [INFO] Recalculating stock from day 27 for item SCMBR0018139 in 2026-02 in table tbldailystock_1
[2026-02-27 13:28:16] [DEBUG] Day 27: Opening=71, Purchase=0, Sales=64, Closing=7
[2026-02-27 13:28:16] [DEBUG] Day 28: Opening=7, Purchase=0, Sales=0, Closing=7
[2026-02-27 13:28:16] [INFO] Completed recalculating stock for 2026-02 from day 27
[2026-02-27 13:28:16] [INFO] Starting cascading to current month for item SCMBR0018139 sold on 2026-02-27
[2026-02-27 13:28:16] [INFO] Daily stock updated successfully for item SCMBR0018139 on 2026-02-27 in table tbldailystock_1: Sales=64, Closing=7
[2026-02-27 13:28:16] [INFO] Starting daily stock update for item SCMBR0018139 sold on 2026-02-27 (Qty: 1)
[2026-02-27 13:28:16] [INFO] Recalculating stock from day 27 for item SCMBR0018139 in 2026-02 in table tbldailystock_1
[2026-02-27 13:28:16] [DEBUG] Day 27: Opening=71, Purchase=0, Sales=65, Closing=6
[2026-02-27 13:28:16] [DEBUG] Day 28: Opening=6, Purchase=0, Sales=0, Closing=6
[2026-02-27 13:28:16] [INFO] Completed recalculating stock for 2026-02 from day 27
[2026-02-27 13:28:16] [INFO] Starting cascading to current month for item SCMBR0018139 sold on 2026-02-27
[2026-02-27 13:28:16] [INFO] Daily stock updated successfully for item SCMBR0018139 on 2026-02-27 in table tbldailystock_1: Sales=65, Closing=6
[2026-02-27 13:28:16] [INFO] Starting daily stock update for item SCMBR0018139 sold on 2026-02-27 (Qty: 1)
[2026-02-27 13:28:16] [INFO] Recalculating stock from day 27 for item SCMBR0018139 in 2026-02 in table tbldailystock_1
[2026-02-27 13:28:16] [DEBUG] Day 27: Opening=71, Purchase=0, Sales=66, Closing=5
[2026-02-27 13:28:16] [DEBUG] Day 28: Opening=5, Purchase=0, Sales=0, Closing=5
[2026-02-27 13:28:16] [INFO] Completed recalculating stock for 2026-02 from day 27
[2026-02-27 13:28:16] [INFO] Starting cascading to current month for item SCMBR0018139 sold on 2026-02-27
[2026-02-27 13:28:16] [INFO] Daily stock updated successfully for item SCMBR0018139 on 2026-02-27 in table tbldailystock_1: Sales=66, Closing=5
[2026-02-27 13:28:16] [INFO] Starting daily stock update for item SCMBR0018139 sold on 2026-02-27 (Qty: 1)
[2026-02-27 13:28:16] [INFO] Recalculating stock from day 27 for item SCMBR0018139 in 2026-02 in table tbldailystock_1
[2026-02-27 13:28:16] [DEBUG] Day 27: Opening=71, Purchase=0, Sales=67, Closing=4
[2026-02-27 13:28:16] [DEBUG] Day 28: Opening=4, Purchase=0, Sales=0, Closing=4
[2026-02-27 13:28:16] [INFO] Completed recalculating stock for 2026-02 from day 27
[2026-02-27 13:28:16] [INFO] Starting cascading to current month for item SCMBR0018139 sold on 2026-02-27
[2026-02-27 13:28:16] [INFO] Daily stock updated successfully for item SCMBR0018139 on 2026-02-27 in table tbldailystock_1: Sales=67, Closing=4
[2026-02-27 13:28:16] [INFO] Starting daily stock update for item SCMBR0018139 sold on 2026-02-27 (Qty: 1)
[2026-02-27 13:28:16] [INFO] Recalculating stock from day 27 for item SCMBR0018139 in 2026-02 in table tbldailystock_1
[2026-02-27 13:28:16] [DEBUG] Day 27: Opening=71, Purchase=0, Sales=68, Closing=3
[2026-02-27 13:28:16] [DEBUG] Day 28: Opening=3, Purchase=0, Sales=0, Closing=3
[2026-02-27 13:28:16] [INFO] Completed recalculating stock for 2026-02 from day 27
[2026-02-27 13:28:16] [INFO] Starting cascading to current month for item SCMBR0018139 sold on 2026-02-27
[2026-02-27 13:28:16] [INFO] Daily stock updated successfully for item SCMBR0018139 on 2026-02-27 in table tbldailystock_1: Sales=68, Closing=3
[2026-02-27 13:28:16] [INFO] Starting daily stock update for item SCMBR0018139 sold on 2026-02-27 (Qty: 1)
[2026-02-27 13:28:16] [INFO] Recalculating stock from day 27 for item SCMBR0018139 in 2026-02 in table tbldailystock_1
[2026-02-27 13:28:16] [DEBUG] Day 27: Opening=71, Purchase=0, Sales=69, Closing=2
[2026-02-27 13:28:16] [DEBUG] Day 28: Opening=2, Purchase=0, Sales=0, Closing=2
[2026-02-27 13:28:16] [INFO] Completed recalculating stock for 2026-02 from day 27
[2026-02-27 13:28:16] [INFO] Starting cascading to current month for item SCMBR0018139 sold on 2026-02-27
[2026-02-27 13:28:16] [INFO] Daily stock updated successfully for item SCMBR0018139 on 2026-02-27 in table tbldailystock_1: Sales=69, Closing=2
[2026-02-27 13:28:16] [INFO] Starting daily stock update for item SCMBR0018139 sold on 2026-02-27 (Qty: 1)
[2026-02-27 13:28:16] [INFO] Recalculating stock from day 27 for item SCMBR0018139 in 2026-02 in table tbldailystock_1
[2026-02-27 13:28:16] [DEBUG] Day 27: Opening=71, Purchase=0, Sales=70, Closing=1
[2026-02-27 13:28:16] [DEBUG] Day 28: Opening=1, Purchase=0, Sales=0, Closing=1
[2026-02-27 13:28:16] [INFO] Completed recalculating stock for 2026-02 from day 27
[2026-02-27 13:28:16] [INFO] Starting cascading to current month for item SCMBR0018139 sold on 2026-02-27
[2026-02-27 13:28:16] [INFO] Daily stock updated successfully for item SCMBR0018139 on 2026-02-27 in table tbldailystock_1: Sales=70, Closing=1
[2026-02-27 13:28:16] [INFO] Starting daily stock update for item SCMBR0018139 sold on 2026-02-27 (Qty: 1)
[2026-02-27 13:28:16] [INFO] Recalculating stock from day 27 for item SCMBR0018139 in 2026-02 in table tbldailystock_1
[2026-02-27 13:28:16] [DEBUG] Day 27: Opening=71, Purchase=0, Sales=71, Closing=0
[2026-02-27 13:28:16] [DEBUG] Day 28: Opening=0, Purchase=0, Sales=0, Closing=0
[2026-02-27 13:28:16] [INFO] Completed recalculating stock for 2026-02 from day 27
[2026-02-27 13:28:16] [INFO] Starting cascading to current month for item SCMBR0018139 sold on 2026-02-27
[2026-02-27 13:28:16] [INFO] Daily stock updated successfully for item SCMBR0018139 on 2026-02-27 in table tbldailystock_1: Sales=71, Closing=0
[2026-02-27 13:28:16] [INFO] Starting daily stock update for item SCMBR0018145 sold on 2026-02-27 (Qty: 1)
[2026-02-27 13:28:16] [INFO] Recalculating stock from day 27 for item SCMBR0018145 in 2026-02 in table tbldailystock_1
[2026-02-27 13:28:16] [DEBUG] Day 27: Opening=12, Purchase=0, Sales=1, Closing=11
[2026-02-27 13:28:16] [DEBUG] Day 28: Opening=11, Purchase=0, Sales=0, Closing=11
[2026-02-27 13:28:16] [INFO] Completed recalculating stock for 2026-02 from day 27
[2026-02-27 13:28:16] [INFO] Starting cascading to current month for item SCMBR0018145 sold on 2026-02-27
[2026-02-27 13:28:16] [INFO] Daily stock updated successfully for item SCMBR0018145 on 2026-02-27 in table tbldailystock_1: Sales=1, Closing=11
[2026-02-27 13:28:16] [INFO] Starting daily stock update for item SCMBR0018145 sold on 2026-02-27 (Qty: 1)
[2026-02-27 13:28:16] [INFO] Recalculating stock from day 27 for item SCMBR0018145 in 2026-02 in table tbldailystock_1
[2026-02-27 13:28:16] [DEBUG] Day 27: Opening=12, Purchase=0, Sales=2, Closing=10
[2026-02-27 13:28:16] [DEBUG] Day 28: Opening=10, Purchase=0, Sales=0, Closing=10
[2026-02-27 13:28:16] [INFO] Completed recalculating stock for 2026-02 from day 27
[2026-02-27 13:28:16] [INFO] Starting cascading to current month for item SCMBR0018145 sold on 2026-02-27
[2026-02-27 13:28:16] [INFO] Daily stock updated successfully for item SCMBR0018145 on 2026-02-27 in table tbldailystock_1: Sales=2, Closing=10
[2026-02-27 13:28:16] [INFO] Starting daily stock update for item SCMBR0018145 sold on 2026-02-27 (Qty: 1)
[2026-02-27 13:28:16] [INFO] Recalculating stock from day 27 for item SCMBR0018145 in 2026-02 in table tbldailystock_1
[2026-02-27 13:28:16] [DEBUG] Day 27: Opening=12, Purchase=0, Sales=3, Closing=9
[2026-02-27 13:28:17] [DEBUG] Day 28: Opening=9, Purchase=0, Sales=0, Closing=9
[2026-02-27 13:28:17] [INFO] Completed recalculating stock for 2026-02 from day 27
[2026-02-27 13:28:17] [INFO] Starting cascading to current month for item SCMBR0018145 sold on 2026-02-27
[2026-02-27 13:28:17] [INFO] Daily stock updated successfully for item SCMBR0018145 on 2026-02-27 in table tbldailystock_1: Sales=3, Closing=9
[2026-02-27 13:28:17] [INFO] Starting daily stock update for item SCMBR0018145 sold on 2026-02-27 (Qty: 1)
[2026-02-27 13:28:17] [INFO] Recalculating stock from day 27 for item SCMBR0018145 in 2026-02 in table tbldailystock_1
[2026-02-27 13:28:17] [DEBUG] Day 27: Opening=12, Purchase=0, Sales=4, Closing=8
[2026-02-27 13:28:17] [DEBUG] Day 28: Opening=8, Purchase=0, Sales=0, Closing=8
[2026-02-27 13:28:17] [INFO] Completed recalculating stock for 2026-02 from day 27
[2026-02-27 13:28:17] [INFO] Starting cascading to current month for item SCMBR0018145 sold on 2026-02-27
[2026-02-27 13:28:17] [INFO] Daily stock updated successfully for item SCMBR0018145 on 2026-02-27 in table tbldailystock_1: Sales=4, Closing=8
[2026-02-27 13:28:17] [INFO] Starting daily stock update for item SCMBR0018145 sold on 2026-02-27 (Qty: 1)
[2026-02-27 13:28:17] [INFO] Recalculating stock from day 27 for item SCMBR0018145 in 2026-02 in table tbldailystock_1
[2026-02-27 13:28:17] [DEBUG] Day 27: Opening=12, Purchase=0, Sales=5, Closing=7
[2026-02-27 13:28:17] [DEBUG] Day 28: Opening=7, Purchase=0, Sales=0, Closing=7
[2026-02-27 13:28:17] [INFO] Completed recalculating stock for 2026-02 from day 27
[2026-02-27 13:28:17] [INFO] Starting cascading to current month for item SCMBR0018145 sold on 2026-02-27
[2026-02-27 13:28:17] [INFO] Daily stock updated successfully for item SCMBR0018145 on 2026-02-27 in table tbldailystock_1: Sales=5, Closing=7
[2026-02-27 13:28:17] [INFO] Starting daily stock update for item SCMBR0018145 sold on 2026-02-27 (Qty: 1)
[2026-02-27 13:28:17] [INFO] Recalculating stock from day 27 for item SCMBR0018145 in 2026-02 in table tbldailystock_1
[2026-02-27 13:28:17] [DEBUG] Day 27: Opening=12, Purchase=0, Sales=6, Closing=6
[2026-02-27 13:28:17] [DEBUG] Day 28: Opening=6, Purchase=0, Sales=0, Closing=6
[2026-02-27 13:28:17] [INFO] Completed recalculating stock for 2026-02 from day 27
[2026-02-27 13:28:17] [INFO] Starting cascading to current month for item SCMBR0018145 sold on 2026-02-27
[2026-02-27 13:28:17] [INFO] Daily stock updated successfully for item SCMBR0018145 on 2026-02-27 in table tbldailystock_1: Sales=6, Closing=6
[2026-02-27 13:28:17] [INFO] Starting daily stock update for item SCMBR0018145 sold on 2026-02-27 (Qty: 1)
[2026-02-27 13:28:17] [INFO] Recalculating stock from day 27 for item SCMBR0018145 in 2026-02 in table tbldailystock_1
[2026-02-27 13:28:17] [DEBUG] Day 27: Opening=12, Purchase=0, Sales=7, Closing=5
[2026-02-27 13:28:17] [DEBUG] Day 28: Opening=5, Purchase=0, Sales=0, Closing=5
[2026-02-27 13:28:17] [INFO] Completed recalculating stock for 2026-02 from day 27
[2026-02-27 13:28:17] [INFO] Starting cascading to current month for item SCMBR0018145 sold on 2026-02-27
[2026-02-27 13:28:17] [INFO] Daily stock updated successfully for item SCMBR0018145 on 2026-02-27 in table tbldailystock_1: Sales=7, Closing=5
[2026-02-27 13:28:17] [INFO] Starting daily stock update for item SCMBR0018145 sold on 2026-02-27 (Qty: 1)
[2026-02-27 13:28:17] [INFO] Recalculating stock from day 27 for item SCMBR0018145 in 2026-02 in table tbldailystock_1
[2026-02-27 13:28:17] [DEBUG] Day 27: Opening=12, Purchase=0, Sales=8, Closing=4
[2026-02-27 13:28:17] [DEBUG] Day 28: Opening=4, Purchase=0, Sales=0, Closing=4
[2026-02-27 13:28:17] [INFO] Completed recalculating stock for 2026-02 from day 27
[2026-02-27 13:28:17] [INFO] Starting cascading to current month for item SCMBR0018145 sold on 2026-02-27
[2026-02-27 13:28:17] [INFO] Daily stock updated successfully for item SCMBR0018145 on 2026-02-27 in table tbldailystock_1: Sales=8, Closing=4
[2026-02-27 13:28:17] [INFO] Starting daily stock update for item SCMBR0018145 sold on 2026-02-27 (Qty: 1)
[2026-02-27 13:28:17] [INFO] Recalculating stock from day 27 for item SCMBR0018145 in 2026-02 in table tbldailystock_1
[2026-02-27 13:28:17] [DEBUG] Day 27: Opening=12, Purchase=0, Sales=9, Closing=3
[2026-02-27 13:28:17] [DEBUG] Day 28: Opening=3, Purchase=0, Sales=0, Closing=3
[2026-02-27 13:28:17] [INFO] Completed recalculating stock for 2026-02 from day 27
[2026-02-27 13:28:17] [INFO] Starting cascading to current month for item SCMBR0018145 sold on 2026-02-27
[2026-02-27 13:28:17] [INFO] Daily stock updated successfully for item SCMBR0018145 on 2026-02-27 in table tbldailystock_1: Sales=9, Closing=3
[2026-02-27 13:28:17] [INFO] Starting daily stock update for item SCMBR0018145 sold on 2026-02-27 (Qty: 1)
[2026-02-27 13:28:17] [INFO] Recalculating stock from day 27 for item SCMBR0018145 in 2026-02 in table tbldailystock_1
[2026-02-27 13:28:17] [DEBUG] Day 27: Opening=12, Purchase=0, Sales=10, Closing=2
[2026-02-27 13:28:17] [DEBUG] Day 28: Opening=2, Purchase=0, Sales=0, Closing=2
[2026-02-27 13:28:17] [INFO] Completed recalculating stock for 2026-02 from day 27
[2026-02-27 13:28:17] [INFO] Starting cascading to current month for item SCMBR0018145 sold on 2026-02-27
[2026-02-27 13:28:17] [INFO] Daily stock updated successfully for item SCMBR0018145 on 2026-02-27 in table tbldailystock_1: Sales=10, Closing=2
[2026-02-27 13:28:17] [INFO] Starting daily stock update for item SCMBR0018145 sold on 2026-02-27 (Qty: 1)
[2026-02-27 13:28:17] [INFO] Recalculating stock from day 27 for item SCMBR0018145 in 2026-02 in table tbldailystock_1
[2026-02-27 13:28:17] [DEBUG] Day 27: Opening=12, Purchase=0, Sales=11, Closing=1
[2026-02-27 13:28:17] [DEBUG] Day 28: Opening=1, Purchase=0, Sales=0, Closing=1
[2026-02-27 13:28:17] [INFO] Completed recalculating stock for 2026-02 from day 27
[2026-02-27 13:28:17] [INFO] Starting cascading to current month for item SCMBR0018145 sold on 2026-02-27
[2026-02-27 13:28:17] [INFO] Daily stock updated successfully for item SCMBR0018145 on 2026-02-27 in table tbldailystock_1: Sales=11, Closing=1
[2026-02-27 13:28:17] [INFO] Starting daily stock update for item SCMBR0018145 sold on 2026-02-27 (Qty: 1)
[2026-02-27 13:28:17] [INFO] Recalculating stock from day 27 for item SCMBR0018145 in 2026-02 in table tbldailystock_1
[2026-02-27 13:28:17] [DEBUG] Day 27: Opening=12, Purchase=0, Sales=12, Closing=0
[2026-02-27 13:28:17] [DEBUG] Day 28: Opening=0, Purchase=0, Sales=0, Closing=0
[2026-02-27 13:28:17] [INFO] Completed recalculating stock for 2026-02 from day 27
[2026-02-27 13:28:17] [INFO] Starting cascading to current month for item SCMBR0018145 sold on 2026-02-27
[2026-02-27 13:28:17] [INFO] Daily stock updated successfully for item SCMBR0018145 on 2026-02-27 in table tbldailystock_1: Sales=12, Closing=0
[2026-02-27 13:28:17] [INFO] Starting daily stock update for item SCMBR0018149 sold on 2026-02-27 (Qty: 1)
[2026-02-27 13:28:17] [INFO] Recalculating stock from day 27 for item SCMBR0018149 in 2026-02 in table tbldailystock_1
[2026-02-27 13:28:17] [DEBUG] Day 27: Opening=7, Purchase=0, Sales=1, Closing=6
[2026-02-27 13:28:17] [DEBUG] Day 28: Opening=6, Purchase=0, Sales=0, Closing=6
[2026-02-27 13:28:17] [INFO] Completed recalculating stock for 2026-02 from day 27
[2026-02-27 13:28:17] [INFO] Starting cascading to current month for item SCMBR0018149 sold on 2026-02-27
[2026-02-27 13:28:17] [INFO] Daily stock updated successfully for item SCMBR0018149 on 2026-02-27 in table tbldailystock_1: Sales=1, Closing=6
[2026-02-27 13:28:17] [INFO] Starting daily stock update for item SCMBR0018149 sold on 2026-02-27 (Qty: 1)
[2026-02-27 13:28:17] [INFO] Recalculating stock from day 27 for item SCMBR0018149 in 2026-02 in table tbldailystock_1
[2026-02-27 13:28:17] [DEBUG] Day 27: Opening=7, Purchase=0, Sales=2, Closing=5
[2026-02-27 13:28:17] [DEBUG] Day 28: Opening=5, Purchase=0, Sales=0, Closing=5
[2026-02-27 13:28:17] [INFO] Completed recalculating stock for 2026-02 from day 27
[2026-02-27 13:28:17] [INFO] Starting cascading to current month for item SCMBR0018149 sold on 2026-02-27
[2026-02-27 13:28:17] [INFO] Daily stock updated successfully for item SCMBR0018149 on 2026-02-27 in table tbldailystock_1: Sales=2, Closing=5
[2026-02-27 13:28:17] [INFO] Starting daily stock update for item SCMBR0018149 sold on 2026-02-27 (Qty: 1)
[2026-02-27 13:28:17] [INFO] Recalculating stock from day 27 for item SCMBR0018149 in 2026-02 in table tbldailystock_1
[2026-02-27 13:28:17] [DEBUG] Day 27: Opening=7, Purchase=0, Sales=3, Closing=4
[2026-02-27 13:28:17] [DEBUG] Day 28: Opening=4, Purchase=0, Sales=0, Closing=4
[2026-02-27 13:28:17] [INFO] Completed recalculating stock for 2026-02 from day 27
[2026-02-27 13:28:17] [INFO] Starting cascading to current month for item SCMBR0018149 sold on 2026-02-27
[2026-02-27 13:28:17] [INFO] Daily stock updated successfully for item SCMBR0018149 on 2026-02-27 in table tbldailystock_1: Sales=3, Closing=4
[2026-02-27 13:28:17] [INFO] Starting daily stock update for item SCMBR0018149 sold on 2026-02-27 (Qty: 1)
[2026-02-27 13:28:17] [INFO] Recalculating stock from day 27 for item SCMBR0018149 in 2026-02 in table tbldailystock_1
[2026-02-27 13:28:17] [DEBUG] Day 27: Opening=7, Purchase=0, Sales=4, Closing=3
[2026-02-27 13:28:17] [DEBUG] Day 28: Opening=3, Purchase=0, Sales=0, Closing=3
[2026-02-27 13:28:17] [INFO] Completed recalculating stock for 2026-02 from day 27
[2026-02-27 13:28:17] [INFO] Starting cascading to current month for item SCMBR0018149 sold on 2026-02-27
[2026-02-27 13:28:17] [INFO] Daily stock updated successfully for item SCMBR0018149 on 2026-02-27 in table tbldailystock_1: Sales=4, Closing=3
[2026-02-27 13:28:17] [INFO] Starting daily stock update for item SCMBR0018149 sold on 2026-02-27 (Qty: 1)
[2026-02-27 13:28:17] [INFO] Recalculating stock from day 27 for item SCMBR0018149 in 2026-02 in table tbldailystock_1
[2026-02-27 13:28:17] [DEBUG] Day 27: Opening=7, Purchase=0, Sales=5, Closing=2
[2026-02-27 13:28:17] [DEBUG] Day 28: Opening=2, Purchase=0, Sales=0, Closing=2
[2026-02-27 13:28:17] [INFO] Completed recalculating stock for 2026-02 from day 27
[2026-02-27 13:28:17] [INFO] Starting cascading to current month for item SCMBR0018149 sold on 2026-02-27
[2026-02-27 13:28:17] [INFO] Daily stock updated successfully for item SCMBR0018149 on 2026-02-27 in table tbldailystock_1: Sales=5, Closing=2
[2026-02-27 13:28:17] [INFO] Starting daily stock update for item SCMBR0018149 sold on 2026-02-27 (Qty: 1)
[2026-02-27 13:28:17] [INFO] Recalculating stock from day 27 for item SCMBR0018149 in 2026-02 in table tbldailystock_1
[2026-02-27 13:28:17] [DEBUG] Day 27: Opening=7, Purchase=0, Sales=6, Closing=1
[2026-02-27 13:28:18] [DEBUG] Day 28: Opening=1, Purchase=0, Sales=0, Closing=1
[2026-02-27 13:28:18] [INFO] Completed recalculating stock for 2026-02 from day 27
[2026-02-27 13:28:18] [INFO] Starting cascading to current month for item SCMBR0018149 sold on 2026-02-27
[2026-02-27 13:28:18] [INFO] Daily stock updated successfully for item SCMBR0018149 on 2026-02-27 in table tbldailystock_1: Sales=6, Closing=1
[2026-02-27 13:28:18] [INFO] Starting daily stock update for item SCMBR0018149 sold on 2026-02-27 (Qty: 1)
[2026-02-27 13:28:18] [INFO] Recalculating stock from day 27 for item SCMBR0018149 in 2026-02 in table tbldailystock_1
[2026-02-27 13:28:18] [DEBUG] Day 27: Opening=7, Purchase=0, Sales=7, Closing=0
[2026-02-27 13:28:18] [DEBUG] Day 28: Opening=0, Purchase=0, Sales=0, Closing=0
[2026-02-27 13:28:18] [INFO] Completed recalculating stock for 2026-02 from day 27
[2026-02-27 13:28:18] [INFO] Starting cascading to current month for item SCMBR0018149 sold on 2026-02-27
[2026-02-27 13:28:18] [INFO] Daily stock updated successfully for item SCMBR0018149 on 2026-02-27 in table tbldailystock_1: Sales=7, Closing=0
[2026-02-27 13:28:18] [INFO] Starting daily stock update for item SCMBR0018157 sold on 2026-02-27 (Qty: 1)
[2026-02-27 13:28:18] [INFO] Recalculating stock from day 27 for item SCMBR0018157 in 2026-02 in table tbldailystock_1
[2026-02-27 13:28:18] [DEBUG] Day 27: Opening=3, Purchase=0, Sales=1, Closing=2
[2026-02-27 13:28:18] [DEBUG] Day 28: Opening=2, Purchase=0, Sales=0, Closing=2
[2026-02-27 13:28:18] [INFO] Completed recalculating stock for 2026-02 from day 27
[2026-02-27 13:28:18] [INFO] Starting cascading to current month for item SCMBR0018157 sold on 2026-02-27
[2026-02-27 13:28:18] [INFO] Daily stock updated successfully for item SCMBR0018157 on 2026-02-27 in table tbldailystock_1: Sales=1, Closing=2
[2026-02-27 13:28:18] [INFO] Starting daily stock update for item SCMBR0018157 sold on 2026-02-27 (Qty: 1)
[2026-02-27 13:28:18] [INFO] Recalculating stock from day 27 for item SCMBR0018157 in 2026-02 in table tbldailystock_1
[2026-02-27 13:28:18] [DEBUG] Day 27: Opening=3, Purchase=0, Sales=2, Closing=1
[2026-02-27 13:28:18] [DEBUG] Day 28: Opening=1, Purchase=0, Sales=0, Closing=1
[2026-02-27 13:28:18] [INFO] Completed recalculating stock for 2026-02 from day 27
[2026-02-27 13:28:18] [INFO] Starting cascading to current month for item SCMBR0018157 sold on 2026-02-27
[2026-02-27 13:28:18] [INFO] Daily stock updated successfully for item SCMBR0018157 on 2026-02-27 in table tbldailystock_1: Sales=2, Closing=1
[2026-02-27 13:28:18] [INFO] Starting daily stock update for item SCMBR0018157 sold on 2026-02-27 (Qty: 1)
[2026-02-27 13:28:18] [INFO] Recalculating stock from day 27 for item SCMBR0018157 in 2026-02 in table tbldailystock_1
[2026-02-27 13:28:18] [DEBUG] Day 27: Opening=3, Purchase=0, Sales=3, Closing=0
[2026-02-27 13:28:18] [DEBUG] Day 28: Opening=0, Purchase=0, Sales=0, Closing=0
[2026-02-27 13:28:18] [INFO] Completed recalculating stock for 2026-02 from day 27
[2026-02-27 13:28:18] [INFO] Starting cascading to current month for item SCMBR0018157 sold on 2026-02-27
[2026-02-27 13:28:18] [INFO] Daily stock updated successfully for item SCMBR0018157 on 2026-02-27 in table tbldailystock_1: Sales=3, Closing=0
[2026-02-27 13:28:18] [INFO] Starting daily stock update for item SCMBR0018160 sold on 2026-02-27 (Qty: 1)
[2026-02-27 13:28:18] [INFO] Recalculating stock from day 27 for item SCMBR0018160 in 2026-02 in table tbldailystock_1
[2026-02-27 13:28:18] [DEBUG] Day 27: Opening=71, Purchase=0, Sales=1, Closing=70
[2026-02-27 13:28:18] [DEBUG] Day 28: Opening=70, Purchase=0, Sales=0, Closing=70
[2026-02-27 13:28:18] [INFO] Completed recalculating stock for 2026-02 from day 27
[2026-02-27 13:28:18] [INFO] Starting cascading to current month for item SCMBR0018160 sold on 2026-02-27
[2026-02-27 13:28:18] [INFO] Daily stock updated successfully for item SCMBR0018160 on 2026-02-27 in table tbldailystock_1: Sales=1, Closing=70
[2026-02-27 13:28:18] [INFO] Starting daily stock update for item SCMBR0018160 sold on 2026-02-27 (Qty: 1)
[2026-02-27 13:28:18] [INFO] Recalculating stock from day 27 for item SCMBR0018160 in 2026-02 in table tbldailystock_1
[2026-02-27 13:28:18] [DEBUG] Day 27: Opening=71, Purchase=0, Sales=2, Closing=69
[2026-02-27 13:28:18] [DEBUG] Day 28: Opening=69, Purchase=0, Sales=0, Closing=69
[2026-02-27 13:28:18] [INFO] Completed recalculating stock for 2026-02 from day 27
[2026-02-27 13:28:18] [INFO] Starting cascading to current month for item SCMBR0018160 sold on 2026-02-27
[2026-02-27 13:28:18] [INFO] Daily stock updated successfully for item SCMBR0018160 on 2026-02-27 in table tbldailystock_1: Sales=2, Closing=69
[2026-02-27 13:28:18] [INFO] Starting daily stock update for item SCMBR0018160 sold on 2026-02-27 (Qty: 1)
[2026-02-27 13:28:18] [INFO] Recalculating stock from day 27 for item SCMBR0018160 in 2026-02 in table tbldailystock_1
[2026-02-27 13:28:18] [DEBUG] Day 27: Opening=71, Purchase=0, Sales=3, Closing=68
[2026-02-27 13:28:18] [DEBUG] Day 28: Opening=68, Purchase=0, Sales=0, Closing=68
[2026-02-27 13:28:18] [INFO] Completed recalculating stock for 2026-02 from day 27
[2026-02-27 13:28:18] [INFO] Starting cascading to current month for item SCMBR0018160 sold on 2026-02-27
[2026-02-27 13:28:18] [INFO] Daily stock updated successfully for item SCMBR0018160 on 2026-02-27 in table tbldailystock_1: Sales=3, Closing=68
[2026-02-27 13:28:18] [INFO] Starting daily stock update for item SCMBR0018160 sold on 2026-02-27 (Qty: 1)
[2026-02-27 13:28:18] [INFO] Recalculating stock from day 27 for item SCMBR0018160 in 2026-02 in table tbldailystock_1
[2026-02-27 13:28:18] [DEBUG] Day 27: Opening=71, Purchase=0, Sales=4, Closing=67
[2026-02-27 13:28:18] [DEBUG] Day 28: Opening=67, Purchase=0, Sales=0, Closing=67
[2026-02-27 13:28:18] [INFO] Completed recalculating stock for 2026-02 from day 27
[2026-02-27 13:28:18] [INFO] Starting cascading to current month for item SCMBR0018160 sold on 2026-02-27
[2026-02-27 13:28:18] [INFO] Daily stock updated successfully for item SCMBR0018160 on 2026-02-27 in table tbldailystock_1: Sales=4, Closing=67
[2026-02-27 13:28:18] [INFO] Starting daily stock update for item SCMBR0018160 sold on 2026-02-27 (Qty: 1)
[2026-02-27 13:28:18] [INFO] Recalculating stock from day 27 for item SCMBR0018160 in 2026-02 in table tbldailystock_1
[2026-02-27 13:28:18] [DEBUG] Day 27: Opening=71, Purchase=0, Sales=5, Closing=66
[2026-02-27 13:28:18] [DEBUG] Day 28: Opening=66, Purchase=0, Sales=0, Closing=66
[2026-02-27 13:28:18] [INFO] Completed recalculating stock for 2026-02 from day 27
[2026-02-27 13:28:18] [INFO] Starting cascading to current month for item SCMBR0018160 sold on 2026-02-27
[2026-02-27 13:28:18] [INFO] Daily stock updated successfully for item SCMBR0018160 on 2026-02-27 in table tbldailystock_1: Sales=5, Closing=66
[2026-02-27 13:28:18] [INFO] Starting daily stock update for item SCMBR0018160 sold on 2026-02-27 (Qty: 1)
[2026-02-27 13:28:18] [INFO] Recalculating stock from day 27 for item SCMBR0018160 in 2026-02 in table tbldailystock_1
[2026-02-27 13:28:18] [DEBUG] Day 27: Opening=71, Purchase=0, Sales=6, Closing=65
[2026-02-27 13:28:19] [DEBUG] Day 28: Opening=65, Purchase=0, Sales=0, Closing=65
[2026-02-27 13:28:19] [INFO] Completed recalculating stock for 2026-02 from day 27
[2026-02-27 13:28:19] [INFO] Starting cascading to current month for item SCMBR0018160 sold on 2026-02-27
[2026-02-27 13:28:19] [INFO] Daily stock updated successfully for item SCMBR0018160 on 2026-02-27 in table tbldailystock_1: Sales=6, Closing=65
[2026-02-27 13:28:19] [INFO] Starting daily stock update for item SCMBR0018160 sold on 2026-02-27 (Qty: 1)
[2026-02-27 13:28:19] [INFO] Recalculating stock from day 27 for item SCMBR0018160 in 2026-02 in table tbldailystock_1
[2026-02-27 13:28:19] [DEBUG] Day 27: Opening=71, Purchase=0, Sales=7, Closing=64
[2026-02-27 13:28:19] [DEBUG] Day 28: Opening=64, Purchase=0, Sales=0, Closing=64
[2026-02-27 13:28:19] [INFO] Completed recalculating stock for 2026-02 from day 27
[2026-02-27 13:28:19] [INFO] Starting cascading to current month for item SCMBR0018160 sold on 2026-02-27
[2026-02-27 13:28:19] [INFO] Daily stock updated successfully for item SCMBR0018160 on 2026-02-27 in table tbldailystock_1: Sales=7, Closing=64
[2026-02-27 13:28:19] [INFO] Starting daily stock update for item SCMBR0018160 sold on 2026-02-27 (Qty: 1)
[2026-02-27 13:28:19] [INFO] Recalculating stock from day 27 for item SCMBR0018160 in 2026-02 in table tbldailystock_1
[2026-02-27 13:28:19] [DEBUG] Day 27: Opening=71, Purchase=0, Sales=8, Closing=63
[2026-02-27 13:28:19] [DEBUG] Day 28: Opening=63, Purchase=0, Sales=0, Closing=63
[2026-02-27 13:28:19] [INFO] Completed recalculating stock for 2026-02 from day 27
[2026-02-27 13:28:19] [INFO] Starting cascading to current month for item SCMBR0018160 sold on 2026-02-27
[2026-02-27 13:28:19] [INFO] Daily stock updated successfully for item SCMBR0018160 on 2026-02-27 in table tbldailystock_1: Sales=8, Closing=63
[2026-02-27 13:28:19] [INFO] Starting daily stock update for item SCMBR0018160 sold on 2026-02-27 (Qty: 1)
[2026-02-27 13:28:19] [INFO] Recalculating stock from day 27 for item SCMBR0018160 in 2026-02 in table tbldailystock_1
[2026-02-27 13:28:19] [DEBUG] Day 27: Opening=71, Purchase=0, Sales=9, Closing=62
[2026-02-27 13:28:19] [DEBUG] Day 28: Opening=62, Purchase=0, Sales=0, Closing=62
[2026-02-27 13:28:19] [INFO] Completed recalculating stock for 2026-02 from day 27
[2026-02-27 13:28:19] [INFO] Starting cascading to current month for item SCMBR0018160 sold on 2026-02-27
[2026-02-27 13:28:19] [INFO] Daily stock updated successfully for item SCMBR0018160 on 2026-02-27 in table tbldailystock_1: Sales=9, Closing=62
[2026-02-27 13:28:19] [INFO] Starting daily stock update for item SCMBR0018160 sold on 2026-02-27 (Qty: 1)
[2026-02-27 13:28:19] [INFO] Recalculating stock from day 27 for item SCMBR0018160 in 2026-02 in table tbldailystock_1
[2026-02-27 13:28:19] [DEBUG] Day 27: Opening=71, Purchase=0, Sales=10, Closing=61
[2026-02-27 13:28:19] [DEBUG] Day 28: Opening=61, Purchase=0, Sales=0, Closing=61
[2026-02-27 13:28:19] [INFO] Completed recalculating stock for 2026-02 from day 27
[2026-02-27 13:28:19] [INFO] Starting cascading to current month for item SCMBR0018160 sold on 2026-02-27
[2026-02-27 13:28:19] [INFO] Daily stock updated successfully for item SCMBR0018160 on 2026-02-27 in table tbldailystock_1: Sales=10, Closing=61
[2026-02-27 13:28:19] [INFO] Starting daily stock update for item SCMBR0018160 sold on 2026-02-27 (Qty: 1)
[2026-02-27 13:28:19] [INFO] Recalculating stock from day 27 for item SCMBR0018160 in 2026-02 in table tbldailystock_1
[2026-02-27 13:28:19] [DEBUG] Day 27: Opening=71, Purchase=0, Sales=11, Closing=60
[2026-02-27 13:28:19] [DEBUG] Day 28: Opening=60, Purchase=0, Sales=0, Closing=60
[2026-02-27 13:28:19] [INFO] Completed recalculating stock for 2026-02 from day 27
[2026-02-27 13:28:19] [INFO] Starting cascading to current month for item SCMBR0018160 sold on 2026-02-27
[2026-02-27 13:28:19] [INFO] Daily stock updated successfully for item SCMBR0018160 on 2026-02-27 in table tbldailystock_1: Sales=11, Closing=60
[2026-02-27 13:28:19] [INFO] Starting daily stock update for item SCMBR0018160 sold on 2026-02-27 (Qty: 1)
[2026-02-27 13:28:19] [INFO] Recalculating stock from day 27 for item SCMBR0018160 in 2026-02 in table tbldailystock_1
[2026-02-27 13:28:19] [DEBUG] Day 27: Opening=71, Purchase=0, Sales=12, Closing=59
[2026-02-27 13:28:19] [DEBUG] Day 28: Opening=59, Purchase=0, Sales=0, Closing=59
[2026-02-27 13:28:19] [INFO] Completed recalculating stock for 2026-02 from day 27
[2026-02-27 13:28:19] [INFO] Starting cascading to current month for item SCMBR0018160 sold on 2026-02-27
[2026-02-27 13:28:19] [INFO] Daily stock updated successfully for item SCMBR0018160 on 2026-02-27 in table tbldailystock_1: Sales=12, Closing=59
[2026-02-27 13:28:19] [INFO] Starting daily stock update for item SCMBR0018160 sold on 2026-02-27 (Qty: 1)
[2026-02-27 13:28:19] [INFO] Recalculating stock from day 27 for item SCMBR0018160 in 2026-02 in table tbldailystock_1
[2026-02-27 13:28:19] [DEBUG] Day 27: Opening=71, Purchase=0, Sales=13, Closing=58
[2026-02-27 13:28:19] [DEBUG] Day 28: Opening=58, Purchase=0, Sales=0, Closing=58
[2026-02-27 13:28:19] [INFO] Completed recalculating stock for 2026-02 from day 27
[2026-02-27 13:28:19] [INFO] Starting cascading to current month for item SCMBR0018160 sold on 2026-02-27
[2026-02-27 13:28:19] [INFO] Daily stock updated successfully for item SCMBR0018160 on 2026-02-27 in table tbldailystock_1: Sales=13, Closing=58
[2026-02-27 13:28:19] [INFO] Starting daily stock update for item SCMBR0018160 sold on 2026-02-27 (Qty: 1)
[2026-02-27 13:28:19] [INFO] Recalculating stock from day 27 for item SCMBR0018160 in 2026-02 in table tbldailystock_1
[2026-02-27 13:28:19] [DEBUG] Day 27: Opening=71, Purchase=0, Sales=14, Closing=57
[2026-02-27 13:28:19] [DEBUG] Day 28: Opening=57, Purchase=0, Sales=0, Closing=57
[2026-02-27 13:28:19] [INFO] Completed recalculating stock for 2026-02 from day 27
[2026-02-27 13:28:19] [INFO] Starting cascading to current month for item SCMBR0018160 sold on 2026-02-27
[2026-02-27 13:28:19] [INFO] Daily stock updated successfully for item SCMBR0018160 on 2026-02-27 in table tbldailystock_1: Sales=14, Closing=57
[2026-02-27 13:28:19] [INFO] Starting daily stock update for item SCMBR0018160 sold on 2026-02-27 (Qty: 1)
[2026-02-27 13:28:19] [INFO] Recalculating stock from day 27 for item SCMBR0018160 in 2026-02 in table tbldailystock_1
[2026-02-27 13:28:19] [DEBUG] Day 27: Opening=71, Purchase=0, Sales=15, Closing=56
[2026-02-27 13:28:19] [DEBUG] Day 28: Opening=56, Purchase=0, Sales=0, Closing=56
[2026-02-27 13:28:19] [INFO] Completed recalculating stock for 2026-02 from day 27
[2026-02-27 13:28:19] [INFO] Starting cascading to current month for item SCMBR0018160 sold on 2026-02-27
[2026-02-27 13:28:19] [INFO] Daily stock updated successfully for item SCMBR0018160 on 2026-02-27 in table tbldailystock_1: Sales=15, Closing=56
[2026-02-27 13:28:19] [INFO] Starting daily stock update for item SCMBR0018160 sold on 2026-02-27 (Qty: 1)
[2026-02-27 13:28:19] [INFO] Recalculating stock from day 27 for item SCMBR0018160 in 2026-02 in table tbldailystock_1
[2026-02-27 13:28:19] [DEBUG] Day 27: Opening=71, Purchase=0, Sales=16, Closing=55
[2026-02-27 13:28:19] [DEBUG] Day 28: Opening=55, Purchase=0, Sales=0, Closing=55
[2026-02-27 13:28:19] [INFO] Completed recalculating stock for 2026-02 from day 27
[2026-02-27 13:28:19] [INFO] Starting cascading to current month for item SCMBR0018160 sold on 2026-02-27
[2026-02-27 13:28:19] [INFO] Daily stock updated successfully for item SCMBR0018160 on 2026-02-27 in table tbldailystock_1: Sales=16, Closing=55
[2026-02-27 13:28:20] [INFO] Starting daily stock update for item SCMBR0018160 sold on 2026-02-27 (Qty: 1)
[2026-02-27 13:28:20] [INFO] Recalculating stock from day 27 for item SCMBR0018160 in 2026-02 in table tbldailystock_1
[2026-02-27 13:28:20] [DEBUG] Day 27: Opening=71, Purchase=0, Sales=17, Closing=54
[2026-02-27 13:28:20] [DEBUG] Day 28: Opening=54, Purchase=0, Sales=0, Closing=54
[2026-02-27 13:28:20] [INFO] Completed recalculating stock for 2026-02 from day 27
[2026-02-27 13:28:20] [INFO] Starting cascading to current month for item SCMBR0018160 sold on 2026-02-27
[2026-02-27 13:28:20] [INFO] Daily stock updated successfully for item SCMBR0018160 on 2026-02-27 in table tbldailystock_1: Sales=17, Closing=54
[2026-02-27 13:28:20] [INFO] Starting daily stock update for item SCMBR0018160 sold on 2026-02-27 (Qty: 1)
[2026-02-27 13:28:20] [INFO] Recalculating stock from day 27 for item SCMBR0018160 in 2026-02 in table tbldailystock_1
[2026-02-27 13:28:20] [DEBUG] Day 27: Opening=71, Purchase=0, Sales=18, Closing=53
[2026-02-27 13:28:20] [DEBUG] Day 28: Opening=53, Purchase=0, Sales=0, Closing=53
[2026-02-27 13:28:20] [INFO] Completed recalculating stock for 2026-02 from day 27
[2026-02-27 13:28:20] [INFO] Starting cascading to current month for item SCMBR0018160 sold on 2026-02-27
[2026-02-27 13:28:20] [INFO] Daily stock updated successfully for item SCMBR0018160 on 2026-02-27 in table tbldailystock_1: Sales=18, Closing=53
[2026-02-27 13:28:20] [INFO] Starting daily stock update for item SCMBR0018160 sold on 2026-02-27 (Qty: 1)
[2026-02-27 13:28:20] [INFO] Recalculating stock from day 27 for item SCMBR0018160 in 2026-02 in table tbldailystock_1
[2026-02-27 13:28:20] [DEBUG] Day 27: Opening=71, Purchase=0, Sales=19, Closing=52
[2026-02-27 13:28:20] [DEBUG] Day 28: Opening=52, Purchase=0, Sales=0, Closing=52
[2026-02-27 13:28:20] [INFO] Completed recalculating stock for 2026-02 from day 27
[2026-02-27 13:28:20] [INFO] Starting cascading to current month for item SCMBR0018160 sold on 2026-02-27
[2026-02-27 13:28:20] [INFO] Daily stock updated successfully for item SCMBR0018160 on 2026-02-27 in table tbldailystock_1: Sales=19, Closing=52
[2026-02-27 13:28:20] [INFO] Starting daily stock update for item SCMBR0018160 sold on 2026-02-27 (Qty: 1)
[2026-02-27 13:28:20] [INFO] Recalculating stock from day 27 for item SCMBR0018160 in 2026-02 in table tbldailystock_1
[2026-02-27 13:28:20] [DEBUG] Day 27: Opening=71, Purchase=0, Sales=20, Closing=51
[2026-02-27 13:28:20] [DEBUG] Day 28: Opening=51, Purchase=0, Sales=0, Closing=51
[2026-02-27 13:28:20] [INFO] Completed recalculating stock for 2026-02 from day 27
[2026-02-27 13:28:20] [INFO] Starting cascading to current month for item SCMBR0018160 sold on 2026-02-27
[2026-02-27 13:28:20] [INFO] Daily stock updated successfully for item SCMBR0018160 on 2026-02-27 in table tbldailystock_1: Sales=20, Closing=51
[2026-02-27 13:28:20] [INFO] Starting daily stock update for item SCMBR0018160 sold on 2026-02-27 (Qty: 1)
[2026-02-27 13:28:20] [INFO] Recalculating stock from day 27 for item SCMBR0018160 in 2026-02 in table tbldailystock_1
[2026-02-27 13:28:20] [DEBUG] Day 27: Opening=71, Purchase=0, Sales=21, Closing=50
[2026-02-27 13:28:21] [DEBUG] Day 28: Opening=50, Purchase=0, Sales=0, Closing=50
[2026-02-27 13:28:21] [INFO] Completed recalculating stock for 2026-02 from day 27
[2026-02-27 13:28:21] [INFO] Starting cascading to current month for item SCMBR0018160 sold on 2026-02-27
[2026-02-27 13:28:21] [INFO] Daily stock updated successfully for item SCMBR0018160 on 2026-02-27 in table tbldailystock_1: Sales=21, Closing=50
[2026-02-27 13:28:21] [INFO] Starting daily stock update for item SCMBR0018160 sold on 2026-02-27 (Qty: 1)
[2026-02-27 13:28:21] [INFO] Recalculating stock from day 27 for item SCMBR0018160 in 2026-02 in table tbldailystock_1
[2026-02-27 13:28:21] [DEBUG] Day 27: Opening=71, Purchase=0, Sales=22, Closing=49
[2026-02-27 13:28:21] [DEBUG] Day 28: Opening=49, Purchase=0, Sales=0, Closing=49
[2026-02-27 13:28:21] [INFO] Completed recalculating stock for 2026-02 from day 27
[2026-02-27 13:28:21] [INFO] Starting cascading to current month for item SCMBR0018160 sold on 2026-02-27
[2026-02-27 13:28:21] [INFO] Daily stock updated successfully for item SCMBR0018160 on 2026-02-27 in table tbldailystock_1: Sales=22, Closing=49
[2026-02-27 13:28:21] [INFO] Starting daily stock update for item SCMBR0018160 sold on 2026-02-27 (Qty: 1)
[2026-02-27 13:28:21] [INFO] Recalculating stock from day 27 for item SCMBR0018160 in 2026-02 in table tbldailystock_1
[2026-02-27 13:28:21] [DEBUG] Day 27: Opening=71, Purchase=0, Sales=23, Closing=48
[2026-02-27 13:28:21] [DEBUG] Day 28: Opening=48, Purchase=0, Sales=0, Closing=48
[2026-02-27 13:28:21] [INFO] Completed recalculating stock for 2026-02 from day 27
[2026-02-27 13:28:21] [INFO] Starting cascading to current month for item SCMBR0018160 sold on 2026-02-27
[2026-02-27 13:28:21] [INFO] Daily stock updated successfully for item SCMBR0018160 on 2026-02-27 in table tbldailystock_1: Sales=23, Closing=48
[2026-02-27 13:28:21] [INFO] Starting daily stock update for item SCMBR0018160 sold on 2026-02-27 (Qty: 1)
[2026-02-27 13:28:21] [INFO] Recalculating stock from day 27 for item SCMBR0018160 in 2026-02 in table tbldailystock_1
[2026-02-27 13:28:21] [DEBUG] Day 27: Opening=71, Purchase=0, Sales=24, Closing=47
[2026-02-27 13:28:21] [DEBUG] Day 28: Opening=47, Purchase=0, Sales=0, Closing=47
[2026-02-27 13:28:21] [INFO] Completed recalculating stock for 2026-02 from day 27
[2026-02-27 13:28:21] [INFO] Starting cascading to current month for item SCMBR0018160 sold on 2026-02-27
[2026-02-27 13:28:21] [INFO] Daily stock updated successfully for item SCMBR0018160 on 2026-02-27 in table tbldailystock_1: Sales=24, Closing=47
[2026-02-27 13:28:21] [INFO] Starting daily stock update for item SCMBR0018160 sold on 2026-02-27 (Qty: 1)
[2026-02-27 13:28:21] [INFO] Recalculating stock from day 27 for item SCMBR0018160 in 2026-02 in table tbldailystock_1
[2026-02-27 13:28:21] [DEBUG] Day 27: Opening=71, Purchase=0, Sales=25, Closing=46
[2026-02-27 13:28:21] [DEBUG] Day 28: Opening=46, Purchase=0, Sales=0, Closing=46
[2026-02-27 13:28:21] [INFO] Completed recalculating stock for 2026-02 from day 27
[2026-02-27 13:28:21] [INFO] Starting cascading to current month for item SCMBR0018160 sold on 2026-02-27
[2026-02-27 13:28:21] [INFO] Daily stock updated successfully for item SCMBR0018160 on 2026-02-27 in table tbldailystock_1: Sales=25, Closing=46
[2026-02-27 13:28:21] [INFO] Starting daily stock update for item SCMBR0018160 sold on 2026-02-27 (Qty: 1)
[2026-02-27 13:28:21] [INFO] Recalculating stock from day 27 for item SCMBR0018160 in 2026-02 in table tbldailystock_1
[2026-02-27 13:28:21] [DEBUG] Day 27: Opening=71, Purchase=0, Sales=26, Closing=45
[2026-02-27 13:28:21] [DEBUG] Day 28: Opening=45, Purchase=0, Sales=0, Closing=45
[2026-02-27 13:28:21] [INFO] Completed recalculating stock for 2026-02 from day 27
[2026-02-27 13:28:21] [INFO] Starting cascading to current month for item SCMBR0018160 sold on 2026-02-27
[2026-02-27 13:28:21] [INFO] Daily stock updated successfully for item SCMBR0018160 on 2026-02-27 in table tbldailystock_1: Sales=26, Closing=45
[2026-02-27 13:28:21] [INFO] Starting daily stock update for item SCMBR0018160 sold on 2026-02-27 (Qty: 1)
[2026-02-27 13:28:21] [INFO] Recalculating stock from day 27 for item SCMBR0018160 in 2026-02 in table tbldailystock_1
[2026-02-27 13:28:21] [DEBUG] Day 27: Opening=71, Purchase=0, Sales=27, Closing=44
[2026-02-27 13:28:21] [DEBUG] Day 28: Opening=44, Purchase=0, Sales=0, Closing=44
[2026-02-27 13:28:21] [INFO] Completed recalculating stock for 2026-02 from day 27
[2026-02-27 13:28:21] [INFO] Starting cascading to current month for item SCMBR0018160 sold on 2026-02-27
[2026-02-27 13:28:21] [INFO] Daily stock updated successfully for item SCMBR0018160 on 2026-02-27 in table tbldailystock_1: Sales=27, Closing=44
[2026-02-27 13:28:21] [INFO] Starting daily stock update for item SCMBR0018160 sold on 2026-02-27 (Qty: 1)
[2026-02-27 13:28:21] [INFO] Recalculating stock from day 27 for item SCMBR0018160 in 2026-02 in table tbldailystock_1
[2026-02-27 13:28:21] [DEBUG] Day 27: Opening=71, Purchase=0, Sales=28, Closing=43
[2026-02-27 13:28:21] [DEBUG] Day 28: Opening=43, Purchase=0, Sales=0, Closing=43
[2026-02-27 13:28:21] [INFO] Completed recalculating stock for 2026-02 from day 27
[2026-02-27 13:28:21] [INFO] Starting cascading to current month for item SCMBR0018160 sold on 2026-02-27
[2026-02-27 13:28:21] [INFO] Daily stock updated successfully for item SCMBR0018160 on 2026-02-27 in table tbldailystock_1: Sales=28, Closing=43
[2026-02-27 13:28:21] [INFO] Starting daily stock update for item SCMBR0018160 sold on 2026-02-27 (Qty: 1)
[2026-02-27 13:28:21] [INFO] Recalculating stock from day 27 for item SCMBR0018160 in 2026-02 in table tbldailystock_1
[2026-02-27 13:28:21] [DEBUG] Day 27: Opening=71, Purchase=0, Sales=29, Closing=42
[2026-02-27 13:28:21] [DEBUG] Day 28: Opening=42, Purchase=0, Sales=0, Closing=42
[2026-02-27 13:28:21] [INFO] Completed recalculating stock for 2026-02 from day 27
[2026-02-27 13:28:21] [INFO] Starting cascading to current month for item SCMBR0018160 sold on 2026-02-27
[2026-02-27 13:28:21] [INFO] Daily stock updated successfully for item SCMBR0018160 on 2026-02-27 in table tbldailystock_1: Sales=29, Closing=42
[2026-02-27 13:28:21] [INFO] Starting daily stock update for item SCMBR0018160 sold on 2026-02-27 (Qty: 1)
[2026-02-27 13:28:21] [INFO] Recalculating stock from day 27 for item SCMBR0018160 in 2026-02 in table tbldailystock_1
[2026-02-27 13:28:21] [DEBUG] Day 27: Opening=71, Purchase=0, Sales=30, Closing=41
[2026-02-27 13:28:22] [DEBUG] Day 28: Opening=41, Purchase=0, Sales=0, Closing=41
[2026-02-27 13:28:22] [INFO] Completed recalculating stock for 2026-02 from day 27
[2026-02-27 13:28:22] [INFO] Starting cascading to current month for item SCMBR0018160 sold on 2026-02-27
[2026-02-27 13:28:22] [INFO] Daily stock updated successfully for item SCMBR0018160 on 2026-02-27 in table tbldailystock_1: Sales=30, Closing=41
[2026-02-27 13:28:22] [INFO] Starting daily stock update for item SCMBR0018160 sold on 2026-02-27 (Qty: 1)
[2026-02-27 13:28:22] [INFO] Recalculating stock from day 27 for item SCMBR0018160 in 2026-02 in table tbldailystock_1
[2026-02-27 13:28:22] [DEBUG] Day 27: Opening=71, Purchase=0, Sales=31, Closing=40
[2026-02-27 13:28:22] [DEBUG] Day 28: Opening=40, Purchase=0, Sales=0, Closing=40
[2026-02-27 13:28:22] [INFO] Completed recalculating stock for 2026-02 from day 27
[2026-02-27 13:28:22] [INFO] Starting cascading to current month for item SCMBR0018160 sold on 2026-02-27
[2026-02-27 13:28:22] [INFO] Daily stock updated successfully for item SCMBR0018160 on 2026-02-27 in table tbldailystock_1: Sales=31, Closing=40
[2026-02-27 13:28:22] [INFO] Starting daily stock update for item SCMBR0018160 sold on 2026-02-27 (Qty: 1)
[2026-02-27 13:28:22] [INFO] Recalculating stock from day 27 for item SCMBR0018160 in 2026-02 in table tbldailystock_1
[2026-02-27 13:28:22] [DEBUG] Day 27: Opening=71, Purchase=0, Sales=32, Closing=39
[2026-02-27 13:28:22] [DEBUG] Day 28: Opening=39, Purchase=0, Sales=0, Closing=39
[2026-02-27 13:28:22] [INFO] Completed recalculating stock for 2026-02 from day 27
[2026-02-27 13:28:22] [INFO] Starting cascading to current month for item SCMBR0018160 sold on 2026-02-27
[2026-02-27 13:28:22] [INFO] Daily stock updated successfully for item SCMBR0018160 on 2026-02-27 in table tbldailystock_1: Sales=32, Closing=39
[2026-02-27 13:28:22] [INFO] Starting daily stock update for item SCMBR0018160 sold on 2026-02-27 (Qty: 1)
[2026-02-27 13:28:22] [INFO] Recalculating stock from day 27 for item SCMBR0018160 in 2026-02 in table tbldailystock_1
[2026-02-27 13:28:22] [DEBUG] Day 27: Opening=71, Purchase=0, Sales=33, Closing=38
[2026-02-27 13:28:22] [DEBUG] Day 28: Opening=38, Purchase=0, Sales=0, Closing=38
[2026-02-27 13:28:22] [INFO] Completed recalculating stock for 2026-02 from day 27
[2026-02-27 13:28:22] [INFO] Starting cascading to current month for item SCMBR0018160 sold on 2026-02-27
[2026-02-27 13:28:22] [INFO] Daily stock updated successfully for item SCMBR0018160 on 2026-02-27 in table tbldailystock_1: Sales=33, Closing=38
[2026-02-27 13:28:22] [INFO] Starting daily stock update for item SCMBR0018160 sold on 2026-02-27 (Qty: 1)
[2026-02-27 13:28:22] [INFO] Recalculating stock from day 27 for item SCMBR0018160 in 2026-02 in table tbldailystock_1
[2026-02-27 13:28:22] [DEBUG] Day 27: Opening=71, Purchase=0, Sales=34, Closing=37
[2026-02-27 13:28:22] [DEBUG] Day 28: Opening=37, Purchase=0, Sales=0, Closing=37
[2026-02-27 13:28:22] [INFO] Completed recalculating stock for 2026-02 from day 27
[2026-02-27 13:28:22] [INFO] Starting cascading to current month for item SCMBR0018160 sold on 2026-02-27
[2026-02-27 13:28:22] [INFO] Daily stock updated successfully for item SCMBR0018160 on 2026-02-27 in table tbldailystock_1: Sales=34, Closing=37
[2026-02-27 13:28:22] [INFO] Starting daily stock update for item SCMBR0018160 sold on 2026-02-27 (Qty: 1)
[2026-02-27 13:28:22] [INFO] Recalculating stock from day 27 for item SCMBR0018160 in 2026-02 in table tbldailystock_1
[2026-02-27 13:28:22] [DEBUG] Day 27: Opening=71, Purchase=0, Sales=35, Closing=36
[2026-02-27 13:28:22] [DEBUG] Day 28: Opening=36, Purchase=0, Sales=0, Closing=36
[2026-02-27 13:28:22] [INFO] Completed recalculating stock for 2026-02 from day 27
[2026-02-27 13:28:22] [INFO] Starting cascading to current month for item SCMBR0018160 sold on 2026-02-27
[2026-02-27 13:28:22] [INFO] Daily stock updated successfully for item SCMBR0018160 on 2026-02-27 in table tbldailystock_1: Sales=35, Closing=36
[2026-02-27 13:28:22] [INFO] Starting daily stock update for item SCMBR0018160 sold on 2026-02-27 (Qty: 1)
[2026-02-27 13:28:22] [INFO] Recalculating stock from day 27 for item SCMBR0018160 in 2026-02 in table tbldailystock_1
[2026-02-27 13:28:22] [DEBUG] Day 27: Opening=71, Purchase=0, Sales=36, Closing=35
[2026-02-27 13:28:22] [DEBUG] Day 28: Opening=35, Purchase=0, Sales=0, Closing=35
[2026-02-27 13:28:22] [INFO] Completed recalculating stock for 2026-02 from day 27
[2026-02-27 13:28:22] [INFO] Starting cascading to current month for item SCMBR0018160 sold on 2026-02-27
[2026-02-27 13:28:22] [INFO] Daily stock updated successfully for item SCMBR0018160 on 2026-02-27 in table tbldailystock_1: Sales=36, Closing=35
[2026-02-27 13:28:22] [INFO] Starting daily stock update for item SCMBR0018160 sold on 2026-02-27 (Qty: 1)
[2026-02-27 13:28:22] [INFO] Recalculating stock from day 27 for item SCMBR0018160 in 2026-02 in table tbldailystock_1
[2026-02-27 13:28:22] [DEBUG] Day 27: Opening=71, Purchase=0, Sales=37, Closing=34
[2026-02-27 13:28:22] [DEBUG] Day 28: Opening=34, Purchase=0, Sales=0, Closing=34
[2026-02-27 13:28:22] [INFO] Completed recalculating stock for 2026-02 from day 27
[2026-02-27 13:28:22] [INFO] Starting cascading to current month for item SCMBR0018160 sold on 2026-02-27
[2026-02-27 13:28:22] [INFO] Daily stock updated successfully for item SCMBR0018160 on 2026-02-27 in table tbldailystock_1: Sales=37, Closing=34
[2026-02-27 13:28:22] [INFO] Starting daily stock update for item SCMBR0018160 sold on 2026-02-27 (Qty: 1)
[2026-02-27 13:28:22] [INFO] Recalculating stock from day 27 for item SCMBR0018160 in 2026-02 in table tbldailystock_1
[2026-02-27 13:28:22] [DEBUG] Day 27: Opening=71, Purchase=0, Sales=38, Closing=33
[2026-02-27 13:28:22] [DEBUG] Day 28: Opening=33, Purchase=0, Sales=0, Closing=33
[2026-02-27 13:28:22] [INFO] Completed recalculating stock for 2026-02 from day 27
[2026-02-27 13:28:22] [INFO] Starting cascading to current month for item SCMBR0018160 sold on 2026-02-27
[2026-02-27 13:28:22] [INFO] Daily stock updated successfully for item SCMBR0018160 on 2026-02-27 in table tbldailystock_1: Sales=38, Closing=33
[2026-02-27 13:28:22] [INFO] Starting daily stock update for item SCMBR0018160 sold on 2026-02-27 (Qty: 1)
[2026-02-27 13:28:22] [INFO] Recalculating stock from day 27 for item SCMBR0018160 in 2026-02 in table tbldailystock_1
[2026-02-27 13:28:22] [DEBUG] Day 27: Opening=71, Purchase=0, Sales=39, Closing=32
[2026-02-27 13:28:22] [DEBUG] Day 28: Opening=32, Purchase=0, Sales=0, Closing=32
[2026-02-27 13:28:22] [INFO] Completed recalculating stock for 2026-02 from day 27
[2026-02-27 13:28:22] [INFO] Starting cascading to current month for item SCMBR0018160 sold on 2026-02-27
[2026-02-27 13:28:22] [INFO] Daily stock updated successfully for item SCMBR0018160 on 2026-02-27 in table tbldailystock_1: Sales=39, Closing=32
[2026-02-27 13:28:22] [INFO] Starting daily stock update for item SCMBR0018160 sold on 2026-02-27 (Qty: 1)
[2026-02-27 13:28:22] [INFO] Recalculating stock from day 27 for item SCMBR0018160 in 2026-02 in table tbldailystock_1
[2026-02-27 13:28:22] [DEBUG] Day 27: Opening=71, Purchase=0, Sales=40, Closing=31
[2026-02-27 13:28:22] [DEBUG] Day 28: Opening=31, Purchase=0, Sales=0, Closing=31
[2026-02-27 13:28:22] [INFO] Completed recalculating stock for 2026-02 from day 27
[2026-02-27 13:28:22] [INFO] Starting cascading to current month for item SCMBR0018160 sold on 2026-02-27
[2026-02-27 13:28:22] [INFO] Daily stock updated successfully for item SCMBR0018160 on 2026-02-27 in table tbldailystock_1: Sales=40, Closing=31
[2026-02-27 13:28:22] [INFO] Starting daily stock update for item SCMBR0018160 sold on 2026-02-27 (Qty: 1)
[2026-02-27 13:28:22] [INFO] Recalculating stock from day 27 for item SCMBR0018160 in 2026-02 in table tbldailystock_1
[2026-02-27 13:28:22] [DEBUG] Day 27: Opening=71, Purchase=0, Sales=41, Closing=30
[2026-02-27 13:28:22] [DEBUG] Day 28: Opening=30, Purchase=0, Sales=0, Closing=30
[2026-02-27 13:28:22] [INFO] Completed recalculating stock for 2026-02 from day 27
[2026-02-27 13:28:22] [INFO] Starting cascading to current month for item SCMBR0018160 sold on 2026-02-27
[2026-02-27 13:28:22] [INFO] Daily stock updated successfully for item SCMBR0018160 on 2026-02-27 in table tbldailystock_1: Sales=41, Closing=30
[2026-02-27 13:28:22] [INFO] Starting daily stock update for item SCMBR0018160 sold on 2026-02-27 (Qty: 1)
[2026-02-27 13:28:22] [INFO] Recalculating stock from day 27 for item SCMBR0018160 in 2026-02 in table tbldailystock_1
[2026-02-27 13:28:22] [DEBUG] Day 27: Opening=71, Purchase=0, Sales=42, Closing=29
[2026-02-27 13:28:22] [DEBUG] Day 28: Opening=29, Purchase=0, Sales=0, Closing=29
[2026-02-27 13:28:22] [INFO] Completed recalculating stock for 2026-02 from day 27
[2026-02-27 13:28:22] [INFO] Starting cascading to current month for item SCMBR0018160 sold on 2026-02-27
[2026-02-27 13:28:22] [INFO] Daily stock updated successfully for item SCMBR0018160 on 2026-02-27 in table tbldailystock_1: Sales=42, Closing=29
[2026-02-27 13:28:22] [INFO] Starting daily stock update for item SCMBR0018160 sold on 2026-02-27 (Qty: 1)
[2026-02-27 13:28:22] [INFO] Recalculating stock from day 27 for item SCMBR0018160 in 2026-02 in table tbldailystock_1
[2026-02-27 13:28:22] [DEBUG] Day 27: Opening=71, Purchase=0, Sales=43, Closing=28
[2026-02-27 13:28:22] [DEBUG] Day 28: Opening=28, Purchase=0, Sales=0, Closing=28
[2026-02-27 13:28:22] [INFO] Completed recalculating stock for 2026-02 from day 27
[2026-02-27 13:28:22] [INFO] Starting cascading to current month for item SCMBR0018160 sold on 2026-02-27
[2026-02-27 13:28:22] [INFO] Daily stock updated successfully for item SCMBR0018160 on 2026-02-27 in table tbldailystock_1: Sales=43, Closing=28
[2026-02-27 13:28:22] [INFO] Starting daily stock update for item SCMBR0018160 sold on 2026-02-27 (Qty: 1)
[2026-02-27 13:28:23] [INFO] Recalculating stock from day 27 for item SCMBR0018160 in 2026-02 in table tbldailystock_1
[2026-02-27 13:28:23] [DEBUG] Day 27: Opening=71, Purchase=0, Sales=44, Closing=27
[2026-02-27 13:28:23] [DEBUG] Day 28: Opening=27, Purchase=0, Sales=0, Closing=27
[2026-02-27 13:28:23] [INFO] Completed recalculating stock for 2026-02 from day 27
[2026-02-27 13:28:23] [INFO] Starting cascading to current month for item SCMBR0018160 sold on 2026-02-27
[2026-02-27 13:28:23] [INFO] Daily stock updated successfully for item SCMBR0018160 on 2026-02-27 in table tbldailystock_1: Sales=44, Closing=27
[2026-02-27 13:28:23] [INFO] Starting daily stock update for item SCMBR0018160 sold on 2026-02-27 (Qty: 1)
[2026-02-27 13:28:23] [INFO] Recalculating stock from day 27 for item SCMBR0018160 in 2026-02 in table tbldailystock_1
[2026-02-27 13:28:23] [DEBUG] Day 27: Opening=71, Purchase=0, Sales=45, Closing=26
[2026-02-27 13:28:23] [DEBUG] Day 28: Opening=26, Purchase=0, Sales=0, Closing=26
[2026-02-27 13:28:23] [INFO] Completed recalculating stock for 2026-02 from day 27
[2026-02-27 13:28:23] [INFO] Starting cascading to current month for item SCMBR0018160 sold on 2026-02-27
[2026-02-27 13:28:23] [INFO] Daily stock updated successfully for item SCMBR0018160 on 2026-02-27 in table tbldailystock_1: Sales=45, Closing=26
[2026-02-27 13:28:23] [INFO] Starting daily stock update for item SCMBR0018160 sold on 2026-02-27 (Qty: 1)
[2026-02-27 13:28:23] [INFO] Recalculating stock from day 27 for item SCMBR0018160 in 2026-02 in table tbldailystock_1
[2026-02-27 13:28:23] [DEBUG] Day 27: Opening=71, Purchase=0, Sales=46, Closing=25
[2026-02-27 13:28:23] [DEBUG] Day 28: Opening=25, Purchase=0, Sales=0, Closing=25
[2026-02-27 13:28:23] [INFO] Completed recalculating stock for 2026-02 from day 27
[2026-02-27 13:28:23] [INFO] Starting cascading to current month for item SCMBR0018160 sold on 2026-02-27
[2026-02-27 13:28:23] [INFO] Daily stock updated successfully for item SCMBR0018160 on 2026-02-27 in table tbldailystock_1: Sales=46, Closing=25
[2026-02-27 13:28:23] [INFO] Starting daily stock update for item SCMBR0018160 sold on 2026-02-27 (Qty: 1)
[2026-02-27 13:28:23] [INFO] Recalculating stock from day 27 for item SCMBR0018160 in 2026-02 in table tbldailystock_1
[2026-02-27 13:32:20] [INFO] === PAGE ACCESS ===
[2026-02-27 13:32:20] [INFO] Request method: GET
[2026-02-27 13:32:20] [INFO] Search term: ''
[2026-02-27 13:32:20] [INFO] Current session ID: 1uf36kmrk3ipmtbs10r7kf31oa
[2026-02-27 13:32:22] [INFO] Final session quantities count: 0
[2026-02-27 13:32:22] [INFO] Items in current view: 50
[2026-02-27 13:32:22] [INFO] Sales Page Load Debug Info:
Array
(
    [total_items] => 94
    [current_page] => 1
    [total_pages] => 2
    [session_quantities_count] => 0
    [post_quantities_count] => 0
    [date_range] => 2026-02-27 to 2026-02-27
    [days_count] => 1
    [user_id] => 1
    [comp_id] => 1
    [license_type] => FL-II
    [allowed_classes] => Array
        (
            [0] => W
            [1] => V
            [2] => M
            [3] => F
            [4] => D
            [5] => K
            [6] => G
            [7] => R
            [8] => O
        )

    [end_date_day] => 27
    [closing_column] => DAY_27_CLOSING
    [end_date_month] => 2026-02
    [stock_filter] => > 0
    [daily_stock_table] => tbldailystock_1
    [table_suffix] => 
    [current_month] => 2026-02
    [has_restrictions] => 
    [available_dates] => Array
        (
            [0] => 2026-02-27
        )

    [unavailable_dates] => Array
        (
        )

    [dry_dates] => Array
        (
        )

    [latest_global_sale] => 
)

[2026-02-27 13:32:31] [INFO] === PAGE ACCESS ===
[2026-02-27 13:32:31] [INFO] Request method: GET
[2026-02-27 13:32:31] [INFO] Search term: ''
[2026-02-27 13:32:31] [INFO] Current session ID: 1uf36kmrk3ipmtbs10r7kf31oa
[2026-02-27 13:32:32] [INFO] Final session quantities count: 0
[2026-02-27 13:32:32] [INFO] Items in current view: 50
[2026-02-27 13:32:32] [INFO] Sales Page Load Debug Info:
Array
(
    [total_items] => 94
    [current_page] => 1
    [total_pages] => 2
    [session_quantities_count] => 0
    [post_quantities_count] => 0
    [date_range] => 2026-02-27 to 2026-02-27
    [days_count] => 1
    [user_id] => 1
    [comp_id] => 1
    [license_type] => FL-II
    [allowed_classes] => Array
        (
            [0] => W
            [1] => V
            [2] => M
            [3] => F
            [4] => D
            [5] => K
            [6] => G
            [7] => R
            [8] => O
        )

    [end_date_day] => 27
    [closing_column] => DAY_27_CLOSING
    [end_date_month] => 2026-02
    [stock_filter] => > 0
    [daily_stock_table] => tbldailystock_1
    [table_suffix] => 
    [current_month] => 2026-02
    [has_restrictions] => 
    [available_dates] => Array
        (
            [0] => 2026-02-27
        )

    [unavailable_dates] => Array
        (
        )

    [dry_dates] => Array
        (
        )

    [latest_global_sale] => 
)

[2026-02-27 13:32:36] [INFO] Session quantity updated: SCMPL0010694 = 0
[2026-02-27 13:32:36] [INFO] Session quantity updated: SCMPL0010694 = 0
[2026-02-27 13:32:37] [INFO] Session quantity updated: SCMPL0010694 = 46
[2026-02-27 13:32:37] [INFO] Session quantity updated: SCMPL0010694 = 46
[2026-02-27 13:32:41] [INFO] Starting daily stock update for item SCMPL0010694 sold on 2026-02-27 (Qty: 5)
[2026-02-27 13:32:41] [INFO] Recalculating stock from day 27 for item SCMPL0010694 in 2026-02 in table tbldailystock_1
[2026-02-27 13:32:42] [DEBUG] Day 27: Opening=46, Purchase=0, Sales=5, Closing=41
[2026-02-27 13:32:42] [DEBUG] Day 28: Opening=41, Purchase=0, Sales=0, Closing=41
[2026-02-27 13:32:42] [INFO] Completed recalculating stock for 2026-02 from day 27
[2026-02-27 13:32:42] [INFO] Starting cascading to current month for item SCMPL0010694 sold on 2026-02-27
[2026-02-27 13:32:42] [INFO] Daily stock updated successfully for item SCMPL0010694 on 2026-02-27 in table tbldailystock_1: Sales=5, Closing=41
[2026-02-27 13:32:42] [INFO] Starting daily stock update for item SCMPL0010694 sold on 2026-02-27 (Qty: 5)
[2026-02-27 13:32:42] [INFO] Recalculating stock from day 27 for item SCMPL0010694 in 2026-02 in table tbldailystock_1
[2026-02-27 13:32:42] [DEBUG] Day 27: Opening=46, Purchase=0, Sales=10, Closing=36
[2026-02-27 13:32:42] [DEBUG] Day 28: Opening=36, Purchase=0, Sales=0, Closing=36
[2026-02-27 13:32:42] [INFO] Completed recalculating stock for 2026-02 from day 27
[2026-02-27 13:32:42] [INFO] Starting cascading to current month for item SCMPL0010694 sold on 2026-02-27
[2026-02-27 13:32:42] [INFO] Daily stock updated successfully for item SCMPL0010694 on 2026-02-27 in table tbldailystock_1: Sales=10, Closing=36
[2026-02-27 13:32:42] [INFO] Starting daily stock update for item SCMPL0010694 sold on 2026-02-27 (Qty: 5)
[2026-02-27 13:32:42] [INFO] Recalculating stock from day 27 for item SCMPL0010694 in 2026-02 in table tbldailystock_1
[2026-02-27 13:32:42] [DEBUG] Day 27: Opening=46, Purchase=0, Sales=15, Closing=31
[2026-02-27 13:32:42] [DEBUG] Day 28: Opening=31, Purchase=0, Sales=0, Closing=31
[2026-02-27 13:32:42] [INFO] Completed recalculating stock for 2026-02 from day 27
[2026-02-27 13:32:42] [INFO] Starting cascading to current month for item SCMPL0010694 sold on 2026-02-27
[2026-02-27 13:32:42] [INFO] Daily stock updated successfully for item SCMPL0010694 on 2026-02-27 in table tbldailystock_1: Sales=15, Closing=31
[2026-02-27 13:32:42] [INFO] Starting daily stock update for item SCMPL0010694 sold on 2026-02-27 (Qty: 5)
[2026-02-27 13:32:42] [INFO] Recalculating stock from day 27 for item SCMPL0010694 in 2026-02 in table tbldailystock_1
[2026-02-27 13:32:42] [DEBUG] Day 27: Opening=46, Purchase=0, Sales=20, Closing=26
[2026-02-27 13:32:42] [DEBUG] Day 28: Opening=26, Purchase=0, Sales=0, Closing=26
[2026-02-27 13:32:42] [INFO] Completed recalculating stock for 2026-02 from day 27
[2026-02-27 13:32:42] [INFO] Starting cascading to current month for item SCMPL0010694 sold on 2026-02-27
[2026-02-27 13:32:42] [INFO] Daily stock updated successfully for item SCMPL0010694 on 2026-02-27 in table tbldailystock_1: Sales=20, Closing=26
[2026-02-27 13:32:42] [INFO] Starting daily stock update for item SCMPL0010694 sold on 2026-02-27 (Qty: 5)
[2026-02-27 13:32:42] [INFO] Recalculating stock from day 27 for item SCMPL0010694 in 2026-02 in table tbldailystock_1
[2026-02-27 13:32:42] [DEBUG] Day 27: Opening=46, Purchase=0, Sales=25, Closing=21
[2026-02-27 13:32:42] [DEBUG] Day 28: Opening=21, Purchase=0, Sales=0, Closing=21
[2026-02-27 13:32:42] [INFO] Completed recalculating stock for 2026-02 from day 27
[2026-02-27 13:32:42] [INFO] Starting cascading to current month for item SCMPL0010694 sold on 2026-02-27
[2026-02-27 13:32:42] [INFO] Daily stock updated successfully for item SCMPL0010694 on 2026-02-27 in table tbldailystock_1: Sales=25, Closing=21
[2026-02-27 13:32:42] [INFO] Starting daily stock update for item SCMPL0010694 sold on 2026-02-27 (Qty: 5)
[2026-02-27 13:32:42] [INFO] Recalculating stock from day 27 for item SCMPL0010694 in 2026-02 in table tbldailystock_1
[2026-02-27 13:32:42] [DEBUG] Day 27: Opening=46, Purchase=0, Sales=30, Closing=16
[2026-02-27 13:32:42] [DEBUG] Day 28: Opening=16, Purchase=0, Sales=0, Closing=16
[2026-02-27 13:32:42] [INFO] Completed recalculating stock for 2026-02 from day 27
[2026-02-27 13:32:42] [INFO] Starting cascading to current month for item SCMPL0010694 sold on 2026-02-27
[2026-02-27 13:32:42] [INFO] Daily stock updated successfully for item SCMPL0010694 on 2026-02-27 in table tbldailystock_1: Sales=30, Closing=16
[2026-02-27 13:32:42] [INFO] Starting daily stock update for item SCMPL0010694 sold on 2026-02-27 (Qty: 5)
[2026-02-27 13:32:42] [INFO] Recalculating stock from day 27 for item SCMPL0010694 in 2026-02 in table tbldailystock_1
[2026-02-27 13:32:42] [DEBUG] Day 27: Opening=46, Purchase=0, Sales=35, Closing=11
[2026-02-27 13:32:42] [DEBUG] Day 28: Opening=11, Purchase=0, Sales=0, Closing=11
[2026-02-27 13:32:42] [INFO] Completed recalculating stock for 2026-02 from day 27
[2026-02-27 13:32:42] [INFO] Starting cascading to current month for item SCMPL0010694 sold on 2026-02-27
[2026-02-27 13:32:42] [INFO] Daily stock updated successfully for item SCMPL0010694 on 2026-02-27 in table tbldailystock_1: Sales=35, Closing=11
[2026-02-27 13:32:42] [INFO] Starting daily stock update for item SCMPL0010694 sold on 2026-02-27 (Qty: 5)
[2026-02-27 13:32:42] [INFO] Recalculating stock from day 27 for item SCMPL0010694 in 2026-02 in table tbldailystock_1
[2026-02-27 13:32:42] [DEBUG] Day 27: Opening=46, Purchase=0, Sales=40, Closing=6
[2026-02-27 13:32:42] [DEBUG] Day 28: Opening=6, Purchase=0, Sales=0, Closing=6
[2026-02-27 13:32:42] [INFO] Completed recalculating stock for 2026-02 from day 27
[2026-02-27 13:32:42] [INFO] Starting cascading to current month for item SCMPL0010694 sold on 2026-02-27
[2026-02-27 13:32:42] [INFO] Daily stock updated successfully for item SCMPL0010694 on 2026-02-27 in table tbldailystock_1: Sales=40, Closing=6
[2026-02-27 13:32:42] [INFO] Starting daily stock update for item SCMPL0010694 sold on 2026-02-27 (Qty: 5)
[2026-02-27 13:32:42] [INFO] Recalculating stock from day 27 for item SCMPL0010694 in 2026-02 in table tbldailystock_1
[2026-02-27 13:32:42] [DEBUG] Day 27: Opening=46, Purchase=0, Sales=45, Closing=1
[2026-02-27 13:32:42] [DEBUG] Day 28: Opening=1, Purchase=0, Sales=0, Closing=1
[2026-02-27 13:32:42] [INFO] Completed recalculating stock for 2026-02 from day 27
[2026-02-27 13:32:42] [INFO] Starting cascading to current month for item SCMPL0010694 sold on 2026-02-27
[2026-02-27 13:32:42] [INFO] Daily stock updated successfully for item SCMPL0010694 on 2026-02-27 in table tbldailystock_1: Sales=45, Closing=1
[2026-02-27 13:32:42] [INFO] Starting daily stock update for item SCMPL0010694 sold on 2026-02-27 (Qty: 1)
[2026-02-27 13:32:42] [INFO] Recalculating stock from day 27 for item SCMPL0010694 in 2026-02 in table tbldailystock_1
[2026-02-27 13:32:42] [DEBUG] Day 27: Opening=46, Purchase=0, Sales=46, Closing=0
[2026-02-27 13:32:42] [DEBUG] Day 28: Opening=0, Purchase=0, Sales=0, Closing=0
[2026-02-27 13:32:42] [INFO] Completed recalculating stock for 2026-02 from day 27
[2026-02-27 13:32:42] [INFO] Starting cascading to current month for item SCMPL0010694 sold on 2026-02-27
[2026-02-27 13:32:42] [INFO] Daily stock updated successfully for item SCMPL0010694 on 2026-02-27 in table tbldailystock_1: Sales=46, Closing=0
[2026-02-27 13:32:42] [INFO] Session quantity updated: SCMPL0010694 = 46
[2026-02-27 13:32:43] [INFO] === PAGE ACCESS ===
[2026-02-27 13:32:43] [INFO] Request method: GET
[2026-02-27 13:32:43] [INFO] Search term: ''
[2026-02-27 13:32:43] [INFO] Current session ID: 1uf36kmrk3ipmtbs10r7kf31oa
[2026-02-27 13:32:43] [INFO] GLOBAL CHECK: Latest existing sale: 2026-02-27
[2026-02-27 13:32:43] [INFO] Available dates: 
[2026-02-27 13:32:43] [INFO] Unavailable dates (has existing sales): 2026-02-27
[2026-02-27 13:32:43] [INFO] Final session quantities count: 0
[2026-02-27 13:32:43] [INFO] Items in current view: 50
[2026-02-27 13:32:43] [INFO] Sales Page Load Debug Info:
Array
(
    [total_items] => 93
    [current_page] => 1
    [total_pages] => 2
    [session_quantities_count] => 0
    [post_quantities_count] => 0
    [date_range] => 2026-02-27 to 2026-02-27
    [days_count] => 1
    [user_id] => 1
    [comp_id] => 1
    [license_type] => FL-II
    [allowed_classes] => Array
        (
            [0] => W
            [1] => V
            [2] => M
            [3] => F
            [4] => D
            [5] => K
            [6] => G
            [7] => R
            [8] => O
        )

    [end_date_day] => 27
    [closing_column] => DAY_27_CLOSING
    [end_date_month] => 2026-02
    [stock_filter] => > 0
    [daily_stock_table] => tbldailystock_1
    [table_suffix] => 
    [current_month] => 2026-02
    [has_restrictions] => 1
    [available_dates] => Array
        (
        )

    [unavailable_dates] => Array
        (
            [0] => 2026-02-27
        )

    [dry_dates] => Array
        (
        )

    [latest_global_sale] => 2026-02-27
)

[2026-02-27 13:33:02] [INFO] === PAGE ACCESS ===
[2026-02-27 13:33:02] [INFO] Request method: GET
[2026-02-27 13:33:02] [INFO] Search term: ''
[2026-02-27 13:33:02] [INFO] Current session ID: 1uf36kmrk3ipmtbs10r7kf31oa
[2026-02-27 13:33:02] [INFO] Final session quantities count: 0
[2026-02-27 13:33:02] [INFO] Items in current view: 50
[2026-02-27 13:33:02] [INFO] Sales Page Load Debug Info:
Array
(
    [total_items] => 94
    [current_page] => 1
    [total_pages] => 2
    [session_quantities_count] => 0
    [post_quantities_count] => 0
    [date_range] => 2026-02-27 to 2026-02-27
    [days_count] => 1
    [user_id] => 1
    [comp_id] => 1
    [license_type] => FL-II
    [allowed_classes] => Array
        (
            [0] => W
            [1] => V
            [2] => M
            [3] => F
            [4] => D
            [5] => K
            [6] => G
            [7] => R
            [8] => O
        )

    [end_date_day] => 27
    [closing_column] => DAY_27_CLOSING
    [end_date_month] => 2026-02
    [stock_filter] => > 0
    [daily_stock_table] => tbldailystock_1
    [table_suffix] => 
    [current_month] => 2026-02
    [has_restrictions] => 
    [available_dates] => Array
        (
            [0] => 2026-02-27
        )

    [unavailable_dates] => Array
        (
        )

    [dry_dates] => Array
        (
        )

    [latest_global_sale] => 
)

[2026-02-27 13:33:05] [INFO] Session quantity updated: SCMPL0010694 = 0
[2026-02-27 13:33:05] [INFO] Session quantity updated: SCMPL0010694 = 0
[2026-02-27 13:33:06] [INFO] Session quantity updated: SCMPL0010694 = 3
[2026-02-27 13:33:06] [INFO] Session quantity updated: SCMPL0010694 = 33
[2026-02-27 13:33:07] [INFO] Session quantity updated: SCMPL0010694 = 33
[2026-02-27 13:33:08] [INFO] Session quantity updated: SCMPL0010694 = 3
[2026-02-27 13:33:08] [INFO] Session quantity updated: SCMPL0010694 = 33
[2026-02-27 13:33:08] [INFO] Session quantity updated: SCMPL0010694 = 46
[2026-02-27 13:33:09] [INFO] Session quantity updated: SCMPL0010694 = 46
[2026-02-27 13:33:09] [INFO] Session quantity updated: SCMPL0010696 = 1
[2026-02-27 13:33:10] [INFO] Session quantity updated: SCMPL0041500 = 1
[2026-02-27 13:33:11] [INFO] Session quantity updated: SCMPL0041503 = 33
[2026-02-27 13:33:12] [INFO] Session quantity updated: SCMPL0041503 = 44
[2026-02-27 13:33:13] [INFO] Session quantity updated: SCMPL0041503 = 44
[2026-02-27 13:33:13] [INFO] Session quantity updated: SCMPL0021774 = 32
[2026-02-27 13:33:14] [INFO] Session quantity updated: SCMPL0021774 = 32
[2026-02-27 13:33:15] [INFO] Session quantity updated: SCMKS0018283 = 1
[2026-02-27 13:33:16] [INFO] Session quantity updated: SCMPL0039775 = 1
[2026-02-27 13:33:17] [INFO] Session quantity updated: SCMPL0010619 = 19
[2026-02-27 13:33:17] [INFO] Session quantity updated: SCMKS0026876 = 21
[2026-02-27 13:33:18] [INFO] Session quantity updated: SCMKS0026876 = 21
[2026-02-27 13:33:18] [INFO] Session quantity updated: SCMKS0026876 = 21
[2026-02-27 13:33:19] [INFO] Session quantity updated: SCMIT0022719 = 10
[2026-02-27 13:33:20] [INFO] Session quantity updated: SCMBR0018137 = 33
[2026-02-27 13:33:20] [INFO] Session quantity updated: SCMBR0018137 = 145
[2026-02-27 13:33:21] [INFO] Session quantity updated: SCMBR0018137 = 145
[2026-02-27 13:33:22] [INFO] Session quantity updated: SCMBR0018137 = 145
[2026-02-27 13:33:24] [INFO] Starting daily stock update for item SCMKS0018283 sold on 2026-02-27 (Qty: 1)
[2026-02-27 13:33:24] [INFO] Recalculating stock from day 27 for item SCMKS0018283 in 2026-02 in table tbldailystock_1
[2026-02-27 13:33:24] [DEBUG] Day 27: Opening=1, Purchase=0, Sales=1, Closing=0
[2026-02-27 13:33:24] [DEBUG] Day 28: Opening=0, Purchase=0, Sales=0, Closing=0
[2026-02-27 13:33:24] [INFO] Completed recalculating stock for 2026-02 from day 27
[2026-02-27 13:33:24] [INFO] Starting cascading to current month for item SCMKS0018283 sold on 2026-02-27
[2026-02-27 13:33:24] [INFO] Daily stock updated successfully for item SCMKS0018283 on 2026-02-27 in table tbldailystock_1: Sales=1, Closing=0
[2026-02-27 13:33:24] [INFO] Starting daily stock update for item SCMIT0022719 sold on 2026-02-27 (Qty: 1)
[2026-02-27 13:33:24] [INFO] Recalculating stock from day 27 for item SCMIT0022719 in 2026-02 in table tbldailystock_1
[2026-02-27 13:33:24] [DEBUG] Day 27: Opening=10, Purchase=0, Sales=1, Closing=9
[2026-02-27 13:33:24] [DEBUG] Day 28: Opening=9, Purchase=0, Sales=0, Closing=9
[2026-02-27 13:33:24] [INFO] Completed recalculating stock for 2026-02 from day 27
[2026-02-27 13:33:24] [INFO] Starting cascading to current month for item SCMIT0022719 sold on 2026-02-27
[2026-02-27 13:33:24] [INFO] Daily stock updated successfully for item SCMIT0022719 on 2026-02-27 in table tbldailystock_1: Sales=1, Closing=9
[2026-02-27 13:33:24] [INFO] Starting daily stock update for item SCMIT0022719 sold on 2026-02-27 (Qty: 5)
[2026-02-27 13:33:24] [INFO] Recalculating stock from day 27 for item SCMIT0022719 in 2026-02 in table tbldailystock_1
[2026-02-27 13:33:24] [DEBUG] Day 27: Opening=10, Purchase=0, Sales=6, Closing=4
[2026-02-27 13:33:24] [DEBUG] Day 28: Opening=4, Purchase=0, Sales=0, Closing=4
[2026-02-27 13:33:24] [INFO] Completed recalculating stock for 2026-02 from day 27
[2026-02-27 13:33:24] [INFO] Starting cascading to current month for item SCMIT0022719 sold on 2026-02-27
[2026-02-27 13:33:24] [INFO] Daily stock updated successfully for item SCMIT0022719 on 2026-02-27 in table tbldailystock_1: Sales=6, Closing=4
[2026-02-27 13:33:24] [INFO] Starting daily stock update for item SCMIT0022719 sold on 2026-02-27 (Qty: 4)
[2026-02-27 13:33:24] [INFO] Recalculating stock from day 27 for item SCMIT0022719 in 2026-02 in table tbldailystock_1
[2026-02-27 13:33:24] [DEBUG] Day 27: Opening=10, Purchase=0, Sales=10, Closing=0
[2026-02-27 13:33:24] [DEBUG] Day 28: Opening=0, Purchase=0, Sales=0, Closing=0
[2026-02-27 13:33:24] [INFO] Completed recalculating stock for 2026-02 from day 27
[2026-02-27 13:33:24] [INFO] Starting cascading to current month for item SCMIT0022719 sold on 2026-02-27
[2026-02-27 13:33:24] [INFO] Daily stock updated successfully for item SCMIT0022719 on 2026-02-27 in table tbldailystock_1: Sales=10, Closing=0
[2026-02-27 13:33:24] [INFO] Starting daily stock update for item SCMKS0026876 sold on 2026-02-27 (Qty: 1)
[2026-02-27 13:33:24] [INFO] Recalculating stock from day 27 for item SCMKS0026876 in 2026-02 in table tbldailystock_1
[2026-02-27 13:33:24] [DEBUG] Day 27: Opening=21, Purchase=0, Sales=1, Closing=20
[2026-02-27 13:33:24] [DEBUG] Day 28: Opening=20, Purchase=0, Sales=0, Closing=20
[2026-02-27 13:33:24] [INFO] Completed recalculating stock for 2026-02 from day 27
[2026-02-27 13:33:24] [INFO] Starting cascading to current month for item SCMKS0026876 sold on 2026-02-27
[2026-02-27 13:33:24] [INFO] Daily stock updated successfully for item SCMKS0026876 on 2026-02-27 in table tbldailystock_1: Sales=1, Closing=20
[2026-02-27 13:33:24] [INFO] Starting daily stock update for item SCMKS0026876 sold on 2026-02-27 (Qty: 5)
[2026-02-27 13:33:24] [INFO] Recalculating stock from day 27 for item SCMKS0026876 in 2026-02 in table tbldailystock_1
[2026-02-27 13:33:25] [DEBUG] Day 27: Opening=21, Purchase=0, Sales=6, Closing=15
[2026-02-27 13:33:25] [DEBUG] Day 28: Opening=15, Purchase=0, Sales=0, Closing=15
[2026-02-27 13:33:25] [INFO] Completed recalculating stock for 2026-02 from day 27
[2026-02-27 13:33:25] [INFO] Starting cascading to current month for item SCMKS0026876 sold on 2026-02-27
[2026-02-27 13:33:25] [INFO] Daily stock updated successfully for item SCMKS0026876 on 2026-02-27 in table tbldailystock_1: Sales=6, Closing=15
[2026-02-27 13:33:25] [INFO] Starting daily stock update for item SCMKS0026876 sold on 2026-02-27 (Qty: 5)
[2026-02-27 13:33:25] [INFO] Recalculating stock from day 27 for item SCMKS0026876 in 2026-02 in table tbldailystock_1
[2026-02-27 13:33:25] [DEBUG] Day 27: Opening=21, Purchase=0, Sales=11, Closing=10
[2026-02-27 13:33:25] [DEBUG] Day 28: Opening=10, Purchase=0, Sales=0, Closing=10
[2026-02-27 13:33:25] [INFO] Completed recalculating stock for 2026-02 from day 27
[2026-02-27 13:33:25] [INFO] Starting cascading to current month for item SCMKS0026876 sold on 2026-02-27
[2026-02-27 13:33:25] [INFO] Daily stock updated successfully for item SCMKS0026876 on 2026-02-27 in table tbldailystock_1: Sales=11, Closing=10
[2026-02-27 13:33:25] [INFO] Starting daily stock update for item SCMKS0026876 sold on 2026-02-27 (Qty: 5)
[2026-02-27 13:33:25] [INFO] Recalculating stock from day 27 for item SCMKS0026876 in 2026-02 in table tbldailystock_1
[2026-02-27 13:33:25] [DEBUG] Day 27: Opening=21, Purchase=0, Sales=16, Closing=5
[2026-02-27 13:33:25] [DEBUG] Day 28: Opening=5, Purchase=0, Sales=0, Closing=5
[2026-02-27 13:33:25] [INFO] Completed recalculating stock for 2026-02 from day 27
[2026-02-27 13:33:25] [INFO] Starting cascading to current month for item SCMKS0026876 sold on 2026-02-27
[2026-02-27 13:33:25] [INFO] Daily stock updated successfully for item SCMKS0026876 on 2026-02-27 in table tbldailystock_1: Sales=16, Closing=5
[2026-02-27 13:33:25] [INFO] Starting daily stock update for item SCMKS0026876 sold on 2026-02-27 (Qty: 5)
[2026-02-27 13:33:25] [INFO] Recalculating stock from day 27 for item SCMKS0026876 in 2026-02 in table tbldailystock_1
[2026-02-27 13:33:25] [DEBUG] Day 27: Opening=21, Purchase=0, Sales=21, Closing=0
[2026-02-27 13:33:25] [DEBUG] Day 28: Opening=0, Purchase=0, Sales=0, Closing=0
[2026-02-27 13:33:25] [INFO] Completed recalculating stock for 2026-02 from day 27
[2026-02-27 13:33:25] [INFO] Starting cascading to current month for item SCMKS0026876 sold on 2026-02-27
[2026-02-27 13:33:25] [INFO] Daily stock updated successfully for item SCMKS0026876 on 2026-02-27 in table tbldailystock_1: Sales=21, Closing=0
[2026-02-27 13:33:25] [INFO] Starting daily stock update for item SCMPL0010619 sold on 2026-02-27 (Qty: 5)
[2026-02-27 13:33:25] [INFO] Recalculating stock from day 27 for item SCMPL0010619 in 2026-02 in table tbldailystock_1
[2026-02-27 13:33:25] [DEBUG] Day 27: Opening=19, Purchase=0, Sales=5, Closing=14
[2026-02-27 13:33:25] [DEBUG] Day 28: Opening=14, Purchase=0, Sales=0, Closing=14
[2026-02-27 13:33:25] [INFO] Completed recalculating stock for 2026-02 from day 27
[2026-02-27 13:33:25] [INFO] Starting cascading to current month for item SCMPL0010619 sold on 2026-02-27
[2026-02-27 13:33:25] [INFO] Daily stock updated successfully for item SCMPL0010619 on 2026-02-27 in table tbldailystock_1: Sales=5, Closing=14
[2026-02-27 13:33:25] [INFO] Starting daily stock update for item SCMPL0010619 sold on 2026-02-27 (Qty: 5)
[2026-02-27 13:33:25] [INFO] Recalculating stock from day 27 for item SCMPL0010619 in 2026-02 in table tbldailystock_1
[2026-02-27 13:33:25] [DEBUG] Day 27: Opening=19, Purchase=0, Sales=10, Closing=9
[2026-02-27 13:33:25] [DEBUG] Day 28: Opening=9, Purchase=0, Sales=0, Closing=9
[2026-02-27 13:33:25] [INFO] Completed recalculating stock for 2026-02 from day 27
[2026-02-27 13:33:25] [INFO] Starting cascading to current month for item SCMPL0010619 sold on 2026-02-27
[2026-02-27 13:33:25] [INFO] Daily stock updated successfully for item SCMPL0010619 on 2026-02-27 in table tbldailystock_1: Sales=10, Closing=9
[2026-02-27 13:33:25] [INFO] Starting daily stock update for item SCMPL0010619 sold on 2026-02-27 (Qty: 5)
[2026-02-27 13:33:25] [INFO] Recalculating stock from day 27 for item SCMPL0010619 in 2026-02 in table tbldailystock_1
[2026-02-27 13:33:25] [DEBUG] Day 27: Opening=19, Purchase=0, Sales=15, Closing=4
[2026-02-27 13:33:25] [DEBUG] Day 28: Opening=4, Purchase=0, Sales=0, Closing=4
[2026-02-27 13:33:25] [INFO] Completed recalculating stock for 2026-02 from day 27
[2026-02-27 13:33:25] [INFO] Starting cascading to current month for item SCMPL0010619 sold on 2026-02-27
[2026-02-27 13:33:25] [INFO] Daily stock updated successfully for item SCMPL0010619 on 2026-02-27 in table tbldailystock_1: Sales=15, Closing=4
[2026-02-27 13:33:25] [INFO] Starting daily stock update for item SCMPL0010619 sold on 2026-02-27 (Qty: 4)
[2026-02-27 13:33:25] [INFO] Recalculating stock from day 27 for item SCMPL0010619 in 2026-02 in table tbldailystock_1
[2026-02-27 13:33:25] [DEBUG] Day 27: Opening=19, Purchase=0, Sales=19, Closing=0
[2026-02-27 13:33:25] [DEBUG] Day 28: Opening=0, Purchase=0, Sales=0, Closing=0
[2026-02-27 13:33:25] [INFO] Completed recalculating stock for 2026-02 from day 27
[2026-02-27 13:33:25] [INFO] Starting cascading to current month for item SCMPL0010619 sold on 2026-02-27
[2026-02-27 13:33:25] [INFO] Daily stock updated successfully for item SCMPL0010619 on 2026-02-27 in table tbldailystock_1: Sales=19, Closing=0
[2026-02-27 13:33:25] [INFO] Starting daily stock update for item SCMPL0010694 sold on 2026-02-27 (Qty: 1)
[2026-02-27 13:33:25] [INFO] Recalculating stock from day 27 for item SCMPL0010694 in 2026-02 in table tbldailystock_1
[2026-02-27 13:33:25] [DEBUG] Day 27: Opening=46, Purchase=0, Sales=1, Closing=45
[2026-02-27 13:33:25] [DEBUG] Day 28: Opening=45, Purchase=0, Sales=0, Closing=45
[2026-02-27 13:33:25] [INFO] Completed recalculating stock for 2026-02 from day 27
[2026-02-27 13:33:25] [INFO] Starting cascading to current month for item SCMPL0010694 sold on 2026-02-27
[2026-02-27 13:33:25] [INFO] Daily stock updated successfully for item SCMPL0010694 on 2026-02-27 in table tbldailystock_1: Sales=1, Closing=45
[2026-02-27 13:33:25] [INFO] Starting daily stock update for item SCMPL0010694 sold on 2026-02-27 (Qty: 5)
[2026-02-27 13:33:25] [INFO] Recalculating stock from day 27 for item SCMPL0010694 in 2026-02 in table tbldailystock_1
[2026-02-27 13:33:25] [DEBUG] Day 27: Opening=46, Purchase=0, Sales=6, Closing=40
[2026-02-27 13:33:25] [DEBUG] Day 28: Opening=40, Purchase=0, Sales=0, Closing=40
[2026-02-27 13:33:25] [INFO] Completed recalculating stock for 2026-02 from day 27
[2026-02-27 13:33:25] [INFO] Starting cascading to current month for item SCMPL0010694 sold on 2026-02-27
[2026-02-27 13:33:25] [INFO] Daily stock updated successfully for item SCMPL0010694 on 2026-02-27 in table tbldailystock_1: Sales=6, Closing=40
[2026-02-27 13:33:25] [INFO] Starting daily stock update for item SCMPL0010694 sold on 2026-02-27 (Qty: 5)
[2026-02-27 13:33:25] [INFO] Recalculating stock from day 27 for item SCMPL0010694 in 2026-02 in table tbldailystock_1
[2026-02-27 13:33:25] [DEBUG] Day 27: Opening=46, Purchase=0, Sales=11, Closing=35
[2026-02-27 13:33:25] [DEBUG] Day 28: Opening=35, Purchase=0, Sales=0, Closing=35
[2026-02-27 13:33:25] [INFO] Completed recalculating stock for 2026-02 from day 27
[2026-02-27 13:33:25] [INFO] Starting cascading to current month for item SCMPL0010694 sold on 2026-02-27
[2026-02-27 13:33:25] [INFO] Daily stock updated successfully for item SCMPL0010694 on 2026-02-27 in table tbldailystock_1: Sales=11, Closing=35
[2026-02-27 13:33:25] [INFO] Starting daily stock update for item SCMPL0010694 sold on 2026-02-27 (Qty: 5)
[2026-02-27 13:33:25] [INFO] Recalculating stock from day 27 for item SCMPL0010694 in 2026-02 in table tbldailystock_1
[2026-02-27 13:33:25] [DEBUG] Day 27: Opening=46, Purchase=0, Sales=16, Closing=30
[2026-02-27 13:33:25] [DEBUG] Day 28: Opening=30, Purchase=0, Sales=0, Closing=30
[2026-02-27 13:33:25] [INFO] Completed recalculating stock for 2026-02 from day 27
[2026-02-27 13:33:25] [INFO] Starting cascading to current month for item SCMPL0010694 sold on 2026-02-27
[2026-02-27 13:33:25] [INFO] Daily stock updated successfully for item SCMPL0010694 on 2026-02-27 in table tbldailystock_1: Sales=16, Closing=30
[2026-02-27 13:33:25] [INFO] Starting daily stock update for item SCMPL0010694 sold on 2026-02-27 (Qty: 5)
[2026-02-27 13:33:25] [INFO] Recalculating stock from day 27 for item SCMPL0010694 in 2026-02 in table tbldailystock_1
[2026-02-27 13:33:25] [DEBUG] Day 27: Opening=46, Purchase=0, Sales=21, Closing=25
[2026-02-27 13:33:25] [DEBUG] Day 28: Opening=25, Purchase=0, Sales=0, Closing=25
[2026-02-27 13:33:25] [INFO] Completed recalculating stock for 2026-02 from day 27
[2026-02-27 13:33:25] [INFO] Starting cascading to current month for item SCMPL0010694 sold on 2026-02-27
[2026-02-27 13:33:25] [INFO] Daily stock updated successfully for item SCMPL0010694 on 2026-02-27 in table tbldailystock_1: Sales=21, Closing=25
[2026-02-27 13:33:25] [INFO] Starting daily stock update for item SCMPL0010694 sold on 2026-02-27 (Qty: 5)
[2026-02-27 13:33:25] [INFO] Recalculating stock from day 27 for item SCMPL0010694 in 2026-02 in table tbldailystock_1
[2026-02-27 13:33:26] [DEBUG] Day 27: Opening=46, Purchase=0, Sales=26, Closing=20
[2026-02-27 13:33:26] [DEBUG] Day 28: Opening=20, Purchase=0, Sales=0, Closing=20
[2026-02-27 13:33:26] [INFO] Completed recalculating stock for 2026-02 from day 27
[2026-02-27 13:33:26] [INFO] Starting cascading to current month for item SCMPL0010694 sold on 2026-02-27
[2026-02-27 13:33:26] [INFO] Daily stock updated successfully for item SCMPL0010694 on 2026-02-27 in table tbldailystock_1: Sales=26, Closing=20
[2026-02-27 13:33:26] [INFO] Starting daily stock update for item SCMPL0010694 sold on 2026-02-27 (Qty: 5)
[2026-02-27 13:33:26] [INFO] Recalculating stock from day 27 for item SCMPL0010694 in 2026-02 in table tbldailystock_1
[2026-02-27 13:33:26] [DEBUG] Day 27: Opening=46, Purchase=0, Sales=31, Closing=15
[2026-02-27 13:33:26] [DEBUG] Day 28: Opening=15, Purchase=0, Sales=0, Closing=15
[2026-02-27 13:33:26] [INFO] Completed recalculating stock for 2026-02 from day 27
[2026-02-27 13:33:26] [INFO] Starting cascading to current month for item SCMPL0010694 sold on 2026-02-27
[2026-02-27 13:33:26] [INFO] Daily stock updated successfully for item SCMPL0010694 on 2026-02-27 in table tbldailystock_1: Sales=31, Closing=15
[2026-02-27 13:33:26] [INFO] Starting daily stock update for item SCMPL0010694 sold on 2026-02-27 (Qty: 5)
[2026-02-27 13:33:26] [INFO] Recalculating stock from day 27 for item SCMPL0010694 in 2026-02 in table tbldailystock_1
[2026-02-27 13:33:26] [DEBUG] Day 27: Opening=46, Purchase=0, Sales=36, Closing=10
[2026-02-27 13:33:26] [DEBUG] Day 28: Opening=10, Purchase=0, Sales=0, Closing=10
[2026-02-27 13:33:26] [INFO] Completed recalculating stock for 2026-02 from day 27
[2026-02-27 13:33:26] [INFO] Starting cascading to current month for item SCMPL0010694 sold on 2026-02-27
[2026-02-27 13:33:26] [INFO] Daily stock updated successfully for item SCMPL0010694 on 2026-02-27 in table tbldailystock_1: Sales=36, Closing=10
[2026-02-27 13:33:26] [INFO] Starting daily stock update for item SCMPL0010694 sold on 2026-02-27 (Qty: 5)
[2026-02-27 13:33:26] [INFO] Recalculating stock from day 27 for item SCMPL0010694 in 2026-02 in table tbldailystock_1
[2026-02-27 13:33:26] [DEBUG] Day 27: Opening=46, Purchase=0, Sales=41, Closing=5
[2026-02-27 13:33:26] [DEBUG] Day 28: Opening=5, Purchase=0, Sales=0, Closing=5
[2026-02-27 13:33:26] [INFO] Completed recalculating stock for 2026-02 from day 27
[2026-02-27 13:33:26] [INFO] Starting cascading to current month for item SCMPL0010694 sold on 2026-02-27
[2026-02-27 13:33:26] [INFO] Daily stock updated successfully for item SCMPL0010694 on 2026-02-27 in table tbldailystock_1: Sales=41, Closing=5
[2026-02-27 13:33:26] [INFO] Starting daily stock update for item SCMPL0010694 sold on 2026-02-27 (Qty: 5)
[2026-02-27 13:33:26] [INFO] Recalculating stock from day 27 for item SCMPL0010694 in 2026-02 in table tbldailystock_1
[2026-02-27 13:33:26] [DEBUG] Day 27: Opening=46, Purchase=0, Sales=46, Closing=0
[2026-02-27 13:33:26] [DEBUG] Day 28: Opening=0, Purchase=0, Sales=0, Closing=0
[2026-02-27 13:33:26] [INFO] Completed recalculating stock for 2026-02 from day 27
[2026-02-27 13:33:26] [INFO] Starting cascading to current month for item SCMPL0010694 sold on 2026-02-27
[2026-02-27 13:33:26] [INFO] Daily stock updated successfully for item SCMPL0010694 on 2026-02-27 in table tbldailystock_1: Sales=46, Closing=0
[2026-02-27 13:33:26] [INFO] Starting daily stock update for item SCMPL0039775 sold on 2026-02-27 (Qty: 1)
[2026-02-27 13:33:26] [INFO] Recalculating stock from day 27 for item SCMPL0039775 in 2026-02 in table tbldailystock_1
[2026-02-27 13:33:26] [DEBUG] Day 27: Opening=1, Purchase=0, Sales=1, Closing=0
[2026-02-27 13:33:26] [DEBUG] Day 28: Opening=0, Purchase=0, Sales=0, Closing=0
[2026-02-27 13:33:26] [INFO] Completed recalculating stock for 2026-02 from day 27
[2026-02-27 13:33:26] [INFO] Starting cascading to current month for item SCMPL0039775 sold on 2026-02-27
[2026-02-27 13:33:26] [INFO] Daily stock updated successfully for item SCMPL0039775 on 2026-02-27 in table tbldailystock_1: Sales=1, Closing=0
[2026-02-27 13:33:26] [INFO] Starting daily stock update for item SCMPL0041503 sold on 2026-02-27 (Qty: 4)
[2026-02-27 13:33:26] [INFO] Recalculating stock from day 27 for item SCMPL0041503 in 2026-02 in table tbldailystock_1
[2026-02-27 13:33:26] [DEBUG] Day 27: Opening=44, Purchase=0, Sales=4, Closing=40
[2026-02-27 13:33:26] [DEBUG] Day 28: Opening=40, Purchase=0, Sales=0, Closing=40
[2026-02-27 13:33:26] [INFO] Completed recalculating stock for 2026-02 from day 27
[2026-02-27 13:33:26] [INFO] Starting cascading to current month for item SCMPL0041503 sold on 2026-02-27
[2026-02-27 13:33:26] [INFO] Daily stock updated successfully for item SCMPL0041503 on 2026-02-27 in table tbldailystock_1: Sales=4, Closing=40
[2026-02-27 13:33:26] [INFO] Starting daily stock update for item SCMPL0041503 sold on 2026-02-27 (Qty: 5)
[2026-02-27 13:33:26] [INFO] Recalculating stock from day 27 for item SCMPL0041503 in 2026-02 in table tbldailystock_1
[2026-02-27 13:33:26] [DEBUG] Day 27: Opening=44, Purchase=0, Sales=9, Closing=35
[2026-02-27 13:33:26] [DEBUG] Day 28: Opening=35, Purchase=0, Sales=0, Closing=35
[2026-02-27 13:33:26] [INFO] Completed recalculating stock for 2026-02 from day 27
[2026-02-27 13:33:26] [INFO] Starting cascading to current month for item SCMPL0041503 sold on 2026-02-27
[2026-02-27 13:33:26] [INFO] Daily stock updated successfully for item SCMPL0041503 on 2026-02-27 in table tbldailystock_1: Sales=9, Closing=35
[2026-02-27 13:33:26] [INFO] Starting daily stock update for item SCMPL0041503 sold on 2026-02-27 (Qty: 5)
[2026-02-27 13:33:26] [INFO] Recalculating stock from day 27 for item SCMPL0041503 in 2026-02 in table tbldailystock_1
[2026-02-27 13:33:26] [DEBUG] Day 27: Opening=44, Purchase=0, Sales=14, Closing=30
[2026-02-27 13:33:26] [DEBUG] Day 28: Opening=30, Purchase=0, Sales=0, Closing=30
[2026-02-27 13:33:26] [INFO] Completed recalculating stock for 2026-02 from day 27
[2026-02-27 13:33:26] [INFO] Starting cascading to current month for item SCMPL0041503 sold on 2026-02-27
[2026-02-27 13:33:26] [INFO] Daily stock updated successfully for item SCMPL0041503 on 2026-02-27 in table tbldailystock_1: Sales=14, Closing=30
[2026-02-27 13:33:26] [INFO] Starting daily stock update for item SCMPL0041503 sold on 2026-02-27 (Qty: 5)
[2026-02-27 13:33:26] [INFO] Recalculating stock from day 27 for item SCMPL0041503 in 2026-02 in table tbldailystock_1
[2026-02-27 13:33:26] [DEBUG] Day 27: Opening=44, Purchase=0, Sales=19, Closing=25
[2026-02-27 13:33:26] [DEBUG] Day 28: Opening=25, Purchase=0, Sales=0, Closing=25
[2026-02-27 13:33:26] [INFO] Completed recalculating stock for 2026-02 from day 27
[2026-02-27 13:33:26] [INFO] Starting cascading to current month for item SCMPL0041503 sold on 2026-02-27
[2026-02-27 13:33:26] [INFO] Daily stock updated successfully for item SCMPL0041503 on 2026-02-27 in table tbldailystock_1: Sales=19, Closing=25
[2026-02-27 13:33:26] [INFO] Starting daily stock update for item SCMPL0041503 sold on 2026-02-27 (Qty: 5)
[2026-02-27 13:33:26] [INFO] Recalculating stock from day 27 for item SCMPL0041503 in 2026-02 in table tbldailystock_1
[2026-02-27 13:33:26] [DEBUG] Day 27: Opening=44, Purchase=0, Sales=24, Closing=20
[2026-02-27 13:33:26] [DEBUG] Day 28: Opening=20, Purchase=0, Sales=0, Closing=20
[2026-02-27 13:33:26] [INFO] Completed recalculating stock for 2026-02 from day 27
[2026-02-27 13:33:26] [INFO] Starting cascading to current month for item SCMPL0041503 sold on 2026-02-27
[2026-02-27 13:33:26] [INFO] Daily stock updated successfully for item SCMPL0041503 on 2026-02-27 in table tbldailystock_1: Sales=24, Closing=20
[2026-02-27 13:33:26] [INFO] Starting daily stock update for item SCMPL0041503 sold on 2026-02-27 (Qty: 5)
[2026-02-27 13:33:26] [INFO] Recalculating stock from day 27 for item SCMPL0041503 in 2026-02 in table tbldailystock_1
[2026-02-27 13:33:27] [DEBUG] Day 27: Opening=44, Purchase=0, Sales=29, Closing=15
[2026-02-27 13:33:27] [DEBUG] Day 28: Opening=15, Purchase=0, Sales=0, Closing=15
[2026-02-27 13:33:27] [INFO] Completed recalculating stock for 2026-02 from day 27
[2026-02-27 13:33:27] [INFO] Starting cascading to current month for item SCMPL0041503 sold on 2026-02-27
[2026-02-27 13:33:27] [INFO] Daily stock updated successfully for item SCMPL0041503 on 2026-02-27 in table tbldailystock_1: Sales=29, Closing=15
[2026-02-27 13:33:27] [INFO] Starting daily stock update for item SCMPL0041503 sold on 2026-02-27 (Qty: 5)
[2026-02-27 13:33:27] [INFO] Recalculating stock from day 27 for item SCMPL0041503 in 2026-02 in table tbldailystock_1
[2026-02-27 13:33:27] [DEBUG] Day 27: Opening=44, Purchase=0, Sales=34, Closing=10
[2026-02-27 13:33:27] [DEBUG] Day 28: Opening=10, Purchase=0, Sales=0, Closing=10
[2026-02-27 13:33:27] [INFO] Completed recalculating stock for 2026-02 from day 27
[2026-02-27 13:33:27] [INFO] Starting cascading to current month for item SCMPL0041503 sold on 2026-02-27
[2026-02-27 13:33:27] [INFO] Daily stock updated successfully for item SCMPL0041503 on 2026-02-27 in table tbldailystock_1: Sales=34, Closing=10
[2026-02-27 13:33:27] [INFO] Starting daily stock update for item SCMPL0041503 sold on 2026-02-27 (Qty: 5)
[2026-02-27 13:33:27] [INFO] Recalculating stock from day 27 for item SCMPL0041503 in 2026-02 in table tbldailystock_1
[2026-02-27 13:33:27] [DEBUG] Day 27: Opening=44, Purchase=0, Sales=39, Closing=5
[2026-02-27 13:33:27] [DEBUG] Day 28: Opening=5, Purchase=0, Sales=0, Closing=5
[2026-02-27 13:33:27] [INFO] Completed recalculating stock for 2026-02 from day 27
[2026-02-27 13:33:27] [INFO] Starting cascading to current month for item SCMPL0041503 sold on 2026-02-27
[2026-02-27 13:33:27] [INFO] Daily stock updated successfully for item SCMPL0041503 on 2026-02-27 in table tbldailystock_1: Sales=39, Closing=5
[2026-02-27 13:33:27] [INFO] Starting daily stock update for item SCMPL0041503 sold on 2026-02-27 (Qty: 5)
[2026-02-27 13:33:27] [INFO] Recalculating stock from day 27 for item SCMPL0041503 in 2026-02 in table tbldailystock_1
[2026-02-27 13:33:27] [DEBUG] Day 27: Opening=44, Purchase=0, Sales=44, Closing=0
[2026-02-27 13:33:27] [DEBUG] Day 28: Opening=0, Purchase=0, Sales=0, Closing=0
[2026-02-27 13:33:27] [INFO] Completed recalculating stock for 2026-02 from day 27
[2026-02-27 13:33:27] [INFO] Starting cascading to current month for item SCMPL0041503 sold on 2026-02-27
[2026-02-27 13:33:27] [INFO] Daily stock updated successfully for item SCMPL0041503 on 2026-02-27 in table tbldailystock_1: Sales=44, Closing=0
[2026-02-27 13:33:27] [INFO] Starting daily stock update for item SCMPL0021774 sold on 2026-02-27 (Qty: 3)
[2026-02-27 13:33:27] [INFO] Recalculating stock from day 27 for item SCMPL0021774 in 2026-02 in table tbldailystock_1
[2026-02-27 13:33:27] [DEBUG] Day 27: Opening=32, Purchase=0, Sales=3, Closing=29
[2026-02-27 13:33:27] [DEBUG] Day 28: Opening=29, Purchase=0, Sales=0, Closing=29
[2026-02-27 13:33:27] [INFO] Completed recalculating stock for 2026-02 from day 27
[2026-02-27 13:33:27] [INFO] Starting cascading to current month for item SCMPL0021774 sold on 2026-02-27
[2026-02-27 13:33:27] [INFO] Daily stock updated successfully for item SCMPL0021774 on 2026-02-27 in table tbldailystock_1: Sales=3, Closing=29
[2026-02-27 13:33:27] [INFO] Starting daily stock update for item SCMPL0021774 sold on 2026-02-27 (Qty: 3)
[2026-02-27 13:33:27] [INFO] Recalculating stock from day 27 for item SCMPL0021774 in 2026-02 in table tbldailystock_1
[2026-02-27 13:33:27] [DEBUG] Day 27: Opening=32, Purchase=0, Sales=6, Closing=26
[2026-02-27 13:33:27] [DEBUG] Day 28: Opening=26, Purchase=0, Sales=0, Closing=26
[2026-02-27 13:33:27] [INFO] Completed recalculating stock for 2026-02 from day 27
[2026-02-27 13:33:27] [INFO] Starting cascading to current month for item SCMPL0021774 sold on 2026-02-27
[2026-02-27 13:33:27] [INFO] Daily stock updated successfully for item SCMPL0021774 on 2026-02-27 in table tbldailystock_1: Sales=6, Closing=26
[2026-02-27 13:33:27] [INFO] Starting daily stock update for item SCMPL0021774 sold on 2026-02-27 (Qty: 3)
[2026-02-27 13:33:27] [INFO] Recalculating stock from day 27 for item SCMPL0021774 in 2026-02 in table tbldailystock_1
[2026-02-27 13:33:27] [DEBUG] Day 27: Opening=32, Purchase=0, Sales=9, Closing=23
[2026-02-27 13:33:27] [DEBUG] Day 28: Opening=23, Purchase=0, Sales=0, Closing=23
[2026-02-27 13:33:27] [INFO] Completed recalculating stock for 2026-02 from day 27
[2026-02-27 13:33:27] [INFO] Starting cascading to current month for item SCMPL0021774 sold on 2026-02-27
[2026-02-27 13:33:27] [INFO] Daily stock updated successfully for item SCMPL0021774 on 2026-02-27 in table tbldailystock_1: Sales=9, Closing=23
[2026-02-27 13:33:27] [INFO] Starting daily stock update for item SCMPL0021774 sold on 2026-02-27 (Qty: 3)
[2026-02-27 13:33:27] [INFO] Recalculating stock from day 27 for item SCMPL0021774 in 2026-02 in table tbldailystock_1
[2026-02-27 13:33:27] [DEBUG] Day 27: Opening=32, Purchase=0, Sales=12, Closing=20
[2026-02-27 13:33:27] [DEBUG] Day 28: Opening=20, Purchase=0, Sales=0, Closing=20
[2026-02-27 13:33:27] [INFO] Completed recalculating stock for 2026-02 from day 27
[2026-02-27 13:33:27] [INFO] Starting cascading to current month for item SCMPL0021774 sold on 2026-02-27
[2026-02-27 13:33:27] [INFO] Daily stock updated successfully for item SCMPL0021774 on 2026-02-27 in table tbldailystock_1: Sales=12, Closing=20
[2026-02-27 13:33:27] [INFO] Starting daily stock update for item SCMPL0021774 sold on 2026-02-27 (Qty: 3)
[2026-02-27 13:33:27] [INFO] Recalculating stock from day 27 for item SCMPL0021774 in 2026-02 in table tbldailystock_1
[2026-02-27 13:33:27] [DEBUG] Day 27: Opening=32, Purchase=0, Sales=15, Closing=17
[2026-02-27 13:33:27] [DEBUG] Day 28: Opening=17, Purchase=0, Sales=0, Closing=17
[2026-02-27 13:33:27] [INFO] Completed recalculating stock for 2026-02 from day 27
[2026-02-27 13:33:27] [INFO] Starting cascading to current month for item SCMPL0021774 sold on 2026-02-27
[2026-02-27 13:33:27] [INFO] Daily stock updated successfully for item SCMPL0021774 on 2026-02-27 in table tbldailystock_1: Sales=15, Closing=17
[2026-02-27 13:33:27] [INFO] Starting daily stock update for item SCMPL0021774 sold on 2026-02-27 (Qty: 3)
[2026-02-27 13:33:27] [INFO] Recalculating stock from day 27 for item SCMPL0021774 in 2026-02 in table tbldailystock_1
[2026-02-27 13:33:27] [DEBUG] Day 27: Opening=32, Purchase=0, Sales=18, Closing=14
[2026-02-27 13:33:28] [DEBUG] Day 28: Opening=14, Purchase=0, Sales=0, Closing=14
[2026-02-27 13:33:28] [INFO] Completed recalculating stock for 2026-02 from day 27
[2026-02-27 13:33:28] [INFO] Starting cascading to current month for item SCMPL0021774 sold on 2026-02-27
[2026-02-27 13:33:28] [INFO] Daily stock updated successfully for item SCMPL0021774 on 2026-02-27 in table tbldailystock_1: Sales=18, Closing=14
[2026-02-27 13:33:28] [INFO] Starting daily stock update for item SCMPL0021774 sold on 2026-02-27 (Qty: 3)
[2026-02-27 13:33:28] [INFO] Recalculating stock from day 27 for item SCMPL0021774 in 2026-02 in table tbldailystock_1
[2026-02-27 13:33:28] [DEBUG] Day 27: Opening=32, Purchase=0, Sales=21, Closing=11
[2026-02-27 13:33:28] [DEBUG] Day 28: Opening=11, Purchase=0, Sales=0, Closing=11
[2026-02-27 13:33:28] [INFO] Completed recalculating stock for 2026-02 from day 27
[2026-02-27 13:33:28] [INFO] Starting cascading to current month for item SCMPL0021774 sold on 2026-02-27
[2026-02-27 13:33:28] [INFO] Daily stock updated successfully for item SCMPL0021774 on 2026-02-27 in table tbldailystock_1: Sales=21, Closing=11
[2026-02-27 13:33:28] [INFO] Starting daily stock update for item SCMPL0021774 sold on 2026-02-27 (Qty: 3)
[2026-02-27 13:33:28] [INFO] Recalculating stock from day 27 for item SCMPL0021774 in 2026-02 in table tbldailystock_1
[2026-02-27 13:33:28] [DEBUG] Day 27: Opening=32, Purchase=0, Sales=24, Closing=8
[2026-02-27 13:33:28] [DEBUG] Day 28: Opening=8, Purchase=0, Sales=0, Closing=8
[2026-02-27 13:33:28] [INFO] Completed recalculating stock for 2026-02 from day 27
[2026-02-27 13:33:28] [INFO] Starting cascading to current month for item SCMPL0021774 sold on 2026-02-27
[2026-02-27 13:33:28] [INFO] Daily stock updated successfully for item SCMPL0021774 on 2026-02-27 in table tbldailystock_1: Sales=24, Closing=8
[2026-02-27 13:33:28] [INFO] Starting daily stock update for item SCMPL0021774 sold on 2026-02-27 (Qty: 3)
[2026-02-27 13:33:28] [INFO] Recalculating stock from day 27 for item SCMPL0021774 in 2026-02 in table tbldailystock_1
[2026-02-27 13:33:28] [DEBUG] Day 27: Opening=32, Purchase=0, Sales=27, Closing=5
[2026-02-27 13:33:28] [DEBUG] Day 28: Opening=5, Purchase=0, Sales=0, Closing=5
[2026-02-27 13:33:28] [INFO] Completed recalculating stock for 2026-02 from day 27
[2026-02-27 13:33:28] [INFO] Starting cascading to current month for item SCMPL0021774 sold on 2026-02-27
[2026-02-27 13:33:28] [INFO] Daily stock updated successfully for item SCMPL0021774 on 2026-02-27 in table tbldailystock_1: Sales=27, Closing=5
[2026-02-27 13:33:28] [INFO] Starting daily stock update for item SCMPL0021774 sold on 2026-02-27 (Qty: 3)
[2026-02-27 13:33:28] [INFO] Recalculating stock from day 27 for item SCMPL0021774 in 2026-02 in table tbldailystock_1
[2026-02-27 13:33:28] [DEBUG] Day 27: Opening=32, Purchase=0, Sales=30, Closing=2
[2026-02-27 13:33:28] [DEBUG] Day 28: Opening=2, Purchase=0, Sales=0, Closing=2
[2026-02-27 13:33:28] [INFO] Completed recalculating stock for 2026-02 from day 27
[2026-02-27 13:33:28] [INFO] Starting cascading to current month for item SCMPL0021774 sold on 2026-02-27
[2026-02-27 13:33:28] [INFO] Daily stock updated successfully for item SCMPL0021774 on 2026-02-27 in table tbldailystock_1: Sales=30, Closing=2
[2026-02-27 13:33:28] [INFO] Starting daily stock update for item SCMPL0021774 sold on 2026-02-27 (Qty: 2)
[2026-02-27 13:33:28] [INFO] Recalculating stock from day 27 for item SCMPL0021774 in 2026-02 in table tbldailystock_1
[2026-02-27 13:33:28] [DEBUG] Day 27: Opening=32, Purchase=0, Sales=32, Closing=0
[2026-02-27 13:33:28] [DEBUG] Day 28: Opening=0, Purchase=0, Sales=0, Closing=0
[2026-02-27 13:33:28] [INFO] Completed recalculating stock for 2026-02 from day 27
[2026-02-27 13:33:28] [INFO] Starting cascading to current month for item SCMPL0021774 sold on 2026-02-27
[2026-02-27 13:33:28] [INFO] Daily stock updated successfully for item SCMPL0021774 on 2026-02-27 in table tbldailystock_1: Sales=32, Closing=0
[2026-02-27 13:33:28] [INFO] Starting daily stock update for item SCMBR0018137 sold on 2026-02-27 (Qty: 1)
[2026-02-27 13:33:28] [INFO] Recalculating stock from day 27 for item SCMBR0018137 in 2026-02 in table tbldailystock_1
[2026-02-27 13:33:28] [DEBUG] Day 27: Opening=145, Purchase=0, Sales=1, Closing=144
[2026-02-27 13:33:28] [DEBUG] Day 28: Opening=144, Purchase=0, Sales=0, Closing=144
[2026-02-27 13:33:28] [INFO] Completed recalculating stock for 2026-02 from day 27
[2026-02-27 13:33:28] [INFO] Starting cascading to current month for item SCMBR0018137 sold on 2026-02-27
[2026-02-27 13:33:28] [INFO] Daily stock updated successfully for item SCMBR0018137 on 2026-02-27 in table tbldailystock_1: Sales=1, Closing=144
[2026-02-27 13:33:28] [INFO] Starting daily stock update for item SCMBR0018137 sold on 2026-02-27 (Qty: 3)
[2026-02-27 13:33:28] [INFO] Recalculating stock from day 27 for item SCMBR0018137 in 2026-02 in table tbldailystock_1
[2026-02-27 13:33:28] [DEBUG] Day 27: Opening=145, Purchase=0, Sales=4, Closing=141
[2026-02-27 13:33:28] [DEBUG] Day 28: Opening=141, Purchase=0, Sales=0, Closing=141
[2026-02-27 13:33:28] [INFO] Completed recalculating stock for 2026-02 from day 27
[2026-02-27 13:33:28] [INFO] Starting cascading to current month for item SCMBR0018137 sold on 2026-02-27
[2026-02-27 13:33:28] [INFO] Daily stock updated successfully for item SCMBR0018137 on 2026-02-27 in table tbldailystock_1: Sales=4, Closing=141
[2026-02-27 13:33:28] [INFO] Starting daily stock update for item SCMBR0018137 sold on 2026-02-27 (Qty: 3)
[2026-02-27 13:33:28] [INFO] Recalculating stock from day 27 for item SCMBR0018137 in 2026-02 in table tbldailystock_1
[2026-02-27 13:33:28] [DEBUG] Day 27: Opening=145, Purchase=0, Sales=7, Closing=138
[2026-02-27 13:33:28] [DEBUG] Day 28: Opening=138, Purchase=0, Sales=0, Closing=138
[2026-02-27 13:33:28] [INFO] Completed recalculating stock for 2026-02 from day 27
[2026-02-27 13:33:28] [INFO] Starting cascading to current month for item SCMBR0018137 sold on 2026-02-27
[2026-02-27 13:33:28] [INFO] Daily stock updated successfully for item SCMBR0018137 on 2026-02-27 in table tbldailystock_1: Sales=7, Closing=138
[2026-02-27 13:33:28] [INFO] Starting daily stock update for item SCMBR0018137 sold on 2026-02-27 (Qty: 3)
[2026-02-27 13:33:28] [INFO] Recalculating stock from day 27 for item SCMBR0018137 in 2026-02 in table tbldailystock_1
[2026-02-27 13:33:28] [DEBUG] Day 27: Opening=145, Purchase=0, Sales=10, Closing=135
[2026-02-27 13:33:28] [DEBUG] Day 28: Opening=135, Purchase=0, Sales=0, Closing=135
[2026-02-27 13:33:28] [INFO] Completed recalculating stock for 2026-02 from day 27
[2026-02-27 13:33:28] [INFO] Starting cascading to current month for item SCMBR0018137 sold on 2026-02-27
[2026-02-27 13:33:28] [INFO] Daily stock updated successfully for item SCMBR0018137 on 2026-02-27 in table tbldailystock_1: Sales=10, Closing=135
[2026-02-27 13:33:28] [INFO] Starting daily stock update for item SCMBR0018137 sold on 2026-02-27 (Qty: 3)
[2026-02-27 13:33:28] [INFO] Recalculating stock from day 27 for item SCMBR0018137 in 2026-02 in table tbldailystock_1
[2026-02-27 13:33:28] [DEBUG] Day 27: Opening=145, Purchase=0, Sales=13, Closing=132
[2026-02-27 13:33:28] [DEBUG] Day 28: Opening=132, Purchase=0, Sales=0, Closing=132
[2026-02-27 13:33:28] [INFO] Completed recalculating stock for 2026-02 from day 27
[2026-02-27 13:33:28] [INFO] Starting cascading to current month for item SCMBR0018137 sold on 2026-02-27
[2026-02-27 13:33:28] [INFO] Daily stock updated successfully for item SCMBR0018137 on 2026-02-27 in table tbldailystock_1: Sales=13, Closing=132
[2026-02-27 13:33:28] [INFO] Starting daily stock update for item SCMBR0018137 sold on 2026-02-27 (Qty: 3)
[2026-02-27 13:33:28] [INFO] Recalculating stock from day 27 for item SCMBR0018137 in 2026-02 in table tbldailystock_1
[2026-02-27 13:33:28] [DEBUG] Day 27: Opening=145, Purchase=0, Sales=16, Closing=129
[2026-02-27 13:33:28] [DEBUG] Day 28: Opening=129, Purchase=0, Sales=0, Closing=129
[2026-02-27 13:33:28] [INFO] Completed recalculating stock for 2026-02 from day 27
[2026-02-27 13:33:28] [INFO] Starting cascading to current month for item SCMBR0018137 sold on 2026-02-27
[2026-02-27 13:33:28] [INFO] Daily stock updated successfully for item SCMBR0018137 on 2026-02-27 in table tbldailystock_1: Sales=16, Closing=129
[2026-02-27 13:33:28] [INFO] Starting daily stock update for item SCMBR0018137 sold on 2026-02-27 (Qty: 3)
[2026-02-27 13:33:28] [INFO] Recalculating stock from day 27 for item SCMBR0018137 in 2026-02 in table tbldailystock_1
[2026-02-27 13:33:28] [DEBUG] Day 27: Opening=145, Purchase=0, Sales=19, Closing=126
[2026-02-27 13:33:28] [DEBUG] Day 28: Opening=126, Purchase=0, Sales=0, Closing=126
[2026-02-27 13:33:28] [INFO] Completed recalculating stock for 2026-02 from day 27
[2026-02-27 13:33:28] [INFO] Starting cascading to current month for item SCMBR0018137 sold on 2026-02-27
[2026-02-27 13:33:28] [INFO] Daily stock updated successfully for item SCMBR0018137 on 2026-02-27 in table tbldailystock_1: Sales=19, Closing=126
[2026-02-27 13:33:28] [INFO] Starting daily stock update for item SCMBR0018137 sold on 2026-02-27 (Qty: 3)
[2026-02-27 13:33:28] [INFO] Recalculating stock from day 27 for item SCMBR0018137 in 2026-02 in table tbldailystock_1
[2026-02-27 13:33:28] [DEBUG] Day 27: Opening=145, Purchase=0, Sales=22, Closing=123
[2026-02-27 13:33:28] [DEBUG] Day 28: Opening=123, Purchase=0, Sales=0, Closing=123
[2026-02-27 13:33:28] [INFO] Completed recalculating stock for 2026-02 from day 27
[2026-02-27 13:33:28] [INFO] Starting cascading to current month for item SCMBR0018137 sold on 2026-02-27
[2026-02-27 13:33:28] [INFO] Daily stock updated successfully for item SCMBR0018137 on 2026-02-27 in table tbldailystock_1: Sales=22, Closing=123
[2026-02-27 13:33:28] [INFO] Starting daily stock update for item SCMBR0018137 sold on 2026-02-27 (Qty: 3)
[2026-02-27 13:33:28] [INFO] Recalculating stock from day 27 for item SCMBR0018137 in 2026-02 in table tbldailystock_1
[2026-02-27 13:33:28] [DEBUG] Day 27: Opening=145, Purchase=0, Sales=25, Closing=120
[2026-02-27 13:33:28] [DEBUG] Day 28: Opening=120, Purchase=0, Sales=0, Closing=120
[2026-02-27 13:33:28] [INFO] Completed recalculating stock for 2026-02 from day 27
[2026-02-27 13:33:28] [INFO] Starting cascading to current month for item SCMBR0018137 sold on 2026-02-27
[2026-02-27 13:33:28] [INFO] Daily stock updated successfully for item SCMBR0018137 on 2026-02-27 in table tbldailystock_1: Sales=25, Closing=120
[2026-02-27 13:33:28] [INFO] Starting daily stock update for item SCMBR0018137 sold on 2026-02-27 (Qty: 3)
[2026-02-27 13:33:28] [INFO] Recalculating stock from day 27 for item SCMBR0018137 in 2026-02 in table tbldailystock_1
[2026-02-27 13:33:28] [DEBUG] Day 27: Opening=145, Purchase=0, Sales=28, Closing=117
[2026-02-27 13:33:28] [DEBUG] Day 28: Opening=117, Purchase=0, Sales=0, Closing=117
[2026-02-27 13:33:28] [INFO] Completed recalculating stock for 2026-02 from day 27
[2026-02-27 13:33:28] [INFO] Starting cascading to current month for item SCMBR0018137 sold on 2026-02-27
[2026-02-27 13:33:28] [INFO] Daily stock updated successfully for item SCMBR0018137 on 2026-02-27 in table tbldailystock_1: Sales=28, Closing=117
[2026-02-27 13:33:28] [INFO] Starting daily stock update for item SCMBR0018137 sold on 2026-02-27 (Qty: 3)
[2026-02-27 13:33:28] [INFO] Recalculating stock from day 27 for item SCMBR0018137 in 2026-02 in table tbldailystock_1
[2026-02-27 13:33:29] [DEBUG] Day 27: Opening=145, Purchase=0, Sales=31, Closing=114
[2026-02-27 13:33:29] [DEBUG] Day 28: Opening=114, Purchase=0, Sales=0, Closing=114
[2026-02-27 13:33:29] [INFO] Completed recalculating stock for 2026-02 from day 27
[2026-02-27 13:33:29] [INFO] Starting cascading to current month for item SCMBR0018137 sold on 2026-02-27
[2026-02-27 13:33:29] [INFO] Daily stock updated successfully for item SCMBR0018137 on 2026-02-27 in table tbldailystock_1: Sales=31, Closing=114
[2026-02-27 13:33:29] [INFO] Starting daily stock update for item SCMBR0018137 sold on 2026-02-27 (Qty: 3)
[2026-02-27 13:33:29] [INFO] Recalculating stock from day 27 for item SCMBR0018137 in 2026-02 in table tbldailystock_1
[2026-02-27 13:33:29] [DEBUG] Day 27: Opening=145, Purchase=0, Sales=34, Closing=111
[2026-02-27 13:33:29] [DEBUG] Day 28: Opening=111, Purchase=0, Sales=0, Closing=111
[2026-02-27 13:33:29] [INFO] Completed recalculating stock for 2026-02 from day 27
[2026-02-27 13:33:29] [INFO] Starting cascading to current month for item SCMBR0018137 sold on 2026-02-27
[2026-02-27 13:33:29] [INFO] Daily stock updated successfully for item SCMBR0018137 on 2026-02-27 in table tbldailystock_1: Sales=34, Closing=111
[2026-02-27 13:33:29] [INFO] Starting daily stock update for item SCMBR0018137 sold on 2026-02-27 (Qty: 3)
[2026-02-27 13:33:29] [INFO] Recalculating stock from day 27 for item SCMBR0018137 in 2026-02 in table tbldailystock_1
[2026-02-27 13:33:29] [DEBUG] Day 27: Opening=145, Purchase=0, Sales=37, Closing=108
[2026-02-27 13:33:29] [DEBUG] Day 28: Opening=108, Purchase=0, Sales=0, Closing=108
[2026-02-27 13:33:29] [INFO] Completed recalculating stock for 2026-02 from day 27
[2026-02-27 13:33:29] [INFO] Starting cascading to current month for item SCMBR0018137 sold on 2026-02-27
[2026-02-27 13:33:29] [INFO] Daily stock updated successfully for item SCMBR0018137 on 2026-02-27 in table tbldailystock_1: Sales=37, Closing=108
[2026-02-27 13:33:29] [INFO] Starting daily stock update for item SCMBR0018137 sold on 2026-02-27 (Qty: 3)
[2026-02-27 13:33:29] [INFO] Recalculating stock from day 27 for item SCMBR0018137 in 2026-02 in table tbldailystock_1
[2026-02-27 13:33:29] [DEBUG] Day 27: Opening=145, Purchase=0, Sales=40, Closing=105
[2026-02-27 13:33:29] [DEBUG] Day 28: Opening=105, Purchase=0, Sales=0, Closing=105
[2026-02-27 13:33:29] [INFO] Completed recalculating stock for 2026-02 from day 27
[2026-02-27 13:33:29] [INFO] Starting cascading to current month for item SCMBR0018137 sold on 2026-02-27
[2026-02-27 13:33:29] [INFO] Daily stock updated successfully for item SCMBR0018137 on 2026-02-27 in table tbldailystock_1: Sales=40, Closing=105
[2026-02-27 13:33:29] [INFO] Starting daily stock update for item SCMBR0018137 sold on 2026-02-27 (Qty: 3)
[2026-02-27 13:33:29] [INFO] Recalculating stock from day 27 for item SCMBR0018137 in 2026-02 in table tbldailystock_1
[2026-02-27 13:33:29] [DEBUG] Day 27: Opening=145, Purchase=0, Sales=43, Closing=102
[2026-02-27 13:33:29] [DEBUG] Day 28: Opening=102, Purchase=0, Sales=0, Closing=102
[2026-02-27 13:33:29] [INFO] Completed recalculating stock for 2026-02 from day 27
[2026-02-27 13:33:29] [INFO] Starting cascading to current month for item SCMBR0018137 sold on 2026-02-27
[2026-02-27 13:33:29] [INFO] Daily stock updated successfully for item SCMBR0018137 on 2026-02-27 in table tbldailystock_1: Sales=43, Closing=102
[2026-02-27 13:33:29] [INFO] Starting daily stock update for item SCMBR0018137 sold on 2026-02-27 (Qty: 3)
[2026-02-27 13:33:29] [INFO] Recalculating stock from day 27 for item SCMBR0018137 in 2026-02 in table tbldailystock_1
[2026-02-27 13:33:29] [DEBUG] Day 27: Opening=145, Purchase=0, Sales=46, Closing=99
[2026-02-27 13:33:29] [DEBUG] Day 28: Opening=99, Purchase=0, Sales=0, Closing=99
[2026-02-27 13:33:29] [INFO] Completed recalculating stock for 2026-02 from day 27
[2026-02-27 13:33:29] [INFO] Starting cascading to current month for item SCMBR0018137 sold on 2026-02-27
[2026-02-27 13:33:29] [INFO] Daily stock updated successfully for item SCMBR0018137 on 2026-02-27 in table tbldailystock_1: Sales=46, Closing=99
[2026-02-27 13:33:29] [INFO] Starting daily stock update for item SCMBR0018137 sold on 2026-02-27 (Qty: 3)
[2026-02-27 13:33:29] [INFO] Recalculating stock from day 27 for item SCMBR0018137 in 2026-02 in table tbldailystock_1
[2026-02-27 13:33:29] [DEBUG] Day 27: Opening=145, Purchase=0, Sales=49, Closing=96
[2026-02-27 13:33:29] [DEBUG] Day 28: Opening=96, Purchase=0, Sales=0, Closing=96
[2026-02-27 13:33:29] [INFO] Completed recalculating stock for 2026-02 from day 27
[2026-02-27 13:33:29] [INFO] Starting cascading to current month for item SCMBR0018137 sold on 2026-02-27
[2026-02-27 13:33:29] [INFO] Daily stock updated successfully for item SCMBR0018137 on 2026-02-27 in table tbldailystock_1: Sales=49, Closing=96
[2026-02-27 13:33:29] [INFO] Starting daily stock update for item SCMBR0018137 sold on 2026-02-27 (Qty: 3)
[2026-02-27 13:33:29] [INFO] Recalculating stock from day 27 for item SCMBR0018137 in 2026-02 in table tbldailystock_1
[2026-02-27 13:33:29] [DEBUG] Day 27: Opening=145, Purchase=0, Sales=52, Closing=93
[2026-02-27 13:33:29] [DEBUG] Day 28: Opening=93, Purchase=0, Sales=0, Closing=93
[2026-02-27 13:33:29] [INFO] Completed recalculating stock for 2026-02 from day 27
[2026-02-27 13:33:29] [INFO] Starting cascading to current month for item SCMBR0018137 sold on 2026-02-27
[2026-02-27 13:33:29] [INFO] Daily stock updated successfully for item SCMBR0018137 on 2026-02-27 in table tbldailystock_1: Sales=52, Closing=93
[2026-02-27 13:33:29] [INFO] Starting daily stock update for item SCMBR0018137 sold on 2026-02-27 (Qty: 3)
[2026-02-27 13:33:29] [INFO] Recalculating stock from day 27 for item SCMBR0018137 in 2026-02 in table tbldailystock_1
[2026-02-27 13:33:29] [DEBUG] Day 27: Opening=145, Purchase=0, Sales=55, Closing=90
[2026-02-27 13:33:29] [DEBUG] Day 28: Opening=90, Purchase=0, Sales=0, Closing=90
[2026-02-27 13:33:29] [INFO] Completed recalculating stock for 2026-02 from day 27
[2026-02-27 13:33:29] [INFO] Starting cascading to current month for item SCMBR0018137 sold on 2026-02-27
[2026-02-27 13:33:29] [INFO] Daily stock updated successfully for item SCMBR0018137 on 2026-02-27 in table tbldailystock_1: Sales=55, Closing=90
[2026-02-27 13:33:29] [INFO] Starting daily stock update for item SCMBR0018137 sold on 2026-02-27 (Qty: 3)
[2026-02-27 13:33:29] [INFO] Recalculating stock from day 27 for item SCMBR0018137 in 2026-02 in table tbldailystock_1
[2026-02-27 13:33:29] [DEBUG] Day 27: Opening=145, Purchase=0, Sales=58, Closing=87
[2026-02-27 13:33:29] [DEBUG] Day 28: Opening=87, Purchase=0, Sales=0, Closing=87
[2026-02-27 13:33:29] [INFO] Completed recalculating stock for 2026-02 from day 27
[2026-02-27 13:33:29] [INFO] Starting cascading to current month for item SCMBR0018137 sold on 2026-02-27
[2026-02-27 13:33:29] [INFO] Daily stock updated successfully for item SCMBR0018137 on 2026-02-27 in table tbldailystock_1: Sales=58, Closing=87
[2026-02-27 13:33:29] [INFO] Starting daily stock update for item SCMBR0018137 sold on 2026-02-27 (Qty: 3)
[2026-02-27 13:33:29] [INFO] Recalculating stock from day 27 for item SCMBR0018137 in 2026-02 in table tbldailystock_1
[2026-02-27 13:33:29] [DEBUG] Day 27: Opening=145, Purchase=0, Sales=61, Closing=84
[2026-02-27 13:33:29] [DEBUG] Day 28: Opening=84, Purchase=0, Sales=0, Closing=84
[2026-02-27 13:33:29] [INFO] Completed recalculating stock for 2026-02 from day 27
[2026-02-27 13:33:29] [INFO] Starting cascading to current month for item SCMBR0018137 sold on 2026-02-27
[2026-02-27 13:33:29] [INFO] Daily stock updated successfully for item SCMBR0018137 on 2026-02-27 in table tbldailystock_1: Sales=61, Closing=84
[2026-02-27 13:33:29] [INFO] Starting daily stock update for item SCMBR0018137 sold on 2026-02-27 (Qty: 3)
[2026-02-27 13:33:29] [INFO] Recalculating stock from day 27 for item SCMBR0018137 in 2026-02 in table tbldailystock_1
[2026-02-27 13:33:29] [DEBUG] Day 27: Opening=145, Purchase=0, Sales=64, Closing=81
[2026-02-27 13:33:29] [DEBUG] Day 28: Opening=81, Purchase=0, Sales=0, Closing=81
[2026-02-27 13:33:29] [INFO] Completed recalculating stock for 2026-02 from day 27
[2026-02-27 13:33:29] [INFO] Starting cascading to current month for item SCMBR0018137 sold on 2026-02-27
[2026-02-27 13:33:29] [INFO] Daily stock updated successfully for item SCMBR0018137 on 2026-02-27 in table tbldailystock_1: Sales=64, Closing=81
[2026-02-27 13:33:29] [INFO] Starting daily stock update for item SCMBR0018137 sold on 2026-02-27 (Qty: 3)
[2026-02-27 13:33:29] [INFO] Recalculating stock from day 27 for item SCMBR0018137 in 2026-02 in table tbldailystock_1
[2026-02-27 13:33:29] [DEBUG] Day 27: Opening=145, Purchase=0, Sales=67, Closing=78
[2026-02-27 13:33:29] [DEBUG] Day 28: Opening=78, Purchase=0, Sales=0, Closing=78
[2026-02-27 13:33:29] [INFO] Completed recalculating stock for 2026-02 from day 27
[2026-02-27 13:33:29] [INFO] Starting cascading to current month for item SCMBR0018137 sold on 2026-02-27
[2026-02-27 13:33:29] [INFO] Daily stock updated successfully for item SCMBR0018137 on 2026-02-27 in table tbldailystock_1: Sales=67, Closing=78
[2026-02-27 13:33:29] [INFO] Starting daily stock update for item SCMBR0018137 sold on 2026-02-27 (Qty: 3)
[2026-02-27 13:33:29] [INFO] Recalculating stock from day 27 for item SCMBR0018137 in 2026-02 in table tbldailystock_1
[2026-02-27 13:33:29] [DEBUG] Day 27: Opening=145, Purchase=0, Sales=70, Closing=75
[2026-02-27 13:33:29] [DEBUG] Day 28: Opening=75, Purchase=0, Sales=0, Closing=75
[2026-02-27 13:33:29] [INFO] Completed recalculating stock for 2026-02 from day 27
[2026-02-27 13:33:29] [INFO] Starting cascading to current month for item SCMBR0018137 sold on 2026-02-27
[2026-02-27 13:33:29] [INFO] Daily stock updated successfully for item SCMBR0018137 on 2026-02-27 in table tbldailystock_1: Sales=70, Closing=75
[2026-02-27 13:33:29] [INFO] Starting daily stock update for item SCMBR0018137 sold on 2026-02-27 (Qty: 3)
[2026-02-27 13:33:29] [INFO] Recalculating stock from day 27 for item SCMBR0018137 in 2026-02 in table tbldailystock_1
[2026-02-27 13:33:29] [DEBUG] Day 27: Opening=145, Purchase=0, Sales=73, Closing=72
[2026-02-27 13:33:29] [DEBUG] Day 28: Opening=72, Purchase=0, Sales=0, Closing=72
[2026-02-27 13:33:29] [INFO] Completed recalculating stock for 2026-02 from day 27
[2026-02-27 13:33:29] [INFO] Starting cascading to current month for item SCMBR0018137 sold on 2026-02-27
[2026-02-27 13:33:29] [INFO] Daily stock updated successfully for item SCMBR0018137 on 2026-02-27 in table tbldailystock_1: Sales=73, Closing=72
[2026-02-27 13:33:29] [INFO] Starting daily stock update for item SCMBR0018137 sold on 2026-02-27 (Qty: 3)
[2026-02-27 13:33:29] [INFO] Recalculating stock from day 27 for item SCMBR0018137 in 2026-02 in table tbldailystock_1
[2026-02-27 13:33:29] [DEBUG] Day 27: Opening=145, Purchase=0, Sales=76, Closing=69
[2026-02-27 13:33:29] [DEBUG] Day 28: Opening=69, Purchase=0, Sales=0, Closing=69
[2026-02-27 13:33:29] [INFO] Completed recalculating stock for 2026-02 from day 27
[2026-02-27 13:33:29] [INFO] Starting cascading to current month for item SCMBR0018137 sold on 2026-02-27
[2026-02-27 13:33:29] [INFO] Daily stock updated successfully for item SCMBR0018137 on 2026-02-27 in table tbldailystock_1: Sales=76, Closing=69
[2026-02-27 13:33:29] [INFO] Starting daily stock update for item SCMBR0018137 sold on 2026-02-27 (Qty: 3)
[2026-02-27 13:33:29] [INFO] Recalculating stock from day 27 for item SCMBR0018137 in 2026-02 in table tbldailystock_1
[2026-02-27 13:33:29] [DEBUG] Day 27: Opening=145, Purchase=0, Sales=79, Closing=66
[2026-02-27 13:33:29] [DEBUG] Day 28: Opening=66, Purchase=0, Sales=0, Closing=66
[2026-02-27 13:33:29] [INFO] Completed recalculating stock for 2026-02 from day 27
[2026-02-27 13:33:29] [INFO] Starting cascading to current month for item SCMBR0018137 sold on 2026-02-27
[2026-02-27 13:33:29] [INFO] Daily stock updated successfully for item SCMBR0018137 on 2026-02-27 in table tbldailystock_1: Sales=79, Closing=66
[2026-02-27 13:33:29] [INFO] Starting daily stock update for item SCMBR0018137 sold on 2026-02-27 (Qty: 3)
[2026-02-27 13:33:29] [INFO] Recalculating stock from day 27 for item SCMBR0018137 in 2026-02 in table tbldailystock_1
[2026-02-27 13:33:30] [DEBUG] Day 27: Opening=145, Purchase=0, Sales=82, Closing=63
[2026-02-27 13:33:30] [DEBUG] Day 28: Opening=63, Purchase=0, Sales=0, Closing=63
[2026-02-27 13:33:30] [INFO] Completed recalculating stock for 2026-02 from day 27
[2026-02-27 13:33:30] [INFO] Starting cascading to current month for item SCMBR0018137 sold on 2026-02-27
[2026-02-27 13:33:30] [INFO] Daily stock updated successfully for item SCMBR0018137 on 2026-02-27 in table tbldailystock_1: Sales=82, Closing=63
[2026-02-27 13:33:30] [INFO] Starting daily stock update for item SCMBR0018137 sold on 2026-02-27 (Qty: 3)
[2026-02-27 13:33:30] [INFO] Recalculating stock from day 27 for item SCMBR0018137 in 2026-02 in table tbldailystock_1
[2026-02-27 13:33:30] [DEBUG] Day 27: Opening=145, Purchase=0, Sales=85, Closing=60
[2026-02-27 13:33:30] [DEBUG] Day 28: Opening=60, Purchase=0, Sales=0, Closing=60
[2026-02-27 13:33:30] [INFO] Completed recalculating stock for 2026-02 from day 27
[2026-02-27 13:33:30] [INFO] Starting cascading to current month for item SCMBR0018137 sold on 2026-02-27
[2026-02-27 13:33:30] [INFO] Daily stock updated successfully for item SCMBR0018137 on 2026-02-27 in table tbldailystock_1: Sales=85, Closing=60
[2026-02-27 13:33:30] [INFO] Starting daily stock update for item SCMBR0018137 sold on 2026-02-27 (Qty: 3)
[2026-02-27 13:33:30] [INFO] Recalculating stock from day 27 for item SCMBR0018137 in 2026-02 in table tbldailystock_1
[2026-02-27 13:33:30] [DEBUG] Day 27: Opening=145, Purchase=0, Sales=88, Closing=57
[2026-02-27 13:33:30] [DEBUG] Day 28: Opening=57, Purchase=0, Sales=0, Closing=57
[2026-02-27 13:33:30] [INFO] Completed recalculating stock for 2026-02 from day 27
[2026-02-27 13:33:30] [INFO] Starting cascading to current month for item SCMBR0018137 sold on 2026-02-27
[2026-02-27 13:33:30] [INFO] Daily stock updated successfully for item SCMBR0018137 on 2026-02-27 in table tbldailystock_1: Sales=88, Closing=57
[2026-02-27 13:33:30] [INFO] Starting daily stock update for item SCMBR0018137 sold on 2026-02-27 (Qty: 3)
[2026-02-27 13:33:30] [INFO] Recalculating stock from day 27 for item SCMBR0018137 in 2026-02 in table tbldailystock_1
[2026-02-27 13:33:30] [DEBUG] Day 27: Opening=145, Purchase=0, Sales=91, Closing=54
[2026-02-27 13:33:30] [DEBUG] Day 28: Opening=54, Purchase=0, Sales=0, Closing=54
[2026-02-27 13:33:30] [INFO] Completed recalculating stock for 2026-02 from day 27
[2026-02-27 13:33:30] [INFO] Starting cascading to current month for item SCMBR0018137 sold on 2026-02-27
[2026-02-27 13:33:30] [INFO] Daily stock updated successfully for item SCMBR0018137 on 2026-02-27 in table tbldailystock_1: Sales=91, Closing=54
[2026-02-27 13:33:30] [INFO] Starting daily stock update for item SCMBR0018137 sold on 2026-02-27 (Qty: 3)
[2026-02-27 13:33:30] [INFO] Recalculating stock from day 27 for item SCMBR0018137 in 2026-02 in table tbldailystock_1
[2026-02-27 13:33:30] [DEBUG] Day 27: Opening=145, Purchase=0, Sales=94, Closing=51
[2026-02-27 13:33:30] [DEBUG] Day 28: Opening=51, Purchase=0, Sales=0, Closing=51
[2026-02-27 13:33:30] [INFO] Completed recalculating stock for 2026-02 from day 27
[2026-02-27 13:33:30] [INFO] Starting cascading to current month for item SCMBR0018137 sold on 2026-02-27
[2026-02-27 13:33:30] [INFO] Daily stock updated successfully for item SCMBR0018137 on 2026-02-27 in table tbldailystock_1: Sales=94, Closing=51
[2026-02-27 13:33:30] [INFO] Starting daily stock update for item SCMBR0018137 sold on 2026-02-27 (Qty: 3)
[2026-02-27 13:33:30] [INFO] Recalculating stock from day 27 for item SCMBR0018137 in 2026-02 in table tbldailystock_1
[2026-02-27 13:33:30] [DEBUG] Day 27: Opening=145, Purchase=0, Sales=97, Closing=48
[2026-02-27 13:33:30] [DEBUG] Day 28: Opening=48, Purchase=0, Sales=0, Closing=48
[2026-02-27 13:33:30] [INFO] Completed recalculating stock for 2026-02 from day 27
[2026-02-27 13:33:30] [INFO] Starting cascading to current month for item SCMBR0018137 sold on 2026-02-27
[2026-02-27 13:33:30] [INFO] Daily stock updated successfully for item SCMBR0018137 on 2026-02-27 in table tbldailystock_1: Sales=97, Closing=48
[2026-02-27 13:33:30] [INFO] Starting daily stock update for item SCMBR0018137 sold on 2026-02-27 (Qty: 3)
[2026-02-27 13:33:30] [INFO] Recalculating stock from day 27 for item SCMBR0018137 in 2026-02 in table tbldailystock_1
[2026-02-27 13:33:30] [DEBUG] Day 27: Opening=145, Purchase=0, Sales=100, Closing=45
[2026-02-27 13:33:30] [DEBUG] Day 28: Opening=45, Purchase=0, Sales=0, Closing=45
[2026-02-27 13:33:30] [INFO] Completed recalculating stock for 2026-02 from day 27
[2026-02-27 13:33:30] [INFO] Starting cascading to current month for item SCMBR0018137 sold on 2026-02-27
[2026-02-27 13:33:30] [INFO] Daily stock updated successfully for item SCMBR0018137 on 2026-02-27 in table tbldailystock_1: Sales=100, Closing=45
[2026-02-27 13:33:30] [INFO] Starting daily stock update for item SCMBR0018137 sold on 2026-02-27 (Qty: 3)
[2026-02-27 13:33:30] [INFO] Recalculating stock from day 27 for item SCMBR0018137 in 2026-02 in table tbldailystock_1
[2026-02-27 13:33:30] [DEBUG] Day 27: Opening=145, Purchase=0, Sales=103, Closing=42
[2026-02-27 13:33:30] [DEBUG] Day 28: Opening=42, Purchase=0, Sales=0, Closing=42
[2026-02-27 13:33:30] [INFO] Completed recalculating stock for 2026-02 from day 27
[2026-02-27 13:33:30] [INFO] Starting cascading to current month for item SCMBR0018137 sold on 2026-02-27
[2026-02-27 13:33:30] [INFO] Daily stock updated successfully for item SCMBR0018137 on 2026-02-27 in table tbldailystock_1: Sales=103, Closing=42
[2026-02-27 13:33:30] [INFO] Starting daily stock update for item SCMBR0018137 sold on 2026-02-27 (Qty: 3)
[2026-02-27 13:33:30] [INFO] Recalculating stock from day 27 for item SCMBR0018137 in 2026-02 in table tbldailystock_1
[2026-02-27 13:33:30] [DEBUG] Day 27: Opening=145, Purchase=0, Sales=106, Closing=39
[2026-02-27 13:33:30] [DEBUG] Day 28: Opening=39, Purchase=0, Sales=0, Closing=39
[2026-02-27 13:33:30] [INFO] Completed recalculating stock for 2026-02 from day 27
[2026-02-27 13:33:30] [INFO] Starting cascading to current month for item SCMBR0018137 sold on 2026-02-27
[2026-02-27 13:33:30] [INFO] Daily stock updated successfully for item SCMBR0018137 on 2026-02-27 in table tbldailystock_1: Sales=106, Closing=39
[2026-02-27 13:33:30] [INFO] Starting daily stock update for item SCMBR0018137 sold on 2026-02-27 (Qty: 3)
[2026-02-27 13:33:30] [INFO] Recalculating stock from day 27 for item SCMBR0018137 in 2026-02 in table tbldailystock_1
[2026-02-27 13:33:30] [DEBUG] Day 27: Opening=145, Purchase=0, Sales=109, Closing=36
[2026-02-27 13:33:30] [DEBUG] Day 28: Opening=36, Purchase=0, Sales=0, Closing=36
[2026-02-27 13:33:30] [INFO] Completed recalculating stock for 2026-02 from day 27
[2026-02-27 13:33:30] [INFO] Starting cascading to current month for item SCMBR0018137 sold on 2026-02-27
[2026-02-27 13:33:30] [INFO] Daily stock updated successfully for item SCMBR0018137 on 2026-02-27 in table tbldailystock_1: Sales=109, Closing=36
[2026-02-27 13:33:30] [INFO] Starting daily stock update for item SCMBR0018137 sold on 2026-02-27 (Qty: 3)
[2026-02-27 13:33:30] [INFO] Recalculating stock from day 27 for item SCMBR0018137 in 2026-02 in table tbldailystock_1
[2026-02-27 13:33:30] [DEBUG] Day 27: Opening=145, Purchase=0, Sales=112, Closing=33
[2026-02-27 13:33:30] [DEBUG] Day 28: Opening=33, Purchase=0, Sales=0, Closing=33
[2026-02-27 13:33:30] [INFO] Completed recalculating stock for 2026-02 from day 27
[2026-02-27 13:33:30] [INFO] Starting cascading to current month for item SCMBR0018137 sold on 2026-02-27
[2026-02-27 13:33:30] [INFO] Daily stock updated successfully for item SCMBR0018137 on 2026-02-27 in table tbldailystock_1: Sales=112, Closing=33
[2026-02-27 13:33:30] [INFO] Starting daily stock update for item SCMBR0018137 sold on 2026-02-27 (Qty: 3)
[2026-02-27 13:33:30] [INFO] Recalculating stock from day 27 for item SCMBR0018137 in 2026-02 in table tbldailystock_1
[2026-02-27 13:33:30] [DEBUG] Day 27: Opening=145, Purchase=0, Sales=115, Closing=30
[2026-02-27 13:33:30] [DEBUG] Day 28: Opening=30, Purchase=0, Sales=0, Closing=30
[2026-02-27 13:33:30] [INFO] Completed recalculating stock for 2026-02 from day 27
[2026-02-27 13:33:30] [INFO] Starting cascading to current month for item SCMBR0018137 sold on 2026-02-27
[2026-02-27 13:33:30] [INFO] Daily stock updated successfully for item SCMBR0018137 on 2026-02-27 in table tbldailystock_1: Sales=115, Closing=30
[2026-02-27 13:33:30] [INFO] Starting daily stock update for item SCMBR0018137 sold on 2026-02-27 (Qty: 3)
[2026-02-27 13:33:30] [INFO] Recalculating stock from day 27 for item SCMBR0018137 in 2026-02 in table tbldailystock_1
[2026-02-27 13:33:30] [DEBUG] Day 27: Opening=145, Purchase=0, Sales=118, Closing=27
[2026-02-27 13:33:31] [DEBUG] Day 28: Opening=27, Purchase=0, Sales=0, Closing=27
[2026-02-27 13:33:31] [INFO] Completed recalculating stock for 2026-02 from day 27
[2026-02-27 13:33:31] [INFO] Starting cascading to current month for item SCMBR0018137 sold on 2026-02-27
[2026-02-27 13:33:31] [INFO] Daily stock updated successfully for item SCMBR0018137 on 2026-02-27 in table tbldailystock_1: Sales=118, Closing=27
[2026-02-27 13:33:31] [INFO] Starting daily stock update for item SCMBR0018137 sold on 2026-02-27 (Qty: 3)
[2026-02-27 13:33:31] [INFO] Recalculating stock from day 27 for item SCMBR0018137 in 2026-02 in table tbldailystock_1
[2026-02-27 13:33:31] [DEBUG] Day 27: Opening=145, Purchase=0, Sales=121, Closing=24
[2026-02-27 13:33:31] [DEBUG] Day 28: Opening=24, Purchase=0, Sales=0, Closing=24
[2026-02-27 13:33:31] [INFO] Completed recalculating stock for 2026-02 from day 27
[2026-02-27 13:33:31] [INFO] Starting cascading to current month for item SCMBR0018137 sold on 2026-02-27
[2026-02-27 13:33:31] [INFO] Daily stock updated successfully for item SCMBR0018137 on 2026-02-27 in table tbldailystock_1: Sales=121, Closing=24
[2026-02-27 13:33:31] [INFO] Starting daily stock update for item SCMBR0018137 sold on 2026-02-27 (Qty: 3)
[2026-02-27 13:33:31] [INFO] Recalculating stock from day 27 for item SCMBR0018137 in 2026-02 in table tbldailystock_1
[2026-02-27 13:33:31] [DEBUG] Day 27: Opening=145, Purchase=0, Sales=124, Closing=21
[2026-02-27 13:33:31] [DEBUG] Day 28: Opening=21, Purchase=0, Sales=0, Closing=21
[2026-02-27 13:33:31] [INFO] Completed recalculating stock for 2026-02 from day 27
[2026-02-27 13:33:31] [INFO] Starting cascading to current month for item SCMBR0018137 sold on 2026-02-27
[2026-02-27 13:33:31] [INFO] Daily stock updated successfully for item SCMBR0018137 on 2026-02-27 in table tbldailystock_1: Sales=124, Closing=21
[2026-02-27 13:33:31] [INFO] Starting daily stock update for item SCMBR0018137 sold on 2026-02-27 (Qty: 3)
[2026-02-27 13:33:31] [INFO] Recalculating stock from day 27 for item SCMBR0018137 in 2026-02 in table tbldailystock_1
[2026-02-27 13:33:31] [DEBUG] Day 27: Opening=145, Purchase=0, Sales=127, Closing=18
[2026-02-27 13:33:31] [DEBUG] Day 28: Opening=18, Purchase=0, Sales=0, Closing=18
[2026-02-27 13:33:31] [INFO] Completed recalculating stock for 2026-02 from day 27
[2026-02-27 13:33:31] [INFO] Starting cascading to current month for item SCMBR0018137 sold on 2026-02-27
[2026-02-27 13:33:31] [INFO] Daily stock updated successfully for item SCMBR0018137 on 2026-02-27 in table tbldailystock_1: Sales=127, Closing=18
[2026-02-27 13:33:31] [INFO] Starting daily stock update for item SCMBR0018137 sold on 2026-02-27 (Qty: 3)
[2026-02-27 13:33:31] [INFO] Recalculating stock from day 27 for item SCMBR0018137 in 2026-02 in table tbldailystock_1
[2026-02-27 13:33:31] [DEBUG] Day 27: Opening=145, Purchase=0, Sales=130, Closing=15
[2026-02-27 13:33:31] [DEBUG] Day 28: Opening=15, Purchase=0, Sales=0, Closing=15
[2026-02-27 13:33:31] [INFO] Completed recalculating stock for 2026-02 from day 27
[2026-02-27 13:33:31] [INFO] Starting cascading to current month for item SCMBR0018137 sold on 2026-02-27
[2026-02-27 13:33:31] [INFO] Daily stock updated successfully for item SCMBR0018137 on 2026-02-27 in table tbldailystock_1: Sales=130, Closing=15
[2026-02-27 13:33:31] [INFO] Starting daily stock update for item SCMBR0018137 sold on 2026-02-27 (Qty: 3)
[2026-02-27 13:33:31] [INFO] Recalculating stock from day 27 for item SCMBR0018137 in 2026-02 in table tbldailystock_1
[2026-02-27 13:33:31] [DEBUG] Day 27: Opening=145, Purchase=0, Sales=133, Closing=12
[2026-02-27 13:33:31] [DEBUG] Day 28: Opening=12, Purchase=0, Sales=0, Closing=12
[2026-02-27 13:33:31] [INFO] Completed recalculating stock for 2026-02 from day 27
[2026-02-27 13:33:31] [INFO] Starting cascading to current month for item SCMBR0018137 sold on 2026-02-27
[2026-02-27 13:33:31] [INFO] Daily stock updated successfully for item SCMBR0018137 on 2026-02-27 in table tbldailystock_1: Sales=133, Closing=12
[2026-02-27 13:33:31] [INFO] Starting daily stock update for item SCMBR0018137 sold on 2026-02-27 (Qty: 3)
[2026-02-27 13:33:31] [INFO] Recalculating stock from day 27 for item SCMBR0018137 in 2026-02 in table tbldailystock_1
[2026-02-27 13:33:31] [DEBUG] Day 27: Opening=145, Purchase=0, Sales=136, Closing=9
[2026-02-27 13:33:31] [DEBUG] Day 28: Opening=9, Purchase=0, Sales=0, Closing=9
[2026-02-27 13:33:31] [INFO] Completed recalculating stock for 2026-02 from day 27
[2026-02-27 13:33:31] [INFO] Starting cascading to current month for item SCMBR0018137 sold on 2026-02-27
[2026-02-27 13:33:31] [INFO] Daily stock updated successfully for item SCMBR0018137 on 2026-02-27 in table tbldailystock_1: Sales=136, Closing=9
[2026-02-27 13:33:31] [INFO] Starting daily stock update for item SCMBR0018137 sold on 2026-02-27 (Qty: 3)
[2026-02-27 13:33:31] [INFO] Recalculating stock from day 27 for item SCMBR0018137 in 2026-02 in table tbldailystock_1
[2026-02-27 13:33:31] [DEBUG] Day 27: Opening=145, Purchase=0, Sales=139, Closing=6
[2026-02-27 13:33:31] [DEBUG] Day 28: Opening=6, Purchase=0, Sales=0, Closing=6
[2026-02-27 13:33:31] [INFO] Completed recalculating stock for 2026-02 from day 27
[2026-02-27 13:33:31] [INFO] Starting cascading to current month for item SCMBR0018137 sold on 2026-02-27
[2026-02-27 13:33:31] [INFO] Daily stock updated successfully for item SCMBR0018137 on 2026-02-27 in table tbldailystock_1: Sales=139, Closing=6
[2026-02-27 13:33:31] [INFO] Starting daily stock update for item SCMBR0018137 sold on 2026-02-27 (Qty: 3)
[2026-02-27 13:33:31] [INFO] Recalculating stock from day 27 for item SCMBR0018137 in 2026-02 in table tbldailystock_1
[2026-02-27 13:33:32] [DEBUG] Day 27: Opening=145, Purchase=0, Sales=142, Closing=3
[2026-02-27 13:33:32] [DEBUG] Day 28: Opening=3, Purchase=0, Sales=0, Closing=3
[2026-02-27 13:33:32] [INFO] Completed recalculating stock for 2026-02 from day 27
[2026-02-27 13:33:32] [INFO] Starting cascading to current month for item SCMBR0018137 sold on 2026-02-27
[2026-02-27 13:33:32] [INFO] Daily stock updated successfully for item SCMBR0018137 on 2026-02-27 in table tbldailystock_1: Sales=142, Closing=3
[2026-02-27 13:33:32] [INFO] Starting daily stock update for item SCMBR0018137 sold on 2026-02-27 (Qty: 3)
[2026-02-27 13:33:32] [INFO] Recalculating stock from day 27 for item SCMBR0018137 in 2026-02 in table tbldailystock_1
[2026-02-27 13:33:32] [DEBUG] Day 27: Opening=145, Purchase=0, Sales=145, Closing=0
[2026-02-27 13:33:32] [DEBUG] Day 28: Opening=0, Purchase=0, Sales=0, Closing=0
[2026-02-27 13:33:32] [INFO] Completed recalculating stock for 2026-02 from day 27
[2026-02-27 13:33:32] [INFO] Starting cascading to current month for item SCMBR0018137 sold on 2026-02-27
[2026-02-27 13:33:32] [INFO] Daily stock updated successfully for item SCMBR0018137 on 2026-02-27 in table tbldailystock_1: Sales=145, Closing=0
[2026-02-27 13:33:32] [INFO] Starting daily stock update for item SCMPL0010696 sold on 2026-02-27 (Qty: 1)
[2026-02-27 13:33:32] [INFO] Recalculating stock from day 27 for item SCMPL0010696 in 2026-02 in table tbldailystock_1
[2026-02-27 13:33:32] [DEBUG] Day 27: Opening=1, Purchase=0, Sales=1, Closing=0
[2026-02-27 13:33:32] [DEBUG] Day 28: Opening=0, Purchase=0, Sales=0, Closing=0
[2026-02-27 13:33:32] [INFO] Completed recalculating stock for 2026-02 from day 27
[2026-02-27 13:33:32] [INFO] Starting cascading to current month for item SCMPL0010696 sold on 2026-02-27
[2026-02-27 13:33:32] [INFO] Daily stock updated successfully for item SCMPL0010696 on 2026-02-27 in table tbldailystock_1: Sales=1, Closing=0
[2026-02-27 13:33:32] [INFO] Starting daily stock update for item SCMPL0041500 sold on 2026-02-27 (Qty: 1)
[2026-02-27 13:33:32] [INFO] Recalculating stock from day 27 for item SCMPL0041500 in 2026-02 in table tbldailystock_1
[2026-02-27 13:33:32] [DEBUG] Day 27: Opening=1, Purchase=0, Sales=1, Closing=0
[2026-02-27 13:33:32] [DEBUG] Day 28: Opening=0, Purchase=0, Sales=0, Closing=0
[2026-02-27 13:33:32] [INFO] Completed recalculating stock for 2026-02 from day 27
[2026-02-27 13:33:32] [INFO] Starting cascading to current month for item SCMPL0041500 sold on 2026-02-27
[2026-02-27 13:33:32] [INFO] Daily stock updated successfully for item SCMPL0041500 on 2026-02-27 in table tbldailystock_1: Sales=1, Closing=0
[2026-02-27 13:33:32] [INFO] === PAGE ACCESS ===
[2026-02-27 13:33:32] [INFO] Request method: GET
[2026-02-27 13:33:32] [INFO] Search term: ''
[2026-02-27 13:33:32] [INFO] Current session ID: 1uf36kmrk3ipmtbs10r7kf31oa
[2026-02-27 13:33:32] [INFO] GLOBAL CHECK: Latest existing sale: 2026-02-27
[2026-02-27 13:33:32] [INFO] Available dates: 
[2026-02-27 13:33:32] [INFO] Unavailable dates (has existing sales): 2026-02-27
[2026-02-27 13:33:32] [INFO] Final session quantities count: 0
[2026-02-27 13:33:32] [INFO] Items in current view: 50
[2026-02-27 13:33:32] [INFO] Sales Page Load Debug Info:
Array
(
    [total_items] => 83
    [current_page] => 1
    [total_pages] => 2
    [session_quantities_count] => 0
    [post_quantities_count] => 0
    [date_range] => 2026-02-27 to 2026-02-27
    [days_count] => 1
    [user_id] => 1
    [comp_id] => 1
    [license_type] => FL-II
    [allowed_classes] => Array
        (
            [0] => W
            [1] => V
            [2] => M
            [3] => F
            [4] => D
            [5] => K
            [6] => G
            [7] => R
            [8] => O
        )

    [end_date_day] => 27
    [closing_column] => DAY_27_CLOSING
    [end_date_month] => 2026-02
    [stock_filter] => > 0
    [daily_stock_table] => tbldailystock_1
    [table_suffix] => 
    [current_month] => 2026-02
    [has_restrictions] => 1
    [available_dates] => Array
        (
        )

    [unavailable_dates] => Array
        (
            [0] => 2026-02-27
        )

    [dry_dates] => Array
        (
        )

    [latest_global_sale] => 2026-02-27
)

