=================================================================================
IMPORT LOG - EXCEL IMPORT
Date: 2026-03-28 11:00:48
Start Date: 2021-04-12
License Type: FL-III
Allowed Classes: W, V, M, F, D, K, G, R
=================================================================================

[2026-03-28 11:00:48] [START] Import started - File: BRAND TYPES Final_transformed_with_barcode.xlsx, Type: excel, Start Date: 2021-04-12
[2026-03-28 11:01:00] [INFO] Excel Headers found: Code, ItemName, PrintName, Size, PPrice, BPrice, MPrice, RPrice, LIQFLAG, OpeningBalance, Category, Class, SubClass, barcode
[2026-03-28 11:01:00] [SKIPPED] Row: 6 | Code: SCMLS0035498 | Item: 1800 Cristalino Anejo Tequila Reserva | Reason: Class group 'O' not allowed for license 'FL-III' | Details: Allowed groups: W, V, M, F, D, K, G, R
[2026-03-28 11:01:00] [SKIPPED] Row: 27 | Code: SCMWN0028388 | Item: 7 Peaks Chenin Blanc | Reason: Class group 'O' not allowed for license 'FL-III' | Details: Allowed groups: W, V, M, F, D, K, G, R
[2026-03-28 11:01:00] [SKIPPED] Row: 28 | Code: SCMWN0028389 | Item: 7 Peaks Chenin Blanc | Reason: Class group 'O' not allowed for license 'FL-III' | Details: Allowed groups: W, V, M, F, D, K, G, R
[2026-03-28 11:01:00] [SKIPPED] Row: 54 | Code: SCMLS0027208 | Item: ABSENTE 49 LIQUEUR | Reason: Class group 'O' not allowed for license 'FL-III' | Details: Allowed groups: W, V, M, F, D, K, G, R
[2026-03-28 11:01:00] [SKIPPED] Row: 55 | Code: SCMLS0027926 | Item: ABSENTE 49 LIQUEUR | Reason: Class group 'O' not allowed for license 'FL-III' | Details: Allowed groups: W, V, M, F, D, K, G, R
[2026-03-28 11:01:00] [SKIPPED] Row: 56 | Code: SCMLS0024082 | Item: ABSENTE 49 LIQUEUR | Reason: Class group 'O' not allowed for license 'FL-III' | Details: Allowed groups: W, V, M, F, D, K, G, R
[2026-03-28 11:01:00] [SKIPPED] Row: 165 | Code: SCMLS0020237 | Item: Antica Sambuca Classic | Reason: Class group 'O' not allowed for license 'FL-III' | Details: Allowed groups: W, V, M, F, D, K, G, R
[2026-03-28 11:01:00] [SKIPPED] Row: 166 | Code: SCMLS0022645 | Item: Antica Sambuca Classic | Reason: Class group 'O' not allowed for license 'FL-III' | Details: Allowed groups: W, V, M, F, D, K, G, R
[2026-03-28 11:01:00] [SKIPPED] Row: 167 | Code: SCMLS0024131 | Item: ANTICA SAMBUCA CLASSIC LIQUEUR | Reason: Class group 'O' not allowed for license 'FL-III' | Details: Allowed groups: W, V, M, F, D, K, G, R
[2026-03-28 11:01:00] [SKIPPED] Row: 168 | Code: SCMLS0033919 | Item: ANTICA SAMBUCA CLASSIC LIQUEUR | Reason: Class group 'O' not allowed for license 'FL-III' | Details: Allowed groups: W, V, M, F, D, K, G, R
[2026-03-28 11:01:00] [SKIPPED] Row: 169 | Code: SCMLS0033920 | Item: ANTICA SAMBUCA CLASSIC LIQUEUR | Reason: Class group 'O' not allowed for license 'FL-III' | Details: Allowed groups: W, V, M, F, D, K, G, R
[2026-03-28 11:01:00] [SKIPPED] Row: 189 | Code: SCMPL0021774 | Item: Bacardi + Cranberry | Reason: Class group 'O' not allowed for license 'FL-III' | Details: Allowed groups: W, V, M, F, D, K, G, R
[2026-03-28 11:01:00] [SKIPPED] Row: 190 | Code: SCMPL0031945 | Item: BACARDI + CRANBERRY FLAVOURED | Reason: Class group 'O' not allowed for license 'FL-III' | Details: Allowed groups: W, V, M, F, D, K, G, R
[2026-03-28 11:01:00] [SKIPPED] Row: 191 | Code: SCMPL0021775 | Item: Bacardi + Lemonade | Reason: Class group 'O' not allowed for license 'FL-III' | Details: Allowed groups: W, V, M, F, D, K, G, R
[2026-03-28 11:01:00] [SKIPPED] Row: 192 | Code: SCMPL0031946 | Item: BACARDI + LEMONADE FLAVOURED | Reason: Class group 'O' not allowed for license 'FL-III' | Details: Allowed groups: W, V, M, F, D, K, G, R
[2026-03-28 11:01:00] [SKIPPED] Row: 193 | Code: SCMPL0023422 | Item: BACARDI + LIMON FIZZ | Reason: Class group 'O' not allowed for license 'FL-III' | Details: Allowed groups: W, V, M, F, D, K, G, R
[2026-03-28 11:01:00] [SKIPPED] Row: 194 | Code: SCMPL0021773 | Item: Bacardi + Orange | Reason: Class group 'O' not allowed for license 'FL-III' | Details: Allowed groups: W, V, M, F, D, K, G, R
[2026-03-28 11:01:00] [SKIPPED] Row: 195 | Code: SCMPL0031944 | Item: BACARDI + ORANGE FLAVOURED | Reason: Class group 'O' not allowed for license 'FL-III' | Details: Allowed groups: W, V, M, F, D, K, G, R
[2026-03-28 11:01:00] [SKIPPED] Row: 196 | Code: SCMPL0038398 | Item: BACARDI + ORANGE FLAVOURED | Reason: Class group 'O' not allowed for license 'FL-III' | Details: Allowed groups: W, V, M, F, D, K, G, R
[2026-03-28 11:01:00] [SKIPPED] Row: 197 | Code: SCMLS0028598 | Item: Bacardi Anejo Cuatro Aged 4 YO | Reason: Class group 'O' not allowed for license 'FL-III' | Details: Allowed groups: W, V, M, F, D, K, G, R
[2026-03-28 11:01:00] [SKIPPED] Row: 220 | Code: SCMLS0020752 | Item: Bacardi Carta Blanca | Reason: Class group 'O' not allowed for license 'FL-III' | Details: Allowed groups: W, V, M, F, D, K, G, R
[2026-03-28 11:01:00] [SKIPPED] Row: 221 | Code: SCMLS0038660 | Item: Bacardi Carta Blanca | Reason: Class group 'O' not allowed for license 'FL-III' | Details: Allowed groups: W, V, M, F, D, K, G, R
[2026-03-28 11:01:00] [SKIPPED] Row: 235 | Code: SCMPL0024574 | Item: Bacardi Carta Blanca Ulta Deluxe Superior White Ru | Reason: Class group 'O' not allowed for license 'FL-III' | Details: Allowed groups: W, V, M, F, D, K, G, R
[2026-03-28 11:01:00] [SKIPPED] Row: 236 | Code: SCMPL0024573 | Item: Bacardi Carta Blanca Ulta Deluxe Superior White Ru | Reason: Class group 'O' not allowed for license 'FL-III' | Details: Allowed groups: W, V, M, F, D, K, G, R
[2026-03-28 11:01:00] [SKIPPED] Row: 237 | Code: SCMPL0024572 | Item: Bacardi Carta Blanca Ulta Deluxe Superior White Ru | Reason: Class group 'O' not allowed for license 'FL-III' | Details: Allowed groups: W, V, M, F, D, K, G, R
[2026-03-28 11:01:00] [SKIPPED] Row: 238 | Code: SCMPL0024571 | Item: Bacardi Carta Blanca Ulta Deluxe Superior White Ru | Reason: Class group 'O' not allowed for license 'FL-III' | Details: Allowed groups: W, V, M, F, D, K, G, R
[2026-03-28 11:01:00] [SKIPPED] Row: 239 | Code: SCMPL0024575 | Item: Bacardi Carta Blanca Ulta Deluxe Superior White Ru | Reason: Class group 'O' not allowed for license 'FL-III' | Details: Allowed groups: W, V, M, F, D, K, G, R
[2026-03-28 11:01:00] [SKIPPED] Row: 240 | Code: SCMPL0024576 | Item: Bacardi Carta Blanca Ulta Deluxe Superior White Ru | Reason: Class group 'O' not allowed for license 'FL-III' | Details: Allowed groups: W, V, M, F, D, K, G, R
[2026-03-28 11:01:00] [SKIPPED] Row: 248 | Code: SCMKS0018275 | Item: Bacardi Gold | Reason: Class group 'O' not allowed for license 'FL-III' | Details: Allowed groups: W, V, M, F, D, K, G, R
[2026-03-28 11:01:00] [SKIPPED] Row: 249 | Code: SCMKS0019669 | Item: Bacardi Gold | Reason: Class group 'O' not allowed for license 'FL-III' | Details: Allowed groups: W, V, M, F, D, K, G, R
[2026-03-28 11:01:00] [SKIPPED] Row: 250 | Code: SCMKS0018274 | Item: Bacardi Gold | Reason: Class group 'O' not allowed for license 'FL-III' | Details: Allowed groups: W, V, M, F, D, K, G, R
[2026-03-28 11:01:00] [SKIPPED] Row: 251 | Code: SCMKS0019668 | Item: Bacardi Gold | Reason: Class group 'O' not allowed for license 'FL-III' | Details: Allowed groups: W, V, M, F, D, K, G, R
[2026-03-28 11:01:00] [SKIPPED] Row: 281 | Code: SCMLS0023243 | Item: Bacardi Reserva Ocho Ron Dorado Selecto 8 | Reason: Class group 'O' not allowed for license 'FL-III' | Details: Allowed groups: W, V, M, F, D, K, G, R
[2026-03-28 11:01:00] [SKIPPED] Row: 307 | Code: SCMIT0019047 | Item: Baileys Orig IC | Reason: Class group 'O' not allowed for license 'FL-III' | Details: Allowed groups: W, V, M, F, D, K, G, R
[2026-03-28 11:01:00] [SKIPPED] Row: 308 | Code: SCMIT0019055 | Item: Baileys Orig IC | Reason: Class group 'O' not allowed for license 'FL-III' | Details: Allowed groups: W, V, M, F, D, K, G, R
[2026-03-28 11:01:00] [SKIPPED] Row: 309 | Code: SCMLS0035753 | Item: Baileys Salted Caramel | Reason: Class group 'O' not allowed for license 'FL-III' | Details: Allowed groups: W, V, M, F, D, K, G, R
[2026-03-28 11:01:00] [SKIPPED] Row: 330 | Code: SCMLS0039892 | Item: BALLANTINES SINGLE DISTILLERY EDITION | Reason: Class group 'O' not allowed for license 'FL-III' | Details: Allowed groups: W, V, M, F, D, K, G, R
[2026-03-28 11:01:00] [SKIPPED] Row: 345 | Code: SCMPL0043542 | Item: BARREL 24 PREMIUM WHIKSY | Reason: Class group 'O' not allowed for license 'FL-III' | Details: Allowed groups: W, V, M, F, D, K, G, R
[2026-03-28 11:01:00] [SKIPPED] Row: 346 | Code: SCMPL0043544 | Item: BARREL 24 PREMIUM WHIKSY | Reason: Class group 'O' not allowed for license 'FL-III' | Details: Allowed groups: W, V, M, F, D, K, G, R
[2026-03-28 11:01:00] [SKIPPED] Row: 347 | Code: SCMPL0043546 | Item: BARREL 24 PREMIUM WHIKSY | Reason: Class group 'O' not allowed for license 'FL-III' | Details: Allowed groups: W, V, M, F, D, K, G, R
[2026-03-28 11:01:00] [SKIPPED] Row: 348 | Code: SCMPL0043545 | Item: BARREL 24 PREMIUM WHIKSY | Reason: Class group 'O' not allowed for license 'FL-III' | Details: Allowed groups: W, V, M, F, D, K, G, R
[2026-03-28 11:01:00] [SKIPPED] Row: 349 | Code: SCMPL0043543 | Item: BARREL 24 PREMIUM WHIKSY | Reason: Class group 'O' not allowed for license 'FL-III' | Details: Allowed groups: W, V, M, F, D, K, G, R
[2026-03-28 11:01:00] [SKIPPED] Row: 354 | Code: SCMBR0028502 | Item: Beck?s Ice Superior Strength Classic | Reason: Class group 'O' not allowed for license 'FL-III' | Details: Allowed groups: W, V, M, F, D, K, G, R
[2026-03-28 11:01:00] [SKIPPED] Row: 355 | Code: SCMBR0028504 | Item: Beck?s Ice Superior Strength Classic | Reason: Class group 'O' not allowed for license 'FL-III' | Details: Allowed groups: W, V, M, F, D, K, G, R
[2026-03-28 11:01:00] [SKIPPED] Row: 356 | Code: SCMBR0028505 | Item: Beck?s Ice Superior Strength Classic | Reason: Class group 'O' not allowed for license 'FL-III' | Details: Allowed groups: W, V, M, F, D, K, G, R
[2026-03-28 11:01:00] [SKIPPED] Row: 357 | Code: SCMBR0028506 | Item: Beck?s Ice Superior Strength Classic | Reason: Class group 'O' not allowed for license 'FL-III' | Details: Allowed groups: W, V, M, F, D, K, G, R
[2026-03-28 11:01:00] [SKIPPED] Row: 358 | Code: SCMBR0028503 | Item: Beck?s Ice Superior Strength Classic | Reason: Class group 'O' not allowed for license 'FL-III' | Details: Allowed groups: W, V, M, F, D, K, G, R
[2026-03-28 11:01:00] [SKIPPED] Row: 359 | Code: SCMBR0028507 | Item: Beck?s Ice Superior Strength Classic | Reason: Class group 'O' not allowed for license 'FL-III' | Details: Allowed groups: W, V, M, F, D, K, G, R
[2026-03-28 11:01:00] [SKIPPED] Row: 360 | Code: SCMBR0018969 | Item: Beck\\\'s Ice | Reason: Class group 'O' not allowed for license 'FL-III' | Details: Allowed groups: W, V, M, F, D, K, G, R
[2026-03-28 11:01:00] [SKIPPED] Row: 361 | Code: SCMBR0018968 | Item: Beck\\\'s Ice | Reason: Class group 'O' not allowed for license 'FL-III' | Details: Allowed groups: W, V, M, F, D, K, G, R
[2026-03-28 11:01:00] [SKIPPED] Row: 362 | Code: SCMBR0018965 | Item: Beck\\\'s Ice | Reason: Class group 'O' not allowed for license 'FL-III' | Details: Allowed groups: W, V, M, F, D, K, G, R
[2026-03-28 11:01:00] [SKIPPED] Row: 363 | Code: SCMBR0022712 | Item: Beck\\\'s Ice | Reason: Class group 'O' not allowed for license 'FL-III' | Details: Allowed groups: W, V, M, F, D, K, G, R
[2026-03-28 11:01:00] [SKIPPED] Row: 364 | Code: SCMBR0018964 | Item: Beck\\\'s Ice | Reason: Class group 'O' not allowed for license 'FL-III' | Details: Allowed groups: W, V, M, F, D, K, G, R
[2026-03-28 11:01:00] [SKIPPED] Row: 365 | Code: SCMBR0018967 | Item: Beck\\\'s Ice | Reason: Class group 'O' not allowed for license 'FL-III' | Details: Allowed groups: W, V, M, F, D, K, G, R
[2026-03-28 11:01:00] [SKIPPED] Row: 366 | Code: SCMBR0018966 | Item: Beck\\\'s Ice | Reason: Class group 'O' not allowed for license 'FL-III' | Details: Allowed groups: W, V, M, F, D, K, G, R
[2026-03-28 11:01:00] [SKIPPED] Row: 367 | Code: SCMBR0029608 | Item: Beck\\\'s Ice Superior Strength Superior Classic | Reason: Class group 'O' not allowed for license 'FL-III' | Details: Allowed groups: W, V, M, F, D, K, G, R
[2026-03-28 11:01:00] [SKIPPED] Row: 368 | Code: SCMBR0029607 | Item: Beck\\\'s Ice Superior Strength Superior Classic | Reason: Class group 'O' not allowed for license 'FL-III' | Details: Allowed groups: W, V, M, F, D, K, G, R
[2026-03-28 11:01:00] [SKIPPED] Row: 369 | Code: SCMBR0029606 | Item: Beck\\\'s Ice Superior Strength Superior Classic | Reason: Class group 'O' not allowed for license 'FL-III' | Details: Allowed groups: W, V, M, F, D, K, G, R
[2026-03-28 11:01:00] [SKIPPED] Row: 376 | Code: SCMLS0033914 | Item: BEEFEATER LONDON PINK STRAWBERRY FLAVORED DISTILLE | Reason: Class group 'O' not allowed for license 'FL-III' | Details: Allowed groups: W, V, M, F, D, K, G, R
[2026-03-28 11:01:00] [SKIPPED] Row: 386 | Code: SCMWN0023136 | Item: Bella Zinfandel Rose | Reason: Class group 'O' not allowed for license 'FL-III' | Details: Allowed groups: W, V, M, F, D, K, G, R
[2026-03-28 11:01:00] [SKIPPED] Row: 387 | Code: SCMWN0023137 | Item: Bella Zinfandel Rose | Reason: Class group 'O' not allowed for license 'FL-III' | Details: Allowed groups: W, V, M, F, D, K, G, R
[2026-03-28 11:01:00] [SKIPPED] Row: 405 | Code: SCMLS0027317 | Item: Benchmark Old No. 8 Brand Bourbon | Reason: Class group 'O' not allowed for license 'FL-III' | Details: Allowed groups: W, V, M, F, D, K, G, R
[2026-03-28 11:01:00] [SKIPPED] Row: 447 | Code: SCMPL0024552 | Item: Black By Bacardi | Reason: Class group 'O' not allowed for license 'FL-III' | Details: Allowed groups: W, V, M, F, D, K, G, R
[2026-03-28 11:01:00] [SKIPPED] Row: 448 | Code: SCMPL0024551 | Item: Black By Bacardi | Reason: Class group 'O' not allowed for license 'FL-III' | Details: Allowed groups: W, V, M, F, D, K, G, R
[2026-03-28 11:01:00] [SKIPPED] Row: 449 | Code: SCMPL0024553 | Item: Black By Bacardi | Reason: Class group 'O' not allowed for license 'FL-III' | Details: Allowed groups: W, V, M, F, D, K, G, R
[2026-03-28 11:01:00] [SKIPPED] Row: 450 | Code: SCMPL0024550 | Item: Black By Bacardi | Reason: Class group 'O' not allowed for license 'FL-III' | Details: Allowed groups: W, V, M, F, D, K, G, R
[2026-03-28 11:01:00] [SKIPPED] Row: 462 | Code: SCMPL0010478 | Item: BLACK DOG CENTENARY | Reason: Class group 'O' not allowed for license 'FL-III' | Details: Allowed groups: W, V, M, F, D, K, G, R
[2026-03-28 11:01:00] [SKIPPED] Row: 463 | Code: SCMPL0009697 | Item: BLACK DOG CENTENARY | Reason: Class group 'O' not allowed for license 'FL-III' | Details: Allowed groups: W, V, M, F, D, K, G, R
[2026-03-28 11:01:00] [SKIPPED] Row: 464 | Code: SCMPL0009701 | Item: BLACK DOG CENTENARY | Reason: Class group 'O' not allowed for license 'FL-III' | Details: Allowed groups: W, V, M, F, D, K, G, R
[2026-03-28 11:01:00] [SKIPPED] Row: 465 | Code: SCMPL0009700 | Item: BLACK DOG CENTENARY | Reason: Class group 'O' not allowed for license 'FL-III' | Details: Allowed groups: W, V, M, F, D, K, G, R
[2026-03-28 11:01:00] [SKIPPED] Row: 466 | Code: SCMPL0009699 | Item: BLACK DOG CENTENARY | Reason: Class group 'O' not allowed for license 'FL-III' | Details: Allowed groups: W, V, M, F, D, K, G, R
[2026-03-28 11:01:00] [SKIPPED] Row: 467 | Code: SCMPL0009698 | Item: BLACK DOG CENTENARY | Reason: Class group 'O' not allowed for license 'FL-III' | Details: Allowed groups: W, V, M, F, D, K, G, R
[2026-03-28 11:01:00] [SKIPPED] Row: 468 | Code: SCMPL0016898 | Item: BLACK DOG CENTENARY | Reason: Class group 'O' not allowed for license 'FL-III' | Details: Allowed groups: W, V, M, F, D, K, G, R
[2026-03-28 11:01:00] [SKIPPED] Row: 469 | Code: SCMPL0016899 | Item: BLACK DOG CENTENARY | Reason: Class group 'O' not allowed for license 'FL-III' | Details: Allowed groups: W, V, M, F, D, K, G, R
[2026-03-28 11:01:00] [SKIPPED] Row: 470 | Code: SCMPL0036906 | Item: BLACK DOG CENTENARY | Reason: Class group 'O' not allowed for license 'FL-III' | Details: Allowed groups: W, V, M, F, D, K, G, R
[2026-03-28 11:01:00] [SKIPPED] Row: 471 | Code: SCMKS0026876 | Item: Black Dog Centenary Black Reserve Aged & Rear Blen | Reason: Class group 'O' not allowed for license 'FL-III' | Details: Allowed groups: W, V, M, F, D, K, G, R
[2026-03-28 11:01:00] [SKIPPED] Row: 472 | Code: SCMKS0037797 | Item: Black Dog Centenary Black Reserve Aged & Rear Blen | Reason: Class group 'O' not allowed for license 'FL-III' | Details: Allowed groups: W, V, M, F, D, K, G, R
[2026-03-28 11:01:00] [SKIPPED] Row: 478 | Code: SCMKS0030909 | Item: Black Dog Millard\\\'s Private Reserve Blended Sco | Reason: Class group 'O' not allowed for license 'FL-III' | Details: Allowed groups: W, V, M, F, D, K, G, R
[2026-03-28 11:01:00] [SKIPPED] Row: 490 | Code: SCMPL0012688 | Item: BLACK DOG TRIPLE GOLD RESERVE CELERBATION EDITION | Reason: Class group 'O' not allowed for license 'FL-III' | Details: Allowed groups: W, V, M, F, D, K, G, R
[2026-03-28 11:01:00] [SKIPPED] Row: 504 | Code: SCMWN0020113 | Item: Blanca Chenin Blanc | Reason: Class group 'O' not allowed for license 'FL-III' | Details: Allowed groups: W, V, M, F, D, K, G, R
[2026-03-28 11:01:00] [SKIPPED] Row: 505 | Code: SCMWN0020114 | Item: Blanca Chenin Blanc | Reason: Class group 'O' not allowed for license 'FL-III' | Details: Allowed groups: W, V, M, F, D, K, G, R
[2026-03-28 11:01:00] [SKIPPED] Row: 540 | Code: SCMPL0009722 | Item: BLUE RIBAND DUET | Reason: Class group 'O' not allowed for license 'FL-III' | Details: Allowed groups: W, V, M, F, D, K, G, R
[2026-03-28 11:01:00] [SKIPPED] Row: 541 | Code: SCMPL0009724 | Item: BLUE RIBAND DUET | Reason: Class group 'O' not allowed for license 'FL-III' | Details: Allowed groups: W, V, M, F, D, K, G, R
[2026-03-28 11:01:00] [SKIPPED] Row: 542 | Code: SCMPL0009725 | Item: BLUE RIBAND DUET | Reason: Class group 'O' not allowed for license 'FL-III' | Details: Allowed groups: W, V, M, F, D, K, G, R
[2026-03-28 11:01:00] [SKIPPED] Row: 543 | Code: SCMPL0009723 | Item: BLUE RIBAND DUET | Reason: Class group 'O' not allowed for license 'FL-III' | Details: Allowed groups: W, V, M, F, D, K, G, R
[2026-03-28 11:01:00] [SKIPPED] Row: 560 | Code: SCMLS0021183 | Item: BOLS AMARETTO LIQUEUR | Reason: Class group 'O' not allowed for license 'FL-III' | Details: Allowed groups: W, V, M, F, D, K, G, R
[2026-03-28 11:01:00] [SKIPPED] Row: 574 | Code: SCMPL0011846 | Item: Breezer Blackberry Crush | Reason: Class group 'O' not allowed for license 'FL-III' | Details: Allowed groups: W, V, M, F, D, K, G, R
[2026-03-28 11:01:00] [SKIPPED] Row: 575 | Code: SCMPL0011844 | Item: Breezer Blueberry | Reason: Class group 'O' not allowed for license 'FL-III' | Details: Allowed groups: W, V, M, F, D, K, G, R
[2026-03-28 11:01:00] [SKIPPED] Row: 576 | Code: SCMPL0011842 | Item: Breezer Cranberry | Reason: Class group 'O' not allowed for license 'FL-III' | Details: Allowed groups: W, V, M, F, D, K, G, R
[2026-03-28 11:01:00] [SKIPPED] Row: 577 | Code: SCMPL0031820 | Item: BREEZER Crips WATERMELON MINT FLAVOUR | Reason: Class group 'O' not allowed for license 'FL-III' | Details: Allowed groups: W, V, M, F, D, K, G, R
[2026-03-28 11:01:00] [SKIPPED] Row: 578 | Code: SCMPL0031822 | Item: BREEZER Delicious BLACKBERRY CRUSH FLAVOUR | Reason: Class group 'O' not allowed for license 'FL-III' | Details: Allowed groups: W, V, M, F, D, K, G, R
[2026-03-28 11:01:00] [SKIPPED] Row: 579 | Code: SCMPL0031818 | Item: BREEZER Exotic JAMAICAN PASSION FLAVOUR | Reason: Class group 'O' not allowed for license 'FL-III' | Details: Allowed groups: W, V, M, F, D, K, G, R
[2026-03-28 11:01:00] [SKIPPED] Row: 580 | Code: SCMPL0011845 | Item: Breezer Jamaican Passion | Reason: Class group 'O' not allowed for license 'FL-III' | Details: Allowed groups: W, V, M, F, D, K, G, R
[2026-03-28 11:01:00] [SKIPPED] Row: 581 | Code: SCMPL0017865 | Item: Breezer Lemon Splash | Reason: Class group 'O' not allowed for license 'FL-III' | Details: Allowed groups: W, V, M, F, D, K, G, R
[2026-03-28 11:01:00] [SKIPPED] Row: 582 | Code: SCMPL0011843 | Item: Breezer Orange | Reason: Class group 'O' not allowed for license 'FL-III' | Details: Allowed groups: W, V, M, F, D, K, G, R
[2026-03-28 11:01:00] [SKIPPED] Row: 583 | Code: SCMPL0038513 | Item: BREEZER Ripe MANGO PEACH FLAVOUR | Reason: Class group 'O' not allowed for license 'FL-III' | Details: Allowed groups: W, V, M, F, D, K, G, R
[2026-03-28 11:01:00] [SKIPPED] Row: 584 | Code: SCMPL0031817 | Item: BREEZER Tangy CRANBERRY FLAVOUR | Reason: Class group 'O' not allowed for license 'FL-III' | Details: Allowed groups: W, V, M, F, D, K, G, R
[2026-03-28 11:01:00] [SKIPPED] Row: 585 | Code: SCMPL0031819 | Item: BREEZER Tasty BLUEBERRY FLAVOUR | Reason: Class group 'O' not allowed for license 'FL-III' | Details: Allowed groups: W, V, M, F, D, K, G, R
[2026-03-28 11:01:00] [SKIPPED] Row: 586 | Code: SCMPL0029735 | Item: Breezer Ultra Deluxe Watermelon Mint | Reason: Class group 'O' not allowed for license 'FL-III' | Details: Allowed groups: W, V, M, F, D, K, G, R
[2026-03-28 11:01:00] [SKIPPED] Row: 587 | Code: SCMPL0031821 | Item: BREEZER Zesty ORANGE FLAVOUR | Reason: Class group 'O' not allowed for license 'FL-III' | Details: Allowed groups: W, V, M, F, D, K, G, R
[2026-03-28 11:01:06] [SKIPPED] Row: 696 | Code: SCMWN0038522 | Item: Bro Code Bianco | Reason: Class group 'O' not allowed for license 'FL-III' | Details: Allowed groups: W, V, M, F, D, K, G, R
[2026-03-28 11:01:06] [SKIPPED] Row: 697 | Code: SCMWN0038442 | Item: Bro Code Frizzante | Reason: Class group 'O' not allowed for license 'FL-III' | Details: Allowed groups: W, V, M, F, D, K, G, R
[2026-03-28 11:01:06] [SKIPPED] Row: 698 | Code: SCMWN0035772 | Item: Bro Code Frizzante | Reason: Class group 'O' not allowed for license 'FL-III' | Details: Allowed groups: W, V, M, F, D, K, G, R
[2026-03-28 11:01:06] [SKIPPED] Row: 699 | Code: SCMWN0032917 | Item: Bro Code Og | Reason: Class group 'O' not allowed for license 'FL-III' | Details: Allowed groups: W, V, M, F, D, K, G, R
[2026-03-28 11:01:06] [SKIPPED] Row: 700 | Code: SCMWN0041394 | Item: BRO CODE RICO | Reason: Class group 'O' not allowed for license 'FL-III' | Details: Allowed groups: W, V, M, F, D, K, G, R
[2026-03-28 11:01:06] [SKIPPED] Row: 701 | Code: SCMWN0038554 | Item: Bro Red Claret | Reason: Class group 'O' not allowed for license 'FL-III' | Details: Allowed groups: W, V, M, F, D, K, G, R
[2026-03-28 11:01:06] [SKIPPED] Row: 703 | Code: SCMLS0029285 | Item: Bruichladdich The Classic Laddie Scottish Barley | Reason: Class group 'O' not allowed for license 'FL-III' | Details: Allowed groups: W, V, M, F, D, K, G, R
[2026-03-28 11:01:06] [SKIPPED] Row: 704 | Code: SCMLS0024140 | Item: Bruichladdich The Classic Laddie Scottish Barley | Reason: Class group 'O' not allowed for license 'FL-III' | Details: Allowed groups: W, V, M, F, D, K, G, R
[2026-03-28 11:01:06] [SKIPPED] Row: 785 | Code: SCMLW0036318 | Item: BUENA VISTA LEGENDARY BADGE - RED ZINFANDEL | Reason: Class group 'O' not allowed for license 'FL-III' | Details: Allowed groups: W, V, M, F, D, K, G, R
[2026-03-28 11:01:06] [SKIPPED] Row: 821 | Code: SCMLS0020755 | Item: Cabo Bay Coconut Liqueur | Reason: Class group 'O' not allowed for license 'FL-III' | Details: Allowed groups: W, V, M, F, D, K, G, R
[2026-03-28 11:01:06] [SKIPPED] Row: 822 | Code: SCMKS0025559 | Item: CABO COCONUNT LIQUER | Reason: Class group 'O' not allowed for license 'FL-III' | Details: Allowed groups: W, V, M, F, D, K, G, R
[2026-03-28 11:01:06] [SKIPPED] Row: 838 | Code: SCMIT0018490 | Item: Camino Real | Reason: Class group 'O' not allowed for license 'FL-III' | Details: Allowed groups: W, V, M, F, D, K, G, R
[2026-03-28 11:01:06] [SKIPPED] Row: 870 | Code: SCMIT0019052 | Item: Cardhu | Reason: Class group 'O' not allowed for license 'FL-III' | Details: Allowed groups: W, V, M, F, D, K, G, R
[2026-03-28 11:01:06] [SKIPPED] Row: 880 | Code: SCMBR0021301 | Item: Carlsberg Elephant Strong International Premium Be | Reason: Class group 'O' not allowed for license 'FL-III' | Details: Allowed groups: W, V, M, F, D, K, G, R
[2026-03-28 11:01:06] [SKIPPED] Row: 898 | Code: SCMLW0028362 | Item: Casa El Unico Tempranillo | Reason: Class group 'O' not allowed for license 'FL-III' | Details: Allowed groups: W, V, M, F, D, K, G, R
[2026-03-28 11:01:06] [SKIPPED] Row: 905 | Code: SCMWN0019932 | Item: Chandon Brut | Reason: Class group 'O' not allowed for license 'FL-III' | Details: Allowed groups: W, V, M, F, D, K, G, R
[2026-03-28 11:01:06] [SKIPPED] Row: 906 | Code: SCMWN0038109 | Item: Chandon Brut | Reason: Class group 'O' not allowed for license 'FL-III' | Details: Allowed groups: W, V, M, F, D, K, G, R
[2026-03-28 11:01:06] [SKIPPED] Row: 907 | Code: SCMWN0030772 | Item: Chandon Brut | Reason: Class group 'O' not allowed for license 'FL-III' | Details: Allowed groups: W, V, M, F, D, K, G, R
[2026-03-28 11:01:06] [SKIPPED] Row: 908 | Code: SCMWN0021626 | Item: Chandon Brut Rose Classic | Reason: Class group 'O' not allowed for license 'FL-III' | Details: Allowed groups: W, V, M, F, D, K, G, R
[2026-03-28 11:01:06] [SKIPPED] Row: 909 | Code: SCMWN0019933 | Item: Chandon Delice | Reason: Class group 'O' not allowed for license 'FL-III' | Details: Allowed groups: W, V, M, F, D, K, G, R
[2026-03-28 11:01:06] [SKIPPED] Row: 910 | Code: SCMWN0019315 | Item: CHANTILLI ZINFANDEL-RW | Reason: Class group 'O' not allowed for license 'FL-III' | Details: Allowed groups: W, V, M, F, D, K, G, R
[2026-03-28 11:01:06] [SKIPPED] Row: 911 | Code: SCMWN0019316 | Item: CHANTILLI ZINFANDEL-RW | Reason: Class group 'O' not allowed for license 'FL-III' | Details: Allowed groups: W, V, M, F, D, K, G, R
[2026-03-28 11:01:06] [SKIPPED] Row: 912 | Code: SCMWN0019083 | Item: Chenin Blanc -WW | Reason: Class group 'O' not allowed for license 'FL-III' | Details: Allowed groups: W, V, M, F, D, K, G, R
[2026-03-28 11:01:06] [SKIPPED] Row: 913 | Code: SCMWN0019084 | Item: Chenin Blanc -WW | Reason: Class group 'O' not allowed for license 'FL-III' | Details: Allowed groups: W, V, M, F, D, K, G, R
[2026-03-28 11:01:06] [SKIPPED] Row: 914 | Code: SCMWN0019085 | Item: Chenin Blanc -WW | Reason: Class group 'O' not allowed for license 'FL-III' | Details: Allowed groups: W, V, M, F, D, K, G, R
[2026-03-28 11:01:06] [SKIPPED] Row: 988 | Code: SCMWN0019664 | Item: Come ON Charlie-SW | Reason: Class group 'O' not allowed for license 'FL-III' | Details: Allowed groups: W, V, M, F, D, K, G, R
[2026-03-28 11:01:06] [SKIPPED] Row: 989 | Code: SCMWN0019663 | Item: Come ON Charlie-SW | Reason: Class group 'O' not allowed for license 'FL-III' | Details: Allowed groups: W, V, M, F, D, K, G, R
[2026-03-28 11:01:13] [SKIPPED] Row: 1180 | Code: SCMIT0018493 | Item: Dewars Signature | Reason: Class group 'O' not allowed for license 'FL-III' | Details: Allowed groups: W, V, M, F, D, K, G, R
[2026-03-28 11:01:13] [SKIPPED] Row: 1235 | Code: SCMIT0018517 | Item: DON ANGEL ORD GOLD TEQUILA | Reason: Class group 'O' not allowed for license 'FL-III' | Details: Allowed groups: W, V, M, F, D, K, G, R
[2026-03-28 11:01:13] [SKIPPED] Row: 1236 | Code: SCMLS0035681 | Item: Don Angel Rare Reserve Blanco Tequila | Reason: Class group 'O' not allowed for license 'FL-III' | Details: Allowed groups: W, V, M, F, D, K, G, R
[2026-03-28 11:01:13] [SKIPPED] Row: 1237 | Code: SCMLS0035682 | Item: Don Angel Rare Reserve Blanco Tequila | Reason: Class group 'O' not allowed for license 'FL-III' | Details: Allowed groups: W, V, M, F, D, K, G, R
[2026-03-28 11:01:13] [SKIPPED] Row: 1238 | Code: SCMLS0040685 | Item: Don Angel Rare Reserve Tequila ORO | Reason: Class group 'O' not allowed for license 'FL-III' | Details: Allowed groups: W, V, M, F, D, K, G, R
[2026-03-28 11:01:13] [SKIPPED] Row: 1239 | Code: SCMIT0018700 | Item: DON ANGEL TAQUILA GOLD | Reason: Class group 'O' not allowed for license 'FL-III' | Details: Allowed groups: W, V, M, F, D, K, G, R
[2026-03-28 11:01:13] [SKIPPED] Row: 1240 | Code: SCMIT0018439 | Item: DON ANGEL TAQUILA SILVER | Reason: Class group 'O' not allowed for license 'FL-III' | Details: Allowed groups: W, V, M, F, D, K, G, R
[2026-03-28 11:01:13] [SKIPPED] Row: 1241 | Code: SCMIT0018437 | Item: DON ANGEL TAQUILA SILVER | Reason: Class group 'O' not allowed for license 'FL-III' | Details: Allowed groups: W, V, M, F, D, K, G, R
[2026-03-28 11:01:13] [SKIPPED] Row: 1242 | Code: SCMIT0018438 | Item: DON ANGEL TAQUILA SILVER | Reason: Class group 'O' not allowed for license 'FL-III' | Details: Allowed groups: W, V, M, F, D, K, G, R
[2026-03-28 11:01:13] [SKIPPED] Row: 1243 | Code: SCMLS0020904 | Item: Don Angel Tequila Blanco | Reason: Class group 'O' not allowed for license 'FL-III' | Details: Allowed groups: W, V, M, F, D, K, G, R
[2026-03-28 11:01:13] [SKIPPED] Row: 1244 | Code: SCMLS0021592 | Item: Don Angel Tequila Blanco | Reason: Class group 'O' not allowed for license 'FL-III' | Details: Allowed groups: W, V, M, F, D, K, G, R
[2026-03-28 11:01:13] [SKIPPED] Row: 1245 | Code: SCMLS0020906 | Item: Don Angel Tequila Blanco | Reason: Class group 'O' not allowed for license 'FL-III' | Details: Allowed groups: W, V, M, F, D, K, G, R
[2026-03-28 11:01:13] [SKIPPED] Row: 1246 | Code: SCMLS0020905 | Item: Don Angel Tequila Blanco | Reason: Class group 'O' not allowed for license 'FL-III' | Details: Allowed groups: W, V, M, F, D, K, G, R
[2026-03-28 11:01:13] [SKIPPED] Row: 1247 | Code: SCMLS0031771 | Item: Dos Flamos Tequilla Blanco | Reason: Class group 'O' not allowed for license 'FL-III' | Details: Allowed groups: W, V, M, F, D, K, G, R
[2026-03-28 11:01:13] [SKIPPED] Row: 1267 | Code: SCMLS0022597 | Item: El Jimador Bianco Tequila | Reason: Class group 'O' not allowed for license 'FL-III' | Details: Allowed groups: W, V, M, F, D, K, G, R
[2026-03-28 11:01:13] [SKIPPED] Row: 1268 | Code: SCMLS0022596 | Item: El Jimador Bianco Tequila | Reason: Class group 'O' not allowed for license 'FL-III' | Details: Allowed groups: W, V, M, F, D, K, G, R
[2026-03-28 11:01:13] [SKIPPED] Row: 1269 | Code: SCMLS0023676 | Item: El Jimador Reposado Tequila | Reason: Class group 'O' not allowed for license 'FL-III' | Details: Allowed groups: W, V, M, F, D, K, G, R
[2026-03-28 11:01:13] [SKIPPED] Row: 1270 | Code: SCMLS0023116 | Item: El Jimador Reposado Tequila | Reason: Class group 'O' not allowed for license 'FL-III' | Details: Allowed groups: W, V, M, F, D, K, G, R
[2026-03-28 11:01:13] [SKIPPED] Row: 1271 | Code: SCMWN0019321 | Item: EMPEROR SPARKLING -RW | Reason: Class group 'O' not allowed for license 'FL-III' | Details: Allowed groups: W, V, M, F, D, K, G, R
[2026-03-28 11:01:13] [SKIPPED] Row: 1272 | Code: SCMWN0019320 | Item: EMPEROR SPARKLING -RW | Reason: Class group 'O' not allowed for license 'FL-III' | Details: Allowed groups: W, V, M, F, D, K, G, R
[2026-03-28 11:01:13] [SKIPPED] Row: 1273 | Code: SCMWN0019319 | Item: EMPEROR SPARKLING -RW | Reason: Class group 'O' not allowed for license 'FL-III' | Details: Allowed groups: W, V, M, F, D, K, G, R
[2026-03-28 11:01:13] [SKIPPED] Row: 1274 | Code: SCMWN0019323 | Item: EMPEROR SPARKLING-WW | Reason: Class group 'O' not allowed for license 'FL-III' | Details: Allowed groups: W, V, M, F, D, K, G, R
[2026-03-28 11:01:13] [SKIPPED] Row: 1275 | Code: SCMWN0019322 | Item: EMPEROR SPARKLING-WW | Reason: Class group 'O' not allowed for license 'FL-III' | Details: Allowed groups: W, V, M, F, D, K, G, R
[2026-03-28 11:01:13] [SKIPPED] Row: 1276 | Code: SCMWN0019324 | Item: EMPEROR SPARKLING-WW | Reason: Class group 'O' not allowed for license 'FL-III' | Details: Allowed groups: W, V, M, F, D, K, G, R
[2026-03-28 11:01:13] [SKIPPED] Row: 1335 | Code: SCMIT0025300 | Item: Famous Grouse 18 Years | Reason: Class group 'O' not allowed for license 'FL-III' | Details: Allowed groups: W, V, M, F, D, K, G, R
[2026-03-28 11:01:13] [SKIPPED] Row: 1336 | Code: SCMWN0031814 | Item: FIGARO EXTRA STRONG | Reason: Class group 'O' not allowed for license 'FL-III' | Details: Allowed groups: W, V, M, F, D, K, G, R
[2026-03-28 11:01:13] [SKIPPED] Row: 1337 | Code: SCMWN0031813 | Item: FIGARO STRONG | Reason: Class group 'O' not allowed for license 'FL-III' | Details: Allowed groups: W, V, M, F, D, K, G, R
[2026-03-28 11:01:13] [SKIPPED] Row: 1375 | Code: SCMWN0019242 | Item: Four Seasons Classics-Chenin Blanc-WW | Reason: Class group 'O' not allowed for license 'FL-III' | Details: Allowed groups: W, V, M, F, D, K, G, R
[2026-03-28 11:01:13] [SKIPPED] Row: 1376 | Code: SCMWN0019243 | Item: Four Seasons Classics-Chenin Blanc-WW | Reason: Class group 'O' not allowed for license 'FL-III' | Details: Allowed groups: W, V, M, F, D, K, G, R
[2026-03-28 11:01:13] [SKIPPED] Row: 1379 | Code: SCMWN0019244 | Item: Four Seasons Classics-Sauvignon Blanc-WW | Reason: Class group 'O' not allowed for license 'FL-III' | Details: Allowed groups: W, V, M, F, D, K, G, R
[2026-03-28 11:01:13] [SKIPPED] Row: 1380 | Code: SCMWN0019245 | Item: Four Seasons Classics-Sauvignon Blanc-WW | Reason: Class group 'O' not allowed for license 'FL-III' | Details: Allowed groups: W, V, M, F, D, K, G, R
[2026-03-28 11:01:13] [SKIPPED] Row: 1383 | Code: SCMWN0019254 | Item: Four Seasons Classics-Viognier-WW | Reason: Class group 'O' not allowed for license 'FL-III' | Details: Allowed groups: W, V, M, F, D, K, G, R
[2026-03-28 11:01:13] [SKIPPED] Row: 1384 | Code: SCMWN0019255 | Item: Four Seasons Classics-Viognier-WW | Reason: Class group 'O' not allowed for license 'FL-III' | Details: Allowed groups: W, V, M, F, D, K, G, R
[2026-03-28 11:01:13] [SKIPPED] Row: 1393 | Code: SCMWN0019539 | Item: FRATELLI CHENIN BLANC-WW | Reason: Class group 'O' not allowed for license 'FL-III' | Details: Allowed groups: W, V, M, F, D, K, G, R
[2026-03-28 11:01:13] [SKIPPED] Row: 1394 | Code: SCMWN0019538 | Item: FRATELLI CHENIN BLANC-WW | Reason: Class group 'O' not allowed for license 'FL-III' | Details: Allowed groups: W, V, M, F, D, K, G, R
[2026-03-28 11:01:13] [SKIPPED] Row: 1395 | Code: SCMWN0019529 | Item: FRATELLI CLASSIC CHENIN-WW | Reason: Class group 'O' not allowed for license 'FL-III' | Details: Allowed groups: W, V, M, F, D, K, G, R
[2026-03-28 11:01:13] [SKIPPED] Row: 1396 | Code: SCMWN0019530 | Item: FRATELLI CLASSIC CHENIN-WW | Reason: Class group 'O' not allowed for license 'FL-III' | Details: Allowed groups: W, V, M, F, D, K, G, R
[2026-03-28 11:01:13] [SKIPPED] Row: 1402 | Code: SCMWN0035205 | Item: FRATELLI MASTER SELECTION SANGIOVESE ROSE | Reason: Class group 'O' not allowed for license 'FL-III' | Details: Allowed groups: W, V, M, F, D, K, G, R
[2026-03-28 11:01:13] [SKIPPED] Row: 1407 | Code: SCMWN0019577 | Item: FRATELLI SANGIOVESE BIANCO-WW | Reason: Class group 'O' not allowed for license 'FL-III' | Details: Allowed groups: W, V, M, F, D, K, G, R
[2026-03-28 11:01:13] [SKIPPED] Row: 1408 | Code: SCMWN0019578 | Item: FRATELLI SANGIOVESE BIANCO-WW | Reason: Class group 'O' not allowed for license 'FL-III' | Details: Allowed groups: W, V, M, F, D, K, G, R
[2026-03-28 11:01:13] [SKIPPED] Row: 1409 | Code: SCMWN0019563 | Item: FRATELLI SANGIOVESE-RW | Reason: Class group 'O' not allowed for license 'FL-III' | Details: Allowed groups: W, V, M, F, D, K, G, R
[2026-03-28 11:01:13] [SKIPPED] Row: 1410 | Code: SCMWN0019564 | Item: FRATELLI SANGIOVESE-RW | Reason: Class group 'O' not allowed for license 'FL-III' | Details: Allowed groups: W, V, M, F, D, K, G, R
[2026-03-28 11:01:13] [SKIPPED] Row: 1411 | Code: SCMWN0019540 | Item: FRATELLI SAUVIGNON BLANC-WW | Reason: Class group 'O' not allowed for license 'FL-III' | Details: Allowed groups: W, V, M, F, D, K, G, R
[2026-03-28 11:01:13] [SKIPPED] Row: 1412 | Code: SCMWN0019541 | Item: FRATELLI SAUVIGNON BLANC-WW | Reason: Class group 'O' not allowed for license 'FL-III' | Details: Allowed groups: W, V, M, F, D, K, G, R
[2026-03-28 11:01:13] [SKIPPED] Row: 1413 | Code: SCMWN0019559 | Item: FRATELLI SAUVIGNON BLANC-WW | Reason: Class group 'O' not allowed for license 'FL-III' | Details: Allowed groups: W, V, M, F, D, K, G, R
[2026-03-28 11:01:13] [SKIPPED] Row: 1414 | Code: SCMWN0019569 | Item: FRATELLI SETTE-RW | Reason: Class group 'O' not allowed for license 'FL-III' | Details: Allowed groups: W, V, M, F, D, K, G, R
[2026-03-28 11:01:13] [SKIPPED] Row: 1415 | Code: SCMWN0037885 | Item: FRATELLI SETTE-RW | Reason: Class group 'O' not allowed for license 'FL-III' | Details: Allowed groups: W, V, M, F, D, K, G, R
[2026-03-28 11:01:13] [SKIPPED] Row: 1416 | Code: SCMWN0027170 | Item: FRATELLI SETTE-RW | Reason: Class group 'O' not allowed for license 'FL-III' | Details: Allowed groups: W, V, M, F, D, K, G, R
[2026-03-28 11:01:13] [SKIPPED] Row: 1417 | Code: SCMWN0019568 | Item: FRATELLI SETTE-RW | Reason: Class group 'O' not allowed for license 'FL-III' | Details: Allowed groups: W, V, M, F, D, K, G, R
[2026-03-28 11:01:13] [SKIPPED] Row: 1418 | Code: SCMWN0019567 | Item: FRATELLI SETTE-RW | Reason: Class group 'O' not allowed for license 'FL-III' | Details: Allowed groups: W, V, M, F, D, K, G, R
[2026-03-28 11:01:13] [SKIPPED] Row: 1459 | Code: SCMLS0023567 | Item: GENTLEMAN JACK | Reason: Class group 'O' not allowed for license 'FL-III' | Details: Allowed groups: W, V, M, F, D, K, G, R
[2026-03-28 11:01:13] [SKIPPED] Row: 1460 | Code: SCMIT0023115 | Item: GENTLEMAN JACK RARE TENNESSEE LIQUOUR | Reason: Class group 'O' not allowed for license 'FL-III' | Details: Allowed groups: W, V, M, F, D, K, G, R
[2026-03-28 11:01:13] [SKIPPED] Row: 1480 | Code: SCMLS0025437 | Item: GLENMORANGIE 18 YO | Reason: Class group 'O' not allowed for license 'FL-III' | Details: Allowed groups: W, V, M, F, D, K, G, R
[2026-03-28 11:01:13] [SKIPPED] Row: 1481 | Code: SCMLS0020999 | Item: GLENMORANGIE 18 YO | Reason: Class group 'O' not allowed for license 'FL-III' | Details: Allowed groups: W, V, M, F, D, K, G, R
[2026-03-28 11:01:13] [SKIPPED] Row: 1482 | Code: SCMLS0028281 | Item: GLENMORANGIE HIGHLAND SINGLE MALT | Reason: Class group 'O' not allowed for license 'FL-III' | Details: Allowed groups: W, V, M, F, D, K, G, R
[2026-03-28 11:01:13] [SKIPPED] Row: 1487 | Code: SCMLS0020997 | Item: GLENMORANGIE QUINTA RUBAN | Reason: Class group 'O' not allowed for license 'FL-III' | Details: Allowed groups: W, V, M, F, D, K, G, R
[2026-03-28 11:01:13] [SKIPPED] Row: 1488 | Code: SCMLS0029037 | Item: GLENMORANGIE THE LASANTA 12 YO | Reason: Class group 'O' not allowed for license 'FL-III' | Details: Allowed groups: W, V, M, F, D, K, G, R
[2026-03-28 11:01:13] [SKIPPED] Row: 1496 | Code: SCMKS0033342 | Item: Godawan Single Malt Rich and Rounded Artisan Whisk | Reason: Class group 'O' not allowed for license 'FL-III' | Details: Allowed groups: W, V, M, F, D, K, G, R
[2026-03-28 11:01:13] [SKIPPED] Row: 1519 | Code: SCMIT0019042 | Item: Gold Reserve | Reason: Class group 'O' not allowed for license 'FL-III' | Details: Allowed groups: W, V, M, F, D, K, G, R
[2026-03-28 11:01:13] [SKIPPED] Row: 1543 | Code: SCMWN0019580 | Item: GRAN CUVEE BRUT | Reason: Class group 'O' not allowed for license 'FL-III' | Details: Allowed groups: W, V, M, F, D, K, G, R
[2026-03-28 11:01:13] [SKIPPED] Row: 1544 | Code: SCMWN0019579 | Item: GRAN CUVEE BRUT | Reason: Class group 'O' not allowed for license 'FL-III' | Details: Allowed groups: W, V, M, F, D, K, G, R
[2026-03-28 11:01:13] [SKIPPED] Row: 1545 | Code: SCMWN0019656 | Item: GRAN CUVEE BRUT ROSE-SP | Reason: Class group 'O' not allowed for license 'FL-III' | Details: Allowed groups: W, V, M, F, D, K, G, R
[2026-03-28 11:01:13] [SKIPPED] Row: 1546 | Code: SCMWN0019655 | Item: GRAN CUVEE BRUT ROSE-SP | Reason: Class group 'O' not allowed for license 'FL-III' | Details: Allowed groups: W, V, M, F, D, K, G, R
[2026-03-28 11:01:18] [SKIPPED] Row: 1789 | Code: SCMWN0021711 | Item: Grover Chenin Blanc Art Collection | Reason: Class group 'O' not allowed for license 'FL-III' | Details: Allowed groups: W, V, M, F, D, K, G, R
[2026-03-28 11:01:18] [SKIPPED] Row: 1790 | Code: SCMWN0020362 | Item: Grover Chenin Blanc Art Collection | Reason: Class group 'O' not allowed for license 'FL-III' | Details: Allowed groups: W, V, M, F, D, K, G, R
[2026-03-28 11:01:18] [SKIPPED] Row: 1791 | Code: SCMWN0020361 | Item: Grover Chenin Blanc Art Collection | Reason: Class group 'O' not allowed for license 'FL-III' | Details: Allowed groups: W, V, M, F, D, K, G, R
[2026-03-28 11:01:18] [SKIPPED] Row: 1792 | Code: SCMWN0020349 | Item: Grover La Reserve | Reason: Class group 'O' not allowed for license 'FL-III' | Details: Allowed groups: W, V, M, F, D, K, G, R
[2026-03-28 11:01:18] [SKIPPED] Row: 1793 | Code: SCMWN0020350 | Item: Grover La Reserve | Reason: Class group 'O' not allowed for license 'FL-III' | Details: Allowed groups: W, V, M, F, D, K, G, R
[2026-03-28 11:01:18] [SKIPPED] Row: 1794 | Code: SCMWN0020352 | Item: Grover La Reserve Blanc | Reason: Class group 'O' not allowed for license 'FL-III' | Details: Allowed groups: W, V, M, F, D, K, G, R
[2026-03-28 11:01:18] [SKIPPED] Row: 1795 | Code: SCMWN0020351 | Item: Grover La Reserve Blanc | Reason: Class group 'O' not allowed for license 'FL-III' | Details: Allowed groups: W, V, M, F, D, K, G, R
[2026-03-28 11:01:18] [SKIPPED] Row: 1799 | Code: SCMWN0020382 | Item: Grover Rose Art Collection | Reason: Class group 'O' not allowed for license 'FL-III' | Details: Allowed groups: W, V, M, F, D, K, G, R
[2026-03-28 11:01:18] [SKIPPED] Row: 1800 | Code: SCMWN0021713 | Item: Grover Rose Art Collection | Reason: Class group 'O' not allowed for license 'FL-III' | Details: Allowed groups: W, V, M, F, D, K, G, R
[2026-03-28 11:01:18] [SKIPPED] Row: 1801 | Code: SCMWN0020381 | Item: Grover Rose Art Collection | Reason: Class group 'O' not allowed for license 'FL-III' | Details: Allowed groups: W, V, M, F, D, K, G, R
[2026-03-28 11:01:18] [SKIPPED] Row: 1802 | Code: SCMWN0020358 | Item: Grover Sauvignon Blanc Art Collection | Reason: Class group 'O' not allowed for license 'FL-III' | Details: Allowed groups: W, V, M, F, D, K, G, R
[2026-03-28 11:01:18] [SKIPPED] Row: 1803 | Code: SCMWN0021714 | Item: Grover Sauvignon Blanc Art Collection | Reason: Class group 'O' not allowed for license 'FL-III' | Details: Allowed groups: W, V, M, F, D, K, G, R
[2026-03-28 11:01:18] [SKIPPED] Row: 1804 | Code: SCMWN0020357 | Item: Grover Sauvignon Blanc Art Collection | Reason: Class group 'O' not allowed for license 'FL-III' | Details: Allowed groups: W, V, M, F, D, K, G, R
[2026-03-28 11:01:18] [SKIPPED] Row: 1822 | Code: SCMLS0037244 | Item: Havana Club Ahenjo 3 Anos Rhum | Reason: Class group 'O' not allowed for license 'FL-III' | Details: Allowed groups: W, V, M, F, D, K, G, R
[2026-03-28 11:01:18] [SKIPPED] Row: 1823 | Code: SCMLS0023009 | Item: Havana Club Ahenjo 3 Anos Rhum | Reason: Class group 'O' not allowed for license 'FL-III' | Details: Allowed groups: W, V, M, F, D, K, G, R
[2026-03-28 11:01:18] [SKIPPED] Row: 1825 | Code: SCMLS0030596 | Item: HAVANA CLUB ANEJO AGED 7 ANOS YEARS | Reason: Class group 'O' not allowed for license 'FL-III' | Details: Allowed groups: W, V, M, F, D, K, G, R
[2026-03-28 11:01:18] [SKIPPED] Row: 1915 | Code: SCMKB0031623 | Item: HOEGAARDEN BELGIAN BLANCHE | Reason: Class group 'O' not allowed for license 'FL-III' | Details: Allowed groups: W, V, M, F, D, K, G, R
[2026-03-28 11:01:18] [SKIPPED] Row: 1916 | Code: SCMKB0031622 | Item: HOEGAARDEN BELGIAN BLANCHE | Reason: Class group 'O' not allowed for license 'FL-III' | Details: Allowed groups: W, V, M, F, D, K, G, R
[2026-03-28 11:01:18] [SKIPPED] Row: 1917 | Code: SCMKB0030030 | Item: HOEGAARDEN BELGIAN BLANCHE | Reason: Class group 'O' not allowed for license 'FL-III' | Details: Allowed groups: W, V, M, F, D, K, G, R
[2026-03-28 11:01:18] [SKIPPED] Row: 1918 | Code: SCMKB0030031 | Item: HOEGAARDEN BELGIAN BLANCHE | Reason: Class group 'O' not allowed for license 'FL-III' | Details: Allowed groups: W, V, M, F, D, K, G, R
[2026-03-28 11:01:18] [SKIPPED] Row: 1919 | Code: SCMKB0039630 | Item: HOEGAARDEN BELGIAN BLANCHE | Reason: Class group 'O' not allowed for license 'FL-III' | Details: Allowed groups: W, V, M, F, D, K, G, R
[2026-03-28 11:01:18] [SKIPPED] Row: 1922 | Code: SCMKB0031621 | Item: Hoegaarden Witbier Nectarine | Reason: Class group 'O' not allowed for license 'FL-III' | Details: Allowed groups: W, V, M, F, D, K, G, R
[2026-03-28 11:01:18] [SKIPPED] Row: 1923 | Code: SCMKB0031620 | Item: Hoegaarden Witbier Nectarine | Reason: Class group 'O' not allowed for license 'FL-III' | Details: Allowed groups: W, V, M, F, D, K, G, R
[2026-03-28 11:01:18] [SKIPPED] Row: 1924 | Code: SCMKB0040619 | Item: Hoegaarden Witbier Nectarine | Reason: Class group 'O' not allowed for license 'FL-III' | Details: Allowed groups: W, V, M, F, D, K, G, R
[2026-03-28 11:01:18] [SKIPPED] Row: 1925 | Code: SCMKB0031618 | Item: Hoegaarden Witbier Rosee | Reason: Class group 'O' not allowed for license 'FL-III' | Details: Allowed groups: W, V, M, F, D, K, G, R
[2026-03-28 11:01:18] [SKIPPED] Row: 1926 | Code: SCMKB0040584 | Item: Hoegaarden Witbier Rosee | Reason: Class group 'O' not allowed for license 'FL-III' | Details: Allowed groups: W, V, M, F, D, K, G, R
[2026-03-28 11:01:18] [SKIPPED] Row: 1927 | Code: SCMKB0031619 | Item: Hoegaarden Witbier Rosee | Reason: Class group 'O' not allowed for license 'FL-III' | Details: Allowed groups: W, V, M, F, D, K, G, R
[2026-03-28 11:01:18] [SKIPPED] Row: 1959 | Code: SCMKS0036502 | Item: INACAN LIIT | Reason: Class group 'O' not allowed for license 'FL-III' | Details: Allowed groups: W, V, M, F, D, K, G, R
[2026-03-28 11:01:18] [SKIPPED] Row: 1989 | Code: SCMKS0020268 | Item: Indian Honey Shot(s) | Reason: Class group 'O' not allowed for license 'FL-III' | Details: Allowed groups: W, V, M, F, D, K, G, R
[2026-03-28 11:01:18] [SKIPPED] Row: 1990 | Code: SCMKS0020269 | Item: Indian Honey Shot(s) | Reason: Class group 'O' not allowed for license 'FL-III' | Details: Allowed groups: W, V, M, F, D, K, G, R
[2026-03-28 11:01:18] [SKIPPED] Row: 1991 | Code: SCMKS0020270 | Item: Indian Honey Shot(s) | Reason: Class group 'O' not allowed for license 'FL-III' | Details: Allowed groups: W, V, M, F, D, K, G, R
[2026-03-28 11:01:18] [SKIPPED] Row: 1992 | Code: SCMKS0020267 | Item: Indian Honey Shot(s) | Reason: Class group 'O' not allowed for license 'FL-III' | Details: Allowed groups: W, V, M, F, D, K, G, R
[2026-03-28 11:01:18] [SKIPPED] Row: 2039 | Code: SCMWN0019964 | Item: Indus Chenin Blanc-WW | Reason: Class group 'O' not allowed for license 'FL-III' | Details: Allowed groups: W, V, M, F, D, K, G, R
[2026-03-28 11:01:19] [SKIPPED] Row: 2065 | Code: SCMIT0019043 | Item: J. W. Blue Label | Reason: Class group 'O' not allowed for license 'FL-III' | Details: Allowed groups: W, V, M, F, D, K, G, R
[2026-03-28 11:01:19] [SKIPPED] Row: 2066 | Code: SCMIT0019036 | Item: J.W. Black Label | Reason: Class group 'O' not allowed for license 'FL-III' | Details: Allowed groups: W, V, M, F, D, K, G, R
[2026-03-28 11:01:19] [SKIPPED] Row: 2067 | Code: SCMIT0019035 | Item: J.W. Black Label | Reason: Class group 'O' not allowed for license 'FL-III' | Details: Allowed groups: W, V, M, F, D, K, G, R
[2026-03-28 11:01:19] [SKIPPED] Row: 2068 | Code: SCMIT0019034 | Item: J.W. Black Label | Reason: Class group 'O' not allowed for license 'FL-III' | Details: Allowed groups: W, V, M, F, D, K, G, R
[2026-03-28 11:01:19] [SKIPPED] Row: 2069 | Code: SCMIT0019033 | Item: J.W. Black Label | Reason: Class group 'O' not allowed for license 'FL-III' | Details: Allowed groups: W, V, M, F, D, K, G, R
[2026-03-28 11:01:19] [SKIPPED] Row: 2070 | Code: SCMIT0019032 | Item: J.W. Double Black Label | Reason: Class group 'O' not allowed for license 'FL-III' | Details: Allowed groups: W, V, M, F, D, K, G, R
[2026-03-28 11:01:19] [SKIPPED] Row: 2071 | Code: SCMIT0019039 | Item: J.W. Red Label | Reason: Class group 'O' not allowed for license 'FL-III' | Details: Allowed groups: W, V, M, F, D, K, G, R
[2026-03-28 11:01:19] [SKIPPED] Row: 2072 | Code: SCMIT0019040 | Item: J.W. Red Label | Reason: Class group 'O' not allowed for license 'FL-III' | Details: Allowed groups: W, V, M, F, D, K, G, R
[2026-03-28 11:01:19] [SKIPPED] Row: 2073 | Code: SCMIT0019041 | Item: J.W. Red Label | Reason: Class group 'O' not allowed for license 'FL-III' | Details: Allowed groups: W, V, M, F, D, K, G, R
[2026-03-28 11:01:19] [SKIPPED] Row: 2074 | Code: SCMIT0019037 | Item: J.W. Red Label | Reason: Class group 'O' not allowed for license 'FL-III' | Details: Allowed groups: W, V, M, F, D, K, G, R
[2026-03-28 11:01:19] [SKIPPED] Row: 2075 | Code: SCMIT0019038 | Item: J.W. Red Label | Reason: Class group 'O' not allowed for license 'FL-III' | Details: Allowed groups: W, V, M, F, D, K, G, R
[2026-03-28 11:01:19] [SKIPPED] Row: 2076 | Code: SCMLS0039897 | Item: Jack Daniel's Gentleman Jack Double Mellowed Tenne | Reason: Class group 'O' not allowed for license 'FL-III' | Details: Allowed groups: W, V, M, F, D, K, G, R
[2026-03-28 11:01:19] [SKIPPED] Row: 2077 | Code: SCMLS0022564 | Item: Jack Daniel's Honey Flevored Liqueur | Reason: Class group 'O' not allowed for license 'FL-III' | Details: Allowed groups: W, V, M, F, D, K, G, R
[2026-03-28 11:01:19] [SKIPPED] Row: 2078 | Code: SCMLS0022565 | Item: Jack Daniel's Honey Flevored Liqueur | Reason: Class group 'O' not allowed for license 'FL-III' | Details: Allowed groups: W, V, M, F, D, K, G, R
[2026-03-28 11:01:19] [SKIPPED] Row: 2079 | Code: SCMLS0023804 | Item: Jack Daniel's Honey Flevored Liqueur | Reason: Class group 'O' not allowed for license 'FL-III' | Details: Allowed groups: W, V, M, F, D, K, G, R
[2026-03-28 11:01:19] [SKIPPED] Row: 2086 | Code: SCMLS0024652 | Item: Jack Daniel's Single Barrel Select Tenneessee Whis | Reason: Class group 'O' not allowed for license 'FL-III' | Details: Allowed groups: W, V, M, F, D, K, G, R
[2026-03-28 11:01:19] [SKIPPED] Row: 2087 | Code: SCMLS0029583 | Item: Jack Daniel's Tennessee Apple Liqueur | Reason: Class group 'O' not allowed for license 'FL-III' | Details: Allowed groups: W, V, M, F, D, K, G, R
[2026-03-28 11:01:19] [SKIPPED] Row: 2088 | Code: SCMLS0022562 | Item: Jack Daniel's Tennessee Fire Liqueur | Reason: Class group 'O' not allowed for license 'FL-III' | Details: Allowed groups: W, V, M, F, D, K, G, R
[2026-03-28 11:01:19] [SKIPPED] Row: 2089 | Code: SCMLS0022563 | Item: Jack Daniel's Tennessee Fire Liqueur | Reason: Class group 'O' not allowed for license 'FL-III' | Details: Allowed groups: W, V, M, F, D, K, G, R
[2026-03-28 11:01:19] [SKIPPED] Row: 2090 | Code: SCMIT0020480 | Item: Jack Daniels Black | Reason: Class group 'O' not allowed for license 'FL-III' | Details: Allowed groups: W, V, M, F, D, K, G, R
[2026-03-28 11:01:19] [SKIPPED] Row: 2091 | Code: SCMIT0020483 | Item: Jack Daniels Black | Reason: Class group 'O' not allowed for license 'FL-III' | Details: Allowed groups: W, V, M, F, D, K, G, R
[2026-03-28 11:01:19] [SKIPPED] Row: 2092 | Code: SCMIT0020482 | Item: Jack Daniels Black | Reason: Class group 'O' not allowed for license 'FL-III' | Details: Allowed groups: W, V, M, F, D, K, G, R
[2026-03-28 11:01:19] [SKIPPED] Row: 2093 | Code: SCMIT0020481 | Item: Jack Daniels Black | Reason: Class group 'O' not allowed for license 'FL-III' | Details: Allowed groups: W, V, M, F, D, K, G, R
[2026-03-28 11:01:19] [SKIPPED] Row: 2094 | Code: SCMLS0041602 | Item: Jack Daniels Old No.7 Brand Quality Tennessee Sour | Reason: Class group 'O' not allowed for license 'FL-III' | Details: Allowed groups: W, V, M, F, D, K, G, R
[2026-03-28 11:01:19] [SKIPPED] Row: 2095 | Code: SCMLS0041601 | Item: Jack Daniels Old No.7 Brand Quality Tennessee Sour | Reason: Class group 'O' not allowed for license 'FL-III' | Details: Allowed groups: W, V, M, F, D, K, G, R
[2026-03-28 11:01:19] [SKIPPED] Row: 2096 | Code: SCMLS0043027 | Item: Jack Daniels Old No.7 Brand Quality Tennessee Sour | Reason: Class group 'O' not allowed for license 'FL-III' | Details: Allowed groups: W, V, M, F, D, K, G, R
[2026-03-28 11:01:19] [SKIPPED] Row: 2110 | Code: SCMLS0018426 | Item: JAGERMEISTER | Reason: Class group 'O' not allowed for license 'FL-III' | Details: Allowed groups: W, V, M, F, D, K, G, R
[2026-03-28 11:01:19] [SKIPPED] Row: 2111 | Code: SCMLS0031776 | Item: JAGERMEISTER | Reason: Class group 'O' not allowed for license 'FL-III' | Details: Allowed groups: W, V, M, F, D, K, G, R
[2026-03-28 11:01:19] [SKIPPED] Row: 2112 | Code: SCMLS0018427 | Item: JAGERMEISTER | Reason: Class group 'O' not allowed for license 'FL-III' | Details: Allowed groups: W, V, M, F, D, K, G, R
[2026-03-28 11:01:19] [SKIPPED] Row: 2113 | Code: SCMLS0023372 | Item: JAGERMEISTER | Reason: Class group 'O' not allowed for license 'FL-III' | Details: Allowed groups: W, V, M, F, D, K, G, R
[2026-03-28 11:01:19] [SKIPPED] Row: 2114 | Code: SCMLS0031447 | Item: JAGERMEISTER | Reason: Class group 'O' not allowed for license 'FL-III' | Details: Allowed groups: W, V, M, F, D, K, G, R
[2026-03-28 11:01:19] [SKIPPED] Row: 2115 | Code: SCMLS0031448 | Item: JAGERMEISTER | Reason: Class group 'O' not allowed for license 'FL-III' | Details: Allowed groups: W, V, M, F, D, K, G, R
[2026-03-28 11:01:19] [SKIPPED] Row: 2116 | Code: SCMLS0018377 | Item: JAGERMEISTER | Reason: Class group 'O' not allowed for license 'FL-III' | Details: Allowed groups: W, V, M, F, D, K, G, R
[2026-03-28 11:01:19] [SKIPPED] Row: 2117 | Code: SCMLS0037138 | Item: Jagermeister 9556 Nights of Exploration Liqueur | Reason: Class group 'O' not allowed for license 'FL-III' | Details: Allowed groups: W, V, M, F, D, K, G, R
[2026-03-28 11:01:19] [SKIPPED] Row: 2118 | Code: SCMLS0030034 | Item: Jagermeister Save the Night - Liqueur | Reason: Class group 'O' not allowed for license 'FL-III' | Details: Allowed groups: W, V, M, F, D, K, G, R
[2026-03-28 11:01:19] [SKIPPED] Row: 2119 | Code: SCMLS0033893 | Item: Jagermeister The Perfect Shot Liqueur | Reason: Class group 'O' not allowed for license 'FL-III' | Details: Allowed groups: W, V, M, F, D, K, G, R
[2026-03-28 11:01:19] [SKIPPED] Row: 2160 | Code: SCMLS0036767 | Item: JIM BEAM HONEY | Reason: Class group 'O' not allowed for license 'FL-III' | Details: Allowed groups: W, V, M, F, D, K, G, R
[2026-03-28 11:01:19] [SKIPPED] Row: 2169 | Code: SCMLS0036768 | Item: JIM BEAM ORANGE | Reason: Class group 'O' not allowed for license 'FL-III' | Details: Allowed groups: W, V, M, F, D, K, G, R
[2026-03-28 11:01:19] [SKIPPED] Row: 2170 | Code: SCMIT0024648 | Item: John Barr | Reason: Class group 'O' not allowed for license 'FL-III' | Details: Allowed groups: W, V, M, F, D, K, G, R
[2026-03-28 11:01:19] [SKIPPED] Row: 2177 | Code: SCMLS0027523 | Item: JOHNNIE WALKER Black Label Ltd. Edition | Reason: Class group 'O' not allowed for license 'FL-III' | Details: Allowed groups: W, V, M, F, D, K, G, R
[2026-03-28 11:01:19] [SKIPPED] Row: 2189 | Code: SCMIT0018715 | Item: JOHNNIE WALKER Platinum 18 YO | Reason: Class group 'O' not allowed for license 'FL-III' | Details: Allowed groups: W, V, M, F, D, K, G, R
[2026-03-28 11:01:19] [SKIPPED] Row: 2190 | Code: SCMIT0018804 | Item: JOHNNIE WALKER Platinum 18 YO | Reason: Class group 'O' not allowed for license 'FL-III' | Details: Allowed groups: W, V, M, F, D, K, G, R
[2026-03-28 11:01:19] [SKIPPED] Row: 2198 | Code: SCMLS0028606 | Item: Johnnie Walker Red Label Limited Edition Blended S | Reason: Class group 'O' not allowed for license 'FL-III' | Details: Allowed groups: W, V, M, F, D, K, G, R
[2026-03-28 11:01:19] [SKIPPED] Row: 2205 | Code: SCMLS0024145 | Item: Jose Cuervo Especial Reposado TEQUILA | Reason: Class group 'O' not allowed for license 'FL-III' | Details: Allowed groups: W, V, M, F, D, K, G, R
[2026-03-28 11:01:19] [SKIPPED] Row: 2206 | Code: SCMLS0028804 | Item: Jose Cuervo Especial Reposado TEQUILA | Reason: Class group 'O' not allowed for license 'FL-III' | Details: Allowed groups: W, V, M, F, D, K, G, R
[2026-03-28 11:01:19] [SKIPPED] Row: 2207 | Code: SCMLS0034022 | Item: Jose Cuervo Especial Reposado TEQUILA | Reason: Class group 'O' not allowed for license 'FL-III' | Details: Allowed groups: W, V, M, F, D, K, G, R
[2026-03-28 11:01:19] [SKIPPED] Row: 2208 | Code: SCMLS0018524 | Item: JOSE CUERVO TEQUILA SILVER | Reason: Class group 'O' not allowed for license 'FL-III' | Details: Allowed groups: W, V, M, F, D, K, G, R
[2026-03-28 11:01:19] [SKIPPED] Row: 2209 | Code: SCMLS0028803 | Item: JOSE CUERVO TEQUILA SILVER | Reason: Class group 'O' not allowed for license 'FL-III' | Details: Allowed groups: W, V, M, F, D, K, G, R
[2026-03-28 11:01:19] [SKIPPED] Row: 2211 | Code: SCMIT0019051 | Item: JW Platinum 18 | Reason: Class group 'O' not allowed for license 'FL-III' | Details: Allowed groups: W, V, M, F, D, K, G, R
[2026-03-28 11:01:19] [SKIPPED] Row: 2212 | Code: SCMLS0018953 | Item: KAHLUA COFFEE LIQUEUR | Reason: Class group 'O' not allowed for license 'FL-III' | Details: Allowed groups: W, V, M, F, D, K, G, R
[2026-03-28 11:01:25] [SKIPPED] Row: 2375 | Code: SCMIT0019050 | Item: Ketal One | Reason: Class group 'O' not allowed for license 'FL-III' | Details: Allowed groups: W, V, M, F, D, K, G, R
[2026-03-28 11:01:25] [SKIPPED] Row: 2447 | Code: SCMBR0038689 | Item: Knock Out High Punch Strong | Reason: Class group 'O' not allowed for license 'FL-III' | Details: Allowed groups: W, V, M, F, D, K, G, R
[2026-03-28 11:01:25] [SKIPPED] Row: 2448 | Code: SCMBR0024809 | Item: Knock Out High Punch Strong | Reason: Class group 'O' not allowed for license 'FL-III' | Details: Allowed groups: W, V, M, F, D, K, G, R
[2026-03-28 11:01:25] [SKIPPED] Row: 2449 | Code: SCMBR0024810 | Item: Knock Out High Punch Strong | Reason: Class group 'O' not allowed for license 'FL-III' | Details: Allowed groups: W, V, M, F, D, K, G, R
[2026-03-28 11:01:25] [SKIPPED] Row: 2450 | Code: SCMBR0023052 | Item: Knock Out High Punch Strong | Reason: Class group 'O' not allowed for license 'FL-III' | Details: Allowed groups: W, V, M, F, D, K, G, R
[2026-03-28 11:01:25] [SKIPPED] Row: 2451 | Code: SCMBR0009852 | Item: Knock Out High Punch Strong | Reason: Class group 'O' not allowed for license 'FL-III' | Details: Allowed groups: W, V, M, F, D, K, G, R
[2026-03-28 11:01:25] [SKIPPED] Row: 2452 | Code: SCMBR0009853 | Item: Knock Out High Punch Strong | Reason: Class group 'O' not allowed for license 'FL-III' | Details: Allowed groups: W, V, M, F, D, K, G, R
[2026-03-28 11:01:25] [SKIPPED] Row: 2453 | Code: SCMBR0018570 | Item: Knock Out Refreshing Strong | Reason: Class group 'O' not allowed for license 'FL-III' | Details: Allowed groups: W, V, M, F, D, K, G, R
[2026-03-28 11:01:25] [SKIPPED] Row: 2454 | Code: SCMBR0009851 | Item: Knock Out Refreshing Strong | Reason: Class group 'O' not allowed for license 'FL-III' | Details: Allowed groups: W, V, M, F, D, K, G, R
[2026-03-28 11:01:25] [SKIPPED] Row: 2455 | Code: SCMBR0009850 | Item: Knock Out Refreshing Strong | Reason: Class group 'O' not allowed for license 'FL-III' | Details: Allowed groups: W, V, M, F, D, K, G, R
[2026-03-28 11:01:25] [SKIPPED] Row: 2456 | Code: SCMBR0018567 | Item: Knock Out Refreshing Strong | Reason: Class group 'O' not allowed for license 'FL-III' | Details: Allowed groups: W, V, M, F, D, K, G, R
[2026-03-28 11:01:25] [SKIPPED] Row: 2457 | Code: SCMBR0018569 | Item: Knock Out Refreshing Strong | Reason: Class group 'O' not allowed for license 'FL-III' | Details: Allowed groups: W, V, M, F, D, K, G, R
[2026-03-28 11:01:25] [SKIPPED] Row: 2458 | Code: SCMBR0018568 | Item: Knock Out Refreshing Strong | Reason: Class group 'O' not allowed for license 'FL-III' | Details: Allowed groups: W, V, M, F, D, K, G, R
[2026-03-28 11:01:25] [SKIPPED] Row: 2459 | Code: SCMWN0019981 | Item: Lagrima-Port | Reason: Class group 'O' not allowed for license 'FL-III' | Details: Allowed groups: W, V, M, F, D, K, G, R
[2026-03-28 11:01:25] [SKIPPED] Row: 2460 | Code: SCMWN0019980 | Item: Lagrima-Port | Reason: Class group 'O' not allowed for license 'FL-III' | Details: Allowed groups: W, V, M, F, D, K, G, R
[2026-03-28 11:01:25] [SKIPPED] Row: 2461 | Code: SCMWN0019979 | Item: Lagrima-Port | Reason: Class group 'O' not allowed for license 'FL-III' | Details: Allowed groups: W, V, M, F, D, K, G, R
[2026-03-28 11:01:25] [SKIPPED] Row: 2470 | Code: SCMLW0020850 | Item: Le Grand Noir GSM | Reason: Class group 'O' not allowed for license 'FL-III' | Details: Allowed groups: W, V, M, F, D, K, G, R
[2026-03-28 11:01:25] [SKIPPED] Row: 2471 | Code: SCMLW0036701 | Item: Le Grand Noir GSM Red Blend | Reason: Class group 'O' not allowed for license 'FL-III' | Details: Allowed groups: W, V, M, F, D, K, G, R
[2026-03-28 11:01:25] [SKIPPED] Row: 2476 | Code: SCMLW0025530 | Item: Le Grand Noir Rose | Reason: Class group 'O' not allowed for license 'FL-III' | Details: Allowed groups: W, V, M, F, D, K, G, R
[2026-03-28 11:01:25] [SKIPPED] Row: 2519 | Code: SCMLW0028864 | Item: LUIS FELIPE EDWARDS SAUVIGNON BLANC | Reason: Class group 'O' not allowed for license 'FL-III' | Details: Allowed groups: W, V, M, F, D, K, G, R
[2026-03-28 11:01:25] [SKIPPED] Row: 2520 | Code: SCMPL0042779 | Item: M2 Magic Moments Alphonso Mango Vivid Flavoured Vo | Reason: Class group 'O' not allowed for license 'FL-III' | Details: Allowed groups: W, V, M, F, D, K, G, R
[2026-03-28 11:01:25] [SKIPPED] Row: 2521 | Code: SCMPL0042175 | Item: M2 Magic Moments Alphonso Mango Vivid Flavoured Vo | Reason: Class group 'O' not allowed for license 'FL-III' | Details: Allowed groups: W, V, M, F, D, K, G, R
[2026-03-28 11:01:25] [SKIPPED] Row: 2522 | Code: SCMPL0042172 | Item: M2 Magic Moments Alphonso Mango Vivid Flavoured Vo | Reason: Class group 'O' not allowed for license 'FL-III' | Details: Allowed groups: W, V, M, F, D, K, G, R
[2026-03-28 11:01:25] [SKIPPED] Row: 2523 | Code: SCMPL0042173 | Item: M2 Magic Moments Alphonso Mango Vivid Flavoured Vo | Reason: Class group 'O' not allowed for license 'FL-III' | Details: Allowed groups: W, V, M, F, D, K, G, R
[2026-03-28 11:01:25] [SKIPPED] Row: 2524 | Code: SCMPL0042174 | Item: M2 Magic Moments Alphonso Mango Vivid Flavoured Vo | Reason: Class group 'O' not allowed for license 'FL-III' | Details: Allowed groups: W, V, M, F, D, K, G, R
[2026-03-28 11:01:25] [SKIPPED] Row: 2547 | Code: SCMPL0028292 | Item: M2 Magic Moments Verve Cranberry Tease Premium Fla | Reason: Class group 'O' not allowed for license 'FL-III' | Details: Allowed groups: W, V, M, F, D, K, G, R
[2026-03-28 11:01:25] [SKIPPED] Row: 2548 | Code: SCMPL0030237 | Item: M2 Magic Moments Verve Cranberry Tease Premium Fla | Reason: Class group 'O' not allowed for license 'FL-III' | Details: Allowed groups: W, V, M, F, D, K, G, R
[2026-03-28 11:01:25] [SKIPPED] Row: 2549 | Code: SCMPL0028293 | Item: M2 Magic Moments Verve Cranberry Tease Premium Fla | Reason: Class group 'O' not allowed for license 'FL-III' | Details: Allowed groups: W, V, M, F, D, K, G, R
[2026-03-28 11:01:25] [SKIPPED] Row: 2550 | Code: SCMPL0028294 | Item: M2 Magic Moments Verve Cranberry Tease Premium Fla | Reason: Class group 'O' not allowed for license 'FL-III' | Details: Allowed groups: W, V, M, F, D, K, G, R
[2026-03-28 11:01:25] [SKIPPED] Row: 2551 | Code: SCMPL0030235 | Item: M2 Magic Moments Verve Green Apple Premium Flavour | Reason: Class group 'O' not allowed for license 'FL-III' | Details: Allowed groups: W, V, M, F, D, K, G, R
[2026-03-28 11:01:25] [SKIPPED] Row: 2552 | Code: SCMPL0022639 | Item: M2 Magic Moments Verve Green Apple Premium Flavour | Reason: Class group 'O' not allowed for license 'FL-III' | Details: Allowed groups: W, V, M, F, D, K, G, R
[2026-03-28 11:01:25] [SKIPPED] Row: 2553 | Code: SCMPL0022641 | Item: M2 Magic Moments Verve Green Apple Premium Flavour | Reason: Class group 'O' not allowed for license 'FL-III' | Details: Allowed groups: W, V, M, F, D, K, G, R
[2026-03-28 11:01:25] [SKIPPED] Row: 2554 | Code: SCMPL0022640 | Item: M2 Magic Moments Verve Green Apple Premium Flavour | Reason: Class group 'O' not allowed for license 'FL-III' | Details: Allowed groups: W, V, M, F, D, K, G, R
[2026-03-28 11:01:25] [SKIPPED] Row: 2555 | Code: SCMPL0028295 | Item: M2 Magic Moments Verve Lemon Lush Tease Premium Fl | Reason: Class group 'O' not allowed for license 'FL-III' | Details: Allowed groups: W, V, M, F, D, K, G, R
[2026-03-28 11:01:25] [SKIPPED] Row: 2556 | Code: SCMPL0028296 | Item: M2 Magic Moments Verve Lemon Lush Tease Premium Fl | Reason: Class group 'O' not allowed for license 'FL-III' | Details: Allowed groups: W, V, M, F, D, K, G, R
[2026-03-28 11:01:25] [SKIPPED] Row: 2557 | Code: SCMPL0028297 | Item: M2 Magic Moments Verve Lemon Lush Tease Premium Fl | Reason: Class group 'O' not allowed for license 'FL-III' | Details: Allowed groups: W, V, M, F, D, K, G, R
[2026-03-28 11:01:25] [SKIPPED] Row: 2558 | Code: SCMPL0022643 | Item: M2 Magic Moments Verve Orange Premium Flavoured Vo | Reason: Class group 'O' not allowed for license 'FL-III' | Details: Allowed groups: W, V, M, F, D, K, G, R
[2026-03-28 11:01:25] [SKIPPED] Row: 2559 | Code: SCMPL0022644 | Item: M2 Magic Moments Verve Orange Premium Flavoured Vo | Reason: Class group 'O' not allowed for license 'FL-III' | Details: Allowed groups: W, V, M, F, D, K, G, R
[2026-03-28 11:01:25] [SKIPPED] Row: 2560 | Code: SCMPL0022642 | Item: M2 Magic Moments Verve Orange Premium Flavoured Vo | Reason: Class group 'O' not allowed for license 'FL-III' | Details: Allowed groups: W, V, M, F, D, K, G, R
[2026-03-28 11:01:25] [SKIPPED] Row: 2561 | Code: SCMPL0030236 | Item: M2 Magic Moments Verve Orange Premium Flavoured Vo | Reason: Class group 'O' not allowed for license 'FL-III' | Details: Allowed groups: W, V, M, F, D, K, G, R
[2026-03-28 11:01:25] [SKIPPED] Row: 2566 | Code: SCMIT0025570 | Item: MACALLAN 12 YO SHERRY CASK | Reason: Class group 'O' not allowed for license 'FL-III' | Details: Allowed groups: W, V, M, F, D, K, G, R
[2026-03-28 11:01:25] [SKIPPED] Row: 2567 | Code: SCMLS0025569 | Item: MACALLAN 12 YO TRIPLE CASK | Reason: Class group 'O' not allowed for license 'FL-III' | Details: Allowed groups: W, V, M, F, D, K, G, R
[2026-03-28 11:01:25] [SKIPPED] Row: 2568 | Code: SCMLS0028379 | Item: MACALLAN 12 YO TRIPLE CASK | Reason: Class group 'O' not allowed for license 'FL-III' | Details: Allowed groups: W, V, M, F, D, K, G, R
[2026-03-28 11:01:25] [SKIPPED] Row: 2569 | Code: SCMLS0028373 | Item: MACALLAN DOUBLE CASK 15 YO | Reason: Class group 'O' not allowed for license 'FL-III' | Details: Allowed groups: W, V, M, F, D, K, G, R
[2026-03-28 11:01:25] [SKIPPED] Row: 2570 | Code: SCMWN0038923 | Item: MADERA NASHIK VALLEY -WW | Reason: Class group 'O' not allowed for license 'FL-III' | Details: Allowed groups: W, V, M, F, D, K, G, R
[2026-03-28 11:01:25] [SKIPPED] Row: 2571 | Code: SCMWN0038922 | Item: MADERA NASHIK VALLEY -WW | Reason: Class group 'O' not allowed for license 'FL-III' | Details: Allowed groups: W, V, M, F, D, K, G, R
[2026-03-28 11:01:25] [SKIPPED] Row: 2572 | Code: SCMWN0041138 | Item: MADERA NASHIK VALLEY -WW | Reason: Class group 'O' not allowed for license 'FL-III' | Details: Allowed groups: W, V, M, F, D, K, G, R
[2026-03-28 11:01:25] [SKIPPED] Row: 2575 | Code: SCMWN0041139 | Item: MADERA NASHIK VALLEY-RW | Reason: Class group 'O' not allowed for license 'FL-III' | Details: Allowed groups: W, V, M, F, D, K, G, R
[2026-03-28 11:01:25] [SKIPPED] Row: 2576 | Code: SCMWN0038920 | Item: MADERA NASHIK VALLEY-RW | Reason: Class group 'O' not allowed for license 'FL-III' | Details: Allowed groups: W, V, M, F, D, K, G, R
[2026-03-28 11:01:25] [SKIPPED] Row: 2577 | Code: SCMWN0038921 | Item: MADERA NASHIK VALLEY-RW | Reason: Class group 'O' not allowed for license 'FL-III' | Details: Allowed groups: W, V, M, F, D, K, G, R
[2026-03-28 11:01:25] [SKIPPED] Row: 2592 | Code: SCMKS0030241 | Item: MAGIC MOMENTS DAZZLE SPECIAL EDITION VANILLA FLAVO | Reason: Class group 'O' not allowed for license 'FL-III' | Details: Allowed groups: W, V, M, F, D, K, G, R
[2026-03-28 11:01:25] [SKIPPED] Row: 2593 | Code: SCMKS0036683 | Item: MAGIC MOMENTS DAZZLE SPECIAL EDITION VANILLA FLAVO | Reason: Class group 'O' not allowed for license 'FL-III' | Details: Allowed groups: W, V, M, F, D, K, G, R
[2026-03-28 11:01:25] [SKIPPED] Row: 2594 | Code: SCMKS0036684 | Item: MAGIC MOMENTS DAZZLE SPECIAL EDITION VANILLA FLAVO | Reason: Class group 'O' not allowed for license 'FL-III' | Details: Allowed groups: W, V, M, F, D, K, G, R
[2026-03-28 11:01:25] [SKIPPED] Row: 2656 | Code: SCMLW0023242 | Item: Martini Asti D.O.C.G. | Reason: Class group 'O' not allowed for license 'FL-III' | Details: Allowed groups: W, V, M, F, D, K, G, R
[2026-03-28 11:01:25] [SKIPPED] Row: 2657 | Code: SCMLW0020234 | Item: Martini Blanco Vermouth | Reason: Class group 'O' not allowed for license 'FL-III' | Details: Allowed groups: W, V, M, F, D, K, G, R
[2026-03-28 11:01:25] [SKIPPED] Row: 2658 | Code: SCMLW0028602 | Item: Martini Fiero | Reason: Class group 'O' not allowed for license 'FL-III' | Details: Allowed groups: W, V, M, F, D, K, G, R
[2026-03-28 11:01:25] [SKIPPED] Row: 2659 | Code: SCMLW0020753 | Item: Martini Prosecco D.O.C. | Reason: Class group 'O' not allowed for license 'FL-III' | Details: Allowed groups: W, V, M, F, D, K, G, R
[2026-03-28 11:01:25] [SKIPPED] Row: 2660 | Code: SCMLW0024915 | Item: Martini Prosecco D.O.C. | Reason: Class group 'O' not allowed for license 'FL-III' | Details: Allowed groups: W, V, M, F, D, K, G, R
[2026-03-28 11:01:25] [SKIPPED] Row: 2662 | Code: SCMLW0020233 | Item: Martini Rosso Vermouth | Reason: Class group 'O' not allowed for license 'FL-III' | Details: Allowed groups: W, V, M, F, D, K, G, R
[2026-03-28 11:01:25] [SKIPPED] Row: 2826 | Code: SCMBR0018565 | Item: Miller High Life | Reason: Class group 'O' not allowed for license 'FL-III' | Details: Allowed groups: W, V, M, F, D, K, G, R
[2026-03-28 11:01:25] [SKIPPED] Row: 2827 | Code: SCMBR0018566 | Item: Miller High Life | Reason: Class group 'O' not allowed for license 'FL-III' | Details: Allowed groups: W, V, M, F, D, K, G, R
[2026-03-28 11:01:25] [SKIPPED] Row: 2828 | Code: SCMBR0018564 | Item: Miller High Life | Reason: Class group 'O' not allowed for license 'FL-III' | Details: Allowed groups: W, V, M, F, D, K, G, R
[2026-03-28 11:01:31] [SKIPPED] Row: 2888 | Code: SCMWN0019336 | Item: NAVIRE PORT-RW | Reason: Class group 'O' not allowed for license 'FL-III' | Details: Allowed groups: W, V, M, F, D, K, G, R
[2026-03-28 11:01:31] [SKIPPED] Row: 2889 | Code: SCMWN0019337 | Item: NAVIRE PORT-RW | Reason: Class group 'O' not allowed for license 'FL-III' | Details: Allowed groups: W, V, M, F, D, K, G, R
[2026-03-28 11:01:31] [SKIPPED] Row: 2890 | Code: SCMWN0019335 | Item: NAVIRE PORT-RW | Reason: Class group 'O' not allowed for license 'FL-III' | Details: Allowed groups: W, V, M, F, D, K, G, R
[2026-03-28 11:01:31] [SKIPPED] Row: 2891 | Code: SCMWN0019338 | Item: NAVIRE PORT-WW | Reason: Class group 'O' not allowed for license 'FL-III' | Details: Allowed groups: W, V, M, F, D, K, G, R
[2026-03-28 11:01:31] [SKIPPED] Row: 2892 | Code: SCMWN0019340 | Item: NAVIRE PORT-WW | Reason: Class group 'O' not allowed for license 'FL-III' | Details: Allowed groups: W, V, M, F, D, K, G, R
[2026-03-28 11:01:31] [SKIPPED] Row: 2893 | Code: SCMWN0019339 | Item: NAVIRE PORT-WW | Reason: Class group 'O' not allowed for license 'FL-III' | Details: Allowed groups: W, V, M, F, D, K, G, R
[2026-03-28 11:01:31] [SKIPPED] Row: 3019 | Code: SCMPL0037373 | Item: Old Monk Coffee Extra Ordinary Coffee Flavoured Pr | Reason: Class group 'O' not allowed for license 'FL-III' | Details: Allowed groups: W, V, M, F, D, K, G, R
[2026-03-28 11:01:31] [SKIPPED] Row: 3020 | Code: SCMPL0036406 | Item: Old Monk Coffee Extra Ordinary Coffee Flavoured Pr | Reason: Class group 'O' not allowed for license 'FL-III' | Details: Allowed groups: W, V, M, F, D, K, G, R
[2026-03-28 11:01:31] [SKIPPED] Row: 3021 | Code: SCMPL0037823 | Item: Old Monk Coffee Extra Ordinary Coffee Flavoured Pr | Reason: Class group 'O' not allowed for license 'FL-III' | Details: Allowed groups: W, V, M, F, D, K, G, R
[2026-03-28 11:01:31] [SKIPPED] Row: 3022 | Code: SCMKS0022594 | Item: OLD MONK COLA | Reason: Class group 'O' not allowed for license 'FL-III' | Details: Allowed groups: W, V, M, F, D, K, G, R
[2026-03-28 11:01:31] [SKIPPED] Row: 3023 | Code: SCMKS0022593 | Item: OLD MONK CRANBERRY | Reason: Class group 'O' not allowed for license 'FL-III' | Details: Allowed groups: W, V, M, F, D, K, G, R
[2026-03-28 11:01:31] [SKIPPED] Row: 3040 | Code: SCMKS0022595 | Item: OLD MONK MOJITO | Reason: Class group 'O' not allowed for license 'FL-III' | Details: Allowed groups: W, V, M, F, D, K, G, R
[2026-03-28 11:01:32] [SKIPPED] Row: 3121 | Code: SCMWN0019347 | Item: PAPILLON -RW | Reason: Class group 'O' not allowed for license 'FL-III' | Details: Allowed groups: W, V, M, F, D, K, G, R
[2026-03-28 11:01:32] [SKIPPED] Row: 3122 | Code: SCMWN0019348 | Item: PAPILLON -RW | Reason: Class group 'O' not allowed for license 'FL-III' | Details: Allowed groups: W, V, M, F, D, K, G, R
[2026-03-28 11:01:32] [SKIPPED] Row: 3123 | Code: SCMWN0019346 | Item: PAPILLON -RW | Reason: Class group 'O' not allowed for license 'FL-III' | Details: Allowed groups: W, V, M, F, D, K, G, R
[2026-03-28 11:01:32] [SKIPPED] Row: 3124 | Code: SCMWN0019350 | Item: PAPILLON -WW | Reason: Class group 'O' not allowed for license 'FL-III' | Details: Allowed groups: W, V, M, F, D, K, G, R
[2026-03-28 11:01:32] [SKIPPED] Row: 3125 | Code: SCMWN0019349 | Item: PAPILLON -WW | Reason: Class group 'O' not allowed for license 'FL-III' | Details: Allowed groups: W, V, M, F, D, K, G, R
[2026-03-28 11:01:32] [SKIPPED] Row: 3126 | Code: SCMWN0019351 | Item: PAPILLON -WW | Reason: Class group 'O' not allowed for license 'FL-III' | Details: Allowed groups: W, V, M, F, D, K, G, R
[2026-03-28 11:01:32] [SKIPPED] Row: 3151 | Code: SCMIT0020440 | Item: Pause Tempranillo | Reason: Class group 'O' not allowed for license 'FL-III' | Details: Allowed groups: W, V, M, F, D, K, G, R
[2026-03-28 11:01:32] [SKIPPED] Row: 3152 | Code: SCMIT0020439 | Item: Pause Tempranillo | Reason: Class group 'O' not allowed for license 'FL-III' | Details: Allowed groups: W, V, M, F, D, K, G, R
[2026-03-28 11:01:32] [SKIPPED] Row: 3153 | Code: SCMIT0020434 | Item: Pause Zinfandel | Reason: Class group 'O' not allowed for license 'FL-III' | Details: Allowed groups: W, V, M, F, D, K, G, R
[2026-03-28 11:01:32] [SKIPPED] Row: 3154 | Code: SCMIT0020435 | Item: Pause Zinfandel | Reason: Class group 'O' not allowed for license 'FL-III' | Details: Allowed groups: W, V, M, F, D, K, G, R
[2026-03-28 11:01:32] [SKIPPED] Row: 3225 | Code: SCMWN0019352 | Item: RAHIHO SPARKLING | Reason: Class group 'O' not allowed for license 'FL-III' | Details: Allowed groups: W, V, M, F, D, K, G, R
[2026-03-28 11:01:32] [SKIPPED] Row: 3226 | Code: SCMWN0019353 | Item: RAHINO SPARKLING-RW | Reason: Class group 'O' not allowed for license 'FL-III' | Details: Allowed groups: W, V, M, F, D, K, G, R
[2026-03-28 11:01:32] [SKIPPED] Row: 3227 | Code: SCMWN0019395 | Item: RAHINO SPARKLING-RW | Reason: Class group 'O' not allowed for license 'FL-III' | Details: Allowed groups: W, V, M, F, D, K, G, R
[2026-03-28 11:01:32] [SKIPPED] Row: 3228 | Code: SCMWN0019396 | Item: RAHINO SPARKLING-RW | Reason: Class group 'O' not allowed for license 'FL-III' | Details: Allowed groups: W, V, M, F, D, K, G, R
[2026-03-28 11:01:32] [SKIPPED] Row: 3229 | Code: SCMWN0019354 | Item: RAHINO SPARKLING-WW | Reason: Class group 'O' not allowed for license 'FL-III' | Details: Allowed groups: W, V, M, F, D, K, G, R
[2026-03-28 11:01:32] [SKIPPED] Row: 3230 | Code: SCMWN0019356 | Item: RAHINO SPARKLING-WW | Reason: Class group 'O' not allowed for license 'FL-III' | Details: Allowed groups: W, V, M, F, D, K, G, R
[2026-03-28 11:01:32] [SKIPPED] Row: 3231 | Code: SCMWN0019355 | Item: RAHINO SPARKLING-WW | Reason: Class group 'O' not allowed for license 'FL-III' | Details: Allowed groups: W, V, M, F, D, K, G, R
[2026-03-28 11:01:32] [SKIPPED] Row: 3253 | Code: SCMWN0029741 | Item: RASA SYRAH | Reason: Class group 'O' not allowed for license 'FL-III' | Details: Allowed groups: W, V, M, F, D, K, G, R
[2026-03-28 11:01:32] [SKIPPED] Row: 3254 | Code: SCMWN0029738 | Item: RASA SYRAH | Reason: Class group 'O' not allowed for license 'FL-III' | Details: Allowed groups: W, V, M, F, D, K, G, R
[2026-03-28 11:01:32] [SKIPPED] Row: 3255 | Code: SCMWN0029739 | Item: RASA SYRAH | Reason: Class group 'O' not allowed for license 'FL-III' | Details: Allowed groups: W, V, M, F, D, K, G, R
[2026-03-28 11:01:32] [SKIPPED] Row: 3256 | Code: SCMWN0029740 | Item: RASA SYRAH | Reason: Class group 'O' not allowed for license 'FL-III' | Details: Allowed groups: W, V, M, F, D, K, G, R
[2026-03-28 11:01:32] [SKIPPED] Row: 3257 | Code: SCMWN0029749 | Item: RASA ZINFANDEL | Reason: Class group 'O' not allowed for license 'FL-III' | Details: Allowed groups: W, V, M, F, D, K, G, R
[2026-03-28 11:01:32] [SKIPPED] Row: 3258 | Code: SCMWN0029748 | Item: RASA ZINFANDEL | Reason: Class group 'O' not allowed for license 'FL-III' | Details: Allowed groups: W, V, M, F, D, K, G, R
[2026-03-28 11:01:32] [SKIPPED] Row: 3259 | Code: SCMWN0029747 | Item: RASA ZINFANDEL | Reason: Class group 'O' not allowed for license 'FL-III' | Details: Allowed groups: W, V, M, F, D, K, G, R
[2026-03-28 11:01:32] [SKIPPED] Row: 3260 | Code: SCMWN0029746 | Item: RASA ZINFANDEL | Reason: Class group 'O' not allowed for license 'FL-III' | Details: Allowed groups: W, V, M, F, D, K, G, R
[2026-03-28 11:01:32] [SKIPPED] Row: 3261 | Code: SCMWN0020372 | Item: Raya Red | Reason: Class group 'O' not allowed for license 'FL-III' | Details: Allowed groups: W, V, M, F, D, K, G, R
[2026-03-28 11:01:32] [SKIPPED] Row: 3262 | Code: SCMWN0020371 | Item: Raya Red | Reason: Class group 'O' not allowed for license 'FL-III' | Details: Allowed groups: W, V, M, F, D, K, G, R
[2026-03-28 11:01:32] [SKIPPED] Row: 3263 | Code: SCMWN0020373 | Item: Raya White | Reason: Class group 'O' not allowed for license 'FL-III' | Details: Allowed groups: W, V, M, F, D, K, G, R
[2026-03-28 11:01:32] [SKIPPED] Row: 3264 | Code: SCMWN0020374 | Item: Raya White | Reason: Class group 'O' not allowed for license 'FL-III' | Details: Allowed groups: W, V, M, F, D, K, G, R
[2026-03-28 11:01:32] [SKIPPED] Row: 3265 | Code: SCMWN0026454 | Item: Real Star | Reason: Class group 'O' not allowed for license 'FL-III' | Details: Allowed groups: W, V, M, F, D, K, G, R
[2026-03-28 11:01:32] [SKIPPED] Row: 3266 | Code: SCMWN0026455 | Item: Real Star | Reason: Class group 'O' not allowed for license 'FL-III' | Details: Allowed groups: W, V, M, F, D, K, G, R
[2026-03-28 11:01:32] [SKIPPED] Row: 3267 | Code: SCMWN0026453 | Item: Real Star | Reason: Class group 'O' not allowed for license 'FL-III' | Details: Allowed groups: W, V, M, F, D, K, G, R
[2026-03-28 11:01:32] [SKIPPED] Row: 3268 | Code: SCMWN0026452 | Item: Real Star | Reason: Class group 'O' not allowed for license 'FL-III' | Details: Allowed groups: W, V, M, F, D, K, G, R
[2026-03-28 11:01:32] [SKIPPED] Row: 3315 | Code: SCMWN0019170 | Item: Rhythm Alphonso-WW | Reason: Class group 'O' not allowed for license 'FL-III' | Details: Allowed groups: W, V, M, F, D, K, G, R
[2026-03-28 11:01:32] [SKIPPED] Row: 3316 | Code: SCMWN0019171 | Item: Rhythm Alphonso-WW | Reason: Class group 'O' not allowed for license 'FL-III' | Details: Allowed groups: W, V, M, F, D, K, G, R
[2026-03-28 11:01:32] [SKIPPED] Row: 3317 | Code: SCMWN0019169 | Item: Rhythm Alphonso-WW | Reason: Class group 'O' not allowed for license 'FL-III' | Details: Allowed groups: W, V, M, F, D, K, G, R
[2026-03-28 11:01:32] [SKIPPED] Row: 3318 | Code: SCMWN0019172 | Item: Rhythm Kiwi-WW | Reason: Class group 'O' not allowed for license 'FL-III' | Details: Allowed groups: W, V, M, F, D, K, G, R
[2026-03-28 11:01:32] [SKIPPED] Row: 3319 | Code: SCMWN0019174 | Item: Rhythm Kiwi-WW | Reason: Class group 'O' not allowed for license 'FL-III' | Details: Allowed groups: W, V, M, F, D, K, G, R
[2026-03-28 11:01:32] [SKIPPED] Row: 3320 | Code: SCMWN0019173 | Item: Rhythm Kiwi-WW | Reason: Class group 'O' not allowed for license 'FL-III' | Details: Allowed groups: W, V, M, F, D, K, G, R
[2026-03-28 11:01:32] [SKIPPED] Row: 3321 | Code: SCMWN0019165 | Item: Rhythm Peach-RW | Reason: Class group 'O' not allowed for license 'FL-III' | Details: Allowed groups: W, V, M, F, D, K, G, R
[2026-03-28 11:01:32] [SKIPPED] Row: 3322 | Code: SCMWN0019164 | Item: Rhythm Peach-RW | Reason: Class group 'O' not allowed for license 'FL-III' | Details: Allowed groups: W, V, M, F, D, K, G, R
[2026-03-28 11:01:32] [SKIPPED] Row: 3323 | Code: SCMWN0019163 | Item: Rhythm Peach-RW | Reason: Class group 'O' not allowed for license 'FL-III' | Details: Allowed groups: W, V, M, F, D, K, G, R
[2026-03-28 11:01:32] [SKIPPED] Row: 3324 | Code: SCMWN0019178 | Item: Rhythm Pineapple-WW | Reason: Class group 'O' not allowed for license 'FL-III' | Details: Allowed groups: W, V, M, F, D, K, G, R
[2026-03-28 11:01:32] [SKIPPED] Row: 3325 | Code: SCMWN0019179 | Item: Rhythm Pineapple-WW | Reason: Class group 'O' not allowed for license 'FL-III' | Details: Allowed groups: W, V, M, F, D, K, G, R
[2026-03-28 11:01:32] [SKIPPED] Row: 3326 | Code: SCMWN0019180 | Item: Rhythm Pineapple-WW | Reason: Class group 'O' not allowed for license 'FL-III' | Details: Allowed groups: W, V, M, F, D, K, G, R
[2026-03-28 11:01:32] [SKIPPED] Row: 3327 | Code: SCMWN0019167 | Item: Rhythm Plum-RW | Reason: Class group 'O' not allowed for license 'FL-III' | Details: Allowed groups: W, V, M, F, D, K, G, R
[2026-03-28 11:01:32] [SKIPPED] Row: 3328 | Code: SCMWN0019166 | Item: Rhythm Plum-RW | Reason: Class group 'O' not allowed for license 'FL-III' | Details: Allowed groups: W, V, M, F, D, K, G, R
[2026-03-28 11:01:32] [SKIPPED] Row: 3329 | Code: SCMWN0019168 | Item: Rhythm Plum-RW | Reason: Class group 'O' not allowed for license 'FL-III' | Details: Allowed groups: W, V, M, F, D, K, G, R
[2026-03-28 11:01:32] [SKIPPED] Row: 3330 | Code: SCMWN0019177 | Item: Rhythm Strawberry-RW | Reason: Class group 'O' not allowed for license 'FL-III' | Details: Allowed groups: W, V, M, F, D, K, G, R
[2026-03-28 11:01:32] [SKIPPED] Row: 3331 | Code: SCMWN0019176 | Item: Rhythm Strawberry-RW | Reason: Class group 'O' not allowed for license 'FL-III' | Details: Allowed groups: W, V, M, F, D, K, G, R
[2026-03-28 11:01:32] [SKIPPED] Row: 3332 | Code: SCMWN0019175 | Item: Rhythm Strawberry-RW | Reason: Class group 'O' not allowed for license 'FL-III' | Details: Allowed groups: W, V, M, F, D, K, G, R
[2026-03-28 11:01:32] [SKIPPED] Row: 3389 | Code: SCMWN0035908 | Item: Rio Gold Strong Party Drink | Reason: Class group 'O' not allowed for license 'FL-III' | Details: Allowed groups: W, V, M, F, D, K, G, R
[2026-03-28 11:01:32] [SKIPPED] Row: 3390 | Code: SCMWN0035907 | Item: Rio Gold Strong Party Drink | Reason: Class group 'O' not allowed for license 'FL-III' | Details: Allowed groups: W, V, M, F, D, K, G, R
[2026-03-28 11:01:32] [SKIPPED] Row: 3391 | Code: SCMWN0035906 | Item: Rio Gold Strong Party Drink | Reason: Class group 'O' not allowed for license 'FL-III' | Details: Allowed groups: W, V, M, F, D, K, G, R
[2026-03-28 11:01:32] [SKIPPED] Row: 3392 | Code: SCMWN0035905 | Item: Rio Gold Strong Party Drink | Reason: Class group 'O' not allowed for license 'FL-III' | Details: Allowed groups: W, V, M, F, D, K, G, R
[2026-03-28 11:01:32] [SKIPPED] Row: 3393 | Code: SCMWN0035904 | Item: Rio Red Strong Party Drink | Reason: Class group 'O' not allowed for license 'FL-III' | Details: Allowed groups: W, V, M, F, D, K, G, R
[2026-03-28 11:01:32] [SKIPPED] Row: 3394 | Code: SCMWN0035901 | Item: Rio Red Strong Party Drink | Reason: Class group 'O' not allowed for license 'FL-III' | Details: Allowed groups: W, V, M, F, D, K, G, R
[2026-03-28 11:01:32] [SKIPPED] Row: 3395 | Code: SCMWN0035902 | Item: Rio Red Strong Party Drink | Reason: Class group 'O' not allowed for license 'FL-III' | Details: Allowed groups: W, V, M, F, D, K, G, R
[2026-03-28 11:01:32] [SKIPPED] Row: 3396 | Code: SCMWN0035903 | Item: Rio Red Strong Party Drink | Reason: Class group 'O' not allowed for license 'FL-III' | Details: Allowed groups: W, V, M, F, D, K, G, R
[2026-03-28 11:01:32] [SKIPPED] Row: 3397 | Code: SCMWN0036776 | Item: Rio Spritzer Cranberry | Reason: Class group 'O' not allowed for license 'FL-III' | Details: Allowed groups: W, V, M, F, D, K, G, R
[2026-03-28 11:01:32] [SKIPPED] Row: 3401 | Code: SCMWN0036777 | Item: Rio Spritzer Lemon & Passion | Reason: Class group 'O' not allowed for license 'FL-III' | Details: Allowed groups: W, V, M, F, D, K, G, R
[2026-03-28 11:01:32] [SKIPPED] Row: 3402 | Code: SCMWN0036778 | Item: Rio Spritzer Orange & Pineapple | Reason: Class group 'O' not allowed for license 'FL-III' | Details: Allowed groups: W, V, M, F, D, K, G, R
[2026-03-28 11:01:32] [SKIPPED] Row: 3403 | Code: SCMWN0035735 | Item: Rio Strong | Reason: Class group 'O' not allowed for license 'FL-III' | Details: Allowed groups: W, V, M, F, D, K, G, R
[2026-03-28 11:01:32] [SKIPPED] Row: 3404 | Code: SCMWN0035737 | Item: Rio Strong | Reason: Class group 'O' not allowed for license 'FL-III' | Details: Allowed groups: W, V, M, F, D, K, G, R
[2026-03-28 11:01:32] [SKIPPED] Row: 3405 | Code: SCMWN0035736 | Item: Rio Strong | Reason: Class group 'O' not allowed for license 'FL-III' | Details: Allowed groups: W, V, M, F, D, K, G, R
[2026-03-28 11:01:32] [SKIPPED] Row: 3406 | Code: SCMWN0035734 | Item: Rio Strong | Reason: Class group 'O' not allowed for license 'FL-III' | Details: Allowed groups: W, V, M, F, D, K, G, R
[2026-03-28 11:01:32] [SKIPPED] Row: 3407 | Code: SCMWN0035675 | Item: Rio Strong Extra Dry | Reason: Class group 'O' not allowed for license 'FL-III' | Details: Allowed groups: W, V, M, F, D, K, G, R
[2026-03-28 11:01:32] [SKIPPED] Row: 3408 | Code: SCMWN0035676 | Item: Rio Strong Extra Dry | Reason: Class group 'O' not allowed for license 'FL-III' | Details: Allowed groups: W, V, M, F, D, K, G, R
[2026-03-28 11:01:32] [SKIPPED] Row: 3409 | Code: SCMWN0035733 | Item: Rio Strong Extra Dry | Reason: Class group 'O' not allowed for license 'FL-III' | Details: Allowed groups: W, V, M, F, D, K, G, R
[2026-03-28 11:01:32] [SKIPPED] Row: 3410 | Code: SCMWN0035677 | Item: Rio Strong Extra Dry | Reason: Class group 'O' not allowed for license 'FL-III' | Details: Allowed groups: W, V, M, F, D, K, G, R
[2026-03-28 11:01:37] [SKIPPED] Row: 3458 | Code: SCMPL0012683 | Item: Royal Challenge Celebration Edition Finest Premium | Reason: Class group 'O' not allowed for license 'FL-III' | Details: Allowed groups: W, V, M, F, D, K, G, R
[2026-03-28 11:01:37] [SKIPPED] Row: 3549 | Code: SCMKS0037127 | Item: ROYAL RANTHAMBORE HERITAGE COLLECTION ROYAL CRAFTE | Reason: Class group 'O' not allowed for license 'FL-III' | Details: Allowed groups: W, V, M, F, D, K, G, R
[2026-03-28 11:01:37] [SKIPPED] Row: 3550 | Code: SCMKS0038704 | Item: ROYAL RANTHAMBORE HERITAGE COLLECTION ROYAL CRAFTE | Reason: Class group 'O' not allowed for license 'FL-III' | Details: Allowed groups: W, V, M, F, D, K, G, R
[2026-03-28 11:01:37] [SKIPPED] Row: 3551 | Code: SCMKS0030238 | Item: ROYAL RANTHAMBORE HERITAGE COLLECTION ROYAL CRAFTE | Reason: Class group 'O' not allowed for license 'FL-III' | Details: Allowed groups: W, V, M, F, D, K, G, R
[2026-03-28 11:01:37] [SKIPPED] Row: 3552 | Code: SCMKS0030239 | Item: ROYAL RANTHAMBORE HERITAGE COLLECTION ROYAL CRAFTE | Reason: Class group 'O' not allowed for license 'FL-III' | Details: Allowed groups: W, V, M, F, D, K, G, R
[2026-03-28 11:01:37] [SKIPPED] Row: 3553 | Code: SCMKS0030240 | Item: ROYAL RANTHAMBORE HERITAGE COLLECTION ROYAL CRAFTE | Reason: Class group 'O' not allowed for license 'FL-III' | Details: Allowed groups: W, V, M, F, D, K, G, R
[2026-03-28 11:01:37] [SKIPPED] Row: 3554 | Code: SCMKS0041508 | Item: ROYAL RANTHAMBORE HERITAGE COLLECTION ROYAL CRAFTE | Reason: Class group 'O' not allowed for license 'FL-III' | Details: Allowed groups: W, V, M, F, D, K, G, R
[2026-03-28 11:01:37] [SKIPPED] Row: 3624 | Code: SCMIT0020294 | Item: SAUZA TEQUILA GOLD | Reason: Class group 'O' not allowed for license 'FL-III' | Details: Allowed groups: W, V, M, F, D, K, G, R
[2026-03-28 11:01:37] [SKIPPED] Row: 3625 | Code: SCMIT0020295 | Item: SAUZA TEQUILA SILVER | Reason: Class group 'O' not allowed for license 'FL-III' | Details: Allowed groups: W, V, M, F, D, K, G, R
[2026-03-28 11:01:37] [SKIPPED] Row: 3655 | Code: SCMPL0039783 | Item: Seagram's Blenders Pride Four Elements Premium Whi | Reason: Class group 'O' not allowed for license 'FL-III' | Details: Allowed groups: W, V, M, F, D, K, G, R
[2026-03-28 11:01:37] [SKIPPED] Row: 3656 | Code: SCMPL0039781 | Item: Seagram's Blenders Pride Four Elements Premium Whi | Reason: Class group 'O' not allowed for license 'FL-III' | Details: Allowed groups: W, V, M, F, D, K, G, R
[2026-03-28 11:01:37] [SKIPPED] Row: 3657 | Code: SCMPL0039782 | Item: Seagram's Blenders Pride Four Elements Premium Whi | Reason: Class group 'O' not allowed for license 'FL-III' | Details: Allowed groups: W, V, M, F, D, K, G, R
[2026-03-28 11:01:37] [SKIPPED] Row: 3658 | Code: SCMPL0039784 | Item: Seagram's Blenders Pride Four Elements Premium Whi | Reason: Class group 'O' not allowed for license 'FL-III' | Details: Allowed groups: W, V, M, F, D, K, G, R
[2026-03-28 11:01:37] [SKIPPED] Row: 3759 | Code: SCMPL0039080 | Item: Seagram's Royal Stag Double Dark Premier Peaty Whi | Reason: Class group 'O' not allowed for license 'FL-III' | Details: Allowed groups: W, V, M, F, D, K, G, R
[2026-03-28 11:01:37] [SKIPPED] Row: 3760 | Code: SCMPL0039083 | Item: Seagram's Royal Stag Double Dark Premier Peaty Whi | Reason: Class group 'O' not allowed for license 'FL-III' | Details: Allowed groups: W, V, M, F, D, K, G, R
[2026-03-28 11:01:37] [SKIPPED] Row: 3761 | Code: SCMPL0039082 | Item: Seagram's Royal Stag Double Dark Premier Peaty Whi | Reason: Class group 'O' not allowed for license 'FL-III' | Details: Allowed groups: W, V, M, F, D, K, G, R
[2026-03-28 11:01:37] [SKIPPED] Row: 3762 | Code: SCMPL0039081 | Item: Seagram's Royal Stag Double Dark Premier Peaty Whi | Reason: Class group 'O' not allowed for license 'FL-III' | Details: Allowed groups: W, V, M, F, D, K, G, R
[2026-03-28 11:01:37] [SKIPPED] Row: 3763 | Code: SCMPL0040618 | Item: Seagram's Royal Stag Double Dark Reserve Peaty Whi | Reason: Class group 'O' not allowed for license 'FL-III' | Details: Allowed groups: W, V, M, F, D, K, G, R
[2026-03-28 11:01:37] [SKIPPED] Row: 3764 | Code: SCMPL0040617 | Item: Seagram's Royal Stag Double Dark Reserve Peaty Whi | Reason: Class group 'O' not allowed for license 'FL-III' | Details: Allowed groups: W, V, M, F, D, K, G, R
[2026-03-28 11:01:37] [SKIPPED] Row: 3765 | Code: SCMPL0040616 | Item: Seagram's Royal Stag Double Dark Reserve Peaty Whi | Reason: Class group 'O' not allowed for license 'FL-III' | Details: Allowed groups: W, V, M, F, D, K, G, R
[2026-03-28 11:01:37] [SKIPPED] Row: 3791 | Code: SCMWN0019574 | Item: SIDUS PREMIUM PORT-RW | Reason: Class group 'O' not allowed for license 'FL-III' | Details: Allowed groups: W, V, M, F, D, K, G, R
[2026-03-28 11:01:37] [SKIPPED] Row: 3792 | Code: SCMWN0019572 | Item: SIDUS PREMIUM PORT-RW | Reason: Class group 'O' not allowed for license 'FL-III' | Details: Allowed groups: W, V, M, F, D, K, G, R
[2026-03-28 11:01:37] [SKIPPED] Row: 3793 | Code: SCMWN0019573 | Item: SIDUS PREMIUM PORT-RW | Reason: Class group 'O' not allowed for license 'FL-III' | Details: Allowed groups: W, V, M, F, D, K, G, R
[2026-03-28 11:01:37] [SKIPPED] Row: 3794 | Code: SCMWN0019421 | Item: SIDUS PREMIUM RED-DW | Reason: Class group 'O' not allowed for license 'FL-III' | Details: Allowed groups: W, V, M, F, D, K, G, R
[2026-03-28 11:01:37] [SKIPPED] Row: 3795 | Code: SCMWN0019420 | Item: SIDUS PREMIUM RED-DW | Reason: Class group 'O' not allowed for license 'FL-III' | Details: Allowed groups: W, V, M, F, D, K, G, R
[2026-03-28 11:01:37] [SKIPPED] Row: 3796 | Code: SCMWN0019596 | Item: SIDUS PREMIUM RED-RW | Reason: Class group 'O' not allowed for license 'FL-III' | Details: Allowed groups: W, V, M, F, D, K, G, R
[2026-03-28 11:01:37] [SKIPPED] Row: 3797 | Code: SCMWN0019597 | Item: SIDUS PREMIUM RED-RW | Reason: Class group 'O' not allowed for license 'FL-III' | Details: Allowed groups: W, V, M, F, D, K, G, R
[2026-03-28 11:01:37] [SKIPPED] Row: 3798 | Code: SCMWN0019598 | Item: SIDUS PREMIUM RED-RW | Reason: Class group 'O' not allowed for license 'FL-III' | Details: Allowed groups: W, V, M, F, D, K, G, R
[2026-03-28 11:01:37] [SKIPPED] Row: 3799 | Code: SCMWN0019423 | Item: SIDUS PREMIUM WHITE | Reason: Class group 'O' not allowed for license 'FL-III' | Details: Allowed groups: W, V, M, F, D, K, G, R
[2026-03-28 11:01:37] [SKIPPED] Row: 3800 | Code: SCMWN0019422 | Item: SIDUS PREMIUM WHITE | Reason: Class group 'O' not allowed for license 'FL-III' | Details: Allowed groups: W, V, M, F, D, K, G, R
[2026-03-28 11:01:37] [SKIPPED] Row: 3801 | Code: SCMWN0019593 | Item: SIDUS PREMIUM WHITE-WW | Reason: Class group 'O' not allowed for license 'FL-III' | Details: Allowed groups: W, V, M, F, D, K, G, R
[2026-03-28 11:01:37] [SKIPPED] Row: 3802 | Code: SCMWN0019595 | Item: SIDUS PREMIUM WHITE-WW | Reason: Class group 'O' not allowed for license 'FL-III' | Details: Allowed groups: W, V, M, F, D, K, G, R
[2026-03-28 11:01:37] [SKIPPED] Row: 3803 | Code: SCMWN0019594 | Item: SIDUS PREMIUM WHITE-WW | Reason: Class group 'O' not allowed for license 'FL-III' | Details: Allowed groups: W, V, M, F, D, K, G, R
[2026-03-28 11:01:37] [SKIPPED] Row: 3824 | Code: SCMIT0019049 | Item: Singleton Malt 12 Yo | Reason: Class group 'O' not allowed for license 'FL-III' | Details: Allowed groups: W, V, M, F, D, K, G, R
[2026-03-28 11:01:37] [SKIPPED] Row: 3853 | Code: SCMKS0039633 | Item: Smirnoff Minty Jamum Triple Distilled Flavoured Vo | Reason: Class group 'O' not allowed for license 'FL-III' | Details: Allowed groups: W, V, M, F, D, K, G, R
[2026-03-28 11:01:37] [SKIPPED] Row: 3854 | Code: SCMKS0039632 | Item: Smirnoff Minty Jamum Triple Distilled Flavoured Vo | Reason: Class group 'O' not allowed for license 'FL-III' | Details: Allowed groups: W, V, M, F, D, K, G, R
[2026-03-28 11:01:37] [SKIPPED] Row: 3855 | Code: SCMKS0039635 | Item: Smirnoff Mirchi Mango Triple Distilled Flavoured V | Reason: Class group 'O' not allowed for license 'FL-III' | Details: Allowed groups: W, V, M, F, D, K, G, R
[2026-03-28 11:01:37] [SKIPPED] Row: 3856 | Code: SCMKS0039634 | Item: Smirnoff Mirchi Mango Triple Distilled Flavoured V | Reason: Class group 'O' not allowed for license 'FL-III' | Details: Allowed groups: W, V, M, F, D, K, G, R
[2026-03-28 11:01:37] [SKIPPED] Row: 3886 | Code: SCMKS0039637 | Item: Smirnoff Zesty Lime Triple Distilled Flavoured Vod | Reason: Class group 'O' not allowed for license 'FL-III' | Details: Allowed groups: W, V, M, F, D, K, G, R
[2026-03-28 11:01:37] [SKIPPED] Row: 3887 | Code: SCMKS0039636 | Item: Smirnoff Zesty Lime Triple Distilled Flavoured Vod | Reason: Class group 'O' not allowed for license 'FL-III' | Details: Allowed groups: W, V, M, F, D, K, G, R
[2026-03-28 11:01:37] [SKIPPED] Row: 3954 | Code: SCMWN0021688 | Item: SOMA VINEYARDS Brut Cuvee -SW | Reason: Class group 'O' not allowed for license 'FL-III' | Details: Allowed groups: W, V, M, F, D, K, G, R
[2026-03-28 11:01:37] [SKIPPED] Row: 3955 | Code: SCMWN0021615 | Item: SOMA VINEYARDS Brut Cuvee -SW | Reason: Class group 'O' not allowed for license 'FL-III' | Details: Allowed groups: W, V, M, F, D, K, G, R
[2026-03-28 11:01:37] [SKIPPED] Row: 3956 | Code: SCMWN0021602 | Item: SOMA VINEYARDS Chenin Blanc Gold | Reason: Class group 'O' not allowed for license 'FL-III' | Details: Allowed groups: W, V, M, F, D, K, G, R
[2026-03-28 11:01:37] [SKIPPED] Row: 3957 | Code: SCMWN0021677 | Item: SOMA VINEYARDS Chenin Blanc Gold | Reason: Class group 'O' not allowed for license 'FL-III' | Details: Allowed groups: W, V, M, F, D, K, G, R
[2026-03-28 11:01:37] [SKIPPED] Row: 3958 | Code: SCMWN0021601 | Item: SOMA VINEYARDS Chenin Blanc Gold | Reason: Class group 'O' not allowed for license 'FL-III' | Details: Allowed groups: W, V, M, F, D, K, G, R
[2026-03-28 11:01:43] [SKIPPED] Row: 3965 | Code: SCMWN0021609 | Item: SOMA VINEYARDS Rose Gold | Reason: Class group 'O' not allowed for license 'FL-III' | Details: Allowed groups: W, V, M, F, D, K, G, R
[2026-03-28 11:01:43] [SKIPPED] Row: 3966 | Code: SCMWN0021610 | Item: SOMA VINEYARDS Rose Gold | Reason: Class group 'O' not allowed for license 'FL-III' | Details: Allowed groups: W, V, M, F, D, K, G, R
[2026-03-28 11:01:43] [SKIPPED] Row: 3970 | Code: SCMWN0019657 | Item: Sparkiling NOI | Reason: Class group 'O' not allowed for license 'FL-III' | Details: Allowed groups: W, V, M, F, D, K, G, R
[2026-03-28 11:01:43] [SKIPPED] Row: 3971 | Code: SCMWN0019658 | Item: Sparkiling NOI | Reason: Class group 'O' not allowed for license 'FL-III' | Details: Allowed groups: W, V, M, F, D, K, G, R
[2026-03-28 11:01:43] [SKIPPED] Row: 4078 | Code: SCMKS0039613 | Item: Stranger & Sons FILTR | Reason: Class group 'O' not allowed for license 'FL-III' | Details: Allowed groups: W, V, M, F, D, K, G, R
[2026-03-28 11:01:44] [SKIPPED] Row: 4289 | Code: SCMWN0019973 | Item: SUN TIGER | Reason: Class group 'O' not allowed for license 'FL-III' | Details: Allowed groups: W, V, M, F, D, K, G, R
[2026-03-28 11:01:44] [SKIPPED] Row: 4290 | Code: SCMWN0019974 | Item: SUN TIGER | Reason: Class group 'O' not allowed for license 'FL-III' | Details: Allowed groups: W, V, M, F, D, K, G, R
[2026-03-28 11:01:44] [SKIPPED] Row: 4291 | Code: SCMWN0019975 | Item: SUN TIGER | Reason: Class group 'O' not allowed for license 'FL-III' | Details: Allowed groups: W, V, M, F, D, K, G, R
[2026-03-28 11:01:44] [SKIPPED] Row: 4303 | Code: SCMIT0019045 | Item: SUN TIGER | Reason: Class group 'O' not allowed for license 'FL-III' | Details: Allowed groups: W, V, M, F, D, K, G, R
[2026-03-28 11:01:44] [SKIPPED] Row: 4340 | Code: SCMLS0018938 | Item: TEQUILA CAMINO REAL BLANCO | Reason: Class group 'O' not allowed for license 'FL-III' | Details: Allowed groups: W, V, M, F, D, K, G, R
[2026-03-28 11:01:44] [SKIPPED] Row: 4341 | Code: SCMLS0024237 | Item: Tequila Oro Don Angel Especial | Reason: Class group 'O' not allowed for license 'FL-III' | Details: Allowed groups: W, V, M, F, D, K, G, R
[2026-03-28 11:01:44] [SKIPPED] Row: 4342 | Code: SCMLS0024155 | Item: TEQUILA Reserva 1800 Silver | Reason: Class group 'O' not allowed for license 'FL-III' | Details: Allowed groups: W, V, M, F, D, K, G, R
[2026-03-28 11:01:44] [SKIPPED] Row: 4343 | Code: SCMLS0028809 | Item: TEQUILA Reserva 1800 Silver | Reason: Class group 'O' not allowed for license 'FL-III' | Details: Allowed groups: W, V, M, F, D, K, G, R
[2026-03-28 11:01:44] [SKIPPED] Row: 4344 | Code: SCMWN0019977 | Item: TERROIR O Forcado-Port | Reason: Class group 'O' not allowed for license 'FL-III' | Details: Allowed groups: W, V, M, F, D, K, G, R
[2026-03-28 11:01:44] [SKIPPED] Row: 4345 | Code: SCMWN0019976 | Item: TERROIR O Forcado-Port | Reason: Class group 'O' not allowed for license 'FL-III' | Details: Allowed groups: W, V, M, F, D, K, G, R
[2026-03-28 11:01:44] [SKIPPED] Row: 4346 | Code: SCMWN0019978 | Item: TERROIR O Forcado-Port | Reason: Class group 'O' not allowed for license 'FL-III' | Details: Allowed groups: W, V, M, F, D, K, G, R
[2026-03-28 11:01:44] [SKIPPED] Row: 4349 | Code: SCMLS0024486 | Item: The Dalmore 12 Years Old Highland Single Malt Scot | Reason: Class group 'O' not allowed for license 'FL-III' | Details: Allowed groups: W, V, M, F, D, K, G, R
[2026-03-28 11:01:44] [SKIPPED] Row: 4382 | Code: SCMLS0023483 | Item: The Singleton Of Glendullan Aged 12 Years Single M | Reason: Class group 'O' not allowed for license 'FL-III' | Details: Allowed groups: W, V, M, F, D, K, G, R
[2026-03-28 11:01:44] [SKIPPED] Row: 4383 | Code: SCMLS0023373 | Item: The Singleton Of Glendullan Aged 15 Years Single M | Reason: Class group 'O' not allowed for license 'FL-III' | Details: Allowed groups: W, V, M, F, D, K, G, R
[2026-03-28 11:01:44] [SKIPPED] Row: 4389 | Code: SCMWN0032022 | Item: The Source Chenin Blanc Reserve | Reason: Class group 'O' not allowed for license 'FL-III' | Details: Allowed groups: W, V, M, F, D, K, G, R
[2026-03-28 11:01:44] [SKIPPED] Row: 4390 | Code: SCMWN0035709 | Item: The Source Chenin Blanc Reserve | Reason: Class group 'O' not allowed for license 'FL-III' | Details: Allowed groups: W, V, M, F, D, K, G, R
[2026-03-28 11:01:44] [SKIPPED] Row: 4391 | Code: SCMWN0035710 | Item: The Source Chenin Blanc Reserve | Reason: Class group 'O' not allowed for license 'FL-III' | Details: Allowed groups: W, V, M, F, D, K, G, R
[2026-03-28 11:01:44] [SKIPPED] Row: 4392 | Code: SCMWN0032023 | Item: The Source Chenin Blanc Reserve | Reason: Class group 'O' not allowed for license 'FL-III' | Details: Allowed groups: W, V, M, F, D, K, G, R
[2026-03-28 11:01:44] [SKIPPED] Row: 4393 | Code: SCMWN0027327 | Item: The Source Grenache Rose | Reason: Class group 'O' not allowed for license 'FL-III' | Details: Allowed groups: W, V, M, F, D, K, G, R
[2026-03-28 11:01:44] [SKIPPED] Row: 4394 | Code: SCMWN0019694 | Item: The Source Grenache Rose | Reason: Class group 'O' not allowed for license 'FL-III' | Details: Allowed groups: W, V, M, F, D, K, G, R
[2026-03-28 11:01:44] [SKIPPED] Row: 4395 | Code: SCMWN0026486 | Item: The Source Grenache Rose | Reason: Class group 'O' not allowed for license 'FL-III' | Details: Allowed groups: W, V, M, F, D, K, G, R
[2026-03-28 11:01:44] [SKIPPED] Row: 4396 | Code: SCMWN0026487 | Item: The Source Grenache Rose | Reason: Class group 'O' not allowed for license 'FL-III' | Details: Allowed groups: W, V, M, F, D, K, G, R
[2026-03-28 11:01:44] [SKIPPED] Row: 4404 | Code: SCMWN0021458 | Item: The Source Sauvignon Blanc Reserve | Reason: Class group 'O' not allowed for license 'FL-III' | Details: Allowed groups: W, V, M, F, D, K, G, R
[2026-03-28 11:01:44] [SKIPPED] Row: 4405 | Code: SCMWN0026489 | Item: The Source Sauvignon Blanc Reserve | Reason: Class group 'O' not allowed for license 'FL-III' | Details: Allowed groups: W, V, M, F, D, K, G, R
[2026-03-28 11:01:44] [SKIPPED] Row: 4406 | Code: SCMWN0026488 | Item: The Source Sauvignon Blanc Reserve | Reason: Class group 'O' not allowed for license 'FL-III' | Details: Allowed groups: W, V, M, F, D, K, G, R
[2026-03-28 11:01:44] [SKIPPED] Row: 4407 | Code: SCMWN0027326 | Item: The Source Sauvignon Blanc Reserve | Reason: Class group 'O' not allowed for license 'FL-III' | Details: Allowed groups: W, V, M, F, D, K, G, R
[2026-03-28 11:01:44] [SKIPPED] Row: 4412 | Code: SCMKS0025554 | Item: TI CONNIE COFFEE LIQUEUR | Reason: Class group 'O' not allowed for license 'FL-III' | Details: Allowed groups: W, V, M, F, D, K, G, R
[2026-03-28 11:01:44] [SKIPPED] Row: 4413 | Code: SCMKS0025553 | Item: TI CONNIE COFFEE LIQUEUR | Reason: Class group 'O' not allowed for license 'FL-III' | Details: Allowed groups: W, V, M, F, D, K, G, R
[2026-03-28 11:01:44] [SKIPPED] Row: 4414 | Code: SCMKS0025552 | Item: TI CONNIE COFFEE LIQUEUR | Reason: Class group 'O' not allowed for license 'FL-III' | Details: Allowed groups: W, V, M, F, D, K, G, R
[2026-03-28 11:01:44] [SKIPPED] Row: 4415 | Code: SCMKS0027795 | Item: TI CONNIE COFFEE LIQUEUR | Reason: Class group 'O' not allowed for license 'FL-III' | Details: Allowed groups: W, V, M, F, D, K, G, R
[2026-03-28 11:01:44] [SKIPPED] Row: 4468 | Code: SCMLW0036704 | Item: Trapiche Malbec | Reason: Class group 'O' not allowed for license 'FL-III' | Details: Allowed groups: W, V, M, F, D, K, G, R
[2026-03-28 11:01:44] [SKIPPED] Row: 4469 | Code: SCMLW0020243 | Item: Trapiche Oak Cask Malbec | Reason: Class group 'O' not allowed for license 'FL-III' | Details: Allowed groups: W, V, M, F, D, K, G, R
[2026-03-28 11:01:44] [SKIPPED] Row: 4470 | Code: SCMLW0020242 | Item: Trapiche Varitals Malbec | Reason: Class group 'O' not allowed for license 'FL-III' | Details: Allowed groups: W, V, M, F, D, K, G, R
[2026-03-28 11:01:50] [SKIPPED] Row: 4518 | Code: SCMLW0018400 | Item: TWO OCEANS SAUVIGNON BLANC | Reason: Class group 'O' not allowed for license 'FL-III' | Details: Allowed groups: W, V, M, F, D, K, G, R
[2026-03-28 11:01:50] [SKIPPED] Row: 4535 | Code: SCMWN0019589 | Item: VERO CAB.SAUVIGNON-RW | Reason: Class group 'O' not allowed for license 'FL-III' | Details: Allowed groups: W, V, M, F, D, K, G, R
[2026-03-28 11:01:50] [SKIPPED] Row: 4536 | Code: SCMWN0019588 | Item: VERO CAB.SAUVIGNON-RW | Reason: Class group 'O' not allowed for license 'FL-III' | Details: Allowed groups: W, V, M, F, D, K, G, R
[2026-03-28 11:01:50] [SKIPPED] Row: 4537 | Code: SCMWN0019587 | Item: VERO CAB.SAUVIGNON-RW | Reason: Class group 'O' not allowed for license 'FL-III' | Details: Allowed groups: W, V, M, F, D, K, G, R
[2026-03-28 11:01:50] [SKIPPED] Row: 4538 | Code: SCMLS0036596 | Item: Victor Fauconnier Triple Sec Liqueur | Reason: Class group 'O' not allowed for license 'FL-III' | Details: Allowed groups: W, V, M, F, D, K, G, R
[2026-03-28 11:01:50] [SKIPPED] Row: 4539 | Code: SCMLS0018435 | Item: Victor Fauconnier Triple Sec Liqueur | Reason: Class group 'O' not allowed for license 'FL-III' | Details: Allowed groups: W, V, M, F, D, K, G, R
[2026-03-28 11:01:50] [SKIPPED] Row: 4540 | Code: SCMLS0018434 | Item: Victor Fauconnier Triple Sec Liqueur | Reason: Class group 'O' not allowed for license 'FL-III' | Details: Allowed groups: W, V, M, F, D, K, G, R
[2026-03-28 11:01:50] [SKIPPED] Row: 4541 | Code: SCMKS0039000 | Item: Villa Vercelli Tequila Silver Hecho En Mexico | Reason: Class group 'O' not allowed for license 'FL-III' | Details: Allowed groups: W, V, M, F, D, K, G, R
[2026-03-28 11:01:50] [SKIPPED] Row: 4542 | Code: SCMKS0029229 | Item: Villa Vercelli Tequila Silver Hecho En Mexico | Reason: Class group 'O' not allowed for license 'FL-III' | Details: Allowed groups: W, V, M, F, D, K, G, R
[2026-03-28 11:01:50] [SKIPPED] Row: 4543 | Code: SCMKS0029230 | Item: Villa Vercelli Tequila Silver Hecho En Mexico | Reason: Class group 'O' not allowed for license 'FL-III' | Details: Allowed groups: W, V, M, F, D, K, G, R
[2026-03-28 11:01:50] [SKIPPED] Row: 4555 | Code: SCMWN0019871 | Item: VINSURA 100% PREMIUM PORT | Reason: Class group 'O' not allowed for license 'FL-III' | Details: Allowed groups: W, V, M, F, D, K, G, R
[2026-03-28 11:01:50] [SKIPPED] Row: 4556 | Code: SCMWN0019870 | Item: VINSURA 100% PREMIUM PORT | Reason: Class group 'O' not allowed for license 'FL-III' | Details: Allowed groups: W, V, M, F, D, K, G, R
[2026-03-28 11:01:50] [SKIPPED] Row: 4557 | Code: SCMWN0019872 | Item: VINSURA 100% PREMIUM PORT | Reason: Class group 'O' not allowed for license 'FL-III' | Details: Allowed groups: W, V, M, F, D, K, G, R
[2026-03-28 11:01:50] [SKIPPED] Row: 4558 | Code: SCMWN0019856 | Item: VINSURA LATE HARVEST ZINFANDEL | Reason: Class group 'O' not allowed for license 'FL-III' | Details: Allowed groups: W, V, M, F, D, K, G, R
[2026-03-28 11:01:50] [SKIPPED] Row: 4561 | Code: SCMWN0019866 | Item: VINSURA VALENTINO RED | Reason: Class group 'O' not allowed for license 'FL-III' | Details: Allowed groups: W, V, M, F, D, K, G, R
[2026-03-28 11:01:50] [SKIPPED] Row: 4562 | Code: SCMWN0019864 | Item: VINSURA VALENTINO RED | Reason: Class group 'O' not allowed for license 'FL-III' | Details: Allowed groups: W, V, M, F, D, K, G, R
[2026-03-28 11:01:50] [SKIPPED] Row: 4563 | Code: SCMWN0019865 | Item: VINSURA VALENTINO RED | Reason: Class group 'O' not allowed for license 'FL-III' | Details: Allowed groups: W, V, M, F, D, K, G, R
[2026-03-28 11:01:50] [SKIPPED] Row: 4570 | Code: SCMLS0024133 | Item: VOLARE BLUE CURACAO | Reason: Class group 'O' not allowed for license 'FL-III' | Details: Allowed groups: W, V, M, F, D, K, G, R
[2026-03-28 11:01:50] [SKIPPED] Row: 4571 | Code: SCMWN0023408 | Item: Wagha Late Harvest Chenin Blanc | Reason: Class group 'O' not allowed for license 'FL-III' | Details: Allowed groups: W, V, M, F, D, K, G, R
[2026-03-28 11:01:50] [SKIPPED] Row: 4572 | Code: SCMWN0023409 | Item: Wagha Late Harvest Chenin Blanc | Reason: Class group 'O' not allowed for license 'FL-III' | Details: Allowed groups: W, V, M, F, D, K, G, R
[2026-03-28 11:01:50] [SKIPPED] Row: 4633 | Code: SCMPL0010602 | Item: WODKA GORBATSCHOW | Reason: Class group 'O' not allowed for license 'FL-III' | Details: Allowed groups: W, V, M, F, D, K, G, R
[2026-03-28 11:01:50] [SKIPPED] Row: 4634 | Code: SCMPL0010603 | Item: WODKA GORBATSCHOW | Reason: Class group 'O' not allowed for license 'FL-III' | Details: Allowed groups: W, V, M, F, D, K, G, R
[2026-03-28 11:01:50] [SKIPPED] Row: 4635 | Code: SCMPL0010604 | Item: WODKA GORBATSCHOW | Reason: Class group 'O' not allowed for license 'FL-III' | Details: Allowed groups: W, V, M, F, D, K, G, R
[2026-03-28 11:01:50] [SKIPPED] Row: 4636 | Code: SCMPL0009803 | Item: WODKA GORBATSCHOW | Reason: Class group 'O' not allowed for license 'FL-III' | Details: Allowed groups: W, V, M, F, D, K, G, R
[2026-03-28 11:01:50] [SKIPPED] Row: 4637 | Code: SCMPL0009802 | Item: WODKA GORBATSCHOW | Reason: Class group 'O' not allowed for license 'FL-III' | Details: Allowed groups: W, V, M, F, D, K, G, R
[2026-03-28 11:01:50] [SKIPPED] Row: 4638 | Code: SCMKS0030967 | Item: Wood Burns A Tale Of Oak | Reason: Class group 'O' not allowed for license 'FL-III' | Details: Allowed groups: W, V, M, F, D, K, G, R
[2026-03-28 11:01:50] [SKIPPED] Row: 4643 | Code: SCMLS0022598 | Item: Woodford Reserve | Reason: Class group 'O' not allowed for license 'FL-III' | Details: Allowed groups: W, V, M, F, D, K, G, R
[2026-03-28 11:01:50] [SKIPPED] Row: 4646 | Code: SCMKS0038926 | Item: Yagawilde Indian Herbal Liqueur | Reason: Class group 'O' not allowed for license 'FL-III' | Details: Allowed groups: W, V, M, F, D, K, G, R
[2026-03-28 11:01:50] [SKIPPED] Row: 4647 | Code: SCMKS0036497 | Item: Yagawilde Indian Herbal Liqueur | Reason: Class group 'O' not allowed for license 'FL-III' | Details: Allowed groups: W, V, M, F, D, K, G, R
[2026-03-28 11:01:50] [SKIPPED] Row: 4652 | Code: SCMLW0024785 | Item: YELLOW TAIL PINK BUBBLES ROSE | Reason: Class group 'O' not allowed for license 'FL-III' | Details: Allowed groups: W, V, M, F, D, K, G, R
[2026-03-28 11:01:50] [SKIPPED] Row: 4653 | Code: SCMLW0022009 | Item: YELLOW TAIL PINK BUBBLES ROSE | Reason: Class group 'O' not allowed for license 'FL-III' | Details: Allowed groups: W, V, M, F, D, K, G, R
[2026-03-28 11:01:50] [SKIPPED] Row: 4654 | Code: SCMLW0022013 | Item: YELLOW TAIL PINK MOSCATO (ROSE) | Reason: Class group 'O' not allowed for license 'FL-III' | Details: Allowed groups: W, V, M, F, D, K, G, R
[2026-03-28 11:01:50] [SKIPPED] Row: 4656 | Code: SCMLW0028615 | Item: YELLOW TAIL RED MOSCATO | Reason: Class group 'O' not allowed for license 'FL-III' | Details: Allowed groups: W, V, M, F, D, K, G, R
[2026-03-28 11:01:50] [SKIPPED] Row: 4659 | Code: SCMLW0022060 | Item: YELLOW TAIL WHITE MOSCATO | Reason: Class group 'O' not allowed for license 'FL-III' | Details: Allowed groups: W, V, M, F, D, K, G, R
[2026-03-28 11:01:50] [SKIPPED] Row: 4660 | Code: SCMWN0020180 | Item: YETI BUZZ | Reason: Class group 'O' not allowed for license 'FL-III' | Details: Allowed groups: W, V, M, F, D, K, G, R
[2026-03-28 11:01:50] [SKIPPED] Row: 4661 | Code: SCMWN0019982 | Item: YETI BUZZ | Reason: Class group 'O' not allowed for license 'FL-III' | Details: Allowed groups: W, V, M, F, D, K, G, R
[2026-03-28 11:01:50] [SKIPPED] Row: 4662 | Code: SCMWN0036019 | Item: York Rose Zinfandel | Reason: Class group 'O' not allowed for license 'FL-III' | Details: Allowed groups: W, V, M, F, D, K, G, R
[2026-03-28 11:01:50] [SKIPPED] Row: 4663 | Code: SCMWN0036020 | Item: York Rose Zinfandel | Reason: Class group 'O' not allowed for license 'FL-III' | Details: Allowed groups: W, V, M, F, D, K, G, R
[2026-03-28 11:01:50] [SKIPPED] Row: 4664 | Code: SCMWN0019987 | Item: York Zinfandel Rose | Reason: Class group 'O' not allowed for license 'FL-III' | Details: Allowed groups: W, V, M, F, D, K, G, R
[2026-03-28 11:01:50] [SKIPPED] Row: 4665 | Code: SCMWN0019988 | Item: York Zinfandel Rose | Reason: Class group 'O' not allowed for license 'FL-III' | Details: Allowed groups: W, V, M, F, D, K, G, R
[2026-03-28 11:01:50] [SKIPPED] Row: 4666 | Code: SCMWN0020364 | Item: Zampa Chenin Blanc | Reason: Class group 'O' not allowed for license 'FL-III' | Details: Allowed groups: W, V, M, F, D, K, G, R
[2026-03-28 11:01:50] [SKIPPED] Row: 4667 | Code: SCMWN0020363 | Item: Zampa Chenin Blanc | Reason: Class group 'O' not allowed for license 'FL-III' | Details: Allowed groups: W, V, M, F, D, K, G, R
[2026-03-28 11:01:50] [SKIPPED] Row: 4668 | Code: SCMWN0020355 | Item: Zampa Soiree Brut Rose-SW | Reason: Class group 'O' not allowed for license 'FL-III' | Details: Allowed groups: W, V, M, F, D, K, G, R
[2026-03-28 11:01:50] [SKIPPED] Row: 4669 | Code: SCMWN0020356 | Item: Zampa Soiree Brut-SW | Reason: Class group 'O' not allowed for license 'FL-III' | Details: Allowed groups: W, V, M, F, D, K, G, R
[2026-03-28 11:01:50] [SKIPPED] Row: 4680 | Code: SCMWN0019148 | Item: ZINFANDEL-RW | Reason: Class group 'O' not allowed for license 'FL-III' | Details: Allowed groups: W, V, M, F, D, K, G, R
[2026-03-28 11:01:50] [SKIPPED] Row: 4681 | Code: SCMWN0019147 | Item: ZINFANDEL-RW | Reason: Class group 'O' not allowed for license 'FL-III' | Details: Allowed groups: W, V, M, F, D, K, G, R
[2026-03-28 11:01:52] [SUMMARY] 
================================================================================
IMPORT SUMMARY
Total rows processed: 4693
New items imported: 4147
Items updated: 0
Rows skipped: 546
================================================================================

